version,seed,worldTime,realSeconds,rank,efficiency,quality,evaluatedEfficiency,evaluatedQuality,eqQualified,overdue,overdueQualified,cooldownEnded,unfinishedPromotion,mandatoryBoss,bossMeeting,blockingReasons,assigned,legacyMoneyQualified
"BEFORE",42,24,24,0,14,6,14,6,false,0,true,true,false,false,false,"EQ",false,false
"BEFORE",42,204,148.9333333333,0,17,7,17,7,false,0,true,true,false,false,false,"EQ",false,false
"BEFORE",42,384,275.8333333333,0,20,9,20,9,false,0,true,true,false,false,false,"EQ",false,false
"BEFORE",42,564,399.3610400885,0,22,13,22,13,true,0,true,true,false,false,false,"",false,false
"BEFORE",42,744,510.5277067552,0,28,18,28,18,true,0,true,true,false,false,false,"",false,false
"BEFORE",42,924,622.2804234991,0,30,21,30,21,true,0,true,true,false,false,false,"",false,false
"BEFORE",42,1104,729.8242831482,0,35,25,35,25,true,0,true,true,false,false,false,"",false,false
"BEFORE",42,1284,838.9224707009,0,37,28,37,28,true,0,true,true,false,false,false,"",false,false
"BEFORE",42,1464,948.4605407495,0,40,31,40,31,true,0,true,true,false,false,false,"",false,false
"BEFORE",42,1644,1056.5957564263,0,43,34,43,34,true,0,true,true,false,false,false,"",false,false
"BEFORE",42,1824,1163.9941020768,0,47,37,47,37,true,0,true,true,false,false,false,"",false,false
"BEFORE",42,2004,1271.002792598,0,51,42,51,42,true,0,true,true,false,false,false,"",false,false
"BEFORE",42,2184,1378.027850318,0,55,46,55,46,true,0,true,true,false,false,false,"",false,false
"BEFORE",42,2364,1488.8502817192,0,59,49,59,49,true,0,true,true,false,false,false,"",false,false
"BEFORE",42,2544,1604.4332357154,0,63,53,63,53,true,0,true,true,false,false,false,"",false,false
"BEFORE",42,2724,1710.6333787734,0,66,57,66,57,true,0,true,true,false,false,false,"",false,false
"BEFORE",42,2904,1817.7288363051,0,70,61,70,61,true,0,true,true,false,false,false,"",false,false
"BEFORE",42,3084,1923.3207947444,0,75,65,75,65,true,0,true,true,false,false,false,"",false,false
"BEFORE",42,3264,2030.06557945,0,79,69,79,69,true,0,true,true,false,false,false,"",false,false
"BEFORE",42,3444,2136.6163174314,0,83,74,83,74,true,0,true,true,false,false,false,"",false,false
"BEFORE",42,3624,2241.8986708385,0,87,78,87,78,true,0,true,true,false,false,false,"",false,false
"BEFORE",42,3804,2347.2391364241,0,90,81,90,81,true,0,true,true,false,false,false,"",false,false
"BEFORE",42,3984,2452.2040172266,0,94,85,94,85,true,0,true,true,false,false,false,"",false,false
"BEFORE",42,4164,2557.2513840833,0,98,88,98,88,true,0,true,true,false,false,false,"",true,true
"BEFORE",42,4344,2659.9729527108,1,100,91,100,91,true,0,true,true,false,false,false,"",false,false
"BEFORE",42,4524,2765.4829100479,1,105,96,105,96,true,0,true,true,false,false,false,"",false,false
"BEFORE",42,4704,2871.0833976522,1,110,101,110,101,true,0,true,true,false,false,false,"",false,false
"BEFORE",42,4884,2976.2692546782,1,113,105,113,105,true,0,true,true,false,false,false,"",false,false
"BEFORE",42,5064,3082.8812660484,1,117,109,117,109,true,0,true,true,false,false,false,"",false,false
"BEFORE",42,5244,3188.0623606117,1,120,113,120,113,true,0,true,true,false,false,false,"",false,false
"BEFORE",42,5424,3293.386983574,1,123,116,123,116,true,0,true,true,false,false,false,"",false,false
"BEFORE",42,5604,3400.4971801935,1,127,119,127,119,true,0,true,true,false,false,false,"",false,false
"BEFORE",42,5784,3505.1461155866,1,131,123,131,123,true,0,true,true,false,false,false,"",false,false
"AFTER",42,24,24,0,14,6,14,6,false,0,true,true,false,false,false,"EQ",false,""
"AFTER",42,204,148.9333333333,0,17,7,17,7,false,0,true,true,false,false,false,"EQ",false,""
"AFTER",42,384,275.8333333333,0,20,9,20,9,false,0,true,true,false,false,false,"EQ",false,""
"AFTER",42,564,399.3610400885,0,22,13,22,13,true,0,true,true,false,false,false,"",true,""
"AFTER",42,744,526.2610400885,0,22,13,22,13,true,3,true,false,false,false,false,"COOLDOWN",false,""
"AFTER",42,924,637.4277067552,0,28,19,28,19,true,0,true,false,false,false,false,"COOLDOWN",false,""
"AFTER",42,1104,750.67749962,0,30,21,30,21,true,0,true,true,false,false,false,"",true,""
"AFTER",42,1284,859.87749962,1,31,21,31,21,false,0,true,true,false,false,false,"EQ",false,""
"AFTER",42,1464,970.4228153334,1,34,24,34,24,false,0,true,true,false,false,false,"EQ",false,""
"AFTER",42,1644,1080.6848054642,1,37,28,37,28,false,0,true,true,false,false,false,"EQ",false,""
"AFTER",42,1824,1189.1192047439,1,42,32,42,32,true,0,true,true,false,false,false,"",true,""
"AFTER",42,2004,1316.0192047439,1,42,32,42,32,true,1,true,false,false,false,false,"COOLDOWN",false,""
"AFTER",42,2184,1423.6958964961,1,46,37,46,37,true,0,true,false,false,false,false,"COOLDOWN",false,""
"AFTER",42,2364,1531.6087520878,1,51,42,51,42,true,0,true,true,false,false,false,"",true,""
"AFTER",42,2544,1636.2198631989,2,51,42,51,42,false,0,true,true,false,false,false,"EQ",false,""
"AFTER",42,2724,1741.5877817614,2,69,60,69,60,false,0,true,true,false,false,false,"EQ",false,""
"AFTER",42,2904,1850.8610515384,2,82,73,82,73,true,0,true,true,false,false,false,"",true,""
"AFTER",42,3084,1977.7610515384,2,82,73,82,73,true,0,true,false,false,false,false,"COOLDOWN",false,""
"AFTER",42,3264,2084.3601018426,2,94,84,94,84,true,0,true,false,false,false,false,"COOLDOWN",false,""
"AFTER",42,3444,2194.2053533453,2,102,92,102,92,true,0,true,true,false,false,false,"",true,""
"AFTER",42,3624,2298.1231718588,3,102,92,102,92,false,0,true,true,false,false,false,"EQ",false,""
"AFTER",42,3804,2400.5697127393,3,118,110,118,110,false,0,true,true,false,false,false,"EQ",false,""
"AFTER",42,3984,2509.764302633,3,129,121,129,121,false,0,true,true,false,false,false,"EQ",false,""
"AFTER",42,4164,2614.9269094971,3,139,131,139,131,false,0,true,true,false,false,false,"EQ",false,""
"AFTER",42,4344,2720.0163551051,3,142,134,142,134,false,0,true,true,false,false,false,"EQ",false,""
"AFTER",42,4524,2822.2173354973,3,147,139,147,139,false,0,true,true,false,false,false,"EQ",false,""
"AFTER",42,4704,2924.3995896939,3,150,143,150,143,false,0,true,true,false,false,false,"EQ",false,""
"AFTER",42,4884,3029.4540027921,3,154,147,154,147,false,0,true,true,false,false,false,"EQ",false,""
"AFTER",42,5064,3135.6350605578,3,158,150,158,150,false,0,true,true,false,false,false,"EQ",false,""
"AFTER",42,5244,3240.043493447,3,160,152,160,152,true,0,true,true,false,false,false,"",true,""
"AFTER",42,5424,3366.943493447,3,160,152,160,152,true,0,true,false,false,false,false,"COOLDOWN",false,""
"AFTER",42,5604,3476.2724557797,3,162,155,162,155,true,0,true,false,false,false,false,"COOLDOWN",false,""
"AFTER",42,5784,3582.4104116129,3,165,157,165,157,true,0,true,true,false,false,false,"",true,""
"BEFORE",7961,24,24,0,14,6,14,6,false,0,true,true,false,false,false,"EQ",false,false
"BEFORE",7961,204,150.9,0,20,9,20,9,false,0,true,true,false,false,false,"EQ",false,false
"BEFORE",7961,384,262.9606060606,0,27,17,27,17,true,0,true,true,false,false,false,"",false,false
"BEFORE",7961,564,378.8272381583,0,29,19,29,19,true,0,true,true,false,false,false,"",false,false
"BEFORE",7961,744,489.7767839765,0,32,23,32,23,true,0,true,true,false,false,false,"",false,false
"BEFORE",7961,924,599.0808242709,0,36,27,36,27,true,0,true,true,false,false,false,"",false,false
"BEFORE",7961,1104,705.1341576042,0,41,31,41,31,true,0,true,true,false,false,false,"",false,false
"BEFORE",7961,1284,813.4443669169,0,45,35,45,35,true,0,true,true,false,false,false,"",false,false
"BEFORE",7961,1464,929.5618341929,0,48,39,48,39,true,0,true,true,false,false,false,"",false,false
"BEFORE",7961,1644,1038.516825918,0,52,43,52,43,true,0,true,true,false,false,false,"",false,false
"BEFORE",7961,1824,1145.0907624441,0,58,48,58,48,true,0,true,true,false,false,false,"",false,false
"BEFORE",7961,2004,1252.3729676344,0,62,53,62,53,true,0,true,true,false,false,false,"",false,false
"BEFORE",7961,2184,1358.8890408924,0,66,56,66,56,true,0,true,true,false,false,false,"",false,false
"BEFORE",7961,2364,1464.5048032968,0,70,60,70,60,true,0,true,true,false,false,false,"",false,false
"BEFORE",7961,2544,1570.9334657531,0,74,64,74,64,true,0,true,true,false,false,false,"",false,false
"BEFORE",7961,2724,1685.2616281579,0,78,69,78,69,true,0,true,true,false,false,false,"",false,false
"BEFORE",7961,2904,1790.4794555248,0,82,73,82,73,true,0,true,true,false,false,false,"",false,false
"BEFORE",7961,3084,1905.0661611416,0,86,76,86,76,true,0,true,true,false,false,false,"",false,false
"BEFORE",7961,3264,2010.0119313624,0,90,80,90,80,true,0,true,true,false,false,false,"",false,false
"BEFORE",7961,3444,2124.1289581678,0,93,84,93,84,true,0,true,true,false,false,false,"",false,false
"BEFORE",7961,3624,2237.8929042342,0,96,87,96,87,true,0,true,true,false,false,false,"",false,false
"BEFORE",7961,3804,2342.7837602695,0,100,90,100,90,true,0,true,true,false,false,false,"",false,false
"BEFORE",7961,3984,2449.020439161,0,103,94,103,94,true,0,true,true,false,false,false,"",false,false
"BEFORE",7961,4164,2555.1571285056,0,107,97,107,97,true,0,true,true,false,false,false,"",false,false
"BEFORE",7961,4344,2661.1024759714,0,111,101,111,101,true,0,true,true,false,false,false,"",false,false
"BEFORE",7961,4524,2765.6082697235,0,113,104,113,104,true,0,true,true,false,false,false,"",true,true
"BEFORE",7961,4704,2868.0984658019,1,114,107,114,107,true,0,true,true,false,false,false,"",false,false
"BEFORE",7961,4884,2974.0928819859,1,119,111,119,111,true,0,true,true,false,false,false,"",false,false
"BEFORE",7961,5064,3078.9994574431,1,122,114,122,114,true,0,true,true,false,false,false,"",false,false
"BEFORE",7961,5244,3183.67101291,1,125,118,125,118,true,0,true,true,false,false,false,"",false,false
"BEFORE",7961,5424,3289.0620157749,1,128,121,128,121,true,0,true,true,false,false,false,"",false,false
"BEFORE",7961,5604,3403.3955662426,1,131,123,131,123,true,0,true,true,false,false,false,"",false,false
"BEFORE",7961,5784,3508.0813607661,1,133,126,133,126,true,0,true,true,false,false,false,"",false,false
"AFTER",7961,24,24,0,14,6,14,6,false,0,true,true,false,false,false,"EQ",false,""
"AFTER",7961,204,150.9,0,20,9,20,9,false,0,true,true,false,false,false,"EQ",false,""
"AFTER",7961,384,262.9606060606,0,27,17,27,17,true,0,true,true,false,false,false,"",true,""
"AFTER",7961,564,376.7256565656,1,27,17,27,17,false,20,false,true,false,false,false,"EQ|OVERDUE",false,""
"AFTER",7961,744,493.0098296557,1,36,26,36,26,false,0,true,true,false,false,false,"EQ",false,""
"AFTER",7961,924,602.3532900297,1,39,30,39,30,false,0,true,true,false,false,false,"EQ",false,""
"AFTER",7961,1104,710.8093414113,1,43,34,43,34,true,0,true,true,false,false,false,"",true,""
"AFTER",7961,1284,831.9541226344,1,43,34,43,34,true,0,true,false,false,false,false,"COOLDOWN",false,""
"AFTER",7961,1464,939.6999560742,1,48,38,48,38,true,0,true,false,false,false,false,"COOLDOWN",false,""
"AFTER",7961,1644,1055.0784728435,1,53,44,53,44,true,0,true,true,false,false,false,"",true,""
"AFTER",7961,1824,1160.648254811,2,54,44,54,44,false,0,true,true,false,false,false,"EQ",false,""
"AFTER",7961,2004,1264.2508189136,2,67,58,67,58,false,0,true,true,false,false,false,"EQ",false,""
"AFTER",7961,2184,1371.8323280617,2,76,66,76,66,false,0,true,true,false,false,false,"EQ",false,""
"AFTER",7961,2364,1480.0643403653,2,84,74,84,74,true,0,true,true,false,false,false,"",true,""
"AFTER",7961,2544,1606.9643403653,2,84,74,84,74,true,0,true,false,false,false,false,"COOLDOWN",false,""
"AFTER",7961,2724,1715.2581350329,2,94,84,94,84,true,0,true,false,false,false,false,"COOLDOWN",false,""
"AFTER",7961,2904,1819.4492319928,2,103,93,103,93,true,0,true,true,false,false,false,"",true,""
"AFTER",7961,3084,1931.2796865179,2,103,93,103,93,true,2,false,false,false,false,false,"OVERDUE|COOLDOWN",false,""
"AFTER",7961,3264,2033.8551251144,2,110,101,110,101,true,0,true,false,false,false,false,"COOLDOWN",false,""
"AFTER",7961,3444,2142.4161225313,2,115,107,115,107,true,0,true,true,false,false,false,"",true,""
"AFTER",7961,3624,2246.3539522888,3,115,108,115,108,false,0,true,true,false,false,false,"EQ",false,""
"AFTER",7961,3804,2352.5222921182,3,133,125,133,125,false,0,true,true,false,false,false,"EQ",false,""
"AFTER",7961,3984,2458.3645852722,3,137,129,137,129,false,0,true,true,false,false,false,"EQ",false,""
"AFTER",7961,4164,2560.6056109132,3,141,134,141,134,false,0,true,true,false,false,false,"EQ",false,""
"AFTER",7961,4344,2665.3016094127,3,144,137,144,137,false,0,true,true,false,false,false,"EQ",false,""
"AFTER",7961,4524,2767.5025898049,3,147,139,147,139,false,0,true,true,false,false,false,"EQ",false,""
"AFTER",7961,4704,2869.6848440015,3,151,143,151,143,false,0,true,true,false,false,false,"EQ",false,""
"AFTER",7961,4884,2973.9324411503,3,155,148,155,148,false,0,true,true,false,false,false,"EQ",false,""
"AFTER",7961,5064,3078.4442500672,3,159,151,159,151,false,0,true,true,false,false,false,"EQ",false,""
"AFTER",7961,5244,3180.5695297092,3,161,153,161,153,true,0,true,true,false,false,false,"",true,""
"AFTER",7961,5424,3307.7295938914,3,161,153,161,153,true,0,true,false,false,false,false,"COOLDOWN",false,""
"AFTER",7961,5604,3422.5074926634,3,163,156,163,156,true,0,true,false,false,false,false,"COOLDOWN",false,""
"AFTER",7961,5784,3530.5032725115,3,167,159,167,159,true,0,true,true,false,false,false,"",true,""
"BEFORE",15880,24,24,0,14,6,14,6,false,0,true,true,false,false,false,"EQ",false,false
"BEFORE",15880,204,148.9333333333,0,17,8,17,8,false,0,true,true,false,false,false,"EQ",false,false
"BEFORE",15880,384,262.0666666666,0,25,16,25,16,true,0,true,true,false,false,false,"",false,false
"BEFORE",15880,564,375.2111984744,0,28,19,28,19,true,0,true,true,false,false,false,"",false,false
"BEFORE",15880,744,487.4989976233,0,31,22,31,22,true,0,true,true,false,false,false,"",false,false
"BEFORE",15880,924,597.9501686337,0,34,25,34,25,true,0,true,true,false,false,false,"",false,false
"BEFORE",15880,1104,707.2372776152,0,37,27,37,27,true,0,true,true,false,false,false,"",false,false
"BEFORE",15880,1284,815.8465964753,0,40,31,40,31,true,0,true,true,false,false,false,"",false,false
"BEFORE",15880,1464,923.9058210895,0,43,34,43,34,true,0,true,true,false,false,false,"",false,false
"BEFORE",15880,1644,1031.198882436,0,47,38,47,38,true,0,true,true,false,false,false,"",false,false
"BEFORE",15880,1824,1140.0698702251,0,52,42,52,42,true,0,true,true,false,false,false,"",false,false
"BEFORE",15880,2004,1246.9694313513,0,56,46,56,46,true,0,true,true,false,false,false,"",false,false
"BEFORE",15880,2184,1362.1712240956,0,60,50,60,50,true,0,true,true,false,false,false,"",false,false
"BEFORE",15880,2364,1468.8318212145,0,63,54,63,54,true,0,true,true,false,false,false,"",false,false
"BEFORE",15880,2544,1575.9515867522,0,68,58,68,58,true,0,true,true,false,false,false,"",false,false
"BEFORE",15880,2724,1681.8088622065,0,72,63,72,63,true,0,true,true,false,false,false,"",false,false
"BEFORE",15880,2904,1787.2327286198,0,76,67,76,67,true,0,true,true,false,false,false,"",false,false
"BEFORE",15880,3084,1901.7229322748,0,80,71,80,71,true,0,true,true,false,false,false,"",false,false
"BEFORE",15880,3264,2009.1799056693,0,84,74,84,74,true,0,true,true,false,false,false,"",false,false
"BEFORE",15880,3444,2115.1944177805,0,90,80,90,80,true,0,true,true,false,false,false,"",false,false
"BEFORE",15880,3624,2220.9724843268,0,94,84,94,84,true,0,true,true,false,false,false,"",false,false
"BEFORE",15880,3804,2334.9620127398,0,98,88,98,88,true,0,true,true,false,false,false,"",false,false
"BEFORE",15880,3984,2440.0339036907,0,101,91,101,91,true,0,true,true,false,false,false,"",true,true
"BEFORE",15880,4164,2542.6930797206,1,104,94,104,94,true,0,true,true,false,false,false,"",false,false
"BEFORE",15880,4344,2656.9463068386,1,110,101,110,101,true,0,true,true,false,false,false,"",false,false
"BEFORE",15880,4524,2762.0770838368,1,114,106,114,106,true,0,true,true,false,false,false,"",false,false
"BEFORE",15880,4704,2867.6358037783,1,116,109,116,109,true,0,true,true,false,false,false,"",false,false
"BEFORE",15880,4884,2972.5047692442,1,120,112,120,112,true,0,true,true,false,false,false,"",false,false
"BEFORE",15880,5064,3077.0380638004,1,123,116,123,116,true,0,true,true,false,false,false,"",false,false
"BEFORE",15880,5244,3182.0423161456,1,126,119,126,119,true,0,true,true,false,false,false,"",false,false
"BEFORE",15880,5424,3286.6606483928,1,129,122,129,122,true,0,true,true,false,false,false,"",false,false
"BEFORE",15880,5604,3391.3697434552,1,132,125,132,125,true,0,true,true,false,false,false,"",false,false
"BEFORE",15880,5784,3505.0241716577,1,135,127,135,127,true,0,true,true,false,false,false,"",false,false
"AFTER",15880,24,24,0,14,6,14,6,false,0,true,true,false,false,false,"EQ",false,""
"AFTER",15880,204,148.9333333333,0,17,8,17,8,false,0,true,true,false,false,false,"EQ",false,""
"AFTER",15880,384,262.0666666666,0,25,16,25,16,true,0,true,true,false,false,false,"",true,""
"AFTER",15880,564,378.3073333333,1,25,16,25,16,false,12,false,true,false,false,false,"EQ|OVERDUE",false,""
"AFTER",15880,744,491.6343336657,1,30,19,30,19,false,0,true,true,false,false,false,"EQ",false,""
"AFTER",15880,924,601.8740033107,1,39,29,39,29,false,0,true,true,false,false,false,"EQ",false,""
"AFTER",15880,1104,710.1097774371,1,44,34,44,34,true,0,true,true,false,false,false,"",true,""
"AFTER",15880,1284,837.0097774371,1,44,34,44,34,true,1,true,false,false,false,false,"COOLDOWN",false,""
"AFTER",15880,1464,945.3164455316,1,52,43,52,43,true,0,true,false,false,false,false,"COOLDOWN",false,""
"AFTER",15880,1644,1053.2669903211,1,58,48,58,48,true,0,true,true,false,false,false,"",true,""
"AFTER",15880,1824,1161.6463187283,1,58,48,58,48,true,0,true,false,false,false,false,"COOLDOWN",false,""
"AFTER",15880,2004,1268.5033299934,1,65,56,65,56,true,0,true,false,false,false,false,"COOLDOWN",false,""
"AFTER",15880,2184,1374.398081227,1,73,63,73,63,true,0,true,true,false,false,false,"",true,""
"AFTER",15880,2364,1477.7314145603,2,74,65,74,65,false,0,true,true,false,false,false,"EQ",false,""
"AFTER",15880,2544,1593.0217813298,2,88,78,88,78,true,0,true,true,false,false,false,"",true,""
"AFTER",15880,2724,1712.1447045344,2,88,78,88,78,true,1,true,false,false,false,false,"COOLDOWN",false,""
"AFTER",15880,2904,1819.860767276,2,94,85,94,85,true,0,true,false,false,false,false,"COOLDOWN",false,""
"AFTER",15880,3084,1925.1788060823,2,100,90,100,90,true,0,true,true,false,false,false,"",true,""
"AFTER",15880,3264,2028.0577080431,3,100,90,100,90,false,0,true,true,false,false,false,"EQ",false,""
"AFTER",15880,3444,2133.9937199851,3,114,107,114,107,false,0,true,true,false,false,false,"EQ",false,""
"AFTER",15880,3624,2241.4061231203,3,126,118,126,118,false,0,true,true,false,false,false,"EQ",false,""
"AFTER",15880,3804,2347.4784770781,3,138,130,138,130,false,0,true,true,false,false,false,"EQ",false,""
"AFTER",15880,3984,2452.022290998,3,142,134,142,134,false,0,true,true,false,false,false,"EQ",false,""
"AFTER",15880,4164,2561.0354404432,3,148,141,148,141,false,0,true,true,false,false,false,"EQ",false,""
"AFTER",15880,4344,2666.4233641738,3,152,145,152,145,false,0,true,true,false,false,false,"EQ",false,""
"AFTER",15880,4524,2768.5704906106,3,156,148,156,148,false,0,true,true,false,false,false,"EQ",false,""
"AFTER",15880,4704,2876.5603039379,3,159,152,159,152,false,0,true,true,false,false,false,"EQ",false,""
"AFTER",15880,4884,2981.5751091161,3,163,156,163,156,true,0,true,true,false,false,false,"",true,""
"AFTER",15880,5064,3108.4751091161,3,163,156,163,156,true,7,false,false,false,false,false,"OVERDUE|COOLDOWN",false,""
"AFTER",15880,5244,3216.8672369877,3,166,158,166,158,true,0,true,false,false,false,false,"COOLDOWN",false,""
"AFTER",15880,5424,3321.7451141142,3,169,161,169,161,true,0,true,true,false,false,false,"",true,""
"AFTER",15880,5604,3456.438118059,3,169,161,169,161,true,0,true,false,false,false,false,"COOLDOWN",false,""
"AFTER",15880,5784,3561.7567675268,3,171,164,171,164,true,0,true,false,false,false,false,"COOLDOWN",false,""
"AFTER",23799,24,24,0,14,6,14,6,false,0,true,true,false,false,false,"EQ",false,""
"AFTER",23799,204,148.9333333333,0,17,8,17,8,false,0,true,true,false,false,false,"EQ",false,""
"AFTER",23799,384,273.9222111259,0,21,11,21,11,false,0,true,true,false,false,false,"EQ",false,""
"AFTER",23799,564,390.6320473897,0,25,16,25,16,true,0,true,true,false,false,false,"",true,""
"AFTER",23799,744,505.2338251674,1,25,16,25,16,false,2,true,true,false,false,false,"EQ",false,""
"AFTER",23799,924,618.9069207784,1,30,21,30,21,false,0,true,true,false,false,false,"EQ",false,""
"AFTER",23799,1104,731.9024696566,1,35,26,35,26,false,0,true,true,false,false,false,"EQ",false,""
"AFTER",23799,1284,841.0708302681,1,41,31,41,31,true,0,true,true,false,false,false,"",true,""
"AFTER",23799,1464,967.9708302681,1,41,31,41,31,true,0,true,false,false,false,false,"COOLDOWN",false,""
"AFTER",23799,1644,1072.9916636014,1,47,38,47,38,true,0,true,false,false,false,false,"COOLDOWN",false,""
"AFTER",23799,1824,1181.7163856951,1,53,44,53,44,true,0,true,true,false,false,false,"",true,""
"AFTER",23799,2004,1286.0753600541,2,54,44,54,44,false,0,true,true,false,false,false,"EQ",false,""
"AFTER",23799,2184,1394.3161999051,2,65,55,65,55,false,0,true,true,false,false,false,"EQ",false,""
"AFTER",23799,2364,1502.9090425091,2,73,64,73,64,false,0,true,true,false,false,false,"EQ",false,""
"AFTER",23799,2544,1611.80479313,2,81,72,81,72,true,0,true,true,false,false,false,"",true,""
"AFTER",23799,2724,1738.70479313,2,81,72,81,72,true,2,false,false,false,false,false,"OVERDUE|COOLDOWN",false,""
"AFTER",23799,2904,1841.4771508535,2,97,88,97,88,true,0,true,false,false,false,false,"COOLDOWN",false,""
"AFTER",23799,3084,1951.070296596,2,103,93,103,93,true,0,true,true,false,false,false,"",true,""
"AFTER",23799,3264,2054.9793383729,3,103,93,103,93,false,1,false,true,false,false,false,"EQ|OVERDUE",false,""
"AFTER",23799,3444,2161.4074464978,3,120,113,120,113,false,0,true,true,false,false,false,"EQ",false,""
"AFTER",23799,3624,2269.2316513546,3,130,123,130,123,false,0,true,true,false,false,false,"EQ",false,""
"AFTER",23799,3804,2380.3589846879,3,136,128,136,128,false,0,true,true,false,false,false,"EQ",false,""
"AFTER",23799,3984,2484.885884302,3,139,132,139,132,false,0,true,true,false,false,false,"EQ",false,""
"AFTER",23799,4164,2591.5101596444,3,146,138,146,138,false,0,true,true,false,false,false,"EQ",false,""
"AFTER",23799,4344,2696.3319940783,3,151,144,151,144,false,0,true,true,false,false,false,"EQ",false,""
"AFTER",23799,4524,2805.7411772639,3,155,147,155,147,false,0,true,true,false,false,false,"EQ",false,""
"AFTER",23799,4704,2913.3814171508,3,158,150,158,150,false,0,true,true,false,false,false,"EQ",false,""
"AFTER",23799,4884,3019.212029385,3,161,153,161,153,true,0,true,true,false,false,false,"",true,""
"AFTER",23799,5064,3146.112029385,3,161,153,161,153,true,0,true,false,false,false,false,"COOLDOWN",false,""
"AFTER",23799,5244,3248.2166045484,3,164,156,164,156,true,0,true,false,false,false,false,"COOLDOWN",false,""
"AFTER",23799,5424,3353.4494551624,3,166,158,166,158,true,0,true,true,false,false,false,"",true,""
"AFTER",23799,5604,3480.3494551624,3,166,158,166,158,true,0,true,false,false,false,false,"COOLDOWN",false,""
"AFTER",23799,5784,3592.8012042059,3,168,160,168,160,true,0,true,false,false,false,false,"COOLDOWN",false,""
"AFTER",31718,24,24,0,14,6,14,6,false,0,true,true,false,false,false,"EQ",false,""
"AFTER",31718,204,148.9333333333,0,17,8,17,8,false,0,true,true,false,false,false,"EQ",false,""
"AFTER",31718,384,275.8333333333,0,21,10,21,10,false,0,true,true,false,false,false,"EQ",false,""
"AFTER",31718,564,396.3032011299,0,23,14,23,14,true,0,true,true,false,false,false,"",true,""
"AFTER",31718,744,522.5313584799,0,23,14,23,14,true,2,true,false,false,false,false,"COOLDOWN",false,""
"AFTER",31718,924,637.2347722261,0,27,17,27,17,true,0,true,false,false,false,false,"COOLDOWN",false,""
"AFTER",31718,1104,749.6783795937,0,30,20,30,20,true,0,true,true,false,false,false,"",true,""
"AFTER",31718,1284,859.4402843556,1,30,20,30,20,false,0,true,true,false,false,false,"EQ",false,""
"AFTER",31718,1464,967.3291732445,1,34,24,34,24,false,0,true,true,false,false,false,"EQ",false,""
"AFTER",31718,1644,1076.4730567678,1,37,28,37,28,false,0,true,true,false,false,false,"EQ",false,""
"AFTER",31718,1824,1185.5509660752,1,42,33,42,33,true,0,true,true,false,false,false,"",true,""
"AFTER",31718,2004,1312.4509660752,1,42,33,42,33,true,0,true,false,false,false,false,"COOLDOWN",false,""
"AFTER",31718,2184,1423.3608700067,1,52,43,52,43,true,0,true,false,false,false,false,"COOLDOWN",false,""
"AFTER",31718,2364,1530.5299569945,1,59,50,59,50,true,0,true,true,false,false,false,"",true,""
"AFTER",31718,2544,1634.4855125501,2,60,51,60,51,false,0,true,true,false,false,false,"EQ",false,""
"AFTER",31718,2724,1740.8188063822,2,70,60,70,60,false,0,true,true,false,false,false,"EQ",false,""
"AFTER",31718,2904,1847.9162500537,2,78,68,78,68,false,0,true,true,false,false,false,"EQ",false,""
"AFTER",31718,3084,1955.2087201907,2,90,80,90,80,true,0,true,true,false,false,false,"",true,""
"AFTER",31718,3264,2082.1087201907,2,90,80,90,80,true,2,false,false,false,false,false,"OVERDUE|COOLDOWN",false,""
"AFTER",31718,3444,2191.4641739277,2,98,89,98,89,true,0,true,false,false,false,false,"COOLDOWN",false,""
"AFTER",31718,3624,2298.1611879059,2,105,95,105,95,true,0,true,true,false,false,false,"",true,""
"AFTER",31718,3804,2405.4975371122,3,105,95,105,95,false,0,true,true,false,false,false,"EQ",false,""
"AFTER",31718,3984,2507.9336741838,3,119,111,119,111,false,0,true,true,false,false,false,"EQ",false,""
"AFTER",31718,4164,2614.2081850051,3,125,117,125,117,false,0,true,true,false,false,false,"EQ",false,""
"AFTER",31718,4344,2728.2293112773,3,131,123,131,123,false,0,true,true,false,false,false,"EQ",false,""
"AFTER",31718,4524,2832.9109481026,3,137,129,137,129,false,0,true,true,false,false,false,"EQ",false,""
"AFTER",31718,4704,2935.1519737436,3,141,133,141,133,false,0,true,true,false,false,false,"EQ",false,""
"AFTER",31718,4884,3043.9907967491,3,144,136,144,136,false,0,true,true,false,false,false,"EQ",false,""
"AFTER",31718,5064,3157.2477285856,3,148,140,148,140,false,0,true,true,false,false,false,"EQ",false,""
"AFTER",31718,5244,3265.1545958937,3,152,144,152,144,false,0,true,true,false,false,false,"EQ",false,""
"AFTER",31718,5424,3375.5574738967,3,155,148,155,148,false,0,true,true,false,false,false,"EQ",false,""
"AFTER",31718,5604,3482.8685731451,3,159,152,159,152,false,0,true,true,false,false,false,"EQ",false,""
"AFTER",31718,5784,3588.4772923196,3,163,156,163,156,true,0,true,true,false,false,false,"",true,""
"AFTER",39637,24,24,0,14,6,14,6,false,0,true,true,false,false,false,"EQ",false,""
"AFTER",39637,204,148.9333333333,0,19,8,19,8,false,0,true,true,false,false,false,"EQ",false,""
"AFTER",39637,384,271.9882616162,0,22,11,22,11,false,0,true,true,false,false,false,"EQ",false,""
"AFTER",39637,564,389.9638026325,0,25,16,25,16,true,0,true,true,false,false,false,"",true,""
"AFTER",39637,744,511.0555804102,0,25,16,25,16,true,0,true,false,false,false,false,"COOLDOWN",false,""
"AFTER",39637,924,625.3421246498,0,28,19,28,19,true,0,true,false,false,false,false,"COOLDOWN",false,""
"AFTER",39637,1104,736.7415830462,0,31,21,31,21,true,0,true,true,false,false,false,"",true,""
"AFTER",39637,1284,845.4499163795,1,31,22,31,22,false,0,true,true,false,false,false,"EQ",false,""
"AFTER",39637,1464,955.4226059645,1,36,27,36,27,false,0,true,true,false,false,false,"EQ",false,""
"AFTER",39637,1644,1063.9586002195,1,40,31,40,31,true,0,true,true,false,false,false,"",true,""
"AFTER",39637,1824,1190.8586002195,1,40,31,40,31,true,0,true,false,false,false,false,"COOLDOWN",false,""
"AFTER",39637,2004,1299.4030160573,1,48,38,48,38,true,0,true,false,false,false,false,"COOLDOWN",false,""
"AFTER",39637,2184,1409.8075417624,1,54,44,54,44,true,0,true,true,false,false,false,"",true,""
"AFTER",39637,2364,1515.1225346398,2,55,46,55,46,false,0,true,true,false,false,false,"EQ",false,""
"AFTER",39637,2544,1620.3533836033,2,75,66,75,66,false,0,true,true,false,false,false,"EQ",false,""
"AFTER",39637,2724,1726.9458791373,2,84,74,84,74,true,0,true,true,false,false,false,"",true,""
"AFTER",39637,2904,1853.8458791373,2,84,74,84,74,true,0,true,false,false,false,false,"COOLDOWN",false,""
"AFTER",39637,3084,1956.6182368608,2,97,87,97,87,true,0,true,false,false,false,false,"COOLDOWN",false,""
"AFTER",39637,3264,2063.9652144178,2,103,94,103,94,true,0,true,true,false,false,false,"",true,""
"AFTER",39637,3444,2174.2462561947,2,103,94,103,94,true,0,true,false,false,false,false,"COOLDOWN",false,""
"AFTER",39637,3624,2280.7082778326,2,111,102,111,102,true,0,true,false,false,false,false,"COOLDOWN",false,""
"AFTER",39637,3804,2388.7144147939,2,118,111,118,111,true,0,true,true,false,false,false,"",true,""
"AFTER",39637,3984,2491.1303169346,3,121,113,121,113,false,0,true,true,false,false,false,"EQ",false,""
"AFTER",39637,4164,2602.2808633827,3,134,126,134,126,false,0,true,true,false,false,false,"EQ",false,""
"AFTER",39637,4344,2707.5674073814,3,139,132,139,132,false,0,true,true,false,false,false,"EQ",false,""
"AFTER",39637,4524,2813.2455136877,3,142,135,142,135,false,0,true,true,false,false,false,"EQ",false,""
"AFTER",39637,4704,2917.9492844258,3,147,139,147,139,false,0,true,true,false,false,false,"EQ",false,""
"AFTER",39637,4884,3022.3099990143,3,150,143,150,143,false,0,true,true,false,false,false,"EQ",false,""
"AFTER",39637,5064,3130.7356075226,3,156,148,156,148,false,0,true,true,false,false,false,"EQ",false,""
"AFTER",39637,5244,3232.877160034,3,158,150,158,150,false,0,true,true,false,false,false,"EQ",false,""
"AFTER",39637,5424,3346.7239258239,3,160,152,160,152,true,0,true,true,false,false,false,"",true,""
"AFTER",39637,5604,3473.6239258239,3,160,152,160,152,true,0,true,false,false,false,false,"COOLDOWN",false,""
"AFTER",39637,5784,3583.0054817337,3,163,155,163,155,true,0,true,false,false,false,false,"COOLDOWN",false,""
"AFTER",47556,24,24,0,14,6,14,6,false,0,true,true,false,false,false,"EQ",false,""
"AFTER",47556,204,150.9,0,20,10,20,10,false,0,true,true,false,false,false,"EQ",false,""
"AFTER",47556,384,269.9640215275,0,24,15,24,15,true,0,true,true,false,false,false,"",true,""
"AFTER",47556,564,389.9806881942,1,24,15,24,15,false,1,true,true,false,false,false,"EQ",false,""
"AFTER",47556,744,509.2159549672,1,30,21,30,21,false,0,true,true,false,false,false,"EQ",false,""
"AFTER",47556,924,623.6257055319,1,39,30,39,30,false,0,true,true,false,false,false,"EQ",false,""
"AFTER",47556,1104,740.3535214273,1,50,41,50,41,true,0,true,true,false,false,false,"",true,""
"AFTER",47556,1284,851.8047763293,1,50,41,50,41,true,2,true,false,false,false,false,"COOLDOWN",false,""
"AFTER",47556,1464,957.6820154644,1,58,49,58,49,true,0,true,false,false,false,false,"COOLDOWN",false,""
"AFTER",47556,1644,1066.5097522324,1,65,56,65,56,true,0,true,true,false,false,false,"",true,""
"AFTER",47556,1824,1170.156811056,2,66,57,66,57,false,0,true,true,false,false,false,"EQ",false,""
"AFTER",47556,2004,1275.0118457728,2,82,72,82,72,true,0,true,true,false,false,false,"",true,""
"AFTER",47556,2184,1404.6555856102,2,82,72,82,72,true,0,true,false,false,false,false,"COOLDOWN",false,""
"AFTER",47556,2364,1509.6056420363,2,93,83,93,83,true,0,true,false,false,false,false,"COOLDOWN",false,""
"AFTER",47556,2544,1624.9174311506,2,103,93,103,93,true,0,true,true,false,false,false,"",true,""
"AFTER",47556,2724,1729.6197033786,3,104,94,104,94,false,0,true,true,false,false,false,"EQ",false,""
"AFTER",47556,2904,1832.0768462358,3,116,109,116,109,false,0,true,true,false,false,false,"EQ",false,""
"AFTER",47556,3084,1934.4452672884,3,125,118,125,118,false,0,true,true,false,false,false,"EQ",false,""
"AFTER",47556,3264,2036.7458137365,3,133,126,133,126,false,0,true,true,false,false,false,"EQ",false,""
"AFTER",47556,3444,2141.3303913424,3,140,132,140,132,false,0,true,true,false,false,false,"EQ",false,""
"AFTER",47556,3624,2247.631668942,3,146,139,146,139,false,0,true,true,false,false,false,"EQ",false,""
"AFTER",47556,3804,2351.9758226003,3,153,146,153,146,false,0,true,true,false,false,false,"EQ",false,""
"AFTER",47556,3984,2463.0753157621,3,156,148,156,148,false,0,true,true,false,false,false,"EQ",false,""
"AFTER",47556,4164,2570.7270370748,3,159,152,159,152,false,0,true,true,false,false,false,"EQ",false,""
"AFTER",47556,4344,2672.8470370747,3,162,154,162,154,true,0,true,true,false,false,false,"",true,""
"AFTER",47556,4524,2802.0851852229,3,162,154,162,154,true,0,true,false,false,false,false,"COOLDOWN",false,""
"AFTER",47556,4704,2907.3746406373,3,165,158,165,158,true,0,true,false,false,false,false,"COOLDOWN",false,""
"AFTER",47556,4884,3012.3350871579,3,167,160,167,160,true,0,true,true,false,false,false,"",true,""
"AFTER",47556,5064,3139.2350871579,3,167,160,167,160,true,0,true,false,false,false,false,"COOLDOWN",false,""
"AFTER",47556,5244,3243.3147247856,3,170,162,170,162,true,0,true,false,false,false,false,"COOLDOWN",false,""
"AFTER",47556,5424,3345.3855581189,3,172,164,172,164,true,0,true,true,false,false,false,"",true,""
"AFTER",47556,5604,3463.5464689716,3,172,164,172,164,true,0,true,false,false,false,false,"COOLDOWN",false,""
"AFTER",47556,5784,3573.2744658653,3,174,166,174,166,true,0,true,false,false,false,false,"COOLDOWN",false,""
"AFTER",55475,24,24,0,14,6,14,6,false,0,true,true,false,false,false,"EQ",false,""
"AFTER",55475,204,150.9,0,17,7,17,7,false,0,true,true,false,false,false,"EQ",false,""
"AFTER",55475,384,277.8,0,20,9,20,9,false,0,true,true,false,false,false,"EQ",false,""
"AFTER",55475,564,401.2184748108,0,22,13,22,13,true,0,true,true,false,false,false,"",true,""
"AFTER",55475,744,528.1184748108,0,22,13,22,13,true,1,true,false,false,false,false,"COOLDOWN",false,""
"AFTER",55475,924,644.6086493882,0,25,16,25,16,true,0,true,false,false,false,false,"COOLDOWN",false,""
"AFTER",55475,1104,757.8169262849,0,28,19,28,19,true,0,true,true,false,false,false,"",true,""
"AFTER",55475,1284,868.2271826952,1,29,19,29,19,false,0,true,true,false,false,false,"EQ",false,""
"AFTER",55475,1464,980.6730868771,1,32,22,32,22,false,0,true,true,false,false,false,"EQ",false,""
"AFTER",55475,1644,1086.7264202104,1,40,31,40,31,true,0,true,true,false,false,false,"",true,""
"AFTER",55475,1824,1217.3630868771,1,40,31,40,31,true,1,true,false,false,false,false,"COOLDOWN",false,""
"AFTER",55475,2004,1325.6879413274,1,43,34,43,34,true,0,true,false,false,false,false,"COOLDOWN",false,""
"AFTER",55475,2184,1435.8909839751,1,50,40,50,40,true,0,true,true,false,false,false,"",true,""
"AFTER",55475,2364,1540.8522388771,2,50,40,50,40,false,0,true,true,false,false,false,"EQ",false,""
"AFTER",55475,2544,1644.5455722104,2,65,55,65,55,false,0,true,true,false,false,false,"EQ",false,""
"AFTER",55475,2724,1752.921781322,2,74,65,74,65,false,0,true,true,false,false,false,"EQ",false,""
"AFTER",55475,2904,1859.6875336782,2,81,72,81,72,true,0,true,true,false,false,false,"",true,""
"AFTER",55475,3084,1986.5875336782,2,81,72,81,72,true,0,true,false,false,false,false,"COOLDOWN",false,""
"AFTER",55475,3264,2093.5031416085,2,92,83,92,83,true,0,true,false,false,false,false,"COOLDOWN",false,""
"AFTER",55475,3444,2196.1927967809,2,102,93,102,93,true,0,true,true,false,false,false,"",true,""
"AFTER",55475,3624,2298.8824519533,3,102,93,102,93,false,0,true,true,false,false,false,"EQ",false,""
"AFTER",55475,3804,2404.0493385353,3,112,104,112,104,false,0,true,true,false,false,false,"EQ",false,""
"AFTER",55475,3984,2509.2511387255,3,119,112,119,112,false,0,true,true,false,false,false,"EQ",false,""
"AFTER",55475,4164,2623.5594756914,3,128,120,128,120,false,0,true,true,false,false,false,"EQ",false,""
"AFTER",55475,4344,2729.4503329278,3,131,124,131,124,false,0,true,true,false,false,false,"EQ",false,""
"AFTER",55475,4524,2836.1226691422,3,139,131,139,131,false,0,true,true,false,false,false,"EQ",false,""
"AFTER",55475,4704,2944.951547896,3,147,139,147,139,false,0,true,true,false,false,false,"EQ",false,""
"AFTER",55475,4884,3049.8388373351,3,151,143,151,143,false,0,true,true,false,false,false,"EQ",false,""
"AFTER",55475,5064,3155.8108388739,3,155,148,155,148,false,0,true,true,false,false,false,"EQ",false,""
"AFTER",55475,5244,3257.9523913853,3,157,150,157,150,false,0,true,true,false,false,false,"EQ",false,""
"AFTER",55475,5424,3362.7027516864,3,159,152,159,152,false,0,true,true,false,false,false,"EQ",false,""
"AFTER",55475,5604,3464.8280313284,3,161,153,161,153,true,0,true,true,false,false,false,"",true,""
"AFTER",55475,5784,3591.7280313284,3,161,153,161,153,true,0,true,false,false,false,false,"COOLDOWN",false,""
"AFTER",63394,24,24,0,13,6,13,6,false,0,true,true,false,false,false,"EQ",false,""
"AFTER",63394,204,150.9,0,20,9,20,9,false,0,true,true,false,false,false,"EQ",false,""
"AFTER",63394,384,271.7112257876,0,23,13,23,13,true,0,true,true,false,false,false,"",true,""
"AFTER",63394,564,398.6112257876,0,23,13,23,13,true,0,true,false,false,false,false,"COOLDOWN",false,""
"AFTER",63394,744,513.8952178736,0,26,16,26,16,true,0,true,false,false,false,false,"COOLDOWN",false,""
"AFTER",63394,924,626.6899525764,0,29,19,29,19,true,0,true,true,false,false,false,"",true,""
"AFTER",63394,1104,736.4518573383,1,29,19,29,19,false,0,true,true,false,false,false,"EQ",false,""
"AFTER",63394,1284,847.3615894736,1,34,25,34,25,false,0,true,true,false,false,false,"EQ",false,""
"AFTER",63394,1464,957.4669551057,1,40,30,40,30,true,0,true,true,false,false,false,"",true,""
"AFTER",63394,1644,1084.3669551057,1,40,30,40,30,true,0,true,false,false,false,false,"COOLDOWN",false,""
"AFTER",63394,1824,1201.3851797794,1,45,36,45,36,true,0,true,false,false,false,false,"COOLDOWN",false,""
"AFTER",63394,2004,1316.8953472672,1,53,44,53,44,true,0,true,true,false,false,false,"",true,""
"AFTER",63394,2184,1421.3342247207,2,54,44,54,44,false,0,true,true,false,false,false,"EQ",false,""
"AFTER",63394,2364,1529.4392281306,2,69,59,69,59,false,0,true,true,false,false,false,"EQ",false,""
"AFTER",63394,2544,1637.0467054316,2,78,68,78,68,false,0,true,true,false,false,false,"EQ",false,""
"AFTER",63394,2724,1744.3784193218,2,84,74,84,74,true,0,true,true,false,false,false,"",true,""
"AFTER",63394,2904,1873.2198002742,2,84,74,84,74,true,0,true,false,false,false,false,"COOLDOWN",false,""
"AFTER",63394,3084,1988.8047650597,2,91,82,91,82,true,0,true,false,false,false,false,"COOLDOWN",false,""
"AFTER",63394,3264,2096.532604409,2,100,91,100,91,true,0,true,true,false,false,false,"",true,""
"AFTER",63394,3444,2199.4115063698,3,100,91,100,91,false,0,true,true,false,false,false,"EQ",false,""
"AFTER",63394,3624,2308.3797343497,3,114,107,114,107,false,0,true,true,false,false,false,"EQ",false,""
"AFTER",63394,3804,2413.8591501562,3,119,112,119,112,false,0,true,true,false,false,false,"EQ",false,""
"AFTER",63394,3984,2525.0960549181,3,123,116,123,116,false,0,true,true,false,false,false,"EQ",false,""
"AFTER",63394,4164,2627.4466296307,3,127,120,127,120,false,0,true,true,false,false,false,"EQ",false,""
"AFTER",63394,4344,2729.7393125575,3,135,127,135,127,false,0,true,true,false,false,false,"EQ",false,""
"AFTER",63394,4524,2831.9945208908,3,140,132,140,132,false,0,true,true,false,false,false,"EQ",false,""
"AFTER",63394,4704,2936.6449933142,3,143,135,143,135,false,0,true,true,false,false,false,"EQ",false,""
"AFTER",63394,4884,3038.8589236625,3,145,138,145,138,false,0,true,true,false,false,false,"EQ",false,""
"AFTER",63394,5064,3149.9035708645,3,148,141,148,141,false,0,true,true,false,false,false,"EQ",false,""
"AFTER",63394,5244,3252.0797613406,3,151,144,151,144,false,0,true,true,false,false,false,"EQ",false,""
"AFTER",63394,5424,3361.4983894015,3,155,147,155,147,false,0,true,true,false,false,false,"EQ",false,""
"AFTER",63394,5604,3467.3261745342,3,158,151,158,151,false,0,true,true,false,false,false,"EQ",false,""
"AFTER",63394,5784,3571.6517076927,3,161,154,161,154,true,0,true,true,false,false,false,"",true,""
"AFTER",71313,24,24,0,14,6,14,6,false,0,true,true,false,false,false,"EQ",false,""
"AFTER",71313,204,148.9333333333,0,17,7,17,7,false,0,true,true,false,false,false,"EQ",false,""
"AFTER",71313,384,275.8333333333,0,20,9,20,9,false,0,true,true,false,false,false,"EQ",false,""
"AFTER",71313,564,399.1172181187,0,22,13,22,13,true,0,true,true,false,false,false,"",true,""
"AFTER",71313,744,526.0172181187,0,22,13,22,13,true,1,true,false,false,false,false,"COOLDOWN",false,""
"AFTER",71313,924,642.4519488605,0,24,15,24,15,true,0,true,false,false,false,false,"COOLDOWN",false,""
"AFTER",71313,1104,757.0187449571,0,28,18,28,18,true,0,true,true,false,false,false,"",true,""
"AFTER",71313,1284,875.2120306714,0,28,18,28,18,true,0,true,false,false,false,false,"COOLDOWN",false,""
"AFTER",71313,1464,987.9177834139,0,31,21,31,21,true,0,true,false,false,false,false,"COOLDOWN",false,""
"AFTER",71313,1644,1097.7955475302,0,33,24,33,24,true,0,true,true,false,false,false,"",true,""
"AFTER",71313,1824,1205.3394071793,1,34,25,34,25,false,0,true,true,false,false,false,"EQ",false,""
"AFTER",71313,2004,1315.2316773228,1,39,30,39,30,false,0,true,true,false,false,false,"EQ",false,""
"AFTER",71313,2184,1433.1189214344,1,44,35,44,35,true,0,true,true,false,false,false,"",true,""
"AFTER",71313,2364,1551.7126919972,1,44,35,44,35,true,2,true,false,false,false,false,"COOLDOWN",false,""
"AFTER",71313,2544,1669.3909909705,1,48,38,48,38,true,0,true,false,false,false,false,"COOLDOWN",false,""
"AFTER",71313,2724,1775.8871482496,1,52,42,52,42,true,0,true,true,false,false,false,"",true,""
"AFTER",71313,2904,1880.7358726951,2,52,43,52,43,false,0,true,true,false,false,false,"EQ",false,""
"AFTER",71313,3084,1984.3829315187,2,66,57,66,57,false,0,true,true,false,false,false,"EQ",false,""
"AFTER",71313,3264,2092.9985679482,2,75,66,75,66,false,0,true,true,false,false,false,"EQ",false,""
"AFTER",71313,3444,2196.0420462091,2,85,75,85,75,true,0,true,true,false,false,false,"",true,""
"AFTER",71313,3624,2322.9420462091,2,85,75,85,75,true,0,true,false,false,false,false,"COOLDOWN",false,""
"AFTER",71313,3804,2429.1716803243,2,92,82,92,82,true,0,true,false,false,false,false,"COOLDOWN",false,""
"AFTER",71313,3984,2537.1212718272,2,101,91,101,91,true,0,true,true,false,false,false,"",true,""
"AFTER",71313,4164,2639.8428404547,3,101,91,101,91,false,0,true,true,false,false,false,"EQ",false,""
"AFTER",71313,4344,2745.030297896,3,110,101,110,101,false,0,true,true,false,false,false,"EQ",false,""
"AFTER",71313,4524,2849.9105457678,3,114,107,114,107,false,0,true,true,false,false,false,"EQ",false,""
"AFTER",71313,4704,2952.3570866483,3,118,110,118,110,false,0,true,true,false,false,false,"EQ",false,""
"AFTER",71313,4884,3058.1414612098,3,122,114,122,114,false,0,true,true,false,false,false,"EQ",false,""
"AFTER",71313,5064,3164.622696299,3,128,121,128,121,false,0,true,true,false,false,false,"EQ",false,""
"AFTER",71313,5244,3271.096917495,3,136,128,136,128,false,0,true,true,false,false,false,"EQ",false,""
"AFTER",71313,5424,3383.8226538005,3,143,135,143,135,false,0,true,true,false,false,false,"EQ",false,""
"AFTER",71313,5604,3490.1641042246,3,148,140,148,140,false,0,true,true,false,false,false,"EQ",false,""
"AFTER",71313,5784,3597.5643066064,3,151,143,151,143,false,0,true,true,false,false,false,"EQ",false,""
"AFTER",79232,24,24,0,14,6,14,6,false,0,true,true,false,false,false,"EQ",false,""
"AFTER",79232,204,148.9333333333,0,17,7,17,7,false,0,true,true,false,false,false,"EQ",false,""
"AFTER",79232,384,272.5164407409,0,21,11,21,11,false,0,true,true,false,false,false,"EQ",false,""
"AFTER",79232,564,391.228255978,0,24,15,24,15,true,0,true,true,false,false,false,"",true,""
"AFTER",79232,744,511.2449226447,1,24,15,24,15,false,0,true,true,false,false,false,"EQ",false,""
"AFTER",79232,924,624.9182628901,1,29,19,29,19,false,0,true,true,false,false,false,"EQ",false,""
"AFTER",79232,1104,731.615232587,1,38,29,38,29,false,0,true,true,false,false,false,"EQ",false,""
"AFTER",79232,1284,836.6360659203,1,47,38,47,38,true,0,true,true,false,false,false,"",true,""
"AFTER",79232,1464,947.5987432253,1,47,38,47,38,true,0,true,false,false,false,false,"COOLDOWN",false,""
"AFTER",79232,1644,1056.41500209,1,52,43,52,43,true,0,true,false,false,false,false,"COOLDOWN",false,""
"AFTER",79232,1824,1162.8512684379,1,58,49,58,49,true,0,true,true,false,false,false,"",true,""
"AFTER",79232,2004,1267.3556891271,2,59,50,59,50,false,0,true,true,false,false,false,"EQ",false,""
"AFTER",79232,2184,1373.7037256051,2,77,67,77,67,false,0,true,true,false,false,false,"EQ",false,""
"AFTER",79232,2364,1480.8976874964,2,85,75,85,75,true,0,true,true,false,false,false,"",true,""
"AFTER",79232,2544,1600.0909696789,2,85,75,85,75,true,0,true,false,false,false,false,"COOLDOWN",false,""
"AFTER",79232,2724,1711.8269345912,2,92,82,92,82,true,0,true,false,false,false,false,"COOLDOWN",false,""
"AFTER",79232,2904,1825.518554104,2,99,89,99,89,true,0,true,true,false,false,false,"",true,""
"AFTER",79232,3084,1936.2323766148,2,99,89,99,89,true,0,true,false,false,false,false,"COOLDOWN",false,""
"AFTER",79232,3264,2044.9798516235,2,108,98,108,98,true,0,true,false,false,false,false,"COOLDOWN",false,""
"AFTER",79232,3444,2150.6487151361,2,114,106,114,106,true,0,true,true,false,false,false,"",true,""
"AFTER",79232,3624,2255.530340078,3,115,107,115,107,false,0,true,true,false,false,false,"EQ",false,""
"AFTER",79232,3804,2357.9462422187,3,120,113,120,113,false,0,true,true,false,false,false,"EQ",false,""
"AFTER",79232,3984,2460.3146632713,3,126,118,126,118,false,0,true,true,false,false,false,"EQ",false,""
"AFTER",79232,4164,2565.8722643829,3,133,125,133,125,false,0,true,true,false,false,false,"EQ",false,""
"AFTER",79232,4344,2673.7961516495,3,138,130,138,130,false,0,true,true,false,false,false,"EQ",false,""
"AFTER",79232,4524,2780.0524098449,3,142,134,142,134,false,0,true,true,false,false,false,"EQ",false,""
"AFTER",79232,4704,2886.1426936784,3,147,139,147,139,false,0,true,true,false,false,false,"EQ",false,""
"AFTER",79232,4884,2988.324947875,3,150,143,150,143,false,0,true,true,false,false,false,"EQ",false,""
"AFTER",79232,5064,3093.2028758376,3,153,145,153,145,false,0,true,true,false,false,false,"EQ",false,""
"AFTER",79232,5244,3201.7290255282,3,156,149,156,149,false,0,true,true,false,false,false,"EQ",false,""
"AFTER",79232,5424,3314.7996611327,3,159,151,159,151,false,0,true,true,false,false,false,"EQ",false,""
"AFTER",79232,5604,3420.508484811,3,161,153,161,153,true,0,true,true,false,false,false,"",true,""
"AFTER",79232,5784,3547.408484811,3,161,153,161,153,true,2,false,false,false,false,false,"OVERDUE|COOLDOWN",false,""
"AFTER",87151,24,24,0,14,6,14,6,false,0,true,true,false,false,false,"EQ",false,""
"AFTER",87151,204,140.0833333333,0,24,15,24,15,true,0,true,true,false,false,false,"",true,""
"AFTER",87151,384,266.9833333333,0,24,15,24,15,true,2,true,false,false,false,false,"COOLDOWN",false,""
"AFTER",87151,564,381.1798000936,0,27,18,27,18,true,0,true,false,false,false,false,"COOLDOWN",false,""
"AFTER",87151,744,493.9377588708,0,30,20,30,20,true,0,true,true,false,false,false,"",true,""
"AFTER",87151,924,603.1377588708,1,30,21,30,21,false,0,true,true,false,false,false,"EQ",false,""
"AFTER",87151,1104,713.1426581634,1,34,25,34,25,false,0,true,true,false,false,false,"EQ",false,""
"AFTER",87151,1284,818.8463618671,1,42,33,42,33,true,0,true,true,false,false,false,"",true,""
"AFTER",87151,1464,945.7463618671,1,42,33,42,33,true,0,true,false,false,false,false,"COOLDOWN",false,""
"AFTER",87151,1644,1054.0455153027,1,47,38,47,38,true,0,true,false,false,false,false,"COOLDOWN",false,""
"AFTER",87151,1824,1158.5680378252,1,52,43,52,43,true,0,true,true,false,false,false,"",true,""
"AFTER",87151,2004,1264.4823552195,2,52,43,52,43,false,0,true,true,false,false,false,"EQ",false,""
"AFTER",87151,2184,1370.7402922017,2,64,55,64,55,false,0,true,true,false,false,false,"EQ",false,""
"AFTER",87151,2364,1477.4469688175,2,78,69,78,69,false,0,true,true,false,false,false,"EQ",false,""
"AFTER",87151,2544,1580.3748967454,2,89,80,89,80,true,0,true,true,false,false,false,"",true,""
"AFTER",87151,2724,1707.2748967454,2,89,80,89,80,true,0,true,false,false,false,false,"COOLDOWN",false,""
"AFTER",87151,2904,1809.9645519178,2,103,93,103,93,true,0,true,false,false,false,false,"COOLDOWN",false,""
"AFTER",87151,3084,1914.9769407681,2,110,100,110,100,true,0,true,true,false,false,false,"",true,""
"AFTER",87151,3264,2019.7035224512,3,111,101,111,101,false,0,true,true,false,false,false,"EQ",false,""
"AFTER",87151,3444,2122.1194245919,3,121,113,121,113,false,0,true,true,false,false,false,"EQ",false,""
"AFTER",87151,3624,2226.4724352545,3,126,119,126,119,false,0,true,true,false,false,false,"EQ",false,""
"AFTER",87151,3804,2332.4867375195,3,134,126,134,126,false,0,true,true,false,false,false,"EQ",false,""
"AFTER",87151,3984,2439.056213081,3,143,135,143,135,false,0,true,true,false,false,false,"EQ",false,""
"AFTER",87151,4164,2545.4777798974,3,149,141,149,141,false,0,true,true,false,false,false,"EQ",false,""
"AFTER",87151,4344,2650.8178428244,3,151,144,151,144,false,0,true,true,false,false,false,"EQ",false,""
"AFTER",87151,4524,2755.9492100937,3,154,146,154,146,false,0,true,true,false,false,false,"EQ",false,""
"AFTER",87151,4704,2860.8105057959,3,158,150,158,150,false,0,true,true,false,false,false,"EQ",false,""
"AFTER",87151,4884,2966.597295833,3,161,153,161,153,true,0,true,true,false,false,false,"",true,""
"AFTER",87151,5064,3096.5303600152,3,161,153,161,153,true,0,true,false,false,false,false,"COOLDOWN",false,""
"AFTER",87151,5244,3198.640009138,3,164,156,164,156,true,0,true,false,false,false,false,"COOLDOWN",false,""
"AFTER",87151,5424,3302.8803476659,3,165,158,165,158,true,0,true,true,false,false,false,"",true,""
"AFTER",87151,5604,3429.7803476659,3,165,158,165,158,true,0,true,false,false,false,false,"COOLDOWN",false,""
"AFTER",87151,5784,3533.930262365,3,167,159,167,159,true,0,true,false,false,false,false,"COOLDOWN",false,""
"AFTER",95070,24,24,0,14,6,14,6,false,0,true,true,false,false,false,"EQ",false,""
"AFTER",95070,204,141.5310185185,0,25,16,25,16,true,0,true,true,false,false,false,"",true,""
"AFTER",95070,384,256.1327962962,1,25,16,25,16,false,2,true,true,false,false,false,"EQ",false,""
"AFTER",95070,564,363.3661296295,1,36,26,36,26,false,0,true,true,false,false,false,"EQ",false,""
"AFTER",95070,744,472.920754148,1,43,33,43,33,true,0,true,true,false,false,false,"",true,""
"AFTER",95070,924,593.5345353711,1,43,33,43,33,true,0,true,false,false,false,false,"COOLDOWN",false,""
"AFTER",95070,1104,701.8182586973,1,47,37,47,37,true,0,true,false,false,false,false,"COOLDOWN",false,""
"AFTER",95070,1284,809.6164107682,1,52,43,52,43,true,0,true,true,false,false,false,"",true,""
"AFTER",95070,1464,918.3627281625,1,52,43,52,43,true,2,true,false,false,false,false,"COOLDOWN",false,""
"AFTER",95070,1644,1027.4907395954,1,58,49,58,49,true,0,true,false,false,false,false,"COOLDOWN",false,""
"AFTER",95070,1824,1135.8434256095,1,66,57,66,57,true,0,true,true,false,false,false,"",true,""
"AFTER",95070,2004,1243.6424677705,2,68,58,68,58,false,0,true,true,false,false,false,"EQ",false,""
"AFTER",95070,2184,1348.3818963902,2,80,71,80,71,true,0,true,true,false,false,false,"",true,""
"AFTER",95070,2364,1475.2818963902,2,80,71,80,71,true,0,true,false,false,false,false,"COOLDOWN",false,""
"AFTER",95070,2544,1581.3210936622,2,91,82,91,82,true,0,true,false,false,false,false,"COOLDOWN",false,""
"AFTER",95070,2724,1691.197120429,2,101,91,101,91,true,0,true,true,false,false,false,"",true,""
"AFTER",95070,2904,1809.7577550631,2,101,91,101,91,true,1,true,false,false,false,false,"COOLDOWN",false,""
"AFTER",95070,3084,1916.9243007481,2,110,101,110,101,true,1,true,false,false,false,false,"COOLDOWN",false,""
"AFTER",95070,3264,2023.4003526503,2,117,109,117,109,true,0,true,true,false,false,false,"",true,""
"AFTER",95070,3444,2126.1847567787,3,117,110,117,110,false,0,true,true,false,false,false,"EQ",false,""
"AFTER",95070,3624,2240.7778823698,3,127,119,127,119,false,0,true,true,false,false,false,"EQ",false,""
"AFTER",95070,3804,2343.0705652966,3,134,127,134,127,false,0,true,true,false,false,false,"EQ",false,""
"AFTER",95070,3984,2445.3186273121,3,141,133,141,133,false,0,true,true,false,false,false,"EQ",false,""
"AFTER",95070,4164,2547.5260347195,3,146,139,146,139,false,0,true,true,false,false,false,"EQ",false,""
"AFTER",95070,4344,2662.5673428703,3,149,142,149,142,false,0,true,true,false,false,false,"EQ",false,""
"AFTER",95070,4524,2764.7435333464,3,152,144,152,144,false,0,true,true,false,false,false,"EQ",false,""
"AFTER",95070,4704,2869.7084924547,3,155,148,155,148,false,0,true,true,false,false,false,"EQ",false,""
"AFTER",95070,4884,2974.5768794409,3,158,151,158,151,false,0,true,true,false,false,false,"EQ",false,""
"AFTER",95070,5064,3080.0044382496,3,161,153,161,153,true,0,true,true,false,false,false,"",true,""
"AFTER",95070,5244,3206.9044382496,3,161,153,161,153,true,0,true,false,false,false,false,"COOLDOWN",false,""
"AFTER",95070,5424,3311.9774978273,3,164,157,164,157,true,0,true,false,false,false,false,"COOLDOWN",false,""
"AFTER",95070,5604,3414.0624235173,3,168,161,168,161,true,0,true,true,false,false,false,"",true,""
"AFTER",95070,5784,3544.4378044697,3,168,161,168,161,true,0,true,false,false,false,false,"COOLDOWN",false,""
"AFTER",102989,24,24,0,14,6,14,6,false,0,true,true,false,false,false,"EQ",false,""
"AFTER",102989,204,140.0833333333,0,24,14,24,14,true,0,true,true,false,false,false,"",true,""
"AFTER",102989,384,260.1,1,24,14,24,14,false,3,false,true,false,false,false,"EQ|OVERDUE",false,""
"AFTER",102989,564,374.575328395,1,28,19,28,19,false,0,true,true,false,false,false,"EQ",false,""
"AFTER",102989,744,486.6821503569,1,31,22,31,22,false,0,true,true,false,false,false,"EQ",false,""
"AFTER",102989,924,596.1718278017,1,35,26,35,26,false,0,true,true,false,false,false,"EQ",false,""
"AFTER",102989,1104,706.0441681503,1,38,29,38,29,false,0,true,true,false,false,false,"EQ",false,""
"AFTER",102989,1284,817.1112332266,1,48,38,48,38,true,0,true,true,false,false,false,"",true,""
"AFTER",102989,1464,925.9536574691,2,48,38,48,38,false,0,true,true,false,false,false,"EQ",false,""
"AFTER",102989,1644,1032.8132065857,2,60,50,60,50,false,0,true,true,false,false,false,"EQ",false,""
"AFTER",102989,1824,1139.4685632573,2,66,57,66,57,false,0,true,true,false,false,false,"EQ",false,""
"AFTER",102989,2004,1245.5591136568,2,73,64,73,64,false,0,true,true,false,false,false,"EQ",false,""
"AFTER",102989,2184,1352.1188707602,2,84,74,84,74,true,0,true,true,false,false,false,"",true,""
"AFTER",102989,2364,1479.0188707602,2,84,74,84,74,true,0,true,false,false,false,false,"COOLDOWN",false,""
"AFTER",102989,2544,1583.1304187988,2,97,87,97,87,true,0,true,false,false,false,false,"COOLDOWN",false,""
"AFTER",102989,2724,1690.0562252761,2,104,95,104,95,true,0,true,true,false,false,false,"",true,""
"AFTER",102989,2904,1793.7624168033,3,105,95,105,95,false,0,true,true,false,false,false,"EQ",false,""
"AFTER",102989,3084,1899.4686360476,3,122,114,122,114,false,0,true,true,false,false,false,"EQ",false,""
"AFTER",102989,3264,2001.8370571002,3,126,118,126,118,false,0,true,true,false,false,false,"EQ",false,""
"AFTER",102989,3444,2110.8675582663,3,133,125,133,125,false,0,true,true,false,false,false,"EQ",false,""
"AFTER",102989,3624,2215.225814625,3,142,134,142,134,false,0,true,true,false,false,false,"EQ",false,""
"AFTER",102989,3804,2321.6534233325,3,146,138,146,138,false,0,true,true,false,false,false,"EQ",false,""
"AFTER",102989,3984,2425.8191520018,3,150,142,150,142,false,0,true,true,false,false,false,"EQ",false,""
"AFTER",102989,4164,2527.9893647678,3,153,145,153,145,false,0,true,true,false,false,false,"EQ",false,""
"AFTER",102989,4344,2636.7345789794,3,156,149,156,149,false,0,true,true,false,false,false,"EQ",false,""
"AFTER",102989,4524,2741.1433815178,3,159,152,159,152,false,0,true,true,false,false,false,"EQ",false,""
"AFTER",102989,4704,2846.0581557826,3,161,153,161,153,true,0,true,true,false,false,false,"",true,""
"AFTER",102989,4884,2972.9581557826,3,161,153,161,153,true,2,false,false,false,false,false,"OVERDUE|COOLDOWN",false,""
"AFTER",102989,5064,3078.5255542135,3,165,157,165,157,true,0,true,false,false,false,false,"COOLDOWN",false,""
"AFTER",102989,5244,3186.3621079425,3,167,160,167,160,true,0,true,true,false,false,false,"",true,""
"AFTER",102989,5424,3314.7285111361,3,167,160,167,160,true,0,true,false,false,false,false,"COOLDOWN",false,""
"AFTER",102989,5604,3420.5016727056,3,169,162,169,162,true,0,true,false,false,false,false,"COOLDOWN",false,""
"AFTER",102989,5784,3522.5725060389,3,171,163,171,163,true,0,true,true,false,false,false,"",true,""
"AFTER",110908,24,24,0,14,6,14,6,false,0,true,true,false,false,false,"EQ",false,""
"AFTER",110908,204,148.9333333333,0,18,8,18,8,false,0,true,true,false,false,false,"EQ",false,""
"AFTER",110908,384,274.1448904041,0,22,11,22,11,false,0,true,true,false,false,false,"EQ",false,""
"AFTER",110908,564,388.3569050327,0,26,16,26,16,true,0,true,true,false,false,false,"",true,""
"AFTER",110908,744,500.4175110933,1,26,16,26,16,false,0,true,true,false,false,false,"EQ",false,""
"AFTER",110908,924,613.2534264712,1,31,21,31,21,false,0,true,true,false,false,false,"EQ",false,""
"AFTER",110908,1104,723.5055325527,1,34,24,34,24,false,0,true,true,false,false,false,"EQ",false,""
"AFTER",110908,1284,834.4373867242,1,38,28,38,28,false,0,true,true,false,false,false,"EQ",false,""
"AFTER",110908,1464,942.5771081451,1,43,33,43,33,true,0,true,true,false,false,false,"",true,""
"AFTER",110908,1644,1069.4771081451,1,43,33,43,33,true,0,true,false,false,false,false,"COOLDOWN",false,""
"AFTER",110908,1824,1178.5248060956,1,47,37,47,37,true,0,true,false,false,false,false,"COOLDOWN",false,""
"AFTER",110908,2004,1287.8054178397,1,53,44,53,44,true,0,true,true,false,false,false,"",true,""
"AFTER",110908,2184,1393.3046437452,2,53,44,53,44,false,0,true,true,false,false,false,"EQ",false,""
"AFTER",110908,2364,1498.6574386535,2,73,64,73,64,false,0,true,true,false,false,false,"EQ",false,""
"AFTER",110908,2544,1604.7518807032,2,86,76,86,76,true,0,true,true,false,false,false,"",true,""
"AFTER",110908,2724,1722.6810058417,2,86,76,86,76,true,0,true,false,false,false,false,"COOLDOWN",false,""
"AFTER",110908,2904,1826.9384476414,2,97,87,97,87,true,0,true,false,false,false,false,"COOLDOWN",false,""
"AFTER",110908,3084,1929.5828920858,2,105,96,105,96,true,0,true,true,false,false,false,"",true,""
"AFTER",110908,3264,2033.7969238318,3,106,96,106,96,false,0,true,true,false,false,false,"EQ",false,""
"AFTER",110908,3444,2136.2330609034,3,118,111,118,111,false,0,true,true,false,false,false,"EQ",false,""
"AFTER",110908,3624,2238.601481956,3,125,118,125,118,false,0,true,true,false,false,false,"EQ",false,""
"AFTER",110908,3804,2340.9020284041,3,133,125,133,125,false,0,true,true,false,false,false,"EQ",false,""
"AFTER",110908,3984,2445.9400538578,3,137,130,137,130,false,0,true,true,false,false,false,"EQ",false,""
"AFTER",110908,4164,2548.17415055,3,143,135,143,135,false,0,true,true,false,false,false,"EQ",false,""
"AFTER",110908,4344,2654.476519245,3,147,139,147,139,false,0,true,true,false,false,false,"EQ",false,""
"AFTER",110908,4524,2758.7963526958,3,152,145,152,145,false,0,true,true,false,false,false,"EQ",false,""
"AFTER",110908,4704,2864.1735766677,3,155,147,155,147,false,0,true,true,false,false,false,"EQ",false,""
"AFTER",110908,4884,2970.0149144128,3,157,150,157,150,false,0,true,true,false,false,false,"EQ",false,""
"AFTER",110908,5064,3078.051779066,3,161,153,161,153,true,0,true,true,false,false,false,"",true,""
"AFTER",110908,5244,3204.951779066,3,161,153,161,153,true,2,false,false,false,false,false,"OVERDUE|COOLDOWN",false,""
"AFTER",110908,5424,3307.0563542294,3,164,156,164,156,true,0,true,false,false,false,false,"COOLDOWN",false,""
"AFTER",110908,5604,3409.1509778853,3,167,159,167,159,true,0,true,true,false,false,false,"",true,""
"AFTER",110908,5784,3536.0509778853,3,167,159,167,159,true,0,true,false,false,false,false,"COOLDOWN",false,""
"AFTER",118827,24,24,0,14,6,14,6,false,0,true,true,false,false,false,"EQ",false,""
"AFTER",118827,204,148.9333333333,0,17,8,17,8,false,0,true,true,false,false,false,"EQ",false,""
"AFTER",118827,384,273.2932790405,0,22,11,22,11,false,0,true,true,false,false,false,"EQ",false,""
"AFTER",118827,564,390.6138267844,0,26,16,26,16,true,0,true,true,false,false,false,"",true,""
"AFTER",118827,744,505.8362277168,1,26,16,26,16,false,0,true,true,false,false,false,"EQ",false,""
"AFTER",118827,924,612.7886086692,1,36,27,36,27,false,0,true,true,false,false,false,"EQ",false,""
"AFTER",118827,1104,725.2586041424,1,42,32,42,32,true,0,true,true,false,false,false,"",true,""
"AFTER",118827,1284,852.1586041424,1,42,32,42,32,true,0,true,false,false,false,false,"COOLDOWN",false,""
"AFTER",118827,1464,968.2275085982,1,46,37,46,37,true,0,true,false,false,false,false,"COOLDOWN",false,""
"AFTER",118827,1644,1072.6661050894,1,54,44,54,44,true,0,true,true,false,false,false,"",true,""
"AFTER",118827,1824,1177.0250794484,2,54,45,54,45,false,0,true,true,false,false,false,"EQ",false,""
"AFTER",118827,2004,1280.5435979669,2,70,60,70,60,false,0,true,true,false,false,false,"EQ",false,""
"AFTER",118827,2184,1385.7884678674,2,77,68,77,68,false,0,true,true,false,false,false,"EQ",false,""
"AFTER",118827,2364,1491.9661718876,2,89,80,89,80,true,0,true,true,false,false,false,"",true,""
"AFTER",118827,2544,1606.25215225,2,89,80,89,80,true,1,true,false,false,false,false,"COOLDOWN",false,""
"AFTER",118827,2724,1711.4943422849,2,101,91,101,91,true,0,true,false,false,false,false,"COOLDOWN",false,""
"AFTER",118827,2904,1816.9191415768,2,110,101,110,101,true,0,true,true,false,false,false,"",true,""
"AFTER",118827,3084,1919.4816415768,3,111,102,111,102,false,0,true,true,false,false,false,"EQ",false,""
"AFTER",118827,3264,2025.2913230622,3,119,112,119,112,false,0,true,true,false,false,false,"EQ",false,""
"AFTER",118827,3444,2134.6496631978,3,131,123,131,123,false,0,true,true,false,false,false,"EQ",false,""
"AFTER",118827,3624,2239.1141451035,3,135,127,135,127,false,0,true,true,false,false,false,"EQ",false,""
"AFTER",118827,3804,2344.3823798118,3,138,130,138,130,false,0,true,true,false,false,false,"EQ",false,""
"AFTER",118827,3984,2446.6234054528,3,141,134,141,134,false,0,true,true,false,false,false,"EQ",false,""
"AFTER",118827,4164,2548.8439568312,3,145,137,145,137,false,0,true,true,false,false,false,"EQ",false,""
"AFTER",118827,4344,2655.047936133,3,149,141,149,141,false,0,true,true,false,false,false,"EQ",false,""
"AFTER",118827,4524,2759.7292595628,3,151,144,151,144,false,0,true,true,false,false,false,"EQ",false,""
"AFTER",118827,4704,2865.3671412249,3,156,149,156,149,false,0,true,true,false,false,false,"EQ",false,""
"AFTER",118827,4884,2971.1308118073,3,159,151,159,151,false,0,true,true,false,false,false,"EQ",false,""
"AFTER",118827,5064,3079.3807030458,3,163,155,163,155,true,0,true,true,false,false,false,"",true,""
"AFTER",118827,5244,3206.2807030458,3,163,155,163,155,true,0,true,false,false,false,false,"COOLDOWN",false,""
"AFTER",118827,5424,3312.1010276584,3,166,158,166,158,true,0,true,false,false,false,false,"COOLDOWN",false,""
"AFTER",118827,5604,3418.2088614548,3,167,160,167,160,true,0,true,true,false,false,false,"",true,""
"AFTER",118827,5784,3545.1088614548,3,167,160,167,160,true,0,true,false,false,false,false,"COOLDOWN",false,""
"AFTER",126746,24,24,0,13,6,13,6,false,0,true,true,false,false,false,"EQ",false,""
"AFTER",126746,204,148.9333333333,0,17,7,17,7,false,0,true,true,false,false,false,"EQ",false,""
"AFTER",126746,384,275.8333333333,0,20,9,20,9,false,0,true,true,false,false,false,"EQ",false,""
"AFTER",126746,564,401.1139993686,0,22,12,22,12,true,0,true,true,false,false,false,"",true,""
"AFTER",126746,744,528.0139993686,0,22,12,22,12,true,3,true,false,false,false,false,"COOLDOWN",false,""
"AFTER",126746,924,648.0041008383,0,28,18,28,18,true,0,true,false,false,false,false,"COOLDOWN",false,""
"AFTER",126746,1104,759.958647316,0,30,20,30,20,true,0,true,true,false,false,false,"",true,""
"AFTER",126746,1284,869.7205520779,1,30,21,30,21,false,0,true,true,false,false,false,"EQ",false,""
"AFTER",126746,1464,981.1943280618,1,35,26,35,26,false,0,true,true,false,false,false,"EQ",false,""
"AFTER",126746,1644,1091.436876561,1,40,30,40,30,true,0,true,true,false,false,false,"",true,""
"AFTER",126746,1824,1222.6045432277,1,40,30,40,30,true,0,true,false,false,false,false,"COOLDOWN",false,""
"AFTER",126746,2004,1330.3344751983,1,45,35,45,35,true,0,true,false,false,false,false,"COOLDOWN",false,""
"AFTER",126746,2184,1437.4692866472,1,52,43,52,43,true,0,true,true,false,false,false,"",true,""
"AFTER",126746,2364,1541.9918091697,2,52,43,52,43,false,0,true,true,false,false,false,"EQ",false,""
"AFTER",126746,2544,1652.7027935391,2,60,50,60,50,false,0,true,true,false,false,false,"EQ",false,""
"AFTER",126746,2724,1758.4304368123,2,70,60,70,60,false,0,true,true,false,false,false,"EQ",false,""
"AFTER",126746,2904,1874.1491152865,2,82,72,82,72,true,0,true,true,false,false,false,"",true,""
"AFTER",126746,3084,2001.0491152865,2,82,72,82,72,true,0,true,false,false,false,false,"COOLDOWN",false,""
"AFTER",126746,3264,2105.3647297575,2,90,81,90,81,true,0,true,false,false,false,false,"COOLDOWN",false,""
"AFTER",126746,3444,2212.9183796615,2,97,88,97,88,true,0,true,true,false,false,false,"",true,""
"AFTER",126746,3624,2323.3708748421,2,97,88,97,88,true,0,true,false,false,false,false,"COOLDOWN",false,""
"AFTER",126746,3804,2429.2994880452,2,103,94,103,94,true,0,true,false,false,false,false,"COOLDOWN",false,""
"AFTER",126746,3984,2531.8749266417,2,111,101,111,101,true,0,true,true,false,false,false,"",true,""
"AFTER",126746,4164,2634.4374266417,3,111,102,111,102,false,0,true,true,false,false,false,"EQ",false,""
"AFTER",126746,4344,2748.4017710758,3,120,112,120,112,false,0,true,true,false,false,false,"EQ",false,""
"AFTER",126746,4524,2859.6201921284,3,125,117,125,117,false,0,true,true,false,false,false,"EQ",false,""
"AFTER",126746,4704,2964.9704612941,3,130,123,130,123,false,0,true,true,false,false,false,"EQ",false,""
"AFTER",126746,4884,3075.004165422,3,138,130,138,130,false,0,true,true,false,false,false,"EQ",false,""
"AFTER",126746,5064,3189.3707507285,3,148,140,148,140,false,0,true,true,false,false,false,"EQ",false,""
"AFTER",126746,5244,3291.5469412046,3,151,144,151,144,false,0,true,true,false,false,false,"EQ",false,""
"AFTER",126746,5424,3396.9645298609,3,155,148,155,148,false,0,true,true,false,false,false,"EQ",false,""
"AFTER",126746,5604,3501.5744193224,3,159,151,159,151,false,0,true,true,false,false,false,"EQ",false,""
"AFTER",134665,24,24,0,14,6,14,6,false,0,true,true,false,false,false,"EQ",false,""
"AFTER",134665,204,148.9333333333,0,17,7,17,7,false,0,true,true,false,false,false,"EQ",false,""
"AFTER",134665,384,275.8333333333,0,21,11,21,11,false,0,true,true,false,false,false,"EQ",false,""
"AFTER",134665,564,394.7001828703,0,24,15,24,15,true,0,true,true,false,false,false,"",true,""
"AFTER",134665,744,514.716849537,1,24,15,24,15,false,0,true,true,false,false,false,"EQ",false,""
"AFTER",134665,924,629.1740299908,1,30,21,30,21,false,0,true,true,false,false,false,"EQ",false,""
"AFTER",134665,1104,736.6781211369,1,45,36,45,36,true,0,true,true,false,false,false,"",true,""
"AFTER",134665,1284,852.3070866542,1,45,36,45,36,true,0,true,false,false,false,false,"COOLDOWN",false,""
"AFTER",134665,1464,960.765486442,1,56,46,56,46,true,0,true,false,false,false,false,"COOLDOWN",false,""
"AFTER",134665,1644,1067.1729496321,1,64,54,64,54,true,0,true,true,false,false,false,"",true,""
"AFTER",134665,1824,1170.9144462307,2,65,55,65,55,false,0,true,true,false,false,false,"EQ",false,""
"AFTER",134665,2004,1277.5405502336,2,71,62,71,62,false,0,true,true,false,false,false,"EQ",false,""
"AFTER",134665,2184,1389.59689944,2,78,69,78,69,false,0,true,true,false,false,false,"EQ",false,""
"AFTER",134665,2364,1498.402660447,2,86,76,86,76,true,0,true,true,false,false,false,"",true,""
"AFTER",134665,2544,1616.3317855855,2,86,76,86,76,true,0,true,false,false,false,false,"COOLDOWN",false,""
"AFTER",134665,2724,1720.5074961759,2,94,84,94,84,true,0,true,false,false,false,false,"COOLDOWN",false,""
"AFTER",134665,2904,1836.4118726819,2,101,92,101,92,true,0,true,true,false,false,false,"",true,""
"AFTER",134665,3084,1945.2803650451,2,101,92,101,92,true,3,false,false,false,false,false,"OVERDUE|COOLDOWN",false,""
"AFTER",134665,3264,2051.3105658117,2,108,98,108,98,true,0,true,false,false,false,false,"COOLDOWN",false,""
"AFTER",134665,3444,2159.5422440316,2,114,106,114,106,true,0,true,true,false,false,false,"",true,""
"AFTER",134665,3624,2262.03244011,3,114,107,114,107,false,0,true,true,false,false,false,"EQ",false,""
"AFTER",134665,3804,2367.0122714012,3,121,113,121,113,false,0,true,true,false,false,false,"EQ",false,""
"AFTER",134665,3984,2473.628558541,3,131,123,131,123,false,0,true,true,false,false,false,"EQ",false,""
"AFTER",134665,4164,2583.2741515888,3,139,132,139,132,false,0,true,true,false,false,false,"EQ",false,""
"AFTER",134665,4344,2688.0282333585,3,144,137,144,137,false,0,true,true,false,false,false,"EQ",false,""
"AFTER",134665,4524,2792.226312188,3,147,139,147,139,false,1,false,true,false,false,false,"EQ|OVERDUE",false,""
"AFTER",134665,4704,2896.669983359,3,151,143,151,143,false,0,true,true,false,false,false,"EQ",false,""
"AFTER",134665,4884,3001.7376914533,3,154,146,154,146,false,0,true,true,false,false,false,"EQ",false,""
"AFTER",134665,5064,3107.0056153318,3,157,149,157,149,false,0,true,true,false,false,false,"EQ",false,""
"AFTER",134665,5244,3216.1711406063,3,161,154,161,154,true,0,true,true,false,false,false,"",true,""
"AFTER",134665,5424,3343.0711406063,3,161,154,161,154,true,0,true,false,false,false,false,"COOLDOWN",false,""
"AFTER",134665,5604,3449.1450718944,3,166,159,166,159,true,0,true,false,false,false,false,"COOLDOWN",false,""
"AFTER",134665,5784,3551.2252406708,3,170,162,170,162,true,0,true,true,false,false,false,"",true,""
"AFTER",142584,24,24,0,14,6,14,6,false,0,true,true,false,false,false,"EQ",false,""
"AFTER",142584,204,148.9333333333,0,17,7,17,7,false,0,true,true,false,false,false,"EQ",false,""
"AFTER",142584,384,272.7438951059,0,21,11,21,11,false,0,true,true,false,false,false,"EQ",false,""
"AFTER",142584,564,392.2828330654,0,24,15,24,15,true,0,true,true,false,false,false,"",true,""
"AFTER",142584,744,519.1828330654,0,24,15,24,15,true,1,true,false,false,false,false,"COOLDOWN",false,""
"AFTER",142584,924,633.5426065854,0,27,18,27,18,true,0,true,false,false,false,false,"COOLDOWN",false,""
"AFTER",142584,1104,746.3947881317,0,32,23,32,23,true,0,true,true,false,false,false,"",true,""
"AFTER",142584,1284,854.6692979356,1,32,23,32,23,false,0,true,true,false,false,false,"EQ",false,""
"AFTER",142584,1464,974.4412651387,1,37,28,37,28,false,0,true,true,false,false,false,"EQ",false,""
"AFTER",142584,1644,1083.5401519219,1,46,37,46,37,true,0,true,true,false,false,false,"",true,""
"AFTER",142584,1824,1203.334499748,1,46,37,46,37,true,8,false,false,false,false,false,"OVERDUE|COOLDOWN",false,""
"AFTER",142584,2004,1320.6909195366,1,51,42,51,42,true,0,true,false,false,false,false,"COOLDOWN",false,""
"AFTER",142584,2184,1428.791582256,1,56,47,56,47,true,0,true,true,false,false,false,"",true,""
"AFTER",142584,2364,1532.9344393988,2,57,48,57,48,false,0,true,true,false,false,false,"EQ",false,""
"AFTER",142584,2544,1641.6555837076,2,73,63,73,63,false,0,true,true,false,false,false,"EQ",false,""
"AFTER",142584,2724,1744.7242111586,2,83,73,83,73,true,0,true,true,false,false,false,"",true,""
"AFTER",142584,2904,1871.7974199939,2,83,73,83,73,true,0,true,false,false,false,false,"COOLDOWN",false,""
"AFTER",142584,3084,1985.957873859,2,91,82,91,82,true,0,true,false,false,false,false,"COOLDOWN",false,""
"AFTER",142584,3264,2093.1322290258,2,102,92,102,92,true,0,true,true,false,false,false,"",true,""
"AFTER",142584,3444,2200.6922763551,2,102,92,102,92,true,1,true,false,false,false,false,"COOLDOWN",false,""
"AFTER",142584,3624,2314.1206179692,2,108,98,108,98,true,0,true,false,false,false,false,"COOLDOWN",false,""
"AFTER",142584,3804,2416.6458704944,2,113,104,113,104,true,0,true,true,false,false,false,"",true,""
"AFTER",142584,3984,2519.1592038277,3,113,105,113,105,false,0,true,true,false,false,false,"EQ",false,""
"AFTER",142584,4164,2625.147139753,3,119,112,119,112,false,0,true,true,false,false,false,"EQ",false,""
"AFTER",142584,4344,2743.3501015555,3,129,121,129,121,false,0,true,true,false,false,false,"EQ",false,""
"AFTER",142584,4524,2852.2812604901,3,136,128,136,128,false,0,true,true,false,false,false,"EQ",false,""
"AFTER",142584,4704,2954.5364688234,3,140,132,140,132,false,0,true,true,false,false,false,"EQ",false,""
"AFTER",142584,4884,3060.1155399132,3,143,136,143,136,false,0,true,true,false,false,false,"EQ",false,""
"AFTER",142584,5064,3162.3101871152,3,148,141,148,141,false,0,true,true,false,false,false,"EQ",false,""
"AFTER",142584,5244,3266.7278803835,3,152,144,152,144,false,0,true,true,false,false,false,"EQ",false,""
"AFTER",142584,5424,3371.9831524494,3,155,147,155,147,false,0,true,true,false,false,false,"EQ",false,""
"AFTER",142584,5604,3474.1247049608,3,157,150,157,150,false,0,true,true,false,false,false,"EQ",false,""
"AFTER",142584,5784,3589.2021817854,3,160,152,160,152,true,0,true,true,false,false,false,"",true,""
"AFTER",150503,24,24,0,15,6,15,6,false,0,true,true,false,false,false,"EQ",false,""
"AFTER",150503,204,148.9333333333,0,18,8,18,8,false,0,true,true,false,false,false,"EQ",false,""
"AFTER",150503,384,273.5658411618,0,22,12,22,12,true,0,true,true,false,false,false,"",true,""
"AFTER",150503,564,408.9493260103,0,22,12,22,12,true,0,true,false,false,false,false,"COOLDOWN",false,""
"AFTER",150503,744,524.3559102201,0,25,16,25,16,true,0,true,false,false,false,false,"COOLDOWN",false,""
"AFTER",150503,924,638.5129037219,0,28,19,28,19,true,0,true,true,false,false,false,"",true,""
"AFTER",150503,1104,748.9231601322,1,28,19,28,19,false,0,true,true,false,false,false,"EQ",false,""
"AFTER",150503,1284,860.9936849991,1,32,23,32,23,false,0,true,true,false,false,false,"EQ",false,""
"AFTER",150503,1464,970.2790698533,1,36,26,36,26,false,0,true,true,false,false,false,"EQ",false,""
"AFTER",150503,1644,1076.5290698533,1,40,30,40,30,true,0,true,true,false,false,false,"",true,""
"AFTER",150503,1824,1217.25473652,1,40,30,40,30,true,0,true,false,false,false,false,"COOLDOWN",false,""
"AFTER",150503,2004,1322.2755698533,1,48,38,48,38,true,0,true,false,false,false,false,"COOLDOWN",false,""
"AFTER",150503,2184,1430.7560077262,1,56,47,56,47,true,0,true,true,false,false,false,"",true,""
"AFTER",150503,2364,1535.593123471,2,57,47,57,47,false,0,true,true,false,false,false,"EQ",false,""
"AFTER",150503,2544,1643.3028006422,2,71,62,71,62,false,0,true,true,false,false,false,"EQ",false,""
"AFTER",150503,2724,1759.5039316349,2,84,74,84,74,true,0,true,true,false,false,false,"",true,""
"AFTER",150503,2904,1886.4039316349,2,84,74,84,74,true,0,true,false,false,false,false,"COOLDOWN",false,""
"AFTER",150503,3084,1998.0440550917,2,97,87,97,87,true,0,true,false,false,false,false,"COOLDOWN",false,""
"AFTER",150503,3264,2100.7337102641,2,102,93,102,93,true,0,true,true,false,false,false,"",true,""
"AFTER",150503,3444,2203.4233654365,3,102,93,102,93,false,0,true,true,false,false,false,"EQ",false,""
"AFTER",150503,3624,2309.8569807625,3,118,110,118,110,false,0,true,true,false,false,false,"EQ",false,""
"AFTER",150503,3804,2417.708586378,3,125,118,125,118,false,0,true,true,false,false,false,"EQ",false,""
"AFTER",150503,3984,2520.0012693048,3,134,127,134,127,false,0,true,true,false,false,false,"EQ",false,""
"AFTER",150503,4164,2622.2564776381,3,140,132,140,132,false,0,true,true,false,false,false,"EQ",false,""
"AFTER",150503,4344,2731.2588607607,3,146,139,146,139,false,0,true,true,false,false,false,"EQ",false,""
"AFTER",150503,4524,2845.3649591357,3,149,142,149,142,false,0,true,true,false,false,false,"EQ",false,""
"AFTER",150503,4704,2953.3594544261,3,154,146,154,146,false,0,true,true,false,false,false,"EQ",false,""
"AFTER",150503,4884,3061.6397369644,3,159,151,159,151,false,0,true,true,false,false,false,"EQ",false,""
"AFTER",150503,5064,3163.7597369644,3,161,153,161,153,true,0,true,true,false,false,false,"",true,""
"AFTER",150503,5244,3290.6597369644,3,161,153,161,153,true,0,true,false,false,false,false,"COOLDOWN",false,""
"AFTER",150503,5424,3399.5569101604,3,164,157,164,157,true,0,true,false,false,false,false,"COOLDOWN",false,""
"AFTER",150503,5604,3505.0314675383,3,168,160,168,160,true,0,true,true,false,false,false,"",true,""
"AFTER",158422,24,24,0,14,6,14,6,false,0,true,true,false,false,false,"EQ",false,""
"AFTER",158422,204,148.9333333333,0,19,8,19,8,false,0,true,true,false,false,false,"EQ",false,""
"AFTER",158422,384,272.059746243,0,22,12,22,12,true,0,true,true,false,false,false,"",true,""
"AFTER",158422,564,398.959746243,0,22,12,22,12,true,1,true,false,false,false,false,"COOLDOWN",false,""
"AFTER",158422,744,517.6329094918,0,25,15,25,15,true,0,true,false,false,false,false,"COOLDOWN",false,""
"AFTER",158422,924,627.3948142537,0,30,20,30,20,true,0,true,true,false,false,false,"",true,""
"AFTER",158422,1104,737.1567190156,1,30,21,30,21,false,0,true,true,false,false,false,"EQ",false,""
"AFTER",158422,1284,847.9198108669,1,33,24,33,24,false,0,true,true,false,false,false,"EQ",false,""
"AFTER",158422,1464,958.5409439237,1,36,27,36,27,false,0,true,true,false,false,false,"EQ",false,""
"AFTER",158422,1644,1077.7795667249,1,39,30,39,30,false,0,true,true,false,false,false,"EQ",false,""
"AFTER",158422,1824,1187.2695551063,1,44,35,44,35,true,0,true,true,false,false,false,"",true,""
"AFTER",158422,2004,1305.1870054721,1,44,35,44,35,true,0,true,false,false,false,false,"COOLDOWN",false,""
"AFTER",158422,2184,1415.4179417475,1,51,41,51,41,true,0,true,false,false,false,false,"COOLDOWN",false,""
"AFTER",158422,2364,1525.2510462529,1,57,47,57,47,true,0,true,true,false,false,false,"",true,""
"AFTER",158422,2544,1629.3939033957,2,57,48,57,48,false,0,true,true,false,false,false,"EQ",false,""
"AFTER",158422,2724,1737.8754361884,2,71,62,71,62,false,0,true,true,false,false,false,"EQ",false,""
"AFTER",158422,2904,1844.6848394484,2,82,73,82,73,true,0,true,true,false,false,false,"",true,""
"AFTER",158422,3084,1971.5848394484,2,82,73,82,73,true,2,false,false,false,false,false,"OVERDUE|COOLDOWN",false,""
"AFTER",158422,3264,2075.9173322489,2,90,80,90,80,true,0,true,false,false,false,false,"COOLDOWN",false,""
"AFTER",158422,3444,2181.5663467013,2,101,91,101,91,true,0,true,true,false,false,false,"",true,""
"AFTER",158422,3624,2288.2679813354,2,101,91,101,91,true,0,true,false,false,false,false,"COOLDOWN",false,""
"AFTER",158422,3804,2393.7625553132,2,107,98,107,98,true,0,true,false,false,false,false,"COOLDOWN",false,""
"AFTER",158422,3984,2501.5560543964,2,113,105,113,105,true,0,true,true,false,false,false,"",true,""
"AFTER",158422,4164,2604.0693877297,3,113,105,113,105,false,0,true,true,false,false,false,"EQ",false,""
"AFTER",158422,4344,2706.5055248013,3,118,111,118,111,false,0,true,true,false,false,false,"EQ",false,""
"AFTER",158422,4524,2813.0258103322,3,127,120,127,120,false,0,true,true,false,false,false,"EQ",false,""
"AFTER",158422,4704,2918.9021050034,3,137,130,137,130,false,0,true,true,false,false,false,"EQ",false,""
"AFTER",158422,4884,3028.7453134206,3,146,139,146,139,false,0,true,true,false,false,false,"EQ",false,""
"AFTER",158422,5064,3142.2585866643,3,150,142,150,142,false,0,true,true,false,false,false,"EQ",false,""
"AFTER",158422,5244,3250.5466754201,3,154,146,154,146,false,0,true,true,false,false,false,"EQ",false,""
"AFTER",158422,5424,3352.6773060507,3,159,152,159,152,false,0,true,true,false,false,false,"EQ",false,""
"AFTER",158422,5604,3459.0857763956,3,163,155,163,155,true,0,true,true,false,false,false,"",true,""
"AFTER",158422,5784,3588.6995350868,3,163,155,163,155,true,0,true,false,false,false,false,"COOLDOWN",false,""
"AFTER",166341,24,24,0,14,6,14,6,false,0,true,true,false,false,false,"EQ",false,""
"AFTER",166341,204,148.9333333333,0,17,7,17,7,false,0,true,true,false,false,false,"EQ",false,""
"AFTER",166341,384,275.8333333333,0,20,10,20,10,false,0,true,true,false,false,false,"EQ",false,""
"AFTER",166341,564,387.8939393939,0,27,17,27,17,true,0,true,true,false,false,false,"",true,""
"AFTER",166341,744,503.6475084175,1,27,17,27,17,false,10,false,true,false,false,false,"EQ|OVERDUE",false,""
"AFTER",166341,924,612.8475084175,1,31,22,31,22,false,0,true,true,false,false,false,"EQ",false,""
"AFTER",166341,1104,722.7993747929,1,36,26,36,26,false,0,true,true,false,false,false,"EQ",false,""
"AFTER",166341,1284,828.2016736435,1,44,35,44,35,true,0,true,true,false,false,false,"",true,""
"AFTER",166341,1464,955.1016736435,1,44,35,44,35,true,0,true,false,false,false,false,"COOLDOWN",false,""
"AFTER",166341,1644,1063.9794624207,1,50,40,50,40,true,0,true,false,false,false,false,"COOLDOWN",false,""
"AFTER",166341,1824,1171.3618475094,1,55,46,55,46,true,0,true,true,false,false,false,"",true,""
"AFTER",166341,2004,1275.5732296232,2,56,47,56,47,false,0,true,true,false,false,false,"EQ",false,""
"AFTER",166341,2184,1379.1757937258,2,67,58,67,58,false,0,true,true,false,false,false,"EQ",false,""
"AFTER",166341,2364,1482.4757937258,2,75,66,75,66,false,0,true,true,false,false,false,"EQ",false,""
"AFTER",166341,2544,1590.3562832844,2,84,75,84,75,true,0,true,true,false,false,false,"",true,""
"AFTER",166341,2724,1717.2562832844,2,84,75,84,75,true,0,true,false,false,false,false,"COOLDOWN",false,""
"AFTER",166341,2904,1823.2909372175,2,94,85,94,85,true,0,true,false,false,false,false,"COOLDOWN",false,""
"AFTER",166341,3084,1928.7050049072,2,105,95,105,95,true,0,true,true,false,false,false,"",true,""
"AFTER",166341,3264,2036.7493541135,3,105,96,105,96,false,1,false,true,false,false,false,"EQ|OVERDUE",false,""
"AFTER",166341,3444,2141.9857689283,3,118,111,118,111,false,0,true,true,false,false,false,"EQ",false,""
"AFTER",166341,3624,2244.3363436409,3,128,120,128,120,false,0,true,true,false,false,false,"EQ",false,""
"AFTER",166341,3804,2346.6290265677,3,135,127,135,127,false,0,true,true,false,false,false,"EQ",false,""
"AFTER",166341,3984,2460.6858905095,3,140,133,140,133,false,0,true,true,false,false,false,"EQ",false,""
"AFTER",166341,4164,2566.750499666,3,144,137,144,137,false,0,true,true,false,false,false,"EQ",false,""
"AFTER",166341,4344,2672.2755700298,3,149,141,149,141,false,0,true,true,false,false,false,"EQ",false,""
"AFTER",166341,4524,2774.4517605059,3,151,144,151,144,false,0,true,true,false,false,false,"EQ",false,""
"AFTER",166341,4704,2876.6160797547,3,154,146,154,146,false,0,true,true,false,false,false,"EQ",false,""
"AFTER",166341,4884,2986.8942374333,3,157,149,157,149,false,0,true,true,false,false,false,"EQ",false,""
"AFTER",166341,5064,3099.6641800769,3,161,153,161,153,true,0,true,true,false,false,false,"",true,""
"AFTER",166341,5244,3226.5641800769,3,161,153,161,153,true,0,true,false,false,false,false,"COOLDOWN",false,""
"AFTER",166341,5424,3336.3703872659,3,163,155,163,155,true,0,true,false,false,false,false,"COOLDOWN",false,""
"AFTER",166341,5604,3441.3102096692,3,166,158,166,158,true,0,true,true,false,false,false,"",true,""
"AFTER",166341,5784,3568.2102096692,3,166,158,166,158,true,2,false,false,false,false,false,"OVERDUE|COOLDOWN",false,""
"AFTER",174260,24,24,0,14,6,14,6,false,0,true,true,false,false,false,"EQ",false,""
"AFTER",174260,204,148.9333333333,0,17,7,17,7,false,0,true,true,false,false,false,"EQ",false,""
"AFTER",174260,384,275.8333333333,0,21,10,21,10,false,0,true,true,false,false,false,"EQ",false,""
"AFTER",174260,564,396.8308629581,0,23,13,23,13,true,0,true,true,false,false,false,"",true,""
"AFTER",174260,744,523.5900203081,0,23,13,23,13,true,2,true,false,false,false,false,"COOLDOWN",false,""
"AFTER",174260,924,638.5529512626,0,26,16,26,16,true,0,true,false,false,false,false,"COOLDOWN",false,""
"AFTER",174260,1104,753.4642841935,0,30,21,30,21,true,0,true,true,false,false,false,"",true,""
"AFTER",174260,1284,866.5436541123,1,31,21,31,21,false,0,true,true,false,false,false,"EQ",false,""
"AFTER",174260,1464,973.2406238092,1,38,29,38,29,false,0,true,true,false,false,false,"EQ",false,""
"AFTER",174260,1644,1082.2281492489,1,42,32,42,32,true,0,true,true,false,false,false,"",true,""
"AFTER",174260,1824,1209.1281492489,1,42,32,42,32,true,0,true,false,false,false,false,"COOLDOWN",false,""
"AFTER",174260,2004,1313.9320708175,1,49,40,49,40,true,0,true,false,false,false,false,"COOLDOWN",false,""
"AFTER",174260,2184,1420.1757872084,1,57,47,57,47,true,0,true,true,false,false,false,"",true,""
"AFTER",174260,2364,1524.3186443512,2,58,48,58,48,false,0,true,true,false,false,false,"EQ",false,""
"AFTER",174260,2544,1631.8613422955,2,66,56,66,56,false,0,true,true,false,false,false,"EQ",false,""
"AFTER",174260,2724,1735.301818486,2,71,62,71,62,false,0,true,true,false,false,false,"EQ",false,""
"AFTER",174260,2904,1838.5081676924,2,78,68,78,68,false,0,true,true,false,false,false,"EQ",false,""
"AFTER",174260,3084,1941.5767951434,2,83,74,83,74,true,0,true,true,false,false,false,"",true,""
"AFTER",174260,3264,2069.8890039787,2,83,74,83,74,true,0,true,false,false,false,false,"COOLDOWN",false,""
"AFTER",174260,3444,2174.0778195028,2,94,85,94,85,true,0,true,false,false,false,false,"COOLDOWN",false,""
"AFTER",174260,3624,2279.2206626553,2,100,91,100,91,true,0,true,true,false,false,false,"",true,""
"AFTER",174260,3804,2385.8165646161,3,100,91,100,91,false,0,true,true,false,false,false,"EQ",false,""
"AFTER",174260,3984,2492.5188448776,3,109,99,109,99,false,0,true,true,false,false,false,"EQ",false,""
"AFTER",174260,4164,2599.3274022304,3,118,110,118,110,false,0,true,true,false,false,false,"EQ",false,""
"AFTER",174260,4344,2706.0414471479,3,122,115,122,115,false,0,true,true,false,false,false,"EQ",false,""
"AFTER",174260,4524,2815.666532005,3,131,123,131,123,false,0,true,true,false,false,false,"EQ",false,""
"AFTER",174260,4704,2921.4780453144,3,139,131,139,131,false,0,true,true,false,false,false,"EQ",false,""
"AFTER",174260,4884,3023.6854527218,3,147,139,147,139,false,0,true,true,false,false,false,"EQ",false,""
"AFTER",174260,5064,3129.1067453753,3,151,144,151,144,false,0,true,true,false,false,false,"EQ",false,""
"AFTER",174260,5244,3234.2754576155,3,155,147,155,147,false,0,true,true,false,false,false,"EQ",false,""
"AFTER",174260,5424,3340.3586829253,3,157,150,157,150,false,0,true,true,false,false,false,"EQ",false,""
"AFTER",174260,5604,3444.4807639753,3,159,152,159,152,false,0,true,true,false,false,false,"EQ",false,""
"AFTER",174260,5784,3549.8663374336,3,161,154,161,154,true,0,true,true,false,false,false,"",true,""
"AFTER",182179,24,24,0,14,6,14,6,false,0,true,true,false,false,false,"EQ",false,""
"AFTER",182179,204,150.9,0,20,10,20,10,false,0,true,true,false,false,false,"EQ",false,""
"AFTER",182179,384,275.9915631457,0,22,12,22,12,true,0,true,true,false,false,false,"",true,""
"AFTER",182179,564,402.8915631457,0,22,12,22,12,true,0,true,false,false,false,false,"COOLDOWN",false,""
"AFTER",182179,744,518.7520676737,0,25,16,25,16,true,0,true,false,false,false,false,"COOLDOWN",false,""
"AFTER",182179,924,633.519629468,0,28,19,28,19,true,0,true,true,false,false,false,"",true,""
"AFTER",182179,1104,743.9298858783,1,28,19,28,19,false,0,true,true,false,false,false,"EQ",false,""
"AFTER",182179,1284,857.7136298143,1,34,25,34,25,false,0,true,true,false,false,false,"EQ",false,""
"AFTER",182179,1464,967.1359048825,1,38,29,38,29,false,0,true,true,false,false,false,"EQ",false,""
"AFTER",182179,1644,1076.5315608294,1,43,34,43,34,true,0,true,true,false,false,false,"",true,""
"AFTER",182179,1824,1196.9892573964,1,43,34,43,34,true,1,true,false,false,false,false,"COOLDOWN",false,""
"AFTER",182179,2004,1301.5117799189,1,52,43,52,43,true,0,true,false,false,false,false,"COOLDOWN",false,""
"AFTER",182179,2184,1408.9044361504,1,58,49,58,49,true,0,true,true,false,false,false,"",true,""
"AFTER",182179,2364,1512.9195876656,2,59,50,59,50,false,0,true,true,false,false,false,"EQ",false,""
"AFTER",182179,2544,1621.3858879621,2,69,59,69,59,false,0,true,true,false,false,false,"EQ",false,""
"AFTER",182179,2724,1726.9260126868,2,76,67,76,67,false,0,true,true,false,false,false,"EQ",false,""
"AFTER",182179,2904,1833.8848965821,2,84,74,84,74,true,0,true,true,false,false,false,"",true,""
"AFTER",182179,3084,1960.7848965821,2,84,74,84,74,true,1,true,false,false,false,false,"COOLDOWN",false,""
"AFTER",182179,3264,2069.6758481599,2,91,82,91,82,true,0,true,false,false,false,false,"COOLDOWN",false,""
"AFTER",182179,3444,2173.6642505582,2,100,90,100,90,true,0,true,true,false,false,false,"",true,""
"AFTER",182179,3624,2276.543152519,3,100,90,100,90,false,0,true,true,false,false,false,"EQ",false,""
"AFTER",182179,3804,2382.0845543792,3,118,111,118,111,false,0,true,true,false,false,false,"EQ",false,""
"AFTER",182179,3984,2493.3121355002,3,125,117,125,117,false,0,true,true,false,false,false,"EQ",false,""
"AFTER",182179,4164,2599.6278041013,3,130,122,130,122,false,0,true,true,false,false,false,"EQ",false,""
"AFTER",182179,4344,2703.9496255103,3,137,129,137,129,false,0,true,true,false,false,false,"EQ",false,""
"AFTER",182179,4524,2810.1369764437,3,140,132,140,132,false,0,true,true,false,false,false,"EQ",false,""
"AFTER",182179,4704,2912.3575278221,3,144,136,144,136,false,0,true,true,false,false,false,"EQ",false,""
"AFTER",182179,4884,3020.3718547202,3,149,142,149,142,false,0,true,true,false,false,false,"EQ",false,""
"AFTER",182179,5064,3125.6135215261,3,152,144,152,144,false,0,true,true,false,false,false,"EQ",false,""
"AFTER",182179,5244,3227.7720296846,3,155,147,155,147,false,0,true,true,false,false,false,"EQ",false,""
"AFTER",182179,5424,3344.3996747107,3,159,151,159,151,false,0,true,true,false,false,false,"EQ",false,""
"AFTER",182179,5604,3450.5918306245,3,163,156,163,156,true,0,true,true,false,false,false,"",true,""
"AFTER",182179,5784,3577.4918306245,3,163,156,163,156,true,0,true,false,false,false,false,"COOLDOWN",false,""
"AFTER",190098,24,24,0,14,6,14,6,false,0,true,true,false,false,false,"EQ",false,""
"AFTER",190098,204,150.9,0,17,7,17,7,false,0,true,true,false,false,false,"EQ",false,""
"AFTER",190098,384,277.8,0,21,10,21,10,false,0,true,true,false,false,false,"EQ",false,""
"AFTER",190098,564,398.0693283645,0,23,14,23,14,true,0,true,true,false,false,false,"",true,""
"AFTER",190098,744,524.2974857145,0,23,14,23,14,true,3,true,false,false,false,false,"COOLDOWN",false,""
"AFTER",190098,924,639.272735143,0,27,16,27,16,true,0,true,false,false,false,false,"COOLDOWN",false,""
"AFTER",190098,1104,752.1728507655,0,30,20,30,20,true,0,true,true,false,false,false,"",true,""
"AFTER",190098,1284,865.599311083,1,30,21,30,21,false,0,true,true,false,false,false,"EQ",false,""
"AFTER",190098,1464,976.2707250612,1,37,27,37,27,false,0,true,true,false,false,false,"EQ",false,""
"AFTER",190098,1644,1086.7165415695,1,42,32,42,32,true,0,true,true,false,false,false,"",true,""
"AFTER",190098,1824,1213.6165415695,1,42,32,42,32,true,1,true,false,false,false,false,"COOLDOWN",false,""
"AFTER",190098,2004,1321.1925667254,1,50,41,50,41,true,0,true,false,false,false,false,"COOLDOWN",false,""
"AFTER",190098,2184,1427.687954471,1,56,47,56,47,true,0,true,true,false,false,false,"",true,""
"AFTER",190098,2364,1531.8993365848,2,57,47,57,47,false,0,true,true,false,false,false,"EQ",false,""
"AFTER",190098,2544,1639.7365232322,2,67,58,67,58,false,0,true,true,false,false,false,"EQ",false,""
"AFTER",190098,2724,1748.4425562642,2,77,67,77,67,false,0,true,true,false,false,false,"EQ",false,""
"AFTER",190098,2904,1864.3330161013,2,84,74,84,74,true,0,true,true,false,false,false,"",true,""
"AFTER",190098,3084,1991.2330161013,2,84,74,84,74,true,1,true,false,false,false,false,"COOLDOWN",false,""
"AFTER",190098,3264,2106.3661775288,2,89,80,89,80,true,0,true,false,false,false,false,"COOLDOWN",false,""
"AFTER",190098,3444,2212.4879873365,2,96,87,96,87,true,0,true,true,false,false,false,"",true,""
"AFTER",190098,3624,2319.2114441266,3,96,87,96,87,false,0,true,true,false,false,false,"EQ",false,""
"AFTER",190098,3804,2426.8407650987,3,114,107,114,107,false,0,true,true,false,false,false,"EQ",false,""
"AFTER",190098,3984,2529.2873059792,3,118,111,118,111,false,0,true,true,false,false,false,"EQ",false,""
"AFTER",190098,4164,2631.6837023756,3,122,115,122,115,false,0,true,true,false,false,false,"EQ",false,""
"AFTER",190098,4344,2736.3622450116,3,127,119,127,119,false,0,true,true,false,false,false,"EQ",false,""
"AFTER",190098,4524,2841.0702213507,3,136,128,136,128,false,0,true,true,false,false,false,"EQ",false,""
"AFTER",190098,4704,2946.6056751401,3,147,140,147,140,false,0,true,true,false,false,false,"EQ",false,""
"AFTER",190098,4884,3054.5372136785,3,152,145,152,145,false,0,true,true,false,false,false,"EQ",false,""
"AFTER",190098,5064,3160.1469069852,3,157,150,157,150,false,0,true,true,false,false,false,"EQ",false,""
"AFTER",190098,5244,3268.0429262752,3,161,154,161,154,true,0,true,true,false,false,false,"",true,""
"AFTER",190098,5424,3394.9429262752,3,161,154,161,154,true,2,false,false,false,false,false,"OVERDUE|COOLDOWN",false,""
"AFTER",190098,5604,3499.5172551901,3,165,157,165,157,true,0,true,false,false,false,false,"COOLDOWN",false,""
"AFTER",198017,24,24,0,14,6,14,6,false,0,true,true,false,false,false,"EQ",false,""
"AFTER",198017,204,150.9,0,18,8,18,8,false,0,true,true,false,false,false,"EQ",false,""
"AFTER",198017,384,275.2255439392,0,22,12,22,12,true,0,true,true,false,false,false,"",true,""
"AFTER",198017,564,402.1255439392,0,22,12,22,12,true,0,true,false,false,false,false,"COOLDOWN",false,""
"AFTER",198017,744,523.4305118722,0,28,19,28,19,true,0,true,false,false,false,false,"COOLDOWN",false,""
"AFTER",198017,924,633.1924166341,0,30,20,30,20,true,0,true,true,false,false,false,"",true,""
"AFTER",198017,1104,742.3924166341,1,30,21,30,21,false,0,true,true,false,false,false,"EQ",false,""
"AFTER",198017,1284,848.4457499674,1,40,31,40,31,true,0,true,true,false,false,false,"",true,""
"AFTER",198017,1464,975.3457499674,1,40,31,40,31,true,1,true,false,false,false,false,"COOLDOWN",false,""
"AFTER",198017,1644,1080.3665833007,1,48,38,48,38,true,0,true,false,false,false,false,"COOLDOWN",false,""
"AFTER",198017,1824,1187.3088805938,1,56,47,56,47,true,0,true,true,false,false,false,"",true,""
"AFTER",198017,2004,1291.5202627076,2,56,47,56,47,false,0,true,true,false,false,false,"EQ",false,""
"AFTER",198017,2184,1397.5582642391,2,66,57,66,57,false,0,true,true,false,false,false,"EQ",false,""
"AFTER",198017,2364,1506.1455538675,2,78,68,78,68,false,0,true,true,false,false,false,"EQ",false,""
"AFTER",198017,2544,1610.4631816993,2,91,81,91,81,true,0,true,true,false,false,false,"",true,""
"AFTER",198017,2724,1722.4899948861,2,91,81,91,81,true,2,false,false,false,false,false,"OVERDUE|COOLDOWN",false,""
"AFTER",198017,2904,1825.1954212427,2,101,92,101,92,true,0,true,false,false,false,false,"COOLDOWN",false,""
"AFTER",198017,3084,1931.1229407347,2,108,99,108,99,true,0,true,true,false,false,false,"",true,""
"AFTER",198017,3264,2033.711593217,3,109,99,109,99,false,0,true,true,false,false,false,"EQ",false,""
"AFTER",198017,3444,2138.8131770008,3,122,115,122,115,false,0,true,true,false,false,false,"EQ",false,""
"AFTER",198017,3624,2246.987669372,3,127,119,127,119,false,0,true,true,false,false,false,"EQ",false,""
"AFTER",198017,3804,2349.3125993439,3,130,123,130,123,false,0,true,true,false,false,false,"EQ",false,""
"AFTER",198017,3984,2451.6052822707,3,134,127,134,127,false,0,true,true,false,false,false,"EQ",false,""
"AFTER",198017,4164,2557.922256233,3,139,131,139,131,false,0,true,true,false,false,false,"EQ",false,""
"AFTER",198017,4344,2664.1155565483,3,144,137,144,137,false,0,true,true,false,false,false,"EQ",false,""
"AFTER",198017,4524,2769.3380277236,3,149,141,149,141,false,0,true,true,false,false,false,"EQ",false,""
"AFTER",198017,4704,2874.2891587002,3,153,145,153,145,false,0,true,true,false,false,false,"EQ",false,""
"AFTER",198017,4884,2980.2560151183,3,155,147,155,147,false,0,true,true,false,false,false,"EQ",false,""
"AFTER",198017,5064,3084.9517550027,3,158,150,158,150,false,0,true,true,false,false,false,"EQ",false,""
"AFTER",198017,5244,3187.0770346447,3,160,153,160,153,true,0,true,true,false,false,false,"",true,""
"AFTER",198017,5424,3314.8817013114,3,160,153,160,153,true,0,true,false,false,false,false,"COOLDOWN",false,""
"AFTER",198017,5604,3420.4239913039,3,162,155,162,155,true,0,true,false,false,false,false,"COOLDOWN",false,""
"AFTER",198017,5784,3528.9989934677,3,165,157,165,157,true,0,true,true,false,false,false,"",true,""
"AFTER",205936,24,24,0,14,6,14,6,false,0,true,true,false,false,false,"EQ",false,""
"AFTER",205936,204,140.0833333333,0,24,14,24,14,true,0,true,true,false,false,false,"",true,""
"AFTER",205936,384,266.9833333333,0,24,14,24,14,true,3,true,false,false,false,false,"COOLDOWN",false,""
"AFTER",205936,564,382.7417504409,0,29,19,29,19,true,0,true,false,false,false,false,"COOLDOWN",false,""
"AFTER",205936,744,494.7199467059,0,31,22,31,22,true,0,true,true,false,false,false,"",true,""
"AFTER",205936,924,603.4282800392,1,32,22,32,22,false,0,true,true,false,false,false,"EQ",false,""
"AFTER",205936,1104,710.6616133725,1,36,27,36,27,false,0,true,true,false,false,false,"EQ",false,""
"AFTER",205936,1284,818.8266713471,1,40,31,40,31,true,0,true,true,false,false,false,"",true,""
"AFTER",205936,1464,947.6933380138,1,40,31,40,31,true,2,true,false,false,false,false,"COOLDOWN",false,""
"AFTER",205936,1644,1055.7511020077,1,45,36,45,36,true,0,true,false,false,false,false,"COOLDOWN",false,""
"AFTER",205936,1824,1165.6808000784,1,52,42,52,42,true,0,true,true,false,false,false,"",true,""
"AFTER",205936,2004,1271.5951174727,2,52,42,52,42,false,1,true,true,false,false,false,"EQ",false,""
"AFTER",205936,2184,1379.5458503816,2,60,51,60,51,false,0,true,true,false,false,false,"EQ",false,""
"AFTER",205936,2364,1484.8454691177,2,70,61,70,61,false,0,true,true,false,false,false,"EQ",false,""
"AFTER",205936,2544,1589.4890168208,2,83,73,83,73,true,0,true,true,false,false,false,"",true,""
"AFTER",205936,2724,1717.8012256561,2,83,73,83,73,true,0,true,false,false,false,false,"COOLDOWN",false,""
"AFTER",205936,2904,1826.1850184642,2,94,84,94,84,true,0,true,false,false,false,false,"COOLDOWN",false,""
"AFTER",205936,3084,1930.9680737476,2,98,89,98,89,true,0,true,true,false,false,false,"",true,""
"AFTER",205936,3264,2039.446896549,2,98,89,98,89,true,2,false,false,false,false,false,"OVERDUE|COOLDOWN",false,""
"AFTER",205936,3444,2147.3204545507,2,106,96,106,96,true,0,true,false,false,false,false,"COOLDOWN",false,""
"AFTER",205936,3624,2254.7013714352,2,112,103,112,103,true,0,true,true,false,false,false,"",true,""
"AFTER",205936,3804,2358.6719573931,3,113,104,113,104,false,0,true,true,false,false,false,"EQ",false,""
"AFTER",205936,3984,2464.4397585605,3,127,120,127,120,false,0,true,true,false,false,false,"EQ",false,""
"AFTER",205936,4164,2566.7324414873,3,134,127,134,127,false,0,true,true,false,false,false,"EQ",false,""
"AFTER",205936,4344,2673.4401888011,3,142,134,142,134,false,0,true,true,false,false,false,"EQ",false,""
"AFTER",205936,4524,2781.7219149975,3,148,141,148,141,false,0,true,true,false,false,false,"EQ",false,""
"AFTER",205936,4704,2891.329812685,3,154,146,154,146,false,0,true,true,false,false,false,"EQ",false,""
"AFTER",205936,4884,2996.9327093182,3,159,151,159,151,false,0,true,true,false,false,false,"EQ",false,""
"AFTER",205936,5064,3102.4390153372,3,162,154,162,154,true,0,true,true,false,false,false,"",true,""
"AFTER",205936,5244,3229.3390153372,3,162,154,162,154,true,0,true,false,false,false,false,"COOLDOWN",false,""
"AFTER",205936,5424,3337.4724078883,3,165,158,165,158,true,0,true,false,false,false,false,"COOLDOWN",false,""
"AFTER",205936,5604,3445.8589178964,3,168,160,168,160,true,0,true,true,false,false,false,"",true,""
"AFTER",205936,5784,3572.7589178964,3,168,160,168,160,true,0,true,false,false,false,false,"COOLDOWN",false,""
"AFTER",213855,24,24,0,15,6,15,6,false,0,true,true,false,false,false,"EQ",false,""
"AFTER",213855,204,140.0833333333,0,24,14,24,14,true,0,true,true,false,false,false,"",true,""
"AFTER",213855,384,264.82,0,24,14,24,14,true,2,true,false,false,false,false,"COOLDOWN",false,""
"AFTER",213855,564,391.72,0,28,18,28,18,true,0,true,false,false,false,false,"COOLDOWN",false,""
"AFTER",213855,744,499.2638596491,0,35,25,35,25,true,0,true,true,false,false,false,"",true,""
"AFTER",213855,924,606.4971929824,1,36,26,36,26,false,0,true,true,false,false,false,"EQ",false,""
"AFTER",213855,1104,715.4624676067,1,40,31,40,31,true,0,true,true,false,false,false,"",true,""
"AFTER",213855,1284,842.3624676067,1,40,31,40,31,true,2,true,false,false,false,false,"COOLDOWN",false,""
"AFTER",213855,1464,947.7647664573,1,44,35,44,35,true,0,true,false,false,false,false,"COOLDOWN",false,""
"AFTER",213855,1644,1064.2645845489,1,51,42,51,42,true,0,true,true,false,false,false,"",true,""
"AFTER",213855,1824,1176.1060878169,2,51,42,51,42,false,0,true,true,false,false,false,"EQ",false,""
"AFTER",213855,2004,1284.1768604852,2,63,54,63,54,false,0,true,true,false,false,false,"EQ",false,""
"AFTER",213855,2184,1391.2320518991,2,76,66,76,66,false,0,true,true,false,false,false,"EQ",false,""
"AFTER",213855,2364,1499.7859441056,2,83,74,83,74,true,0,true,true,false,false,false,"",true,""
"AFTER",213855,2544,1626.6859441056,2,83,74,83,74,true,0,true,false,false,false,false,"COOLDOWN",false,""
"AFTER",213855,2724,1732.2395452586,2,94,84,94,84,true,0,true,false,false,false,false,"COOLDOWN",false,""
"AFTER",213855,2904,1846.1356508295,2,103,94,103,94,true,0,true,true,false,false,false,"",true,""
"AFTER",213855,3084,1955.1776926064,3,103,94,103,94,false,1,false,true,false,false,false,"EQ|OVERDUE",false,""
"AFTER",213855,3264,2057.6566570077,3,116,108,116,108,false,0,true,true,false,false,false,"EQ",false,""
"AFTER",213855,3444,2165.3739589985,3,127,119,127,119,false,0,true,true,false,false,false,"EQ",false,""
"AFTER",213855,3624,2267.6512923318,3,137,129,137,129,false,0,true,true,false,false,false,"EQ",false,""
"AFTER",213855,3804,2374.0663617804,3,141,134,141,134,false,0,true,true,false,false,false,"EQ",false,""
"AFTER",213855,3984,2489.1499065486,3,147,139,147,139,false,0,true,true,false,false,false,"EQ",false,""
"AFTER",213855,4164,2597.0665069459,3,150,142,150,142,false,0,true,true,false,false,false,"EQ",false,""
"AFTER",213855,4344,2699.2367197119,3,152,145,152,145,false,0,true,true,false,false,false,"EQ",false,""
"AFTER",213855,4524,2806.5367687322,3,157,150,157,150,false,0,true,true,false,false,false,"EQ",false,""
"AFTER",213855,4704,2911.4982059356,3,161,154,161,154,true,0,true,true,false,false,false,"",true,""
"AFTER",213855,4884,3038.3982059356,3,161,154,161,154,true,0,true,false,false,false,false,"COOLDOWN",false,""
"AFTER",213855,5064,3143.8971556753,3,164,157,164,157,true,0,true,false,false,false,false,"COOLDOWN",false,""
"AFTER",213855,5244,3253.7044878921,3,166,158,166,158,true,0,true,true,false,false,false,"",true,""
"AFTER",213855,5424,3385.7336967274,3,166,158,166,158,true,1,false,false,false,false,false,"OVERDUE|COOLDOWN",false,""
"AFTER",213855,5604,3496.6638655038,3,169,162,169,162,true,0,true,false,false,false,false,"COOLDOWN",false,""
"AFTER",221774,24,24,0,14,6,14,6,false,0,true,true,false,false,false,"EQ",false,""
"AFTER",221774,204,148.9333333333,0,18,8,18,8,false,0,true,true,false,false,false,"EQ",false,""
"AFTER",221774,384,272.9187569363,0,21,11,21,11,false,0,true,true,false,false,false,"EQ",false,""
"AFTER",221774,564,391.5249504737,0,25,16,25,16,true,0,true,true,false,false,false,"",true,""
"AFTER",221774,744,504.8156171404,1,25,16,25,16,false,0,true,true,false,false,false,"EQ",false,""
"AFTER",221774,924,618.3487539493,1,30,21,30,21,false,0,true,true,false,false,false,"EQ",false,""
"AFTER",221774,1104,729.1837157461,1,35,25,35,25,false,0,true,true,false,false,false,"EQ",false,""
"AFTER",221774,1284,838.7894081081,1,38,29,38,29,false,0,true,true,false,false,false,"EQ",false,""
"AFTER",221774,1464,946.594374434,1,43,34,43,34,true,0,true,true,false,false,false,"",true,""
"AFTER",221774,1644,1067.2081556571,1,43,34,43,34,true,1,true,false,false,false,false,"COOLDOWN",false,""
"AFTER",221774,1824,1171.7306781796,1,52,42,52,42,true,0,true,false,false,false,false,"COOLDOWN",false,""
"AFTER",221774,2004,1280.6419936166,1,58,49,58,49,true,0,true,true,false,false,false,"",true,""
"AFTER",221774,2184,1384.6571451318,2,60,50,60,50,false,0,true,true,false,false,false,"EQ",false,""
"AFTER",221774,2364,1500.9079914577,2,75,66,75,66,false,0,true,true,false,false,false,"EQ",false,""
"AFTER",221774,2544,1607.1414717323,2,83,73,83,73,true,0,true,true,false,false,false,"",true,""
"AFTER",221774,2724,1734.0414717323,2,83,73,83,73,true,0,true,false,false,false,false,"COOLDOWN",false,""
"AFTER",221774,2904,1842.1187365228,2,92,82,92,82,true,0,true,false,false,false,false,"COOLDOWN",false,""
"AFTER",221774,3084,1959.2639315889,2,101,92,101,92,true,0,true,true,false,false,false,"",true,""
"AFTER",221774,3264,2064.1794239521,3,101,92,101,92,false,0,true,true,false,false,false,"EQ",false,""
"AFTER",221774,3444,2166.6696200305,3,115,108,115,108,false,0,true,true,false,false,false,"EQ",false,""
"AFTER",221774,3624,2271.0184982042,3,124,116,124,116,false,0,true,true,false,false,false,"EQ",false,""
"AFTER",221774,3804,2380.0660574213,3,132,124,132,124,false,1,false,true,false,false,false,"EQ|OVERDUE",false,""
"AFTER",221774,3984,2485.2080083539,3,138,131,138,131,false,0,true,true,false,false,false,"EQ",false,""
"AFTER",221774,4164,2587.4490339949,3,142,134,142,134,false,0,true,true,false,false,false,"EQ",false,""
"AFTER",221774,4344,2692.2534994774,3,145,138,145,138,false,0,true,true,false,false,false,"EQ",false,""
"AFTER",221774,4524,2798.166821368,3,150,142,150,142,false,0,true,true,false,false,false,"EQ",false,""
"AFTER",221774,4704,2903.480724746,3,152,145,152,145,false,0,true,true,false,false,false,"EQ",false,""
"AFTER",221774,4884,3009.6892528992,3,157,149,157,149,false,0,true,true,false,false,false,"EQ",false,""
"AFTER",221774,5064,3118.508783851,3,161,153,161,153,true,0,true,true,false,false,false,"",true,""
"AFTER",221774,5244,3245.408783851,3,161,153,161,153,true,1,false,false,false,false,false,"OVERDUE|COOLDOWN",false,""
"AFTER",221774,5424,3347.5184329738,3,164,156,164,156,true,0,true,false,false,false,false,"COOLDOWN",false,""
"AFTER",221774,5604,3453.4350689985,3,166,159,166,159,true,0,true,true,false,false,false,"",true,""
"AFTER",221774,5784,3580.3350689985,3,166,159,166,159,true,3,false,false,false,false,false,"OVERDUE|COOLDOWN",false,""
"AFTER",229693,24,24,0,14,6,14,6,false,0,true,true,false,false,false,"EQ",false,""
"AFTER",229693,204,148.9333333333,0,17,7,17,7,false,0,true,true,false,false,false,"EQ",false,""
"AFTER",229693,384,263.3777777777,0,25,16,25,16,true,0,true,true,false,false,false,"",true,""
"AFTER",229693,564,380.9295555554,1,25,16,25,16,false,17,false,true,false,false,false,"EQ|OVERDUE",false,""
"AFTER",229693,744,496.2645085979,1,34,25,34,25,false,0,true,true,false,false,false,"EQ",false,""
"AFTER",229693,924,607.5924124567,1,39,30,39,30,false,0,true,true,false,false,false,"EQ",false,""
"AFTER",229693,1104,715.1261809187,1,44,34,44,34,true,0,true,true,false,false,false,"",true,""
"AFTER",229693,1284,833.1889514815,1,44,34,44,34,true,1,true,false,false,false,false,"COOLDOWN",false,""
"AFTER",229693,1464,941.6644130909,1,49,39,49,39,true,0,true,false,false,false,false,"COOLDOWN",false,""
"AFTER",229693,1644,1052.5320839692,1,55,46,55,46,true,0,true,true,false,false,false,"",true,""
"AFTER",229693,1824,1156.8154173025,2,55,46,55,46,false,0,true,true,false,false,false,"EQ",false,""
"AFTER",229693,2004,1264.0296174419,2,62,53,62,53,false,0,true,true,false,false,false,"EQ",false,""
"AFTER",229693,2184,1371.9216347075,2,71,62,71,62,false,0,true,true,false,false,false,"EQ",false,""
"AFTER",229693,2364,1482.4711472859,2,84,74,84,74,true,0,true,true,false,false,false,"",true,""
"AFTER",229693,2544,1609.3711472859,2,84,74,84,74,true,3,false,false,false,false,false,"OVERDUE|COOLDOWN",false,""
"AFTER",229693,2724,1716.5335582624,2,90,81,90,81,true,0,true,false,false,false,false,"COOLDOWN",false,""
"AFTER",229693,2904,1822.910419623,2,99,90,99,90,true,0,true,true,false,false,false,"",true,""
"AFTER",229693,3084,1931.4412421338,2,99,90,99,90,true,0,true,false,false,false,false,"COOLDOWN",false,""
"AFTER",229693,3264,2038.0440979901,2,109,99,109,99,true,0,true,false,false,false,false,"COOLDOWN",false,""
"AFTER",229693,3444,2145.7073601652,2,113,106,113,106,true,0,true,true,false,false,false,"",true,""
"AFTER",229693,3624,2248.2090103302,3,114,107,114,107,false,0,true,true,false,false,false,"EQ",false,""
"AFTER",229693,3804,2350.6249124709,3,121,113,121,113,false,0,true,true,false,false,false,"EQ",false,""
"AFTER",229693,3984,2461.8343327608,3,126,119,126,119,false,0,true,true,false,false,false,"EQ",false,""
"AFTER",229693,4164,2564.1270156876,3,134,127,134,127,false,0,true,true,false,false,false,"EQ",false,""
"AFTER",229693,4344,2679.3943062531,3,140,133,140,133,false,0,true,true,false,false,false,"EQ",false,""
"AFTER",229693,4524,2788.0199925873,3,145,138,145,138,false,0,true,true,false,false,false,"EQ",false,""
"AFTER",229693,4704,2890.2146397893,3,148,141,148,141,false,0,true,true,false,false,false,"EQ",false,""
"AFTER",229693,4884,2994.7131409573,3,152,145,152,145,false,0,true,true,false,false,false,"EQ",false,""
"AFTER",229693,5064,3098.879315068,3,156,149,156,149,false,0,true,true,false,false,false,"EQ",false,""
"AFTER",229693,5244,3204.5443675808,3,159,151,159,151,false,0,true,true,false,false,false,"EQ",false,""
"AFTER",229693,5424,3306.6643675808,3,162,154,162,154,true,0,true,true,false,false,false,"",true,""
"AFTER",229693,5604,3433.5643675808,3,162,154,162,154,true,0,true,false,false,false,false,"COOLDOWN",false,""
"AFTER",229693,5784,3538.50897278,3,165,157,165,157,true,0,true,false,false,false,false,"COOLDOWN",false,""
