policy,timing,seed,actualActiveMinutes,timeSeconds.FOOD,timeSeconds.WORK,timeSeconds.IDLE,timeSeconds.LUNCH,timeSeconds.SLEEP,timeSeconds.PROMOTION,timeSeconds.MEETING,sleepLoss.Promotion,sleepLoss.Boss,sleepLoss.Meeting,sleepLoss.UNATTRIBUTED,actualSleepSecondsPerDay,sleepSpeedModifierExposure,sleepQualityModifierExposure,lunchOutputMean,lunchRatioMean,lunchMissed,entertainmentAttemptDays,entertainmentCompletedDays,entertainmentSkippedDays,entertainmentSecondsPerDay,bossWorkSecondsPerDay,meetingSecondsPerDay,normalMeetingCount,bossMeetingCount,meetingTouchSleep,meetingCrossWorkStart,meetingCausedWorkDelay,ageWorkloadMultiplierExposure,timeSeconds.ENTERTAINMENT
PROMOTE_ASAP_BALANCED,NEVER,42,360,4352,7351.188147958606,2020.0904418692885,1173.7876558912028,6458.716453570202,19.21730071069993,225,0.862546672399958,0,0,12.420999757397823,17.940879037695005,-0.000614979001379526,-0.000614979001379526,97.81563799093357,0.4075651582955565,12,0,0,359,0,0.0589752947719521,0.625,68,7,0,0,N/A,1,
PROMOTE_ASAP_BALANCED,NEVER,23799,360,4352,7479.7543964089,1981.0342021548947,1144.7405469019047,6445.1166661676,20.354188366700157,177,5.140563270700056,0.7462686567000674,0,20.996501904999775,17.903101850465553,-0.001232253109524687,-0.001232253109524687,95.39504557515872,0.39747935656316136,8,0,0,359,0,0.06293833092918438,0.49166666666666664,49,10,0,0,N/A,1,
PROMOTE_ASAP_BALANCED,NEVER,47556,360,4364,7411.371662783782,1970.56732165451,1156.8816062266087,6443.377224307599,19.80218502749989,234,5.745693562999975,1.824212272000068,0,21.052869857400935,17.898270067521107,-0.0013251285042778227,-0.0013251285042778227,96.40680051888408,0.4016950021620169,14,0,0,359,0,0.05480402920000718,0.65,69,9,0,0,N/A,1,
PROMOTE_ASAP_BALANCED,NEVER,71313,360,4368,7420.800136904007,1935.6762384825008,1156.994104660193,6459.432611249599,19.096908703699967,240,1.2873651218000077,1.2676172999999835,0,10.012406328601003,17.94286836458222,-0.0005818235532593051,-0.0005818235532593051,96.41617538834942,0.40173406411812257,16,0,0,359,0,0.09678745031667405,0.6666666666666666,71,9,0,0,N/A,1,
PROMOTE_ASAP_BALANCED,NEVER,95070,360,4360,7530.366520999702,1919.3892861042987,1135.515636570601,6449.706546746999,19.022009578400002,186,5.661524986700044,3.131976121201376,0,13.499952145099286,17.915851518741665,-0.0010321043172685492,-0.0010321043172685492,94.62630304755008,0.3942762626981253,19,0,0,359,0,0.045624167254465754,0.5166666666666667,55,7,0,0,N/A,1,
PROMOTE_ASAP_BALANCED,NEVER,118827,360,4340,7440.3786740698,2005.53725003521,1125.6069240814913,6465.354944138399,19.122207675100015,204,0,0,0,6.645055861600383,17.95931928927333,-0.0003076414750740917,-0.0003076414750740917,93.80057700679095,0.3908357375282956,16,0,0,359,0,0.07351126933166736,0.5666666666666667,63,5,0,0,N/A,1,
PROMOTE_ASAP_BALANCED,NEVER,142584,360,4352,7389.414333224926,1967.5701415778778,1150.3336855233952,6461.724231080101,17.95760859370003,261,2.037510379999958,0,0,8.23825853989922,17.949233975222505,-0.00047573004258792527,-0.00047573004258792527,95.86114046028294,0.3994214185845122,13,0,0,359,0,0.05432888656664742,0.725,77,10,0,0,N/A,1,
PROMOTE_ASAP_BALANCED,NEVER,166341,360,4356,7421.055547498793,2021.9662071033995,1154.1122470231091,6454.858567080499,21.00743129420016,171,3.1365179251000654,0,0,14.004914994401815,17.930162686334718,-0.0007935848573843463,-0.0007935848573843463,96.1760205852591,0.40073341910524624,15,0,0,359,0,0.026551696893891908,0.475,51,6,0,0,N/A,1,
PROMOTE_ASAP_BALANCED,NEVER,190098,360,4364,7335.8381354222,2040.2484985616877,1160.6617446584119,6449.6694753124,21.582146045299964,228,3.5187223713000435,3.265184188599534,0,15.546618127700299,17.915748542534445,-0.0010338205873888838,-0.0010338205873888838,96.72181205486764,0.40300755022861523,10,0,0,359,0,0.050562157152513894,0.6333333333333333,70,6,0,0,N/A,1,
PROMOTE_ASAP_BALANCED,NEVER,213855,360,4380,7497.190111471794,1915.4931955492134,1133.0960156597919,6444.412913034901,19.80776428430005,210,6.069941126999993,0.42506459949981945,3,18.092081238599462,17.901146980652502,-0.0012771799520879287,-0.0012771799520879287,94.42466797164931,0.39343611654853883,15,0,0,359,0,0.030110186220551644,0.5833333333333334,63,7,1,0,N/A,1,
PROMOTE_ASAP_BALANCED,AS_SOON_AS_ELIGIBLE,42,360,4364.000000000001,7506.225739341806,1907.8100973694,1132.8668313187013,6351.749967189602,181.3473647804999,156,12.412801878999886,0,0,19.837230931399773,17.643749908860006,-0.0014807113955431943,-0.0014807113955431943,94.40556927655841,0.39335653865232684,14,0,0,348,0,0.04765952819277624,0.43333333333333335,46,6,0,0,N/A,1.0000000000000024,
PROMOTE_ASAP_BALANCED,AS_SOON_AS_ELIGIBLE,23799,360,4399.999999999998,7649.010012934117,1776.5607762223008,1115.6703050382007,6327.211742696198,181.54716310920043,150,20.71051699809999,1.770004381299998,3,31.307735924399793,17.575588174156106,-0.0026290859862870305,-0.0026290859862870305,92.97252541985007,0.3873855225827086,15,0,0,348,0,0.053056112692499525,0.4166666666666667,45,5,1,0,N/A,1.0000000000000038,
PROMOTE_ASAP_BALANCED,AS_SOON_AS_ELIGIBLE,47556,360,4392,7461.3290614469215,1899.4262428503994,1161.2055187416,6327.621366890096,184.41781007099996,174,22.517630182999937,3.639601381000091,3,27.221401545900008,17.576726019139155,-0.0026101219032361126,-0.0026101219032361126,96.76712656180001,0.40319636067416664,10,0,0,348,0,0.07274297535722139,0.48333333333333334,51,7,1,0,N/A,1.0000000000000009,
PROMOTE_ASAP_BALANCED,AS_SOON_AS_ELIGIBLE,71313,360,4364,7519.113950974515,1850.9095100392003,1155.6187525411997,6354.227645057901,185.13014138719973,171,13.09205172059994,0.530839473100059,0,16.149463748399967,17.65063234738306,-0.0013783497658379597,-0.0013783497658379597,96.30156271176665,0.4012565112990277,15,0,0,348,0,0.06665934373222261,0.475,48,9,0,0,N/A,1.0000000000000033,
PROMOTE_ASAP_BALANCED,AS_SOON_AS_ELIGIBLE,95070,360,4399.999999999998,7564.281806240202,1802.1775081554988,1158.7292249396,6332.018629939603,174.79283072510012,168,17.63075120259998,3.535396131699997,0,30.81522272610009,17.58894063872112,-0.0024065449102037063,-0.0024065449102037063,96.56076874496662,0.40233653643736095,10,0,0,348,0,0.05864249207361107,0.4666666666666667,48,8,0,0,N/A,1.0000000000000004,
PROMOTE_ASAP_BALANCED,AS_SOON_AS_ELIGIBLE,118827,360,4368,7505.596122267725,1877.195769161199,1133.6575137127,6347.6063935527,181.94420130569998,186,10.587263622600062,1.8430521811000062,0,23.963290643600004,17.632239982090834,-0.0016848891873750037,-0.0016848891873750037,94.47145947605833,0.39363108115024303,13,0,0,348,0,0.07297132024249876,0.5166666666666667,58,4,0,0,N/A,0.9999999999999977,
PROMOTE_ASAP_BALANCED,AS_SOON_AS_ELIGIBLE,142584,360,4376,7454.414052420104,1887.3365888414012,1164.6728780134006,6352.218243956796,173.35823676830012,192,6.689291426800011,3.2156732258000034,3,18.876791390600033,17.645050677657768,-0.0014713775945925944,-0.0014713775945925944,97.05607316778334,0.4044003048657641,9,0,0,348,0,0.08826785340722315,0.5333333333333333,55,9,1,0,N/A,0.9999999999999988,
PROMOTE_ASAP_BALANCED,AS_SOON_AS_ELIGIBLE,166341,360,4368.000000000002,7454.535427155724,1916.071922034001,1177.1055567452997,6358.326810362101,181.96028370289994,144,12.989697885100128,0,0,12.683491752799824,17.662018917672505,-0.001188573594347219,-0.001188573594347219,98.09212972877499,0.40871720720322907,7,0,0,348,0,0.05703638283277807,0.4,40,8,0,0,N/A,0.9999999999999994,
PROMOTE_ASAP_BALANCED,AS_SOON_AS_ELIGIBLE,190098,360,4428.000000000002,7648.658430957617,1722.7049892368007,1145.7554358803998,6327.8324676086,186.04867631659974,141,14.801408109099896,2.3710497108000084,0,38.995074571500055,17.57731241002389,-0.0025761485989506156,-0.0025761485989506156,95.47961965669998,0.3978317485695834,12,0,0,348,0,0.08246563933694442,0.39166666666666666,41,6,0,0,N/A,1.0000000000000002,
PROMOTE_ASAP_BALANCED,AS_SOON_AS_ELIGIBLE,213855,360,4399.999999999999,7588.065116289915,1819.0796745665023,1125.4845505571002,6337.795691063398,176.5749675231001,153,15.49115142859992,0.9676023951000161,3,26.745555112899893,17.60498803073166,-0.00213208142576604,-0.00213208142576604,93.79037921309171,0.39079324672121535,18,0,0,348,0,0.06455088463277826,0.425,37,14,1,0,N/A,1.0000000000000036,
PROMOTE_ASAP_BALANCED,TARGET_30_MIN,42,360,4364.000000000001,7506.225739341806,1907.8100973694,1132.8668313187013,6351.749967189602,181.3473647804999,156,12.412801878999886,0,0,19.837230931399773,17.643749908860006,-0.0014807113955431943,-0.0014807113955431943,94.40556927655841,0.39335653865232684,14,0,0,348,0,0.04765952819277624,0.43333333333333335,46,6,0,0,N/A,1.0000000000000024,
PROMOTE_ASAP_BALANCED,TARGET_30_MIN,23799,360,4399.999999999998,7649.010012934117,1776.5607762223008,1115.6703050382007,6327.211742696198,181.54716310920043,150,20.71051699809999,1.770004381299998,3,31.307735924399793,17.575588174156106,-0.0026290859862870305,-0.0026290859862870305,92.97252541985007,0.3873855225827086,15,0,0,348,0,0.053056112692499525,0.4166666666666667,45,5,1,0,N/A,1.0000000000000038,
PROMOTE_ASAP_BALANCED,TARGET_30_MIN,47556,360,4392,7461.3290614469215,1899.4262428503994,1161.2055187416,6327.621366890096,184.41781007099996,174,22.517630182999937,3.639601381000091,3,27.221401545900008,17.576726019139155,-0.0026101219032361126,-0.0026101219032361126,96.76712656180001,0.40319636067416664,10,0,0,348,0,0.07274297535722139,0.48333333333333334,51,7,1,0,N/A,1.0000000000000009,
PROMOTE_ASAP_BALANCED,TARGET_30_MIN,71313,360,4364,7519.113950974515,1850.9095100392003,1155.6187525411997,6354.227645057901,185.13014138719973,171,13.09205172059994,0.530839473100059,0,16.149463748399967,17.65063234738306,-0.0013783497658379597,-0.0013783497658379597,96.30156271176665,0.4012565112990277,15,0,0,348,0,0.06665934373222261,0.475,48,9,0,0,N/A,1.0000000000000033,
PROMOTE_ASAP_BALANCED,TARGET_30_MIN,95070,360,4399.999999999998,7564.281806240202,1802.1775081554988,1158.7292249396,6332.018629939603,174.79283072510012,168,17.63075120259998,3.535396131699997,0,30.81522272610009,17.58894063872112,-0.0024065449102037063,-0.0024065449102037063,96.56076874496662,0.40233653643736095,10,0,0,348,0,0.05864249207361107,0.4666666666666667,48,8,0,0,N/A,1.0000000000000004,
PROMOTE_ASAP_BALANCED,TARGET_30_MIN,118827,360,4368,7505.596122267725,1877.195769161199,1133.6575137127,6347.6063935527,181.94420130569998,186,10.587263622600062,1.8430521811000062,0,23.963290643600004,17.632239982090834,-0.0016848891873750037,-0.0016848891873750037,94.47145947605833,0.39363108115024303,13,0,0,348,0,0.07297132024249876,0.5166666666666667,58,4,0,0,N/A,0.9999999999999977,
PROMOTE_ASAP_BALANCED,TARGET_30_MIN,142584,360,4376,7454.414052420104,1887.3365888414012,1164.6728780134006,6352.218243956796,173.35823676830012,192,6.689291426800011,3.2156732258000034,3,18.876791390600033,17.645050677657768,-0.0014713775945925944,-0.0014713775945925944,97.05607316778334,0.4044003048657641,9,0,0,348,0,0.08826785340722315,0.5333333333333333,55,9,1,0,N/A,0.9999999999999988,
PROMOTE_ASAP_BALANCED,TARGET_30_MIN,166341,360,4368.000000000002,7454.535427155724,1916.071922034001,1177.1055567452997,6358.326810362101,181.96028370289994,144,12.989697885100128,0,0,12.683491752799824,17.662018917672505,-0.001188573594347219,-0.001188573594347219,98.09212972877499,0.40871720720322907,7,0,0,348,0,0.05703638283277807,0.4,40,8,0,0,N/A,0.9999999999999994,
PROMOTE_ASAP_BALANCED,TARGET_30_MIN,190098,360,4428.000000000002,7648.658430957617,1722.7049892368007,1145.7554358803998,6327.8324676086,186.04867631659974,141,14.801408109099896,2.3710497108000084,0,38.995074571500055,17.57731241002389,-0.0025761485989506156,-0.0025761485989506156,95.47961965669998,0.3978317485695834,12,0,0,348,0,0.08246563933694442,0.39166666666666666,41,6,0,0,N/A,1.0000000000000002,
PROMOTE_ASAP_BALANCED,TARGET_30_MIN,213855,360,4399.999999999999,7588.065116289915,1819.0796745665023,1125.4845505571002,6337.795691063398,176.5749675231001,153,15.49115142859992,0.9676023951000161,3,26.745555112899893,17.60498803073166,-0.00213208142576604,-0.00213208142576604,93.79037921309171,0.39079324672121535,18,0,0,348,0,0.06455088463277826,0.425,37,14,1,0,N/A,1.0000000000000036,
PROMOTE_ASAP_BALANCED,TARGET_60_MIN,42,360,4339.999999999996,7441.479133743185,1973.1749240963006,1167.3052909249004,6418.924690368001,97.11596086759964,162,3.658125080899879,0,0,9.41718455109995,17.830346362133337,-0.0006053384088888811,-0.0006053384088888811,97.27544091040834,0.4053143371267015,13,0,0,354,0,0.04356373448027663,0.45,46,8,0,0,N/A,1.000000000000002,
PROMOTE_ASAP_BALANCED,TARGET_60_MIN,23799,360,4372,7545.347816472004,1866.9185801452013,1108.2973231827996,6383.932817702598,98.50346249740022,225,19.06415752170011,1.9616308346001006,3,24.041393941099443,17.73314671584055,-0.0022253325137685034,-0.0022253325137685034,92.35811026523334,0.38482545943847224,15,0,0,354,0,0.08862580824750176,0.625,65,10,1,0,N/A,1.000000000000003,
PROMOTE_ASAP_BALANCED,TARGET_60_MIN,47556,360,4376,7457.199441114322,1935.9923249882984,1158.4417411180993,6390.511541498803,89.8549512805,192,15.098798527200017,1.824212272000068,0,24.565447701999716,17.751420948607787,-0.00192076196764814,-0.00192076196764814,96.5368117598416,0.4022367156660067,10,0,0,354,0,0.05883889173416562,0.5333333333333333,55,9,0,0,N/A,1.0000000000000036,
PROMOTE_ASAP_BALANCED,TARGET_60_MIN,71313,360,4380,7414.209309636168,1942.6871140799994,1167.8238975339002,6399.442714012601,91.83696473730015,204,9.833402363000005,0,0,22.723883624399733,17.776229761146112,-0.0015072817586759132,-0.0015072817586759132,97.31865812782497,0.4054944088659374,10,0,0,354,0,0.05874699109638881,0.5666666666666667,60,8,0,0,N/A,1.000000000000001,
PROMOTE_ASAP_BALANCED,TARGET_60_MIN,95070,360,4380,7530.754843663809,1898.316484546,1151.0582687015014,6391.605818114103,92.26458497460021,156,15.52008852250006,1.9543464664999988,0,22.91974689690001,17.75446060587251,-0.0018701010132361156,-0.0018701010132361156,95.92152239179181,0.39967300996579913,15,0,0,354,0,0.05143349399611057,0.43333333333333335,45,7,0,0,N/A,1.0000000000000002,
PROMOTE_ASAP_BALANCED,TARGET_60_MIN,118827,360,4371.999999999998,7553.8819717274055,1893.7451979852008,1092.2780485432,6402.491429035401,90.60335270880026,195,11.173788199200004,0,0,18.334782765400107,17.784698413987226,-0.0013661375446574133,-0.0013661375446574133,91.0231707119333,0.3792632112997222,21,0,0,354,0,0.06338922874666507,0.5416666666666666,57,8,0,0,N/A,0.9999999999999998,
PROMOTE_ASAP_BALANCED,TARGET_60_MIN,142584,360,4348.000000000002,7516.797963009009,1903.2732265929967,1126.8949789132002,6417.686303319502,98.34752816530008,189.00000000000006,2.6714789812999697,0,0,11.642217699200032,17.826906398109728,-0.0006626711426157406,-0.0006626711426157406,93.9079149094333,0.39128297878930546,20,0,0,354,0,0.0663484079105562,0.5250000000000001,55,8,0,0,N/A,1.0000000000000004,
PROMOTE_ASAP_BALANCED,TARGET_60_MIN,166341,360,4368,7441.940165511991,1943.6576533049017,1162.7877999953005,6414.008945546802,101.60543564100024,168,9.202440809800123,0,0,8.788613643399998,17.816691515407783,-0.0008329191876481533,-0.0008329191876481533,96.89898333294168,0.40374576388725697,13,0,0,354,0,0.05850307268027609,0.4666666666666667,49,7,0,0,N/A,1.0000000000000027,
PROMOTE_ASAP_BALANCED,TARGET_60_MIN,190098,360,4360,7433.757853791594,1990.8426511865994,1155.278765665701,6401.935938881401,96.18479047470018,162,4.6274811937001346,2.865986997300098,3,19.57059292760016,17.78315538578167,-0.0013918546814166849,-0.0013918546814166849,96.27323047214175,0.4011384603005907,14,0,0,354,0,0.070595849939445,0.45,53,1,1,0,N/A,1.0000000000000024,
PROMOTE_ASAP_BALANCED,TARGET_60_MIN,213855,360,4395.999999999998,7519.598833557993,1823.0104562229003,1149.4250198905004,6395.223497702102,91.74219262650014,225,9.213800251199984,0,6,21.562702046699954,17.76450971583917,-0.0017026158471249964,-0.0017026158471249964,95.78541832420836,0.3991059096842015,13,0,0,354,0,0.059613908262500896,0.625,64,11,2,0,N/A,1.000000000000003,
PROMOTE_ASAP_BALANCED,TARGET_120_MIN,42,360,4360,7408.800642271093,1946.5308287319008,1169.7651915298957,6434.144740524902,49.75859694219983,231,1.4545352990999447,0.9557091259999879,3,16.44501504999954,17.87262427923584,-0.0010118175682916409,-0.0010118175682916409,97.48043262749128,0.40616846928121375,13,0,0,357,0,0.048103143002498114,0.6416666666666667,68,9,1,0,N/A,1.000000000000002,
PROMOTE_ASAP_BALANCED,TARGET_120_MIN,23799,360,4396,7489.056821846391,1890.5655125717983,1169.3994174902991,6417.253868659401,54.72437943210015,183,9.966384772900113,2.399161218700101,0,26.38058534899878,17.82570519072056,-0.0017938023768795852,-0.0017938023768795852,97.44995145752488,0.40604146440635386,12,0,0,357,0,0.06425961199833176,0.5083333333333333,49,12,0,0,N/A,1.0000000000000038,
PROMOTE_ASAP_BALANCED,TARGET_120_MIN,47556,360,4364,7427.475737539686,1978.414476437097,1154.707890853399,6428.779222507601,48.6226726621999,198,6.80821353449997,1.824212272000068,0,18.58835168589951,17.857720062521114,-0.0012602211802036829,-0.0012602211802036829,96.22565757111653,0.40094023987965244,21,0,0,357,0,0.09057901901139505,0.55,59,7,0,0,N/A,1.0000000000000004,
PROMOTE_ASAP_BALANCED,TARGET_120_MIN,71313,360,4368,7431.095183961594,1940.091793970198,1165.3982225073983,6439.338703348798,52.07609621199988,204,2.7117390316000183,0,0,13.949557619599489,17.88705195374666,-0.0007713563264444219,-0.0007713563264444219,97.11651854228315,0.40465216059284664,16,0,0,357,0,0.07066951485778393,0.5666666666666667,59,9,0,0,N/A,0.9999999999999983,
PROMOTE_ASAP_BALANCED,TARGET_120_MIN,95070,360,4352,7565.1064308983,1875.7583806669004,1143.179778974401,6426.163575598201,54.791833862199866,183,10.258839532300101,3.829546931800337,0,15.748037937700104,17.85045437666167,-0.0013813159445278025,-0.0013813159445278025,95.2649815812001,0.3969374232550002,17,0,0,357,0,0.07942603626944272,0.5083333333333333,57,4,0,0,N/A,1.000000000000001,
PROMOTE_ASAP_BALANCED,TARGET_120_MIN,118827,360,4356,7480.873472283215,1958.7436378095965,1152.8935024488983,6436.313653090199,59.175734368100024,156,5.2085820627000885,0,1.1608917403999612,13.31687310670037,17.878649036361665,-0.0009114049495277975,-0.0009114049495277975,96.07445853740816,0.40031024390586745,12,0,0,357,0,0.053587917728888476,0.43333333333333335,46,6,1,0,N/A,0.999999999999999,
PROMOTE_ASAP_BALANCED,TARGET_120_MIN,142584,360,4359.999999999999,7464.537659941489,1917.4839028691026,1166.2808600907993,6429.8918439807,48.80573311789985,213,2.1849567438999316,0,3,20.92319927540001,17.860810677724167,-0.0012087109268194406,-0.0012087109268194406,97.19007167423322,0.404958631975972,15,0,0,357,0,0.07162860867971506,0.5916666666666667,64,7,1,0,N/A,0.9999999999999988,
PROMOTE_ASAP_BALANCED,TARGET_120_MIN,166341,360,4364.000000000001,7481.012579358091,1935.4885732116036,1150.321058673403,6432.121856520398,54.05593223650021,183,8.676282589100083,0,3,12.201860890500313,17.867005157001106,-0.0011054696055370552,-0.0011054696055370552,95.86008822278362,0.3994170342615983,16,0,0,357,0,0.04426498090610854,0.5083333333333333,55,6,1,0,N/A,1.0000000000000007,
PROMOTE_ASAP_BALANCED,TARGET_120_MIN,190098,360,4388,7429.324149098673,1957.6582102804987,1156.6574320121022,6414.4799456445,55.88026296420003,198,4.862246130200049,3.265184188599534,0,33.392624036700155,17.817999849012498,-0.0019222247386805461,-0.0019222247386805461,96.38811933434182,0.40161716389309104,17,0,0,357,0,0.05725545502055311,0.55,59,7,0,0,N/A,1.0000000000000013,
PROMOTE_ASAP_BALANCED,TARGET_120_MIN,213855,360,4392.000000000001,7510.806827254713,1852.8490738959988,1149.286713477401,6421.080025590902,54.97735978100013,219,8.196196105900043,0,3,23.723778303199538,17.83633340441917,-0.0016166654819027566,-0.0016166654819027566,95.77389278978339,0.3990578866240976,12,0,0,357,0,0.040551375312503364,0.6083333333333333,65,8,1,0,N/A,0.999999999999997,
PROMOTE_ASAP_BALANCED,TARGET_180_MIN,42,360,4352,7336.963832354911,2012.7311551626015,1202.2116463839002,6451.8093551950005,37.284010903600006,207,0.862546672399958,0,0,11.328098132599308,17.921692653319447,-0.0005643817039351504,-0.0005643817039351504,100.18430386532503,0.41743459943885425,13,0,0,358,0,0.060739266423334985,0.575,65,4,0,0,N/A,1.0000000000000013,
PROMOTE_ASAP_BALANCED,TARGET_180_MIN,23799,360,4368,7451.676200400998,1918.2836416756984,1152.6649368519002,6433.474789885602,35.900431185800215,240,5.140563270700056,1.576033999099991,0,23.80861284459951,17.870763305237784,-0.0014132041719629427,-0.0014132041719629427,96.05541140432499,0.4002308808513542,13,0,0,358,0,0.07822113759307127,0.6666666666666666,71,9,0,0,N/A,0.9999999999999994,
PROMOTE_ASAP_BALANCED,TARGET_180_MIN,47556,360,4368.000000000001,7438.704819497789,1956.8326808715,1180.2125419878025,6435.872727012804,34.377230630099916,186,5.745693562999975,1.824212272000068,0,20.557367152199433,17.877424241702233,-0.001302188564222198,-0.001302188564222198,98.35104516565019,0.4097960215235427,12,0,0,358,0,0.059395115612500146,0.5166666666666667,57,5,0,0,N/A,0.9999999999999993,
PROMOTE_ASAP_BALANCED,TARGET_180_MIN,71313,360,4368,7379.03482993042,1964.8359754983949,1175.7773427643024,6448.199841633899,36.152010173000036,228,1.6803319504000456,1.3362203914002748,0,12.783606024300227,17.911666226760833,-0.0007314888132453955,-0.0007314888132453955,97.98144523035856,0.40825602179316056,16,0,0,358,0,0.06301328003611767,0.6333333333333333,66,10,0,0,N/A,1.0000000000000004,
PROMOTE_ASAP_BALANCED,TARGET_180_MIN,95070,360,4356.000000000001,7493.257248173416,1935.3636881279954,1144.528808811097,6443.490006062799,35.36024882469991,192,5.661524986700044,2.561633915900245,0,12.286835034600273,17.89858335017444,-0.0009495367563518769,-0.0009495367563518769,95.37740073425807,0.397405836392742,20,0,0,358,0,0.07440642745861668,0.5333333333333333,55,9,0,0,N/A,1.0000000000000053,
PROMOTE_ASAP_BALANCED,TARGET_180_MIN,118827,360,4344,7473.159918122926,1975.1942511499944,1136.206456589894,6457.109384514698,37.32998962250004,177,0,0,0,6.890615485300543,17.93641495698527,-0.00031900997617132144,-0.00031900997617132144,94.6838713824911,0.3945161307603799,13,0,0,358,0,0.06885107604361398,0.49166666666666664,52,7,0,0,N/A,1.000000000000002,
PROMOTE_ASAP_BALANCED,TARGET_180_MIN,142584,360,4352,7439.623826110091,1955.4281299627985,1152.2895024251984,6439.434007884998,36.22453361690003,225,11.532873234399943,0,0,13.033118880599858,17.887316688569438,-0.0011373144497685093,-0.0011373144497685093,96.02412520209988,0.40010052167541627,13,0,0,358,0,0.04611070616833162,0.625,68,7,0,0,N/A,1.0000000000000024,
PROMOTE_ASAP_BALANCED,TARGET_180_MIN,166341,360,4348,7359.24433291022,2054.8747677241954,1180.3581700676955,6449.364848302399,37.15788099550022,171,3.494617729100071,0,0,11.14053396849971,17.91490235639555,-0.000677553319333323,-0.000677553319333323,98.36318083897463,0.40984658682906094,8,0,0,358,0,0.04391726119389748,0.475,51,6,0,0,N/A,1.0000000000000002,
PROMOTE_ASAP_BALANCED,TARGET_180_MIN,190098,360,4396,7457.559951450408,1940.460585491598,1141.4494429239974,6418.611744327398,41.918275806600036,204,11.649651504600058,5.006732667199543,0,28.731871500801105,17.829477067576104,-0.0020731599848426165,-0.0020731599848426165,95.12078691033314,0.396336612126388,16,0,0,358,0,0.05064152555361048,0.5666666666666667,61,7,0,0,N/A,0.9999999999999967,
PROMOTE_ASAP_BALANCED,TARGET_180_MIN,213855,360,4392,7470.797913323687,1898.3828774793133,1133.7442599435958,6425.393089832699,33.681859420699965,246,9.911170320299902,1.905056166600275,3,23.790683680399866,17.848314138424165,-0.0017397999302823746,-0.0017397999302823746,94.47868832863298,0.3936612013693041,15,0,0,358,0,0.039590240253890366,0.6833333333333333,70,12,1,0,N/A,0.999999999999998,
PREPARED_BALANCED,NEVER,42,360,4352,7340.167986695689,2037.16097699131,1148.3237904784012,6451.341037340599,19.006208494000077,252,8.96113144030005,0,0,11.697831219100863,17.92039177039055,-0.0009564334564537457,-0.0009564334564537457,95.69364920653344,0.39872353836055596,14,0,0,359,0,0.058208749493624305,0.7,73,11,0,0,N/A,1,
PREPARED_BALANCED,NEVER,23799,360,4368,7549.363046706088,1886.9843059608088,1125.401286561901,6442.663965479802,20.587395291399957,207,2.598244400199974,0.6981940047990065,0,26.03959611519923,17.89628879299945,-0.0013581497463054722,-0.0013581497463054722,93.78344054682509,0.3907643356117712,16,0,0,359,0,0.0574880491569325,0.575,61,8,0,0,N/A,1,
PREPARED_BALANCED,NEVER,47556,360,4388,7401.646797081796,1996.0468212243977,1150.3584939848083,6451.068618829699,17.879268879299957,195,4.074074074100054,0.7590324865996081,0,16.098274609601503,17.91963505230472,-0.0009690454245509804,-0.0009690454245509804,95.86320783206736,0.399430032633614,18,0,0,359,0,0.03097024632333311,0.5416666666666666,59,6,0,0,N/A,1,
PREPARED_BALANCED,NEVER,71313,360,4368,7389.039781434404,1972.4615523661005,1164.7599232528946,6449.7676224149,18.97112053170008,237,2.3437925566000217,0,3,16.88858502849962,17.916021173374723,-0.0010292767400509088,-0.0010292767400509088,97.06332693774124,0.40443052890725506,10,0,0,359,0,0.051339550761687114,0.6583333333333333,66,13,1,0,N/A,1,
PREPARED_BALANCED,NEVER,95070,360,4380,7501.59551721381,1932.0930389277887,1130.283724978498,6451.182101581604,18.84561729829997,185.9999999999991,0.6776779750999822,1.602562933099307,0,18.53765751019624,17.919950282171122,-0.000963791593444238,-0.000963791593444238,94.19031041487483,0.39245962672864515,19,0,0,359,0,0.07419041753723327,0.5166666666666642,56,6,0,0,N/A,1,
PREPARED_BALANCED,NEVER,118827,360,4380,7497.623716660519,1920.3262929581888,1132.4403509788935,6444.391135545199,18.218503857200176,207,9.396130470400067,1.06974753960003,0,17.14298644480101,17.90108648762555,-0.0012781881692037547,-0.0012781881692037547,94.37002924824112,0.3932084552010047,10,0,0,359,0,0.058171501007495234,0.575,64,5,0,0,N/A,1,
PREPARED_BALANCED,NEVER,142584,360,4356,7354.409165972604,2023.302531696601,1156.8992865947944,6452.061635576401,20.32738015960001,237,9.398008422600014,0,3,7.540356000998372,17.92239343215667,-0.0009230724270184446,-0.0009230724270184446,96.40827388289955,0.40170114117874806,11,0,0,359,0,0.037294073384452196,0.6583333333333333,66,13,1,0,N/A,1,
PREPARED_BALANCED,NEVER,166341,360,4364,7431.597165986972,1961.110542804222,1166.222236245904,6456.093894445202,16.97616051770001,204,0.10532362630010539,0.6756756757004041,3,12.125106252797423,17.933594151236672,-0.0007363937756850892,-0.0007363937756850892,97.18518635382534,0.4049382764742722,11,0,0,359,0,0.05567419360277515,0.5666666666666667,61,7,1,0,N/A,1,
PREPARED_BALANCED,NEVER,190098,360,4360,7462.361265643609,1963.0012336312957,1139.2868679748976,6458.848990689397,18.501642060799895,198,2.859751776400003,0,0,10.291257534202373,17.941247196359438,-0.000608843023638999,-0.000608843023638999,94.94057233124147,0.39558571804683945,13,0,0,359,0,0.07424272867165706,0.55,62,4,0,0,N/A,1,
PREPARED_BALANCED,NEVER,213855,360,4356,7433.9046425983215,1996.538816032977,1172.720391596003,6450.631009415998,19.2051403567001,171,6.084500581000043,0,3,12.284490003001991,17.918419470599993,-0.0009893051196297228,-0.0009893051196297228,97.7266992996669,0.40719458041527884,6,0,0,359,0,0.07584994107668024,0.475,53,4,1,0,N/A,1,
PREPARED_BALANCED,AS_SOON_AS_ELIGIBLE,42,360,4376,7478.240357165885,1899.5578739282005,1164.9614946597003,6354.677658512794,146.56261573340018,180,12.453157979699995,0.879638540999963,0,15.98954496649992,17.65188238475776,-0.001357515809592586,-0.001357515809592586,97.08012455497499,0.40450051897906253,13,0,0,348,0,0.0484525838349989,0.5,47,13,0,0,N/A,1.0000000000000064,
PREPARED_BALANCED,AS_SOON_AS_ELIGIBLE,23799,360,4363.999999999998,7467.607456393244,1908.2948846442007,1192.2947949256993,6363.2257467767995,148.57711726010012,156,2.598244400199974,1.301473809800001,0,16.87453501320013,17.67562707438,-0.0009617709825555604,-0.0009617709825555604,99.35789957714155,0.41399124823809,7,0,0,348,0,0.07193742121222331,0.43333333333333335,43,9,0,0,N/A,0.999999999999998,
PREPARED_BALANCED,AS_SOON_AS_ELIGIBLE,47556,360,4371.999999999998,7420.034588006616,1938.3925667199,1203.5328365142004,6360.924733154801,152.1152756044997,153,11.935579320399938,0,0,11.139687524799797,17.66923536987445,-0.001001478407888883,-0.001001478407888883,100.29440304285005,0.41789334601187517,6,0,0,348,0,0.058194980795000004,0.425,43,8,0,0,N/A,1.0000000000000049,
PREPARED_BALANCED,AS_SOON_AS_ELIGIBLE,71313,360,4376.000000000001,7471.210438144906,1918.6306656492993,1168.283811706801,6359.354478345602,156.52060615340005,150,6.614208855900017,0,0,18.03131279850004,17.664873550960007,-0.0011248870532617307,-0.0011248870532617307,97.35698430890002,0.40565410128708357,12,0,0,348,0,0.07219635394555564,0.4166666666666667,43,7,0,0,N/A,1.0000000000000024,
PREPARED_BALANCED,AS_SOON_AS_ELIGIBLE,95070,360,4348.000000000004,7462.283765802331,1974.075263746199,1174.3830305623005,6376.372416121096,150.88552376810028,114,0.6776779750999822,0.6215994315000444,0,6.328306472300156,17.712145600336378,-0.0003531288832824159,-0.0003531288832824159,97.86525254685829,0.4077718856119096,10,0,0,348,0,0.0655966048227777,0.31666666666666665,32,6,0,0,N/A,1.0000000000000033,
PREPARED_BALANCED,AS_SOON_AS_ELIGIBLE,118827,360,4372.000000000002,7439.554167579907,1918.130459065101,1186.0573198688012,6360.700786298501,146.55726718770012,176.99999999999997,9.396130470400067,1.06974753960003,0,12.833335691499883,17.668613295273612,-0.0010665006124212957,-0.0010665006124212957,98.83810998906661,0.41182545828777817,8,0,0,348,0,0.05642486167611156,0.4916666666666666,52,7,0,0,N/A,0.999999999999998,
PREPARED_BALANCED,AS_SOON_AS_ELIGIBLE,142584,360,4356,7382.921696925914,2006.6467422896,1170.8935513344004,6368.6354417760995,149.90256767399998,165,9.398008422600014,0.6403251143999569,0,5.326224686899877,17.69065400493361,-0.000710724386106475,-0.000710724386106475,97.57446261120002,0.40656026088000013,8,0,0,348,0,0.026207184877777935,0.4583333333333333,45,10,0,0,N/A,1.0000000000000013,
PREPARED_BALANCED,AS_SOON_AS_ELIGIBLE,166341,360,4367.999999999998,7441.638277017217,1936.3191500627995,1198.1813724784004,6364.494698458304,147.36650198330005,144,3.5999713699001177,0,3,12.90533017179996,17.679151940161955,-0.0009030232195231516,-0.0009030232195231516,99.84844770653332,0.41603519877722267,7,0,0,348,0,0.05725767502250062,0.4,38,10,1,0,N/A,0.9999999999999971,
PREPARED_BALANCED,AS_SOON_AS_ELIGIBLE,190098,360,4379.999999999999,7400.172439435712,1956.4771958248996,1206.2797303148998,6365.809612453902,147.26102197059973,144,2.859751776400003,1.192563175999993,3,11.138072593699832,17.68280447903862,-0.0008278412900404249,-0.0008278412900404249,100.52331085957493,0.41884712858156226,9,0,0,348,0,0.04515404211666601,0.4,41,7,1,0,N/A,1.0000000000000024,
PREPARED_BALANCED,AS_SOON_AS_ELIGIBLE,213855,360,4379.999999999998,7451.791024791913,1948.7743129485011,1161.650003087201,6352.509019445597,149.27563972679965,156,9.451503947999981,0.8931714416000318,0,21.146305164800083,17.64585838734888,-0.0014504793586623496,-0.0014504793586623496,96.80416692393344,0.40335069551638925,13,0,0,348,0,0.05084312610722241,0.43333333333333335,45,7,0,0,N/A,0.999999999999998,
PREPARED_BALANCED,TARGET_30_MIN,42,360,4376,7478.240357165885,1899.5578739282005,1164.9614946597003,6354.677658512794,146.56261573340018,180,12.453157979699995,0.879638540999963,0,15.98954496649992,17.65188238475776,-0.001357515809592586,-0.001357515809592586,97.08012455497499,0.40450051897906253,13,0,0,348,0,0.0484525838349989,0.5,47,13,0,0,N/A,1.0000000000000064,
PREPARED_BALANCED,TARGET_30_MIN,23799,360,4363.999999999998,7467.607456393244,1908.2948846442007,1192.2947949256993,6363.2257467767995,148.57711726010012,156,2.598244400199974,1.301473809800001,0,16.87453501320013,17.67562707438,-0.0009617709825555604,-0.0009617709825555604,99.35789957714155,0.41399124823809,7,0,0,348,0,0.07193742121222331,0.43333333333333335,43,9,0,0,N/A,0.999999999999998,
PREPARED_BALANCED,TARGET_30_MIN,47556,360,4371.999999999998,7420.034588006616,1938.3925667199,1203.5328365142004,6360.924733154801,152.1152756044997,153,11.935579320399938,0,0,11.139687524799797,17.66923536987445,-0.001001478407888883,-0.001001478407888883,100.29440304285005,0.41789334601187517,6,0,0,348,0,0.058194980795000004,0.425,43,8,0,0,N/A,1.0000000000000049,
PREPARED_BALANCED,TARGET_30_MIN,71313,360,4376.000000000001,7471.210438144906,1918.6306656492993,1168.283811706801,6359.354478345602,156.52060615340005,150,6.614208855900017,0,0,18.03131279850004,17.664873550960007,-0.0011248870532617307,-0.0011248870532617307,97.35698430890002,0.40565410128708357,12,0,0,348,0,0.07219635394555564,0.4166666666666667,43,7,0,0,N/A,1.0000000000000024,
PREPARED_BALANCED,TARGET_30_MIN,95070,360,4348.000000000004,7462.283765802331,1974.075263746199,1174.3830305623005,6376.372416121096,150.88552376810028,114,0.6776779750999822,0.6215994315000444,0,6.328306472300156,17.712145600336378,-0.0003531288832824159,-0.0003531288832824159,97.86525254685829,0.4077718856119096,10,0,0,348,0,0.0655966048227777,0.31666666666666665,32,6,0,0,N/A,1.0000000000000033,
PREPARED_BALANCED,TARGET_30_MIN,118827,360,4372.000000000002,7439.554167579907,1918.130459065101,1186.0573198688012,6360.700786298501,146.55726718770012,176.99999999999997,9.396130470400067,1.06974753960003,0,12.833335691499883,17.668613295273612,-0.0010665006124212957,-0.0010665006124212957,98.83810998906661,0.41182545828777817,8,0,0,348,0,0.05642486167611156,0.4916666666666666,52,7,0,0,N/A,0.999999999999998,
PREPARED_BALANCED,TARGET_30_MIN,142584,360,4356,7382.921696925914,2006.6467422896,1170.8935513344004,6368.6354417760995,149.90256767399998,165,9.398008422600014,0.6403251143999569,0,5.326224686899877,17.69065400493361,-0.000710724386106475,-0.000710724386106475,97.57446261120002,0.40656026088000013,8,0,0,348,0,0.026207184877777935,0.4583333333333333,45,10,0,0,N/A,1.0000000000000013,
PREPARED_BALANCED,TARGET_30_MIN,166341,360,4367.999999999998,7441.638277017217,1936.3191500627995,1198.1813724784004,6364.494698458304,147.36650198330005,144,3.5999713699001177,0,3,12.90533017179996,17.679151940161955,-0.0009030232195231516,-0.0009030232195231516,99.84844770653332,0.41603519877722267,7,0,0,348,0,0.05725767502250062,0.4,38,10,1,0,N/A,0.9999999999999971,
PREPARED_BALANCED,TARGET_30_MIN,190098,360,4379.999999999999,7400.172439435712,1956.4771958248996,1206.2797303148998,6365.809612453902,147.26102197059973,144,2.859751776400003,1.192563175999993,3,11.138072593699832,17.68280447903862,-0.0008278412900404249,-0.0008278412900404249,100.52331085957493,0.41884712858156226,9,0,0,348,0,0.04515404211666601,0.4,41,7,1,0,N/A,1.0000000000000024,
PREPARED_BALANCED,TARGET_30_MIN,213855,360,4379.999999999998,7451.791024791913,1948.7743129485011,1161.650003087201,6352.509019445597,149.27563972679965,156,9.451503947999981,0.8931714416000318,0,21.146305164800083,17.64585838734888,-0.0014504793586623496,-0.0014504793586623496,96.80416692393344,0.40335069551638925,13,0,0,348,0,0.05084312610722241,0.43333333333333335,45,7,0,0,N/A,0.999999999999998,
PREPARED_BALANCED,TARGET_60_MIN,42,360,4352,7456.416183918427,1948.6991468934991,1151.1774038977999,6410.016540052895,80.69072523740004,201.00000000000006,8.96113144030005,0.4973398946999623,0.9448655741999801,11.580123037899966,17.80560150014693,-0.0010177527753287019,-0.0010177527753287019,95.9314503248167,0.39971437635340273,13,0,0,354,0,0.05024127513916628,0.5583333333333335,60,7,2,0,N/A,0.999999999999998,
PREPARED_BALANCED,TARGET_60_MIN,23799,360,4388,7463.836980828022,1903.3602345418972,1172.073385241599,6406.878554322302,85.85084506620021,180,2.598244400199974,0,3,19.52320127750039,17.796884873117506,-0.0011630298924861298,-0.0011630298924861298,97.67278210346649,0.40696992543111077,13,0,0,354,0,0.055950084680001864,0.5,52,8,1,0,N/A,1.0000000000000009,
PREPARED_BALANCED,TARGET_60_MIN,47556,360,4372,7374.907323975209,1989.218341031998,1190.2443444495,6411.341414383696,82.28857615960004,180,7.36265737770006,0,1.0785660620999806,12.217362176499933,17.809281706621377,-0.0009233216725648245,-0.0009233216725648245,99.18702870412491,0.4132792862671875,12,0,0,354,0,0.08016704258999978,0.5,54,6,1,0,N/A,1.0000000000000007,
PREPARED_BALANCED,TARGET_60_MIN,71313,360,4352,7467.782115248698,1940.1561667297951,1190.494911209398,6414.076894510602,82.48991230150008,153,2.3437925566000217,0,0,15.579312932800235,17.81688026252945,-0.0008297734022870496,-0.0008297734022870496,99.20790926744986,0.4133662886143743,12,0,0,354,0,0.07525932918250315,0.425,45,6,0,0,N/A,1.000000000000001,
PREPARED_BALANCED,TARGET_60_MIN,95070,360,4372.000000000002,7353.004273785629,1967.6614065502981,1205.1261416341986,6419.837523305801,84.3706547240999,198,0.6776779750999822,0.8274492497998835,0,10.657349469300115,17.832882009182782,-0.0005630776247314808,-0.0005630776247314808,100.42717846951653,0.4184465769563189,6,0,0,354,0,0.0495291755763898,0.55,57,9,0,0,N/A,1.0000000000000013,
PREPARED_BALANCED,TARGET_60_MIN,118827,360,4352,7406.633616367224,1982.727897097598,1141.2925472567983,6412.8309674834,85.51497179500006,219,9.396130470400067,1.06974753960003,0,8.703154506599901,17.813419354120555,-0.000887455209101852,-0.000887455209101852,95.10771227139986,0.3962821344641661,11,0,0,354,0,0.059021270018611266,0.6083333333333333,68,5,0,0,N/A,1.0000000000000016,
PREPARED_BALANCED,TARGET_60_MIN,142584,360,4340,7348.250367070013,2015.1069303048016,1216.9467865330002,6415.1659629898995,81.52995310229977,183,9.398008422600014,0,0,7.436028587499948,17.819905452749722,-0.0007793535652824055,-0.0007793535652824055,101.41223221108335,0.42255096754618066,11,0,0,354,0,0.06810547957944474,0.5083333333333333,54,7,0,0,N/A,0.9999999999999993,
PREPARED_BALANCED,TARGET_60_MIN,166341,360,4368,7395.363486250033,1978.6177397309991,1192.932433536799,6410.1048522159035,77.98148826629998,177,3.157540005000101,0,0,18.737607779099847,17.805846811710843,-0.0010136642492638858,-0.0010136642492638858,99.41103612806661,0.41421265053361084,14,0,0,354,0,0.0442990460058331,0.49166666666666664,53,6,0,0,N/A,0.9999999999999997,
PREPARED_BALANCED,TARGET_60_MIN,190098,360,4364,7380.362587526495,1973.7049525733978,1203.8903306649995,6410.803884101797,78.23824513330004,189,2.9805387838,0,3,15.215577114399593,17.807788566949437,-0.0009813016619536852,-0.0009813016619536852,100.32419422208325,0.41801747592534705,10,0,0,354,0,0.03419297537500058,0.525,57,6,1,0,N/A,1.0000000000000007,
PREPARED_BALANCED,TARGET_60_MIN,213855,360,4372,7438.390533539209,1944.3643725471018,1185.4383909816015,6402.740538813297,83.06616411880017,174,12.952484676599965,0,3,13.306976510100242,17.78539038559249,-0.0011986399989537047,-0.0011986399989537047,98.7865325818001,0.4116105524241672,9,0,0,354,0,0.06551110621222236,0.48333333333333334,52,6,1,0,N/A,1.0000000000000038,
PREPARED_BALANCED,TARGET_120_MIN,42,360,4355.999999999999,7421.379395983606,1970.331084252198,1167.5808382727018,6430.499454436601,44.20922705490011,210,8.96113144030005,0,0,16.539414123099363,17.862498484546112,-0.0011638970670425674,-0.0011638970670425674,97.2984031893918,0.4054100132891327,16,0,0,357,0,0.04980789596389204,0.5833333333333334,65,5,0,0,N/A,0.9999999999999987,
PREPARED_BALANCED,TARGET_120_MIN,23799,360,4372,7408.5754678683015,1940.1922753930944,1172.542084429199,6429.703050466499,45.987121842899995,231,2.598244400199974,0,3,20.69870513330028,17.86028625129583,-0.0012174513672916784,-0.0012174513672916784,97.71184036909989,0.40713266820458294,13,0,0,357,0,0.05214316984528217,0.6416666666666667,69,8,1,0,N/A,0.9999999999999983,
PREPARED_BALANCED,TARGET_120_MIN,47556,360,4364,7367.312934321495,1972.0256449202,1206.2279087580018,6440.338540672599,43.09497132769991,207,4.074074074100054,0,0,11.587385253299885,17.889829279646108,-0.0007250675614537014,-0.0007250675614537014,100.51899239650017,0.4188291349854173,10,0,0,357,0,0.05604624122361138,0.575,64,5,0,0,N/A,1.0000000000000024,
PREPARED_BALANCED,TARGET_120_MIN,71313,360,4368.000000000001,7438.363538694495,1975.722676936398,1146.3073361082984,6433.433528776099,43.17291948470006,195,5.247522733100027,0,3,14.318948490799244,17.870648691044718,-0.0010447440381434853,-0.0010447440381434853,95.52561134235819,0.39802338059315917,13,0,0,357,0,0.05996187019194517,0.5416666666666666,59,6,1,0,N/A,1.0000000000000018,
PREPARED_BALANCED,TARGET_120_MIN,95070,360,4376,7383.938290395598,1954.2301320067986,1184.3134554531018,6438.816664747903,49.70145739659989,213,0.6776779750999822,1.602562933099307,3,11.903094343900065,17.885601846521954,-0.0007955247801897848,-0.0007955247801897848,98.69278795442517,0.4112199498101048,11,0,0,357,0,0.06486165207416532,0.5916666666666667,61,10,1,0,N/A,0.9999999999999939,
PREPARED_BALANCED,TARGET_120_MIN,118827,360,4360,7420.38520403249,1985.9575663160008,1158.496638333299,6434.8088372297025,45.3517540885,195,9.396130470400067,1.06974753960003,0,10.725284760299985,17.874468992304728,-0.0009810723504768556,-0.0009810723504768556,96.54138652777488,0.40225577719906214,13,0,0,357,0,0.04464200644333371,0.5416666666666666,57,8,0,0,N/A,0.9999999999999993,
PREPARED_BALANCED,TARGET_120_MIN,142584,360,4348,7464.238872050597,1982.5350559819062,1149.3396547609009,6435.740816332802,46.145600873799935,174,10.436914994700004,0.6198967003999769,0,9.202371972099627,17.87705782314667,-0.0009379251697777598,-0.0009379251697777598,95.77830456340845,0.3990762690142017,18,0,0,357,0,0.09165329886305536,0.48333333333333334,51,7,0,0,N/A,1.000000000000004,
PREPARED_BALANCED,TARGET_120_MIN,166341,360,4372,7380.632789532202,1989.425069819103,1194.9658275361999,6439.9309009590015,46.04541215349994,177,0.2694876005001561,0.6756756757004041,3,12.123935764799143,17.888696947108336,-0.0007439397704166531,-0.0007439397704166531,99.58048562801669,0.41491869011673604,10,0,0,357,0,0.03660570911222057,0.49166666666666664,56,3,1,0,N/A,1.000000000000003,
PREPARED_BALANCED,TARGET_120_MIN,190098,360,4352,7471.112269479101,1953.3515643527942,1157.0321624408998,6443.632512226199,45.87149150099995,177,2.859751776400003,0,0,9.507735997399436,17.89897920062833,-0.0005725688784166408,-0.0005725688784166408,96.41934687007505,0.40174727862531245,13,0,0,357,0,0.04925791038750052,0.49166666666666664,53,6,0,0,N/A,1.000000000000004,
PREPARED_BALANCED,TARGET_120_MIN,213855,360,4352,7422.404278380897,1968.076804366108,1163.9936420246027,6435.915515407398,47.60975982100007,210,6.512017072399999,0.4019910951001293,3,10.170476425100304,17.877543098353883,-0.0009298372496574268,-0.0009298372496574268,96.99947016871687,0.40416445903632037,8,0,0,357,0,0.030247611794168468,0.5833333333333334,63,7,1,0,N/A,1.0000000000000007,
PREPARED_BALANCED,TARGET_180_MIN,42,360,4372,7434.699037645388,1970.5306858031024,1152.0913877841062,6435.767239970899,33.9116487965,201,9.89140848580007,2.1863658226999974,0,16.154985720600678,17.877131222141387,-0.0013070722235694777,-0.0013070722235694777,96.00761564867548,0.4000317318694813,21,0,0,358,0,0.052467225387775485,0.5583333333333333,61,6,0,0,N/A,1,
PREPARED_BALANCED,TARGET_180_MIN,23799,360,4360,7457.196333025908,1912.417150233405,1171.736073394894,6440.671629669399,32.97881367640008,225,2.598244400199974,0.5432238510002207,0,20.186902079400454,17.890754526859443,-0.0010800171449352146,-0.0010800171449352146,97.64467278290779,0.406852803262116,8,0,0,358,0,0.06291382210083611,0.625,64,11,0,0,N/A,0.9999999999999997,
PREPARED_BALANCED,TARGET_180_MIN,47556,360,4384,7365.471950457401,1973.5791793631986,1185.688627373694,6443.4010483394,31.859194466299925,216,7.915303267400077,0.7590324865996081,0,11.924615906600593,17.898336245387224,-0.0009536551694722356,-0.0009536551694722356,98.80738561447454,0.41169744006031045,11,0,0,358,0,0.03255670349750106,0.6,63,9,0,0,N/A,1.0000000000000024,
PREPARED_BALANCED,TARGET_180_MIN,71313,360,4364,7397.895800009498,1970.7982407524025,1172.4432156418943,6446.0530731657,32.80967043050015,216,2.3437925566000217,0,3,12.603134277699382,17.905702981015832,-0.0008308762423286761,-0.0008308762423286761,97.70360130349125,0.40709833876454665,17,0,0,358,0,0.06551320042222086,0.6,57,15,1,0,N/A,0.999999999999999,
PREPARED_BALANCED,TARGET_180_MIN,95070,360,4368,7408.662954919212,1989.9999364634004,1149.0556455575988,6450.4687066061015,32.81275645370002,200.9999999999991,3.7420293541000547,1.602562933099307,0,8.186701106699488,17.91796862946139,-0.0006264487682360577,-0.0006264487682360577,95.75463712979993,0.3989776547074996,14,0,0,358,0,0.06917720616222722,0.5583333333333308,64,3,0,0,N/A,1.000000000000002,
PREPARED_BALANCED,TARGET_180_MIN,118827,360,4364,7465.464944963586,1942.230279690106,1163.28686867991,6441.042037764202,31.975868902200148,192,9.396130470400067,1.06974753960003,0,12.492084225798692,17.891783438233894,-0.0010628686220277208,-0.0010628686220277208,96.94057238999251,0.4039190516249687,11,0,0,358,0,0.0822425636444431,0.5333333333333333,59,5,0,0,N/A,1.000000000000002,
PREPARED_BALANCED,TARGET_180_MIN,142584,360,4352,7383.078436564706,1990.9631171306103,1176.7120848346915,6442.443913854502,32.80244761549994,222,9.398008422600014,0,3,9.158077722897929,17.89567753848473,-0.0009979669511804607,-0.0009979669511804607,98.05934040289095,0.40858058501204564,10,0,0,358,0,0.06744383470111615,0.6166666666666667,62,12,1,0,N/A,0.9999999999999977,
PREPARED_BALANCED,TARGET_180_MIN,166341,360,4372,7411.912543756696,1922.9412023066034,1168.0818274041044,6441.652208897701,31.41221763490006,252,4.510372664000101,0.6756756757004041,3,14.161742762599147,17.89347835804917,-0.0010346199584397987,-0.0010346199584397987,97.34015228367537,0.40558396784864736,10,0,0,358,0,0.03095649883082956,0.7,76,8,1,0,N/A,1.0000000000000007,
PREPARED_BALANCED,TARGET_180_MIN,190098,360,4364,7469.779589747422,1911.6686763054909,1152.5864863313036,6451.4895591082,34.4756885075999,216,2.859751776400003,0.6749071327999445,0,8.975781982600324,17.92080433085611,-0.0005791870783240865,-0.0005791870783240865,96.04887386094197,0.4002036410872582,13,0,0,358,0,0.06966495229417356,0.6,69,3,0,0,N/A,1.0000000000000018,
PREPARED_BALANCED,TARGET_180_MIN,213855,360,4348,7453.265453376599,1962.9241428374098,1161.848600468502,6439.0903738413,30.871429476200035,204,6.084500581000043,0,3,15.825125577700163,17.886362149559165,-0.0011532234332731564,-0.0011532234332731564,96.8207167057085,0.40341965294045207,13,0,0,358,0,0.09439160495526866,0.5666666666666667,63,5,1,0,N/A,1.0000000000000004,
EFFICIENCY_FIRST,NEVER,42,360,4352,7528.468263671219,1886.892540280898,1163.885492244287,6456.572379632897,14.181324170700009,198,0,4,0,11.427620367103685,17.934923276758045,-0.0007142416836622081,-0.0007142416836622081,96.9904576870239,0.4041269070292663,17,0,0,359,0,0.03772617311889361,0.55,55,11,0,0,N/A,1,
EFFICIENCY_FIRST,NEVER,23799,360,4336,7377.639587904216,1976.0100739709894,1212.7701390017955,6459.5983582562985,15.981840866700054,222,1.8425700042000699,0,3,7.559071739501178,17.943328772934162,-0.0005741500807269096,-0.0005741500807269096,101.06417825014962,0.4211007427089568,11,0,0,359,0,0.06619402978222064,0.6166666666666667,70,4,1,0,N/A,1,
EFFICIENCY_FIRST,NEVER,47556,360,4348,7457.586301362904,1956.9411072334935,1167.8869064690023,6456.0560850365,12.52959989810006,201,0,1.9461926967999261,0,13.997722266700634,17.93348912510139,-0.0007381442112731742,-0.0007381442112731742,97.32390887241687,0.4055162869684036,14,0,0,359,0,0.053548214944452055,0.5583333333333333,60,7,0,0,N/A,1,
EFFICIENCY_FIRST,NEVER,71313,360,4352,7458.118503967192,1918.5650558800958,1179.9008756902126,6456.617785523999,15.797778938499789,219,0,0,0,15.382214476000499,17.935049404233332,-0.0007121395590740973,-0.0007121395590740973,98.3250729741844,0.4096878040591016,15,0,0,359,0,0.06542099297972123,0.6083333333333333,64,9,0,0,N/A,1,
EFFICIENCY_FIRST,NEVER,95070,360,4360,7426.414643179202,1967.735339271488,1171.6091884988082,6460.018658191501,13.222170859000016,201,0,0,0,11.981341808498613,17.944496272754172,-0.0005546917503934548,-0.0005546917503934548,97.63409904156734,0.4068087460065306,12,0,0,359,0,0.06549684341527282,0.5583333333333333,65,2,0,0,N/A,1,
EFFICIENCY_FIRST,NEVER,118827,360,4348,7431.688754582504,1962.0842928531024,1200.9462855348943,6461.300043776,12.98062325349997,183,0,0.5952380952003296,0,10.104718128799732,17.948055677155555,-0.0004953683437037071,-0.0004953683437037071,100.07885712790787,0.4169952380329494,10,0,0,359,0,0.05936755240276423,0.5083333333333333,55,6,0,0,N/A,1,
EFFICIENCY_FIRST,NEVER,142584,360,4348,7391.743164980984,1944.067791191505,1173.0412591089098,6462.678158508601,16.469626210000285,264,1.223926426900107,0.9493670885999563,0,7.148547975898964,17.951883773635004,-0.0004315667357129177,-0.0004315667357129177,97.7534382590758,0.40730599274614926,18,0,0,359,0,0.04916185855330847,0.7333333333333333,81,7,0,0,N/A,1,
EFFICIENCY_FIRST,NEVER,166341,360,4368,7510.6559664995975,1894.0784737144113,1176.3279448319918,6447.9005860837,17.03702887030005,186,4.659543195600008,0,0,19.439870720700384,17.91083496134361,-0.0011157136072361279,-0.0011157136072361279,98.02732873599929,0.4084472030666638,12,0,0,359,0,0.04550948756972654,0.5166666666666667,53,9,0,0,N/A,1,
EFFICIENCY_FIRST,NEVER,190098,360,4360,7400.176010618861,1951.821566726123,1203.7188316835145,6461.695982336702,15.587608634799778,207,0,2.453255171497858,0,7.850762491799969,17.94915550649084,-0.00047703785478230655,-0.00047703785478230655,100.30990264029286,0.417957927667887,16,0,0,359,0,0.03623327923832373,0.575,57,12,0,0,N/A,1,
EFFICIENCY_FIRST,NEVER,213855,360,4336,7443.603305867314,1933.5225633965947,1171.4930386418907,6463.114435495201,15.26665659899993,237,0,0,0,8.885564504799362,17.953095654153337,-0.00041136872707404437,-0.00041136872707404437,97.62441988682424,0.40676841619510096,13,0,0,359,0,0.09047714127499905,0.6583333333333333,70,9,0,0,N/A,1,
EFFICIENCY_FIRST,AS_SOON_AS_ELIGIBLE,42,360,4364.000000000002,7436.00188902421,1951.681752497597,1234.3659781388003,6359.814979999603,116.13540033979996,138,0,0,0,24.185020000400158,17.666152722221117,-0.001119676851870378,-0.001119676851870378,102.86383151156669,0.42859929796486107,9,0,0,348,0,0.03467749724222268,0.38333333333333336,41,5,0,0,N/A,1.0000000000000018,
EFFICIENCY_FIRST,AS_SOON_AS_ELIGIBLE,23799,360,4343.999999999996,7406.261517747701,1957.9508798990014,1224.5770797221992,6375.379158719401,120.83136391170011,171,4.994079122100061,0.4594260911001129,0,3.1673360674001287,17.709386551998335,-0.00029129283185649034,-0.00029129283185649034,102.04808997684991,0.4252003749035414,12,0,0,348,0,0.061807976408889236,0.475,53,4,0,0,N/A,1.000000000000001,
EFFICIENCY_FIRST,AS_SOON_AS_ELIGIBLE,47556,360,4375.999999999999,7480.61176365672,1895.4924280086002,1223.226063406898,6367.155830203597,119.51391472419996,138,0,1.095370235100063,0,15.748799561299961,17.68654397278777,-0.0007556243336018478,-0.0007556243336018478,101.93550528390824,0.4247312720162842,12,0,0,348,0,0.04135867822222371,0.38333333333333336,37,9,0,0,N/A,0.999999999999998,
EFFICIENCY_FIRST,AS_SOON_AS_ELIGIBLE,71313,360,4348,7420.638209461629,1948.3208832520977,1221.6578873513997,6369.386578403202,114.99644153169977,177,0,0.6421494024999674,0,13.971272194300113,17.69274049556445,-0.0006765472961481516,-0.0006765472961481516,101.80482394595,0.42418676644145825,7,0,0,348,0,0.030727727689721953,0.49166666666666664,51,8,0,0,N/A,1.0000000000000049,
EFFICIENCY_FIRST,AS_SOON_AS_ELIGIBLE,95070,360,4352.000000000002,7457.334712895393,1919.7700496112004,1216.728082045899,6374.8516632747,117.31549217279985,162,0,0,0,9.148336725300162,17.707921286874164,-0.0004235341076527853,-0.0004235341076527853,101.3940068371583,0.4224750284881597,4,0,0,348,0,0.0735367371888889,0.45,47,7,0,0,N/A,1.0000000000000029,
EFFICIENCY_FIRST,AS_SOON_AS_ELIGIBLE,118827,360,4335.999999999998,7311.194857998013,2052.603409479501,1253.9746157643003,6372.5311004783,120.69601627990002,153,0,7.937548256000014,0,3.531351265699982,17.70147527910639,-0.0005309675704490737,-0.0005309675704490737,104.49788464702503,0.43540785269593746,10,0,0,348,0,0.06611428955722154,0.425,48,3,0,0,N/A,1.000000000000004,
EFFICIENCY_FIRST,AS_SOON_AS_ELIGIBLE,142584,360,4376.000000000002,7422.7338050663175,1915.4833152454003,1180.7934433752012,6367.616485847997,121.37295046510002,216,3.7032652699000437,0.9493670885999563,0,11.730881793499861,17.687823571799992,-0.000758496025555549,-0.000758496025555549,98.39945361460008,0.4099977233941669,14,0,0,348,0,0.03312000586000041,0.6,59,13,0,0,N/A,0.9999999999999998,
EFFICIENCY_FIRST,AS_SOON_AS_ELIGIBLE,166341,360,4387.999999999998,7450.178216695408,1901.6616688439992,1209.0975123720004,6360.738591568004,122.32401052060015,168,4.659543195600008,3.7871805760998996,0,14.814684660299918,17.668718309911124,-0.0010577354215370249,-0.0010577354215370249,100.75812603099995,0.4198255251291665,12,0,0,348,0,0.05859996176444431,0.4666666666666667,48,8,0,0,N/A,0.9999999999999974,
EFFICIENCY_FIRST,AS_SOON_AS_ELIGIBLE,190098,360,4328.000000000002,7360.223039295042,2020.1911776009993,1233.703233411999,6381.5374642405,123.34508545149973,153,0,0,0,2.4625357595000423,17.726492956223613,-0.00011400628516203906,-0.00011400628516203906,102.80860278433326,0.4283691782680554,12,0,0,348,0,0.04764639133861218,0.425,46,5,0,0,N/A,0.9999999999999963,
EFFICIENCY_FIRST,AS_SOON_AS_ELIGIBLE,213855,360,4355.999999999998,7430.346720542726,1919.088896266402,1234.3710584880996,6371.454054496399,114.73927020639974,174,1.9149909964000358,0,0,10.63095450720013,17.69848348471222,-0.0005808308103518596,-0.0005808308103518596,102.8642548740083,0.4286010619750347,6,0,0,348,0,0.07694267524416504,0.48333333333333334,48,10,0,0,N/A,0.9999999999999984,
EFFICIENCY_FIRST,TARGET_30_MIN,42,360,4364.000000000002,7436.00188902421,1951.681752497597,1234.3659781388003,6359.814979999603,116.13540033979996,138,0,0,0,24.185020000400158,17.666152722221117,-0.001119676851870378,-0.001119676851870378,102.86383151156669,0.42859929796486107,9,0,0,348,0,0.03467749724222268,0.38333333333333336,41,5,0,0,N/A,1.0000000000000018,
EFFICIENCY_FIRST,TARGET_30_MIN,23799,360,4343.999999999996,7406.261517747701,1957.9508798990014,1224.5770797221992,6375.379158719401,120.83136391170011,171,4.994079122100061,0.4594260911001129,0,3.1673360674001287,17.709386551998335,-0.00029129283185649034,-0.00029129283185649034,102.04808997684991,0.4252003749035414,12,0,0,348,0,0.061807976408889236,0.475,53,4,0,0,N/A,1.000000000000001,
EFFICIENCY_FIRST,TARGET_30_MIN,47556,360,4375.999999999999,7480.61176365672,1895.4924280086002,1223.226063406898,6367.155830203597,119.51391472419996,138,0,1.095370235100063,0,15.748799561299961,17.68654397278777,-0.0007556243336018478,-0.0007556243336018478,101.93550528390824,0.4247312720162842,12,0,0,348,0,0.04135867822222371,0.38333333333333336,37,9,0,0,N/A,0.999999999999998,
EFFICIENCY_FIRST,TARGET_30_MIN,71313,360,4348,7420.638209461629,1948.3208832520977,1221.6578873513997,6369.386578403202,114.99644153169977,177,0,0.6421494024999674,0,13.971272194300113,17.69274049556445,-0.0006765472961481516,-0.0006765472961481516,101.80482394595,0.42418676644145825,7,0,0,348,0,0.030727727689721953,0.49166666666666664,51,8,0,0,N/A,1.0000000000000049,
EFFICIENCY_FIRST,TARGET_30_MIN,95070,360,4352.000000000002,7457.334712895393,1919.7700496112004,1216.728082045899,6374.8516632747,117.31549217279985,162,0,0,0,9.148336725300162,17.707921286874164,-0.0004235341076527853,-0.0004235341076527853,101.3940068371583,0.4224750284881597,4,0,0,348,0,0.0735367371888889,0.45,47,7,0,0,N/A,1.0000000000000029,
EFFICIENCY_FIRST,TARGET_30_MIN,118827,360,4335.999999999998,7311.194857998013,2052.603409479501,1253.9746157643003,6372.5311004783,120.69601627990002,153,0,7.937548256000014,0,3.531351265699982,17.70147527910639,-0.0005309675704490737,-0.0005309675704490737,104.49788464702503,0.43540785269593746,10,0,0,348,0,0.06611428955722154,0.425,48,3,0,0,N/A,1.000000000000004,
EFFICIENCY_FIRST,TARGET_30_MIN,142584,360,4376.000000000002,7422.7338050663175,1915.4833152454003,1180.7934433752012,6367.616485847997,121.37295046510002,216,3.7032652699000437,0.9493670885999563,0,11.730881793499861,17.687823571799992,-0.000758496025555549,-0.000758496025555549,98.39945361460008,0.4099977233941669,14,0,0,348,0,0.03312000586000041,0.6,59,13,0,0,N/A,0.9999999999999998,
EFFICIENCY_FIRST,TARGET_30_MIN,166341,360,4387.999999999998,7450.178216695408,1901.6616688439992,1209.0975123720004,6360.738591568004,122.32401052060015,168,4.659543195600008,3.7871805760998996,0,14.814684660299918,17.668718309911124,-0.0010577354215370249,-0.0010577354215370249,100.75812603099995,0.4198255251291665,12,0,0,348,0,0.05859996176444431,0.4666666666666667,48,8,0,0,N/A,0.9999999999999974,
EFFICIENCY_FIRST,TARGET_30_MIN,190098,360,4328.000000000002,7360.223039295042,2020.1911776009993,1233.703233411999,6381.5374642405,123.34508545149973,153,0,0,0,2.4625357595000423,17.726492956223613,-0.00011400628516203906,-0.00011400628516203906,102.80860278433326,0.4283691782680554,12,0,0,348,0,0.04764639133861218,0.425,46,5,0,0,N/A,0.9999999999999963,
EFFICIENCY_FIRST,TARGET_30_MIN,213855,360,4355.999999999998,7430.346720542726,1919.088896266402,1234.3710584880996,6371.454054496399,114.73927020639974,174,1.9149909964000358,0,0,10.63095450720013,17.69848348471222,-0.0005808308103518596,-0.0005808308103518596,102.8642548740083,0.4286010619750347,6,0,0,348,0,0.07694267524416504,0.48333333333333334,48,10,0,0,N/A,0.9999999999999984,
EFFICIENCY_FIRST,TARGET_60_MIN,42,360,4363.999999999998,7472.523089862704,1923.0513497483992,1188.9288093136008,6415.077781197699,62.41896987760002,174,0,0,3,13.922218802300257,17.81966050332694,-0.000783436055662049,-0.000783436055662049,99.07740077613342,0.4128225032338892,15,0,0,354,0,0.03791557158694461,0.48333333333333334,50,8,1,0,N/A,0.9999999999999974,
EFFICIENCY_FIRST,TARGET_60_MIN,23799,360,4340,7428.1751815874,1931.655092786398,1213.9929505477994,6418.539250344198,66.63752473420024,201,7.320634878600089,0,0,6.140114777199926,17.82927569540055,-0.0006231828544351859,-0.0006231828544351859,101.16607921231667,0.42152533005131926,16,0,0,354,0,0.08241484873361328,0.5583333333333333,61,6,0,0,N/A,1.000000000000001,
EFFICIENCY_FIRST,TARGET_60_MIN,47556,360,4356,7439.655351173926,1928.8309688633,1215.7084285460005,6419.493654275702,63.311597141100094,177,0,2.586848728599989,0,9.919496995700115,17.831926817432507,-0.0005789974872361163,-0.0005789974872361163,101.30903571216678,0.4221209821340281,12,0,0,354,0,0.09856160331750051,0.49166666666666664,50,9,0,0,N/A,0.9999999999999981,
EFFICIENCY_FIRST,TARGET_60_MIN,71313,360,4368,7422.7235251693855,1933.004947457997,1208.2061003705003,6413.7689573530015,65.29646964909995,189,2.673917783200011,0,0,15.557124863800041,17.816024881536116,-0.0008440297521759285,-0.0008440297521759285,100.68384169754172,0.4195160070730904,14,0,0,354,0,0.09391069586583439,0.525,53,10,0,0,N/A,0.9999999999999987,
EFFICIENCY_FIRST,TARGET_60_MIN,95070,360,4356.000000000004,7461.345025025919,1923.1632767591989,1198.4228721640004,6426.2247167523,63.84410929860002,171.00000000000003,0,0,0,5.7752832477003295,17.850624213200835,-0.0002673742244305707,-0.0002673742244305707,99.86857268033332,0.4161190528347224,13,0,0,354,0,0.08860755912055687,0.4750000000000001,54,3,0,0,N/A,0.9999999999999974,
EFFICIENCY_FIRST,TARGET_60_MIN,118827,360,4335.999999999998,7379.678196243289,2025.9710460266024,1210.6265300428995,6428.947541957001,62.7766857302,156,0,0,0,3.052458043000115,17.858187616547223,-0.00014131750199074586,-0.00014131750199074586,100.88554417024157,0.4203564340426734,10,0,0,354,0,0.059612098576668715,0.43333333333333335,48,4,0,0,N/A,1.0000000000000038,
EFFICIENCY_FIRST,TARGET_60_MIN,142584,360,4380,7421.079068935907,1938.5601708476966,1207.6261376101004,6412.0738280839,66.66079452240024,174.00000000000003,4.824953124400054,0.9493670885999563,0,14.151851703099979,17.811316189121943,-0.0009225079590787032,-0.0009225079590787032,100.63551146750831,0.4193146311146182,9,0,0,354,0,0.042347865020553856,0.4833333333333334,55,3,0,0,N/A,0.9999999999999984,
EFFICIENCY_FIRST,TARGET_60_MIN,166341,360,4375.999999999998,7477.809002033222,1901.4024678397989,1192.950268330799,6405.271502695199,66.56675910100029,180,7.485322592700072,0.5823543827000321,0,18.660820329400167,17.792420840819997,-0.0012374304307777896,-0.0012374304307777896,99.41252236089996,0.4142188431704163,15,0,0,354,0,0.042369084911669574,0.5,54,6,0,0,N/A,0.9999999999999973,
EFFICIENCY_FIRST,TARGET_60_MIN,190098,360,4360,7374.3340919032125,1962.324365719697,1211.1760157311016,6424.7080559397,63.45747070629969,204,0,0,0,7.291944060299933,17.846411266499167,-0.00033759000279166346,-0.00033759000279166346,100.93133464425848,0.4205472276844103,12,0,0,354,0,0.054236962175837455,0.5666666666666667,55,13,0,0,N/A,1.0000000000000018,
EFFICIENCY_FIRST,TARGET_60_MIN,213855,360,4348.000000000002,7415.582788059115,1917.6566480139002,1223.127325035702,6423.712666283996,67.92057260729993,204,0,0,0,8.287333716000433,17.843646295233324,-0.0003836728572222421,-0.0003836728572222421,101.92727708630848,0.4246969878596184,10,0,0,354,0,0.0646079739244438,0.5666666666666667,61,7,0,0,N/A,0.9999999999999971,
EFFICIENCY_FIRST,TARGET_120_MIN,42,360,4360.000000000002,7435.6711920095195,1941.669259764995,1198.4237857634018,6438.740191449799,36.49557101230005,189,0,4,0,13.259808550199722,17.885389420693887,-0.0007990652106573945,-0.0007990652106573945,99.86864881361679,0.41611937005673677,13,0,0,357,0,0.06015852553555748,0.525,61,2,0,0,N/A,0.9999999999999983,
EFFICIENCY_FIRST,TARGET_120_MIN,23799,360,4344.000000000001,7390.066375291199,1952.0128354495005,1221.2661041708006,6442.7009149382,39.95377015030007,210,1.8425700042000699,2.218320400100069,0,9.238194657499804,17.89639143038389,-0.0006156983824907382,-0.0006156983824907382,101.77217534756673,0.4240507306148613,14,0,0,357,0,0.07548717513139261,0.5833333333333334,65,5,0,0,N/A,0.9999999999999987,
EFFICIENCY_FIRST,TARGET_120_MIN,47556,360,4368,7450.452141611421,1926.599550327599,1196.537197539199,6437.987562984699,34.42354753710012,186,0,1.9461926967999261,0,16.066244318500026,17.883298786068607,-0.000833909121078701,-0.000833909121078701,99.71143312826656,0.4154643047011108,13,0,0,357,0,0.07545251986166872,0.5166666666666667,56,6,0,0,N/A,0.9999999999999973,
EFFICIENCY_FIRST,TARGET_120_MIN,71313,360,4364,7448.802248764325,1947.9738535338986,1185.3484420445975,6434.862582911199,36.0128727459998,183,0,0.64606494760028,0,20.491352141199897,17.87461828586444,-0.0009785841244814894,-0.0009785841244814894,98.7790368370498,0.41157932015437415,17,0,0,357,0,0.05896699769805799,0.5083333333333333,54,7,0,0,N/A,1.0000000000000004,
EFFICIENCY_FIRST,TARGET_120_MIN,95070,360,4360,7412.49890097901,1935.1910020512025,1206.531566797505,6447.881216158403,36.89731401390003,201,0,0,0,8.118783841600347,17.910781155995565,-0.00037586962229631206,-0.00037586962229631206,100.54429723312549,0.4189345718046893,7,0,0,357,0,0.0645001995124989,0.5583333333333333,61,6,0,0,N/A,1.0000000000000038,
EFFICIENCY_FIRST,TARGET_120_MIN,118827,360,4348,7372.1824048670105,2011.659120148503,1208.9586018973987,6441.238576055799,34.961297031300006,183,0,0.5657490970997969,0,14.195674847100577,17.892329377932775,-0.0006833992566759432,-0.0006833992566759432,100.74655015811659,0.41977729232548566,15,0,0,357,0,0.048066569749998206,0.5083333333333333,54,7,0,0,N/A,1.0000000000000027,
EFFICIENCY_FIRST,TARGET_120_MIN,142584,360,4352,7423.4595766121165,1952.142904736094,1209.1568549468,6442.9297994505,40.3108642545003,180,1.223926426900107,0.9493670885999563,0,10.896907033999824,17.897027220695833,-0.000605101877291661,-0.000605101877291661,100.76307124556665,0.4198461301898611,12,0,0,357,0,0.06598897179805381,0.5,55,5,0,0,N/A,1.0000000000000027,
EFFICIENCY_FIRST,TARGET_120_MIN,166341,360,4372,7486.577625976503,1902.822016787499,1203.3893310943022,6430.6317954766,36.57923066510003,168,4.659543195600008,0,0,20.708661327800414,17.86286609854611,-0.0011744539131203896,-0.0011744539131203896,100.28244425785847,0.41784351774107714,15,0,0,357,0,0.03676784281805671,0.4666666666666667,45,11,0,0,N/A,0.9999999999999958,
EFFICIENCY_FIRST,TARGET_120_MIN,190098,360,4336.000000000001,7404.144414072802,1981.994010679299,1196.8248071445992,6453.271471116697,35.76529698659968,192,0,0.6382978722999724,0,2.0902310109996733,17.92575408643527,-0.00012632078163424281,-0.00012632078163424281,99.73540059538324,0.4155641691474303,13,0,0,357,0,0.051801875638612195,0.5333333333333333,59,5,0,0,N/A,1.000000000000002,
EFFICIENCY_FIRST,TARGET_120_MIN,213855,360,4344.000000000001,7419.313266759406,1908.2465616516006,1225.2735631848977,6447.595999073399,36.57060933069988,219,3.0852897497999834,0,0.43320466489990395,4.885506511900331,17.909988886315,-0.00038907411697223224,-0.00038907411697223224,102.10613026540814,0.4254422094392006,9,0,0,357,0,0.10363317195305599,0.6083333333333333,65,8,1,0,N/A,1.0000000000000018,
EFFICIENCY_FIRST,TARGET_180_MIN,42,360,4343.999999999999,7452.738648073505,1935.443858877096,1201.608216528897,6449.1078435619,25.1014329586001,192,0,4,0,10.892156438100159,17.91418845433861,-0.0006894516869490817,-0.0006894516869490817,100.13401804407468,0.41722507518364477,13,0,0,358,0,0.03100294786805888,0.5333333333333333,59,5,0,0,N/A,0.9999999999999993,
EFFICIENCY_FIRST,TARGET_180_MIN,23799,360,4332,7371.317520913908,1978.3048724547943,1241.425324710298,6459.6386956601,25.31358626090008,192,1.8425700042000699,0,0,2.5187343357001737,17.943440821278056,-0.00020191223795834457,-0.00020191223795834457,103.45211039252489,0.43105045996885344,12,0,0,358,0,0.0742553767544466,0.5333333333333333,58,6,0,0,N/A,1,
EFFICIENCY_FIRST,TARGET_180_MIN,47556,360,4368,7441.61712096632,1935.1871904481914,1189.7707928088985,6444.6692340734,22.755661703200076,198,0,2.541386388699948,3,13.78937953789989,17.90185898353722,-0.0008949428669722151,-0.0008949428669722151,99.14756606740828,0.4131148586142009,13,0,0,358,0,0.05668311711555955,0.55,56,10,1,0,N/A,0.9999999999999967,
EFFICIENCY_FIRST,TARGET_180_MIN,71313,360,4364,7424.739263733619,1928.6471844418977,1207.9939890886008,6443.553651749498,27.065910986399757,204,2.790597831899987,0,0,17.6557504186011,17.898760143748607,-0.0009465901967824578,-0.0009465901967824578,100.66616575738345,0.4194423573224308,14,0,0,358,0,0.04831945350250256,0.5666666666666667,59,9,0,0,N/A,1.0000000000000027,
EFFICIENCY_FIRST,TARGET_180_MIN,95070,360,4348.000000000001,7358.017197192002,1982.867411227993,1194.0124916707064,6457.8863644096,25.2165354997,234,0,0,0,6.113635590400875,17.93857323447111,-0.00028303868474078143,-0.00028303868474078143,99.50104097255887,0.41458767071899527,13,0,0,358,0,0.07692598059721681,0.65,76,2,0,0,N/A,0.9999999999999993,
EFFICIENCY_FIRST,TARGET_180_MIN,118827,360,4344,7386.809658774802,1957.9167000518003,1200.6590012625988,6453.6073372431,23.007302667699946,234.00000000000045,0,0.5952380952003296,0,9.797424661699779,17.9266870478975,-0.00048114179430093105,-0.00048114179430093105,100.05491677188331,0.41689548654951347,10,0,0,358,0,0.08247610153499825,0.6500000000000012,72,6,0,0,N/A,0.9999999999999963,
EFFICIENCY_FIRST,TARGET_180_MIN,142584,360,4347.999999999999,7418.0786211718,1953.8342044704032,1193.9877366807095,6455.6418340905,26.45760358660027,204,1.223926426900107,0.9493670885999563,0,6.18487239399974,17.932338428029166,-0.00038695212543980555,-0.00038695212543980555,99.49897805672585,0.41457907523635745,18,0,0,358,0,0.044891006911385985,0.5666666666666667,63,5,0,0,N/A,0.9999999999999967,
EFFICIENCY_FIRST,TARGET_180_MIN,166341,360,4356,7498.197230682698,1908.1706421990057,1185.1064395318976,6444.214938552301,28.310749034100155,180,4.659543195600008,0,0,15.125518252100193,17.90059705153417,-0.0009159750670231569,-0.0009159750670231569,98.75886996099153,0.4114952915041311,17,0,0,358,0,0.07118457564694627,0.5,51,9,0,0,N/A,0.9999999999999993,
EFFICIENCY_FIRST,TARGET_180_MIN,190098,360,4340,7342.691637727176,1984.1231684836073,1230.3413227208034,6460.681186996202,26.16268407219968,215.9999999999991,0,1.3500754181000048,0,1.9687375856990457,17.946336630545005,-0.00015364875017588188,-0.00015364875017588188,102.52844356006698,0.42720184816694556,13,0,0,358,0,0.06220542928888462,0.5999999999999974,61,11,0,0,N/A,0.9999999999999961,
EFFICIENCY_FIRST,TARGET_180_MIN,213855,360,4344.000000000001,7448.112054725502,1925.7878288892982,1193.3119619595004,6441.114435495199,25.67371893049983,222,0,6,0,16.885564504799362,17.89198454304222,-0.0010595168752221926,-0.0010595168752221926,99.44266349662507,0.41434443123593767,14,0,0,358,0,0.11411514103972406,0.6166666666666667,65,9,0,0,N/A,1.000000000000001,
QUALITY_FIRST,NEVER,42,360,4708,8785.157062971128,1056.9165716834855,668.4247055832911,6188.848030795894,21.653628966200074,171.00000000000045,11.835984582399988,11.193312283397972,6,254.12267233830812,17.191244529988595,-0.013108887463153073,-0.013108887463153073,55.7020587986076,0.23209191166086499,67,0,0,359,0,0.12895127210332727,0.47500000000000125,51,6,2,0,N/A,1,
QUALITY_FIRST,NEVER,23799,360,4736,8775.133965237297,1037.9004436640048,684.1453637578036,6135.286771312294,21.53345602859997,210,8.749752324899987,8.926459719199784,12.221626558599837,306.8153900850059,17.042463253645263,-0.015588575402208591,-0.015588575402208591,57.01211364648362,0.23755047352701514,66,0,0,359,0,0.12980451023723202,0.5833333333333334,58,12,5,0,N/A,1,
QUALITY_FIRST,NEVER,47556,360,4652,8564.734464459787,1198.2924259021202,719.3555187027913,6228.292971381502,21.32461955380012,216,4.1653116531999785,8.482015274698142,13.99999999999909,217.05970169060106,17.300813809393063,-0.01128273280641195,-0.01128273280641195,59.946293225232615,0.24977622177180253,66,0,0,359,0,0.10850702518637578,0.6,62,10,6,0,N/A,1,
QUALITY_FIRST,NEVER,71313,360,4732,8731.13425060437,1051.4853582934056,693.540324656019,6174.016572448906,19.823493997299977,198,3.3603975981999383,9.44425394749851,9.156963021199772,276.02181298419555,17.150046034580296,-0.01377056469095312,-0.01377056469095312,57.795027054668246,0.2408126127277844,77,0,0,359,0,0.11011806041472785,0.55,59,7,4,0,N/A,1,
QUALITY_FIRST,NEVER,95070,360,4772,8950.246210033485,918.1151978232855,622.1256107414158,6114.486258260513,22.026723141299954,201,6.139147383699992,15.185691510995639,14.204369193201273,321.9845336515902,16.984684050723647,-0.016390466062166008,-0.016390466062166008,51.84380089511799,0.2160158370629916,83,0,0,359,0,0.14277754188304292,0.5583333333333333,56,11,6,0,N/A,1,
QUALITY_FIRST,NEVER,118827,360,4704,8677.949228048396,1122.9453628095891,692.8308691032031,6160.586505850912,19.68803418790003,222,0.8318333332999828,15.247291977000714,18.709166666700185,276.62520217218537,17.112740294030036,-0.014347252176402748,-0.014347252176402748,57.73590575860025,0.24056627399416775,68,0,0,359,0,0.0957215568077787,0.6166666666666667,62,12,7,0,N/A,1,
QUALITY_FIRST,NEVER,142584,360,4708,8802.312280029386,1039.0848733846078,651.5479405813026,6181.179150107704,19.875755897000147,198,8.210680653500162,8.385383847898993,3.7533333334004055,270.47145205759614,17.169942083632233,-0.013463928235759053,-0.013463928235759053,54.29566171510855,0.22623192381295226,66,0,0,359,0,0.10803911798305926,0.55,61,5,2,0,N/A,1,
QUALITY_FIRST,NEVER,166341,360,4672,8711.139670361206,1118.238922815493,680.161286516008,6192.113890198193,22.346230109099963,204,4.618710718499983,14.154280997506248,3.253787878798903,257.8593302070018,17.20031636166165,-0.01295769026860218,-0.01295769026860218,56.680107209667334,0.23616711337361387,69,0,0,359,0,0.10503886426501796,0.5666666666666667,59,9,2,0,N/A,1,
QUALITY_FIRST,NEVER,190098,360,4692,8718.928544918306,1033.6743492348019,704.774571515599,6203.132750041594,22.48978428970014,225,2.3910188577000326,7.25175632789842,6,253.2244747728082,17.230924305671092,-0.012433400244699676,-0.012433400244699676,58.73121429296658,0.24471339288736074,56,0,0,359,0,0.13604100438748346,0.625,68,7,2,0,N/A,1,
QUALITY_FIRST,NEVER,213855,360,4788,8839.796354012986,952.1737110287993,681.2138650775194,6130.758868578897,22.057201301799807,186,8.780956258499828,12.280780179002932,3.8533333332998154,316.32606165030074,17.029885746052493,-0.01579820052875481,-0.01579820052875481,56.76782208979328,0.23653259204080535,68,0,0,359,0,0.10852040764278523,0.5166666666666667,51,11,2,0,N/A,1,
QUALITY_FIRST,AS_SOON_AS_ELIGIBLE,42,360,4508,7899.467213745104,1570.6252884186997,970.7361758587997,6293.2144017742,186.95692020319993,171,25.743696358599834,5.463785201199926,0,59.57811666600023,17.481151116039445,-0.004190108898701845,-0.004190108898701845,80.8946813215666,0.3370611721731943,19,0,0,348,0,0.07514973868055594,0.475,52,5,0,0,N/A,0.9999999999999998,
QUALITY_FIRST,AS_SOON_AS_ELIGIBLE,23799,360,4524.000000000002,7815.7197933216175,1597.3614762996028,1024.543411504902,6266.3786914554985,191.9966274184001,180,22.04098655739989,2.8145087235999426,3,89.76581326350079,17.406607476265272,-0.004939095078315771,-0.004939095078315771,85.37861762540855,0.35574424010586875,7,0,0,348,0,0.08457029091888901,0.5,53,7,1,0,N/A,0.999999999999999,
QUALITY_FIRST,AS_SOON_AS_ELIGIBLE,47556,360,4479.999999999998,7810.151277424628,1598.338005609799,1050.8219443142996,6298.820666013901,190.86810663740036,171,19.001725472999965,2.8341944164000097,0.598624866199998,62.74478923050006,17.496724072260836,-0.0037214496892046256,-0.0037214496892046256,87.56849535952497,0.3648687306646873,10,0,0,348,0,0.09191620867666843,0.475,52,5,1,0,N/A,1.0000000000000013,
QUALITY_FIRST,AS_SOON_AS_ELIGIBLE,71313,360,4464,7972.133131728711,1581.0728998373006,976.3165761049997,6298.0024328824,185.4749594466002,123,18.03086171709998,6.636269936400026,0,61.330435464100276,17.49445120245111,-0.00391068442200464,-0.00391068442200464,81.3597146754166,0.3389988111475693,21,0,0,348,0,0.08626603314333396,0.3416666666666667,37,4,0,0,N/A,1.0000000000000002,
QUALITY_FIRST,AS_SOON_AS_ELIGIBLE,95070,360,4524.000000000002,8008.893260204697,1465.6603799826996,969.926363964999,6267.593193832601,192.92680201500005,170.99999999999997,6.394239078399977,2.512017982699831,12,95.50054910630045,17.409981093979447,-0.005091722749880255,-0.005091722749880255,80.82719699708328,0.336779987487847,12,0,0,348,0,0.05868872979833309,0.4749999999999999,45,12,4,0,N/A,0.9999999999999973,
QUALITY_FIRST,AS_SOON_AS_ELIGIBLE,118827,360,4480.000000000002,7834.035016879,1645.4400516797002,1001.9132026321004,6317.442163407199,186.16956540200022,135,11.660171941700014,0,0,54.89766465109949,17.548450453908885,-0.0026873917398996775,-0.0026873917398996775,83.49276688600837,0.3478865286917015,16,0,0,348,0,0.05161825625833407,0.375,40,5,0,0,N/A,1.0000000000000007,
QUALITY_FIRST,AS_SOON_AS_ELIGIBLE,142584,360,4483.999999999998,7958.580932303503,1553.903364087701,963.4153710285007,6299.865458477696,190.23487410260066,150,14.366171010000272,1.3774104683000132,3,65.39096004400008,17.499626273549154,-0.0037154676573830474,-0.0037154676573830474,80.28461425237502,0.3345192260515626,16,0,0,348,0,0.07904309245111137,0.4166666666666667,42,8,1,0,N/A,1.0000000000000027,
QUALITY_FIRST,AS_SOON_AS_ELIGIBLE,166341,360,4488,7828.641890037313,1643.1894427778996,1023.4134199913005,6270.3366226351,190.41862455840018,156,37.38115837250018,2.0493836784000905,3,71.23283531400006,17.417601729541943,-0.004884540148706807,-0.004884540148706807,85.28445166594173,0.35535188194142386,10,0,0,348,0,0.04454987147388891,0.43333333333333335,46,6,1,0,N/A,1.0000000000000004,
QUALITY_FIRST,AS_SOON_AS_ELIGIBLE,190098,360,4500.000000000003,7915.5737536112165,1574.7856500382977,986.0544977213998,6279.539304356806,188.04679427230016,156,21.01112258590004,2.8939292170001636,0.4569806252000035,80.09866321509912,17.44316473432446,-0.004717836806732994,-0.004717836806732994,82.17120814344996,0.34238003393104166,15,0,0,348,0,0.085482352425277,0.43333333333333335,46,6,1,0,N/A,1.0000000000000033,
QUALITY_FIRST,AS_SOON_AS_ELIGIBLE,213855,360,4556.000000000002,8003.698775317007,1458.5317565127013,978.0905557935006,6257.101277867703,190.57763450909985,156,15.311525865999755,4.486997624100013,6,101.10019864219962,17.38083688296584,-0.005817670399177143,-0.005817670399177143,81.5075463161251,0.3396147763171877,17,0,0,348,0,0.08244538205388795,0.43333333333333335,45,7,2,0,N/A,1.0000000000000042,
QUALITY_FIRST,TARGET_30_MIN,42,360,4508,7899.467213745104,1570.6252884186997,970.7361758587997,6293.2144017742,186.95692020319993,171,25.743696358599834,5.463785201199926,0,59.57811666600023,17.481151116039445,-0.004190108898701845,-0.004190108898701845,80.8946813215666,0.3370611721731943,19,0,0,348,0,0.07514973868055594,0.475,52,5,0,0,N/A,0.9999999999999998,
QUALITY_FIRST,TARGET_30_MIN,23799,360,4524.000000000002,7815.7197933216175,1597.3614762996028,1024.543411504902,6266.3786914554985,191.9966274184001,180,22.04098655739989,2.8145087235999426,3,89.76581326350079,17.406607476265272,-0.004939095078315771,-0.004939095078315771,85.37861762540855,0.35574424010586875,7,0,0,348,0,0.08457029091888901,0.5,53,7,1,0,N/A,0.999999999999999,
QUALITY_FIRST,TARGET_30_MIN,47556,360,4479.999999999998,7810.151277424628,1598.338005609799,1050.8219443142996,6298.820666013901,190.86810663740036,171,19.001725472999965,2.8341944164000097,0.598624866199998,62.74478923050006,17.496724072260836,-0.0037214496892046256,-0.0037214496892046256,87.56849535952497,0.3648687306646873,10,0,0,348,0,0.09191620867666843,0.475,52,5,1,0,N/A,1.0000000000000013,
QUALITY_FIRST,TARGET_30_MIN,71313,360,4464,7972.133131728711,1581.0728998373006,976.3165761049997,6298.0024328824,185.4749594466002,123,18.03086171709998,6.636269936400026,0,61.330435464100276,17.49445120245111,-0.00391068442200464,-0.00391068442200464,81.3597146754166,0.3389988111475693,21,0,0,348,0,0.08626603314333396,0.3416666666666667,37,4,0,0,N/A,1.0000000000000002,
QUALITY_FIRST,TARGET_30_MIN,95070,360,4524.000000000002,8008.893260204697,1465.6603799826996,969.926363964999,6267.593193832601,192.92680201500005,170.99999999999997,6.394239078399977,2.512017982699831,12,95.50054910630045,17.409981093979447,-0.005091722749880255,-0.005091722749880255,80.82719699708328,0.336779987487847,12,0,0,348,0,0.05868872979833309,0.4749999999999999,45,12,4,0,N/A,0.9999999999999973,
QUALITY_FIRST,TARGET_30_MIN,118827,360,4480.000000000002,7834.035016879,1645.4400516797002,1001.9132026321004,6317.442163407199,186.16956540200022,135,11.660171941700014,0,0,54.89766465109949,17.548450453908885,-0.0026873917398996775,-0.0026873917398996775,83.49276688600837,0.3478865286917015,16,0,0,348,0,0.05161825625833407,0.375,40,5,0,0,N/A,1.0000000000000007,
QUALITY_FIRST,TARGET_30_MIN,142584,360,4483.999999999998,7958.580932303503,1553.903364087701,963.4153710285007,6299.865458477696,190.23487410260066,150,14.366171010000272,1.3774104683000132,3,65.39096004400008,17.499626273549154,-0.0037154676573830474,-0.0037154676573830474,80.28461425237502,0.3345192260515626,16,0,0,348,0,0.07904309245111137,0.4166666666666667,42,8,1,0,N/A,1.0000000000000027,
QUALITY_FIRST,TARGET_30_MIN,166341,360,4488,7828.641890037313,1643.1894427778996,1023.4134199913005,6270.3366226351,190.41862455840018,156,37.38115837250018,2.0493836784000905,3,71.23283531400006,17.417601729541943,-0.004884540148706807,-0.004884540148706807,85.28445166594173,0.35535188194142386,10,0,0,348,0,0.04454987147388891,0.43333333333333335,46,6,1,0,N/A,1.0000000000000004,
QUALITY_FIRST,TARGET_30_MIN,190098,360,4500.000000000003,7915.5737536112165,1574.7856500382977,986.0544977213998,6279.539304356806,188.04679427230016,156,21.01112258590004,2.8939292170001636,0.4569806252000035,80.09866321509912,17.44316473432446,-0.004717836806732994,-0.004717836806732994,82.17120814344996,0.34238003393104166,15,0,0,348,0,0.085482352425277,0.43333333333333335,46,6,1,0,N/A,1.0000000000000033,
QUALITY_FIRST,TARGET_30_MIN,213855,360,4556.000000000002,8003.698775317007,1458.5317565127013,978.0905557935006,6257.101277867703,190.57763450909985,156,15.311525865999755,4.486997624100013,6,101.10019864219962,17.38083688296584,-0.005817670399177143,-0.005817670399177143,81.5075463161251,0.3396147763171877,17,0,0,348,0,0.08244538205388795,0.43333333333333335,45,7,2,0,N/A,1.0000000000000042,
QUALITY_FIRST,TARGET_60_MIN,42,360,4560,8200.819649741494,1420.886225157401,864.1431610893025,6290.452756182398,101.6982078294005,162,21.130247712100243,3.518443601099989,3,113.89855250440013,17.47347987828444,-0.006207879995074091,-0.006207879995074091,72.01193009077514,0.30004970871156333,28,0,0,354,0,0.08682561582360897,0.45,50,4,1,0,N/A,1.0000000000000004,
QUALITY_FIRST,TARGET_60_MIN,23799,360,4560.000000000002,8099.788160535509,1487.9347327263013,885.0113655894961,6306.582300194301,98.68344095440008,162,13.4685694108,5.494674573500106,0.006476333499904285,106.4479794879012,17.518284167206392,-0.005792166129979992,-0.005792166129979992,73.75094713245798,0.3072956130519084,26,0,0,354,0,0.08297959711861141,0.45,51,3,1,0,N/A,0.9999999999999994,
QUALITY_FIRST,TARGET_60_MIN,47556,360,4564.000000000002,8097.691670664906,1393.2039844078972,956.8974864047001,6311.932010046801,99.27484847570017,177,8.521846358099992,6.110347394600012,6,99.43579620049906,17.533144472352227,-0.005531136677475882,-0.005531136677475882,79.74145720039162,0.3322560716682986,14,0,0,354,0,0.08034097626527593,0.49166666666666664,54,5,2,0,N/A,0.9999999999999998,
QUALITY_FIRST,TARGET_60_MIN,71313,360,4496.000000000002,8220.540263805928,1406.450816828799,889.1567462517969,6327.509637511204,98.34253560229979,162,9.57757647119979,4.020076542799757,1.7016584579998835,89.19105101680054,17.576415659753344,-0.0045813174632935005,-0.0045813174632935005,74.09639552098307,0.3087349813374295,24,0,0,354,0,0.11159858622111053,0.45,49,5,2,0,N/A,1.0000000000000018,
QUALITY_FIRST,TARGET_60_MIN,95070,360,4596,8238.44722096552,1331.2778535366983,862.3396096134002,6264.818565993994,103.11674989040017,204,9.326491192600088,1.9093067712001357,18.218906926800173,137.72672911539962,17.40227379442776,-0.0076924902525469015,-0.0076924902525469015,71.86163413445003,0.2994234755602082,35,0,0,354,0,0.064581383283335,0.5666666666666667,53,15,7,0,N/A,0.9999999999999991,
QUALITY_FIRST,TARGET_60_MIN,118827,360,4564,8058.916782546211,1486.5269400635002,918.0697869232982,6285.916901544004,97.56958892299988,189,6.878128635799953,5.716113132999453,0,133.4888566872005,17.46088028206668,-0.006282637498837632,-0.006282637498837632,76.50581557694157,0.31877423157058976,22,0,0,354,0,0.05613945337972016,0.525,60,3,0,0,N/A,0.9999999999999994,
QUALITY_FIRST,TARGET_60_MIN,142584,360,4616.000000000002,8238.053332845411,1298.9862384444014,911.8637842642016,6263.3190660338005,100.77757841219997,171,25.431207330400184,4.672032187000013,0,138.57769444880034,17.39810851676056,-0.007624117313250028,-0.007624117313250028,75.9886486886835,0.31661936953618103,24,0,0,354,0,0.09582533966333145,0.475,52,5,0,0,N/A,0.999999999999998,
QUALITY_FIRST,TARGET_60_MIN,166341,360,4572.000000000002,8164.518762018992,1343.771579068501,921.3604171367002,6304.316146941898,102.03309483390001,192,7.053762193699981,0,1.4641811481999412,119.16590971619956,17.51198929706083,-0.005719188093254604,-0.005719188093254604,76.78003476139169,0.3199168115057986,22,0,0,354,0,0.050921220971666514,0.5333333333333333,56,8,1,0,N/A,1.0000000000000002,
QUALITY_FIRST,TARGET_60_MIN,190098,360,4539.999999999998,8163.002944137519,1407.3529592196983,879.242454128798,6305.759932841899,103.64170967210009,201,4.309150602000045,6.125689468800147,9,106.80522708730038,17.51599981344972,-0.005816963581242304,-0.005816963581242304,73.27020451073318,0.3052925187947214,27,0,0,354,0,0.09862726838444552,0.5583333333333333,55,12,3,0,N/A,0.999999999999999,
QUALITY_FIRST,TARGET_60_MIN,213855,360,4612,8210.96810029108,1329.194092145201,894.6492488424981,6263.366565161297,100.82199355989988,189,9.216945011199783,12.772541426799762,1.0956209728997237,145.5483274277995,17.39824045878138,-0.007794927133729235,-0.007794927133729235,74.55410407020813,0.31064210029253403,20,0,0,354,0,0.11857340022194457,0.525,54,9,2,0,N/A,0.9999999999999977,
QUALITY_FIRST,TARGET_120_MIN,42,360,4592.000000000001,8368.439180972495,1329.8571598241979,822.5013630712991,6253.795610376998,56.40668575500007,177.00000000000045,17.469796855000027,12.025222927101595,3,169.70936984090156,17.37165447326944,-0.00905336915210197,-0.00905336915210197,68.54178025594159,0.2855907510664233,28,0,0,357,0,0.12191269999695274,0.4916666666666679,54,5,1,0,N/A,1.000000000000002,
QUALITY_FIRST,TARGET_120_MIN,23799,360,4636,8492.432626078516,1145.6004250938968,808.3353428207978,6248.114105668096,53.517500338700074,216,8.82722790720004,9.579803554599266,3.866672311199636,185.6121905589033,17.35587251574471,-0.00949557060195628,-0.00949557060195628,67.3612785683998,0.2806719940349992,32,0,0,357,0,0.12907538357805448,0.6,62,10,4,0,N/A,1.0000000000000033,
QUALITY_FIRST,TARGET_120_MIN,47556,360,4580.000000000001,8248.554097700202,1392.4181265491986,858.6032521666996,6296.797919647603,55.62660393630014,168,9.28214603829997,7.771012149999706,8.888236231599876,133.26068593249957,17.49110533235445,-0.007370466682981432,-0.007370466682981432,71.55027101389167,0.29812612922454845,31,0,0,357,0,0.07682813312222575,0.4666666666666667,44,12,4,0,N/A,1.0000000000000024,
QUALITY_FIRST,TARGET_120_MIN,71313,360,4571.999999999999,8452.097238869193,1257.5107813981076,778.3686395023998,6308.907714928198,54.115625302099886,177,15.531587737499876,3.9997996900001453,0.4302895922000971,127.13060805209898,17.52474365257833,-0.006720651823072805,-0.006720651823072805,64.8640532918667,0.27026688871611104,49,0,0,357,0,0.08621628929361091,0.49166666666666664,52,7,1,0,N/A,1.0000000000000018,
QUALITY_FIRST,TARGET_120_MIN,95070,360,4628,8460.274036127696,1220.1038308235993,767.8674908109061,6244.455452250997,54.299189986799945,225.00000000000003,11.034942525200051,9.453169754998726,12.026296017999812,179.03013945080258,17.345709589586104,-0.00961841210152291,-0.00961841210152291,63.988957567575504,0.2666206565315647,50,0,0,357,0,0.07073698998083194,0.6250000000000001,65,10,5,0,N/A,1.0000000000000022,
QUALITY_FIRST,TARGET_120_MIN,118827,360,4616,8363.648143892195,1253.9138308080985,828.2220696186007,6272.452616058102,52.76333962300015,213,5.096704264799996,8.411243872700652,12,158.03943580439773,17.423479489050283,-0.008359759085502084,-0.008359759085502084,69.01850580154999,0.2875771075064586,39,0,0,357,0,0.08270327926166646,0.5916666666666667,61,10,4,0,N/A,1.0000000000000033,
QUALITY_FIRST,TARGET_120_MIN,142584,360,4636,8376.637522000521,1288.2695606500984,811.7744106524982,6258.9920211399,51.3264855570003,177,9.08815623580017,6.011834565600111,0.7533333334004055,181.15465472530184,17.386088947610833,-0.008909817633416745,-0.008909817633416745,67.64786755437486,0.28186611480989515,37,0,0,357,0,0.0769213890533305,0.49166666666666664,54,5,1,0,N/A,0.9999999999999973,
QUALITY_FIRST,TARGET_120_MIN,166341,360,4608,8294.707900521727,1318.924299725003,848.5541194850949,6270.6466512427,55.167029025500085,204,8.764859350400059,5.265623377400743,3,168.3228660294984,17.41846292011861,-0.00839360647787436,-0.00839360647787436,70.71284329042453,0.2946368470434357,40,0,0,357,0,0.08578212722527497,0.5666666666666667,61,7,1,0,N/A,1.0000000000000013,
QUALITY_FIRST,TARGET_120_MIN,190098,360,4596,8308.848995365515,1308.6448291616,828.3767155590978,6277.787853962302,55.341605951500156,225,7.960107604700056,6.565855905299941,3.6213482551002016,160.06483427259673,17.43829959433973,-0.008231272814863758,-0.008231272814863758,69.03139296325817,0.2876308040135756,32,0,0,357,0,0.1047015122688887,0.625,63,12,2,0,N/A,1.0000000000000013,
QUALITY_FIRST,TARGET_120_MIN,213855,360,4619.999999999999,8408.440134119504,1260.3748832528013,783.8617585767006,6269.700560787201,53.622663263799865,204,10.153775358499843,14.162066261898644,5.436604056999386,156.54699353540173,17.41583489107556,-0.008611050968555562,-0.008611050968555562,65.32181321472508,0.272174221728021,46,0,0,357,0,0.1032836853558264,0.5666666666666667,61,7,3,0,N/A,1,
QUALITY_FIRST,TARGET_180_MIN,42,360,4644,8593.146656066294,1156.0528330946,729.746813394604,6240.662765377396,38.39093206710004,198.00000000000045,15.488877144399964,13.524266783700114,3,191.32409069450296,17.335174348270545,-0.010332361685202629,-0.010332361685202629,60.81223444955032,0.25338431020645974,47,0,0,358,0,0.12781351330027854,0.5500000000000013,62,4,1,0,N/A,0.9999999999999993,
QUALITY_FIRST,TARGET_180_MIN,23799,360,4664,8612.278223027304,1117.657995877497,756.0393708475956,6223.096974326896,37.92743592069979,189,9.482240846499963,10.625359283999614,0.22162655859983715,220.57379898400526,17.286380484241377,-0.010926068180861344,-0.010926068180861344,63.003280903966235,0.2625136704331929,43,0,0,358,0,0.13189313914944265,0.525,57,6,1,0,N/A,0.999999999999999,
QUALITY_FIRST,TARGET_180_MIN,47556,360,4696,8527.225482505683,1134.0932385788044,798.2088275067999,6226.876729220206,37.59572218850022,180,4.1653116531999785,9.38108860429952,10.666666666699712,212.91020385559364,17.29687980338946,-0.010804473277550608,-0.010804473277550608,66.51740229223334,0.27715584288430556,46,0,0,358,0,0.11036437489250406,0.5,52,8,4,0,N/A,1.0000000000000007,
QUALITY_FIRST,TARGET_180_MIN,71313,360,4612,8466.364369141591,1241.072835339098,765.1323870202032,6277.299011852401,37.13139664670007,201,8.479407226600017,5.5243473762002395,3.156963021199772,169.54027052359862,17.436941699590005,-0.008643564266092514,-0.008643564266092514,63.761032251683545,0.26567096771534826,56,0,0,358,0,0.09802844091972121,0.5583333333333333,59,8,2,0,N/A,1.0000000000000007,
QUALITY_FIRST,TARGET_180_MIN,95070,360,4711.999999999999,8702.178101600168,1049.9019731803096,730.5846576655122,6188.515248407,39.820019146999925,177,6.139147383699992,8.592361139399145,12.537702526500652,248.21554054339902,17.19032013446389,-0.012753923684861064,-0.012753923684861064,60.882054805459354,0.25367522835608064,55,0,0,358,0,0.1022257790641643,0.49166666666666664,50,9,5,0,N/A,0.9999999999999997,
QUALITY_FIRST,TARGET_180_MIN,118827,360,4576.000000000001,8424.647810957611,1287.947899424198,754.7271328438973,6288.359733005798,37.31742376850002,231,1.5424666208999724,11.897796622100032,15,147.2000037512016,17.467665925016107,-0.007922234583060232,-0.007922234583060232,62.893927736991486,0.2620580322374643,59,0,0,358,0,0.07549073700694243,0.6416666666666667,65,12,5,0,N/A,1,
QUALITY_FIRST,TARGET_180_MIN,142584,360,4647.999999999999,8620.982750075407,1162.2992565395025,717.3349251820932,6227.8779227254,37.50514547760025,186,11.375768337400189,5.913369644801378,7.251294765900639,211.58164452649777,17.299660896459443,-0.010931577651601854,-0.010931577651601854,59.77791043184109,0.24907462679933792,41,0,0,358,0,0.10401631155194827,0.5166666666666667,55,7,4,0,N/A,1.000000000000001,
QUALITY_FIRST,TARGET_180_MIN,166341,360,4612,8492.9395053929,1246.7929504373992,754.3905114513924,6262.417127912395,39.459904805899896,192,9.274358101400026,5.3221487723012615,3,183.98636521390165,17.395603133089985,-0.009261899942324181,-0.009261899942324181,62.865875954282686,0.2619411498095113,51,0,0,358,0,0.08865349617054884,0.5333333333333333,56,8,1,0,N/A,1.0000000000000013,
QUALITY_FIRST,TARGET_180_MIN,190098,360,4627.999999999998,8405.844118061703,1238.3868383749973,784.6009813364004,6269.380474730302,39.78758749660017,234,2.3910188577000326,2.2517563278001944,6,183.97675008419765,17.414945763139727,-0.008868843025800214,-0.008868843025800214,65.3834151113667,0.2724308962973613,49,0,0,358,0,0.10423129368360706,0.65,68,10,2,0,N/A,1.000000000000001,
QUALITY_FIRST,TARGET_180_MIN,213855,360,4624,8552.189405879913,1235.970535460499,691.4079689077946,6252.891166893897,39.540922857899915,204,13.335021970999804,13.841098812502196,3.8533333332998154,180.07937898930095,17.369142130260826,-0.009773557088245512,-0.009773557088245512,57.617330742316234,0.24007221142631757,67,0,0,358,0,0.12345136630944673,0.5666666666666667,63,5,2,0,N/A,1,
ALL_ROUNDER,NEVER,42,360,4356,7694.689279148299,213.75047677201024,1137.248247937789,7867.124115408232,18.236468646899766,246,1.0263709666999148,4.957768315800081,3.049944127599929,14.442040744798305,17.91256632179195,-0.0010810206589971496,-0.0010810206589971496,4123.515437201488,17.18131432167287,15,289,289,70,0.18597614468547413,0.7340300539033284,0.6833333333333333,54,28,2,0,N/A,1,66.95141208677069
ALL_ROUNDER,NEVER,23799,360,4356,7724.472895857922,248.8287941558757,1122.931464908899,7806.3005755656395,20.56431643050007,246,2.7283596365999756,5.815583778900759,9,12.465263005000224,17.894418871054164,-0.0013893151120602304,-0.0013893151120602304,4031.1110111876133,16.796295879948403,18,277,277,82,0.20806098078101026,0.7222994590241876,0.6833333333333333,53,29,3,0,N/A,1,74.9019530811637
ALL_ROUNDER,NEVER,47556,360,4348,7703.843217280481,259.7946833451038,1157.062198356516,7820.1264341211145,19.048877295799798,192,2.1973980928999026,4.317881401100294,0,9.721069963500213,17.9326768070625,-0.0007516828452546484,-0.0007516828452546484,4077.330859055723,16.98887857939885,10,274,274,85,0.2781238600027349,0.7728035780302664,0.5333333333333333,50,14,0,0,N/A,1,100.12458960098456
ALL_ROUNDER,NEVER,71313,360,4372,7613.993604956197,212.21133253690994,1145.9431704566994,7883.819861060827,19.065535714299926,264,0.5798343684000429,12.44971220740132,3,14.102592998499972,17.894077390071384,-0.0013950064617732091,-0.0013950064617732091,4067.9218051842254,16.9496741882676,10,294,294,65,0.24712915354185425,0.6966673396119519,0.7333333333333333,61,27,1,0,N/A,1,88.96649527506753
ALL_ROUNDER,NEVER,95070,360,4368,7659.531590176993,251.0931354325038,1162.7571114118962,7813.788579413129,18.967106289199933,264,2.021290015199952,4.452142033399468,0.11180808480003179,12.750999901500052,17.924065999903057,-0.0008951962979120138,-0.0008951962979120138,4230.055143948804,17.62522976645335,13,273,273,86,0.1718402146563305,0.76215124133222,0.7333333333333333,61,27,1,0,N/A,1,61.86247727627898
ALL_ROUNDER,NEVER,118827,360,4356,7708.1548562268035,234.00205622119248,1118.4172759125988,7832.814198219319,18.494600825300154,255,2.9840305186000933,3.0364372469994123,3.5458689459001107,4.849508926198894,17.937733762117503,-0.0006674002610045606,-0.0006674002610045606,3980.079219114365,16.583663412976552,17,280,280,79,0.21421392387440347,0.6989189679705489,0.7083333333333334,52,33,2,0,N/A,1,77.11701259478525
ALL_ROUNDER,NEVER,142584,360,4364,7663.741501590519,242.50342693570332,1148.6080776226975,7835.42666087902,18.331597666200196,234,0,10.355605027400998,3,9.04107819869796,17.91556476881639,-0.0010368834826897666,-0.0010368834826897666,4075.7899860716566,16.982458275298555,18,283,283,76,0.2594131536273875,0.6291014619461204,0.65,48,30,1,0,N/A,1,93.38873530585948
ALL_ROUNDER,NEVER,166341,360,4356,7719.27031556879,228.7401765473965,1152.6443854704153,7766.527482711827,20.56430676459979,270,3.2090454961000887,6.181679584800577,3,23.429972338799644,17.878275840500834,-0.0016583656212824233,-0.0016583656212824233,4087.0727620169714,17.029469841737356,7,275,275,84,0.23959259149158735,0.7897419444186154,0.75,61,29,1,0,N/A,1,86.25333293697145
ALL_ROUNDER,NEVER,190098,360,4364,7592.068489085811,247.2543892423991,1139.1518393227889,7862.174537645637,17.227925731999903,306,0,2.30903746759941,3.1804032259000223,11.768564261399945,17.929838875125277,-0.0007989817108749717,-0.0007989817108749717,4080.294816688561,17.001228402869003,17,284,284,75,0.2003411638093422,0.6044477445238849,0.85,69,33,2,0,N/A,1,72.12281897136319
ALL_ROUNDER,NEVER,213855,360,4372,7670.621789427707,238.2855128588041,1146.9620347269984,7795.878295105298,17.272894083800452,299.99999999999955,4.024502819100235,3.519378877000463,0,22.5937868281016,17.894062031877215,-0.0013952624316760315,-0.0013952624316760315,4120.038845150911,17.16682852146213,11,274,274,85,0.163831871659424,0.6701956013027572,0.833333333333332,70,30,0,0,N/A,1,58.97947379739264
ALL_ROUNDER,AS_SOON_AS_ELIGIBLE,42,360,4380,7541.33885092373,398.2464960794001,1193.4216187089992,7413.166703711101,157.32790486269982,159,1.1797734806998506,7.167590091900024,6.049944127599929,19.423271056199866,17.639387281232228,-0.0015657675350185035,-0.0015657675350185035,1549.689334454594,6.457038893560812,9,277,277,71,0.993051182539171,0.408956799644722,0.44166666666666665,25,28,3,0,N/A,0.9999999999999988,357.4984257141016
ALL_ROUNDER,AS_SOON_AS_ELIGIBLE,23799,360,4355.999999999998,7537.153392020232,315.61124478579967,1197.6058653133998,7423.589839386705,162.40968824539954,201,2.7283596365999756,2.7764015152999946,15,10.668710679700098,17.646740356023333,-0.0013900519762351884,-0.0013900519762351884,1477.8342684226493,6.157642785094374,6,294,294,54,1.1295276951347217,0.3451396430180578,0.5583333333333333,32,35,5,0,N/A,0.9999999999999978,406.62997024849983
ALL_ROUNDER,AS_SOON_AS_ELIGIBLE,47556,360,4352,7487.701533731119,333.2526354045003,1218.6875926955993,7465.576697082098,153.78775459829973,186,2.1973980928999026,1.393442622999828,0.006675668400021095,13.229335922900134,17.686592076924445,-0.0006102264255178957,-0.0006102264255178957,1572.9848613686136,6.554103589035899,6,297,297,51,1.1194271846899984,0.43188981464499754,0.5166666666666667,36,26,1,0,N/A,0.9999999999999978,402.9937864883994
ALL_ROUNDER,AS_SOON_AS_ELIGIBLE,71313,360,4380,7502.062315726896,345.8206919157,1199.1001977655997,7418.286586549996,153.7663340032994,168,3.803633197900126,14.949674815800051,6,25.632305182199843,17.59337329667806,-0.002332667277587962,-0.002332667277587962,1505.4770799175778,6.272821166323241,7,297,297,51,1.2026774278847254,0.43066670193194523,0.4666666666666667,35,21,2,0,N/A,1.0000000000000042,432.96387403850116
ALL_ROUNDER,AS_SOON_AS_ELIGIBLE,95070,360,4400,7559.1162536591455,381.0877828382983,1188.2505276298998,7362.1205942819,156.48806349450024,186,2.1013070367999944,6.160857602999954,3.111808084800032,24.315435071099714,17.634196089456395,-0.0016522873979490603,-0.0016522873979490603,1483.662831325757,6.181928463857326,14,275,275,73,1.0192688280452802,0.4424783096797219,0.5166666666666667,34,28,2,0,N/A,0.999999999999998,366.9367780963008
ALL_ROUNDER,AS_SOON_AS_ELIGIBLE,118827,360,4379.999999999996,7580.96849881621,314.1497866804,1194.4469335417,7363.942427168596,160.24146650319972,210,6.187748106900074,4.132201209900359,6.545868945900111,15.162540696599677,17.64436566955749,-0.001478254652789209,-0.001478254652789209,1496.2298820523997,6.234291175218331,9,286,286,62,1.1006969091386123,0.3995103115080577,0.5833333333333334,36,34,3,0,N/A,1.000000000000001,396.25088728990045
ALL_ROUNDER,AS_SOON_AS_ELIGIBLE,142584,360,4336.000000000003,7465.6347409089085,375.5943354710995,1196.1760244067004,7457.858091427999,156.73985548989998,174,0,1.649698105499965,3,3.635167990700097,17.710319816399434,-0.00015636011259722416,-0.00015636011259722416,1450.9741649022094,6.0457256870925375,5,296,296,52,1.2166582008205584,0.36142505249972173,0.48333333333333334,28,30,1,0,N/A,1.0000000000000013,437.996952295401
ALL_ROUNDER,AS_SOON_AS_ELIGIBLE,166341,360,4391.999999999998,7572.590057763296,344.1566818804,1194.4686086325005,7381.489470662899,150.81827586659975,192,4.680999762700139,13.531911378200135,6,40.827533243600215,17.55266543226527,-0.002982371554261443,-0.002982371554261443,1474.6692977377695,6.144455407240714,7,288,288,60,1.0346580699841643,0.45808059666305717,0.5333333333333333,33,31,2,0,N/A,1.0000000000000004,372.47690519429915
ALL_ROUNDER,AS_SOON_AS_ELIGIBLE,190098,360,4376,7502.349036161613,365.7733078258997,1186.4014581580993,7411.3178398232985,153.96530339039987,240,2.523101756800088,6.2568779644999495,3.1804032259000223,21.758560173999882,17.63966960244111,-0.0015610621815370334,-0.0015610621815370334,1502.310261958372,6.259626091493227,11,282,282,66,1.0116473740019456,0.4091008413236104,0.6666666666666666,48,32,2,0,N/A,0.9999999999999993,364.1930546407004
ALL_ROUNDER,AS_SOON_AS_ELIGIBLE,213855,360,4396,7534.4337713670175,367.96459186489915,1190.2701967045007,7407.425697724596,158.36150789990023,231,10.81835307210008,3.182299081300016,3,30.704365473300072,17.600819395481388,-0.0022085656308657455,-0.0022085656308657455,1581.9114135216264,6.591297556340108,14,274,274,74,0.8737339845530575,0.3263115168844439,0.6416666666666667,38,39,1,0,N/A,1.0000000000000022,314.5442344391007
ALL_ROUNDER,TARGET_30_MIN,42,360,4380,7541.33885092373,398.2464960794001,1193.4216187089992,7413.166703711101,157.32790486269982,159,1.1797734806998506,7.167590091900024,6.049944127599929,19.423271056199866,17.639387281232228,-0.0015657675350185035,-0.0015657675350185035,1549.689334454594,6.457038893560812,9,277,277,71,0.993051182539171,0.408956799644722,0.44166666666666665,25,28,3,0,N/A,0.9999999999999988,357.4984257141016
ALL_ROUNDER,TARGET_30_MIN,23799,360,4355.999999999998,7537.153392020232,315.61124478579967,1197.6058653133998,7423.589839386705,162.40968824539954,201,2.7283596365999756,2.7764015152999946,15,10.668710679700098,17.646740356023333,-0.0013900519762351884,-0.0013900519762351884,1477.8342684226493,6.157642785094374,6,294,294,54,1.1295276951347217,0.3451396430180578,0.5583333333333333,32,35,5,0,N/A,0.9999999999999978,406.62997024849983
ALL_ROUNDER,TARGET_30_MIN,47556,360,4352,7487.701533731119,333.2526354045003,1218.6875926955993,7465.576697082098,153.78775459829973,186,2.1973980928999026,1.393442622999828,0.006675668400021095,13.229335922900134,17.686592076924445,-0.0006102264255178957,-0.0006102264255178957,1572.9848613686136,6.554103589035899,6,297,297,51,1.1194271846899984,0.43188981464499754,0.5166666666666667,36,26,1,0,N/A,0.9999999999999978,402.9937864883994
ALL_ROUNDER,TARGET_30_MIN,71313,360,4380,7502.062315726896,345.8206919157,1199.1001977655997,7418.286586549996,153.7663340032994,168,3.803633197900126,14.949674815800051,6,25.632305182199843,17.59337329667806,-0.002332667277587962,-0.002332667277587962,1505.4770799175778,6.272821166323241,7,297,297,51,1.2026774278847254,0.43066670193194523,0.4666666666666667,35,21,2,0,N/A,1.0000000000000042,432.96387403850116
ALL_ROUNDER,TARGET_30_MIN,95070,360,4400,7559.1162536591455,381.0877828382983,1188.2505276298998,7362.1205942819,156.48806349450024,186,2.1013070367999944,6.160857602999954,3.111808084800032,24.315435071099714,17.634196089456395,-0.0016522873979490603,-0.0016522873979490603,1483.662831325757,6.181928463857326,14,275,275,73,1.0192688280452802,0.4424783096797219,0.5166666666666667,34,28,2,0,N/A,0.999999999999998,366.9367780963008
ALL_ROUNDER,TARGET_30_MIN,118827,360,4379.999999999996,7580.96849881621,314.1497866804,1194.4469335417,7363.942427168596,160.24146650319972,210,6.187748106900074,4.132201209900359,6.545868945900111,15.162540696599677,17.64436566955749,-0.001478254652789209,-0.001478254652789209,1496.2298820523997,6.234291175218331,9,286,286,62,1.1006969091386123,0.3995103115080577,0.5833333333333334,36,34,3,0,N/A,1.000000000000001,396.25088728990045
ALL_ROUNDER,TARGET_30_MIN,142584,360,4336.000000000003,7465.6347409089085,375.5943354710995,1196.1760244067004,7457.858091427999,156.73985548989998,174,0,1.649698105499965,3,3.635167990700097,17.710319816399434,-0.00015636011259722416,-0.00015636011259722416,1450.9741649022094,6.0457256870925375,5,296,296,52,1.2166582008205584,0.36142505249972173,0.48333333333333334,28,30,1,0,N/A,1.0000000000000013,437.996952295401
ALL_ROUNDER,TARGET_30_MIN,166341,360,4391.999999999998,7572.590057763296,344.1566818804,1194.4686086325005,7381.489470662899,150.81827586659975,192,4.680999762700139,13.531911378200135,6,40.827533243600215,17.55266543226527,-0.002982371554261443,-0.002982371554261443,1474.6692977377695,6.144455407240714,7,288,288,60,1.0346580699841643,0.45808059666305717,0.5333333333333333,33,31,2,0,N/A,1.0000000000000004,372.47690519429915
ALL_ROUNDER,TARGET_30_MIN,190098,360,4376,7502.349036161613,365.7733078258997,1186.4014581580993,7411.3178398232985,153.96530339039987,240,2.523101756800088,6.2568779644999495,3.1804032259000223,21.758560173999882,17.63966960244111,-0.0015610621815370334,-0.0015610621815370334,1502.310261958372,6.259626091493227,11,282,282,66,1.0116473740019456,0.4091008413236104,0.6666666666666666,48,32,2,0,N/A,0.9999999999999993,364.1930546407004
ALL_ROUNDER,TARGET_30_MIN,213855,360,4396,7534.4337713670175,367.96459186489915,1190.2701967045007,7407.425697724596,158.36150789990023,231,10.81835307210008,3.182299081300016,3,30.704365473300072,17.600819395481388,-0.0022085656308657455,-0.0022085656308657455,1581.9114135216264,6.591297556340108,14,274,274,74,0.8737339845530575,0.3263115168844439,0.6416666666666667,38,39,1,0,N/A,1.0000000000000022,314.5442344391007
ALL_ROUNDER,TARGET_60_MIN,42,360,4383.999999999998,7706.1481631991865,228.17556726239818,1137.6572082392017,7589.174614481497,84.73167837839998,252,1.6312062293998224,8.226036046800118,6.049944127599929,25.10203319569993,17.75275216777916,-0.0018985749814583262,-0.0018985749814583262,2501.5678896205854,10.423199540085772,10,281,281,73,0.6058688012202619,0.5420875861536069,0.7,53,31,3,0,N/A,1,218.11276843929426
ALL_ROUNDER,TARGET_60_MIN,23799,360,4368,7642.02443036798,265.90735701929833,1148.6902156677024,7648.187259305811,85.8171056610002,243,2.833257609200018,5.221139502300048,12.723203105399989,19.820528231600207,17.753894087643058,-0.001879542983726865,-0.001879542983726865,2535.970336689119,10.566543069538001,16,283,283,71,0.5510378666061024,0.4706387873061096,0.675,45,36,5,0,N/A,0.9999999999999967,198.37363197819687
ALL_ROUNDER,TARGET_60_MIN,47556,360,4356.000000000002,7488.712775710678,294.3410280082015,1191.585103984402,7686.789046076902,83.90815920489985,243,2.1973980928999026,5.100872976399955,0,12.720450940400227,17.811059105528606,-0.000926792685634264,-0.000926792685634264,2470.0441637470713,10.291850682279463,9,296,296,58,0.7101774639302757,0.46461655956833253,0.675,55,26,0,0,N/A,0.999999999999997,255.66388701489925
ALL_ROUNDER,TARGET_60_MIN,71313,360,4364,7616.28880357801,260.8343886645008,1192.5877217525983,7619.276537984306,86.21530350979992,213,0.5798343684000429,8.274696760899872,4.453058982300263,15.520129310000442,17.786589668273333,-0.0013346166398889167,-0.0013346166398889167,2511.6006620943954,10.465002758726655,10,293,293,61,0.6883256791966572,0.5946606239502835,0.5916666666666667,41,30,3,0,N/A,0.9999999999999984,247.79724451079662
ALL_ROUNDER,TARGET_60_MIN,95070,360,4372,7655.5635677882065,246.90271662370176,1133.9721363641997,7646.623516531601,83.1566348039999,276,2.021290015199952,0.5196568817000298,0.9230652763999387,14.669478876199946,17.81629585819583,-0.0008395134745138833,-0.0008395134745138833,2541.270837609959,10.588628490041492,16,284,284,70,0.5160595219119433,0.5192711546697192,0.7666666666666667,59,33,2,0,N/A,1.000000000000001,185.7814278882996
ALL_ROUNDER,TARGET_60_MIN,118827,360,4368,7619.149211024523,260.4835029411983,1177.3841130264989,7646.526448659208,86.76620523100007,240,7.3831357371000195,2.870275800700142,1.9976142399000878,13.165413924699578,17.79606544527111,-0.0011766870232592511,-0.0011766870232592511,2587.591965311164,10.781633188796523,11,284,284,70,0.5602514419933243,0.5721426004347225,0.6666666666666666,49,31,2,0,N/A,1.000000000000002,201.69051911759675
ALL_ROUNDER,TARGET_60_MIN,142584,360,4380.000000000002,7664.5191011241295,299.13689282319916,1167.3411138634988,7573.2617430814025,85.36872257060026,222,8.798169573600148,4.854654738799809,3,20.450921421699988,17.763600706294174,-0.0017177660062083302,-0.0017177660062083302,2597.1969948277597,10.821654145115664,12,276,276,78,0.5788122959366663,0.5858337853849972,0.6166666666666667,40,34,1,0,N/A,0.9999999999999987,208.37242653719986
ALL_ROUNDER,TARGET_60_MIN,166341,360,4360,7635.419542283611,289.5885223729,1162.5389501954012,7597.716631251802,86.62148497619984,225,3.2090454961000887,6.1484048700001495,6,26.206330467000157,17.751211719908074,-0.0019242491126435389,-0.0019242491126435389,2471.428293303418,10.297617888764234,9,287,287,67,0.6753190803336103,0.5450669059558354,0.625,44,31,2,0,N/A,0.9999999999999971,243.11486892009972
ALL_ROUNDER,TARGET_60_MIN,190098,360,4372,7583.995458820886,293.7878413940989,1163.1883230844994,7662.949457085802,83.21027392299987,234,0,1.5625,3.1804032259000223,18.352172052099974,17.802513679783335,-0.0010692164480555547,-0.0010692164480555547,2511.837392003343,10.465989133347257,14,286,286,68,0.5746351269213896,0.559166151998055,0.65,49,29,2,0,N/A,1.0000000000000024,206.86864569170027
ALL_ROUNDER,TARGET_60_MIN,213855,360,4371.999999999998,7504.122861060494,327.4767991836995,1189.6735377514988,7670.903218055995,83.88387031160039,255,7.941221021500269,5.891817567999851,0,23.559861255300092,17.762797500431095,-0.001731152770592602,-0.001731152770592602,2544.547599835577,10.602281665981572,11,288,288,66,0.5470547601019388,0.4943806618680551,0.7083333333333334,53,32,0,0,N/A,1.0000000000000022,196.93971363669795
ALL_ROUNDER,TARGET_120_MIN,42,360,4360,7655.989627845495,209.15483860899604,1162.2521292949987,7806.049328723607,46.53021007999979,246,2.0291524504998506,4.957768315800081,3.049944127599929,13.496456340599707,17.867962996570835,-0.0010895056127083137,-0.0010895056127083137,3406.903022131065,14.19542925887944,11,292,292,65,0.3167329595746933,0.5594256421002739,0.6833333333333333,52,30,2,0,N/A,1.0000000000000007,114.02386544688957
ALL_ROUNDER,TARGET_120_MIN,23799,360,4356.000000000001,7645.230017042797,219.05863790269876,1158.4021429720005,7724.537486628508,49.89401918149997,297,4.639929562699876,4.778238726000268,9,16.21624086060035,17.837126641251942,-0.0016034448680231723,-0.0016034448680231723,3198.4299857421934,13.326791607259134,8,290,290,67,0.4163269340902627,0.5740466635977738,0.825,66,33,3,0,N/A,1.0000000000000033,149.87769627249457
ALL_ROUNDER,TARGET_120_MIN,47556,360,4364,7657.498457937209,229.07997649769632,1167.8201916521948,7742.909522171712,50.048473904499815,222,7.763260801599927,5.65910512749997,6,19.036451369699947,17.826503285281113,-0.0017805008008703628,-0.0017805008008703628,3225.859062976519,13.441079429068832,9,288,288,69,0.4628982717685855,0.5793824569177771,0.6166666666666667,49,25,2,0,N/A,0.9999999999999977,166.64337783669077
ALL_ROUNDER,TARGET_120_MIN,71313,360,4372,7583.492004310216,235.61872219290117,1166.8947616144014,7793.556165450608,47.002505763499585,258,4.506566777299895,8.945366819100457,0,15.87868746040101,17.851859385953333,-0.0013578991230000612,-0.0013578991230000612,3266.0331768492533,13.608471570205213,13,299,299,58,0.39843289074552957,0.574083510794448,0.7166666666666667,51,35,0,0,N/A,1.0000000000000033,143.43584066839065
ALL_ROUNDER,TARGET_120_MIN,95070,360,4368,7649.08705919721,238.59554230439733,1182.6847465644973,7753.694882589006,45.80731602260016,234,6.007858346500029,5.38425671279947,0.34041306020003503,12.598786831600535,17.86574634735806,-0.0011264497662546327,-0.0011264497662546327,3392.7513957295077,14.13646414887294,6,284,284,73,0.35591792589525334,0.6956866349091643,0.65,48,30,2,0,N/A,1.0000000000000007,128.1304533222912
ALL_ROUNDER,TARGET_120_MIN,118827,360,4352.000000000001,7648.774427867505,210.5811168637036,1194.8428668465995,7773.664933822912,44.24746663170009,246,6.487291785400089,0,3.7656608128000926,12.722493401099683,17.869512650001944,-0.0010636780555231407,-0.0010636780555231407,3424.8568821779427,14.270237009074771,9,287,287,70,0.36080329990998566,0.6350588091816607,0.6833333333333333,48,34,3,0,N/A,1.0000000000000004,129.88918796759484
ALL_ROUNDER,TARGET_120_MIN,142584,360,4360,7584.7690088109,250.9747685616004,1188.8644374584942,7758.893155081814,45.76179777660019,252,0,8.261069879500383,3,9.919609281099156,17.874498113442783,-0.0009805869981759033,-0.0009805869981759033,3337.5859033360625,13.906607930566917,12,289,289,68,0.440935645307201,0.5606543214330573,0.7,52,32,1,0,N/A,1,158.73683231059235
ALL_ROUNDER,TARGET_120_MIN,166341,360,4384,7689.0056593661075,196.25275867199622,1185.9633145192997,7671.670921686415,48.32698947879982,270,7.051332046700054,7.202840069800118,9.427441048900164,28.73660273030066,17.787727178067502,-0.002422620168634294,-0.002422620168634294,3341.517653359829,13.92299022233262,10,285,285,72,0.4299454341038533,0.639214698532776,0.75,56,34,4,0,N/A,1.0000000000000018,154.78035627738717
ALL_ROUNDER,TARGET_120_MIN,190098,360,4360.000000000001,7538.425451152292,257.65751670029874,1172.8932286130014,7828.552576648311,45.84759893630013,264,0,1.5625,3.47185059060007,17.749512942299333,17.870044823519724,-0.0008696233117083056,-0.0008696233117083056,3348.583548842462,13.952431453510263,12,298,298,59,0.3683989665271987,0.5785245860894499,0.7333333333333333,54,34,3,0,N/A,1,132.62362794979154
ALL_ROUNDER,TARGET_120_MIN,213855,360,4388,7684.176551574406,236.71070264329828,1123.7703591248992,7738.132750834804,47.46277234030032,263.99999999999955,4.024502819100235,7.918052179200288,0,32.83711256319998,17.80894536788472,-0.0020731327574768743,-0.0020731327574768743,3138.234761576608,13.07597817323587,18,286,286,71,0.32707462078413907,0.5873864876966708,0.7333333333333321,56,32,0,0,N/A,0.9999999999999993,117.74686348229007
ALL_ROUNDER,TARGET_180_MIN,42,360,4368,7671.913987949022,216.34927482929328,1159.7686427306985,7822.059431767913,34.09939869259989,246,1.149586392999936,7.81020600910017,6.049944127599929,16.41155690909963,17.868274184892222,-0.001454689511055541,-0.001454689511055541,3741.066493755619,15.587777057315071,9,287,287,71,0.22724795564023137,0.6871648020330446,0.6833333333333333,52,30,3,0,N/A,0.9999999999999977,81.80926403048329
ALL_ROUNDER,TARGET_180_MIN,23799,360,4372,7673.007969944408,198.00496888749603,1159.1634284628044,7782.178367816327,34.1015995245001,267,5.888022198199906,8.113182558400581,9,17.19642214670006,17.843895480824163,-0.001861001245523177,-0.001861001245523177,3654.8113992796802,15.228380830332,13,289,289,69,0.31817684823464054,0.5919275352380645,0.7416666666666667,60,29,3,0,N/A,1,114.5436653644706
ALL_ROUNDER,TARGET_180_MIN,47556,360,4355.999999999998,7604.108369709011,218.4220548162992,1156.642643584396,7832.648436146324,33.68977983459985,270,5.593752672299956,4.20770153479998,1.1694915253992804,9.887751448099948,17.89761473005389,-0.0009656804250277389,-0.0009656804250277389,3618.451889324728,15.076882872186353,15,291,291,67,0.3569130997482624,0.59954666177862,0.75,65,25,1,0,N/A,1,128.48871590937446
ALL_ROUNDER,TARGET_180_MIN,71313,360,4364.000000000001,7593.34270828721,203.5582064085007,1167.4242358764004,7834.119774357921,31.74017285639991,273,0.5798343684000429,9.220100998400596,0,14.535485757700485,17.887957163543053,-0.0011266398668750516,-0.0011266398668750516,3591.6672755745913,14.96528031489413,13,294,294,64,0.368930283926605,0.6190257038536129,0.7583333333333333,61,30,0,0,N/A,1.0000000000000002,132.8149022135778
ALL_ROUNDER,TARGET_180_MIN,95070,360,4372,7627.128094970393,217.4686857460978,1174.5552364286032,7834.6186933442295,31.73620800199984,258,2.021290015199952,7.615324102298928,3.111808084800032,12.829847393000506,17.884504806679725,-0.0011841791479305286,-0.0011841791479305286,3799.680093274043,15.83200038864183,10,284,284,74,0.23470300419077605,0.6628545472769375,0.7166666666666667,63,23,2,0,N/A,0.9999999999999987,84.49308150867938
ALL_ROUNDER,TARGET_180_MIN,118827,360,4352,7688.055530708911,209.29511992899987,1150.7404067975958,7798.675142302609,31.690224390200285,267,2.9840305186000933,3.0364372469994123,3.5458689459001107,3.752613284001143,17.91855847223472,-0.0006166180553472576,-0.0006166180553472576,3652.6167900163614,15.21923662506817,13,288,288,70,0.2848432663102598,0.691991954473596,0.7416666666666667,56,33,2,0,N/A,1.000000000000001,102.54357587169352
ALL_ROUNDER,TARGET_180_MIN,142584,360,4348,7599.38404841131,264.48010358889724,1181.4283736609973,7768.345816352607,31.77313431760024,276,0,4.257364341100583,6,8.149329848498837,17.904425849473334,-0.0008521617680370099,-0.0008521617680370099,3688.7320023620987,15.369716676508737,10,280,280,78,0.3627458990794147,0.6410877239211059,0.7666666666666667,53,39,2,0,N/A,1.0000000000000047,130.5885236685893
ALL_ROUNDER,TARGET_180_MIN,166341,360,4368,7678.702404636992,203.87560689639932,1153.7317059855031,7782.225337060529,33.4595885629999,270,3.2090454961000887,6.097751532800089,3,28.212321720900377,17.843002447917225,-0.0018758851273055828,-0.0018758851273055828,3611.6340174487054,15.04847507270294,14,289,289,69,0.30557043571548675,0.6068647747902768,0.75,54,36,1,0,N/A,0.9999999999999983,110.00535685757524
ALL_ROUNDER,TARGET_180_MIN,190098,360,4355.999999999998,7595.586452523904,240.02633305079542,1163.0625091975007,7805.024143149225,31.332098604999885,309,0,3.8315715462999833,3.1804032259000223,14.553038805600266,17.895652740061664,-0.0009983802582314947,-0.0009983802582314947,3630.1024752779826,15.125426980324931,19,289,289,69,0.27769017631549475,0.6424983450061215,0.8583333333333333,68,35,2,0,N/A,1.0000000000000033,99.96846347357811
ALL_ROUNDER,TARGET_180_MIN,213855,360,4364,7628.904738076523,213.6249466196078,1156.894125990498,7848.318640229923,31.3782670507004,263.99999999999955,4.024502819100235,3.519378877000463,0,21.004953772100123,17.87625323481055,-0.001321705345750037,-0.001321705345750037,3635.264980004427,15.14693741668511,12,288,288,70,0.25799800564660613,0.5810586035410953,0.7333333333333321,59,29,0,0,N/A,1.000000000000002,92.8792820327782
PROMOTE_ASAP_BALANCED,NEVER,7961,360,4352,7417.824100552912,2002.8354888615813,1132.4140028113084,6458.814304946499,20.112102827700028,216,3.3260715285000515,0.7173601148006128,0.8785457926000504,8.263717617600378,17.941150847073608,-0.0006104488450694949,-0.0006104488450694949,94.36783356760904,0.3931993065317043,13,0,0,359,0,0.0330418932625144,0.6,64,8,2,0,N/A,1,
PROMOTE_ASAP_BALANCED,NEVER,31718,360,4352,7361.39473118169,2009.9773134937009,1195.7828271115084,6458.967393021501,20.877735191599868,201,0.663002164199952,0.9834775766998973,0,11.386127237599169,17.941576091726393,-0.0006033614341897697,-0.0006033614341897697,99.64856892595903,0.4152023705248293,11,0,0,359,0,0.0532673703536198,0.5583333333333333,54,13,0,0,N/A,1,
PROMOTE_ASAP_BALANCED,NEVER,55475,360,4380,7460.546309656219,1968.9749746628777,1139.7831568723034,6450.0603306876,20.63522812099984,180,3.3180764362998616,1.1651390399001684,0,17.45645383619967,17.91683425191,-0.0010157254311296139,-0.0010157254311296139,94.9819297393586,0.3957580405806609,12,0,0,359,0,0.06313519616305585,0.5,52,8,0,0,N/A,1,
PROMOTE_ASAP_BALANCED,NEVER,79232,360,4352,7340.318675512596,1994.6247408562983,1174.1329833416078,6466.416438447398,17.50716184210006,255,0,0,0,5.583561552602191,17.962267884576104,-0.0002584982200278792,-0.0002584982200278792,97.84441527846732,0.40768506366028046,9,0,0,359,0,0.06360828039777541,0.7083333333333334,75,10,0,0,N/A,1,
PROMOTE_ASAP_BALANCED,NEVER,102989,360,4356,7481.888778914794,1961.6206203635973,1104.9584705767086,6440.767838926201,20.764291218699952,234,8.459974176900062,0,0,22.772186896899257,17.891021774795004,-0.0014459333830462654,-0.0014459333830462654,92.07987254805904,0.3836661356169127,17,0,0,359,0,0.03631803057027885,0.65,71,7,0,0,N/A,1,
PROMOTE_ASAP_BALANCED,NEVER,126746,360,4364,7414.548859334094,1984.6570580214063,1146.570639497099,6439.9927687527,19.23067439470003,231,8.315200998599948,0,0,23.692030248700235,17.888868802090833,-0.001481816261449082,-0.001481816261449082,95.54755329142493,0.39811480538093713,13,0,0,359,0,0.03324627610362793,0.6416666666666667,74,3,0,0,N/A,1,
PROMOTE_ASAP_BALANCED,NEVER,150503,360,4356,7430.28337183939,2002.2334539920032,1145.4727559544058,6450.0397264126,20.97069180159997,195,5.269475229399973,0,0,16.690798357999398,17.91677701781278,-0.0010166793327499707,-0.0010166793327499707,95.45606299620047,0.397733595817502,14,0,0,359,0,0.05954986227110624,0.5416666666666666,53,12,0,0,N/A,1,
PROMOTE_ASAP_BALANCED,NEVER,174260,360,4352,7414.593792628892,1993.5668827227105,1156.6610432428993,6464.961556275,20.21672513049998,198,1.0736363636000306,0,0,5.964807361400531,17.958226545208333,-0.00032585387615743314,-0.00032585387615743314,96.3884202702416,0.4016184177926734,14,0,0,359,0,0.04711179869527453,0.55,59,7,0,0,N/A,1,
PROMOTE_ASAP_BALANCED,NEVER,198017,360,4368,7472.896273344089,1932.4322784317078,1150.9110313242059,6455.3534499048965,19.40696699509988,201,5.989087999099922,1.8940025955000124,0,8.763459500503131,17.931537360846935,-0.0007706736155140303,-0.0007706736155140303,95.90925261035046,0.39962188587646036,11,0,0,359,0,0.04481348252749452,0.5583333333333333,54,13,0,0,N/A,1,
PROMOTE_ASAP_BALANCED,NEVER,221774,360,4364,7462.928881014295,1964.1738414878046,1129.8700647224991,6453.649505195302,18.377707580100036,207,4.64285714289997,0,0,13.707637661798742,17.92680418109806,-0.0008495599446619774,-0.0008495599446619774,94.15583872687492,0.3923159946953122,16,0,0,359,0,0.0423721328033386,0.575,59,10,0,0,N/A,1,
PROMOTE_ASAP_BALANCED,AS_SOON_AS_ELIGIBLE,7961,360,4375.999999999998,7560.7676310586085,1790.1463997033009,1135.1360593307008,6345.0033112277,182.94659867969997,210,19.29917244960005,2.9474094284999524,0.8785457926000504,15.871561101599909,17.62500919785472,-0.0018054022579768502,-0.0018054022579768502,94.59467161089171,0.3941444650453821,11,0,0,348,0,0.06456649856888912,0.5833333333333334,59,11,2,0,N/A,0.9999999999999981,
PROMOTE_ASAP_BALANCED,AS_SOON_AS_ELIGIBLE,31718,360,4380.000000000002,7501.846810116803,1849.6270287554012,1141.6939281461005,6352.549683703202,188.28254927849986,186,10.672536865499978,0,0,20.777779431299905,17.64597134362001,-0.001456033161888883,-0.001456033161888883,95.14116067884166,0.3964215028285071,9,0,0,348,0,0.052877951200279466,0.5166666666666667,51,11,0,0,N/A,1.0000000000000024,
PROMOTE_ASAP_BALANCED,AS_SOON_AS_ELIGIBLE,55475,360,4379.999999999998,7487.230237084501,1862.6293667403002,1164.0235069511998,6349.449729607999,182.66715961599965,174,9.751994904199876,2.3218592462001766,0,22.47641624160002,17.63736036002222,-0.00158606140015926,-0.00158606140015926,97.00195891259992,0.40417482880249994,15,0,0,348,0,0.06630486064083459,0.48333333333333334,49,9,0,0,N/A,1.0000000000000002,
PROMOTE_ASAP_BALANCED,AS_SOON_AS_ELIGIBLE,79232,360,4379.999999999998,7635.1674298082025,1787.459102940999,1122.0314234156017,6341.814630639203,177.5274131960002,156.00000000000006,14.169808656200033,0,0,28.01556070460019,17.616151751775565,-0.001950441202375009,-0.001950441202375009,93.50261861796677,0.3895942442415284,14,0,0,348,0,0.055119126815278384,0.4333333333333335,45,7,0,0,N/A,1.000000000000003,
PROMOTE_ASAP_BALANCED,AS_SOON_AS_ELIGIBLE,102989,360,4400,7645.883504070302,1791.3593782383005,1120.7630709311013,6327.013237521604,185.98080923869958,129,14.814804027300042,1.6503153219000524,0,40.5216431291999,17.575036770893345,-0.002638276040666667,-0.002638276040666667,93.3969225775917,0.3891538440732989,15,0,0,348,0,0.06981001974750001,0.35833333333333334,38,5,0,0,N/A,0.9999999999999997,
PROMOTE_ASAP_BALANCED,AS_SOON_AS_ELIGIBLE,126746,360,4400.000000000004,7546.487355490201,1811.0699213064008,1158.7700131336992,6333.460537883999,191.21217218570007,158.99999999999994,12.85954451050003,0,0,37.67991760550001,17.592945938566665,-0.0023397899127777766,-0.0023397899127777766,96.56416776114163,0.40235069900475684,10,0,0,348,0,0.06413815686083371,0.4416666666666665,48,5,0,0,N/A,1.000000000000003,
PROMOTE_ASAP_BALANCED,AS_SOON_AS_ELIGIBLE,150503,360,4411.999999999998,7632.762185126599,1790.8571993152004,1113.7272975396995,6310.268391048399,190.38492697010034,150,32.00275761860013,3.458005685799975,0,38.270845647200176,17.528523308467776,-0.0034135004144259426,-0.0034135004144259426,92.81060812830836,0.38671086720128456,13,0,0,348,0,0.0795031948161109,0.4166666666666667,42,8,0,0,N/A,0.9999999999999997,
PROMOTE_ASAP_BALANCED,AS_SOON_AS_ELIGIBLE,174260,360,4359.999999999998,7512.573881824608,1868.6217819738006,1163.8692186238002,6361.3114431333,186.62367444449998,147,9.677266287100053,0.5994532986001104,0,12.411837280999904,17.670309564259167,-0.0009607396696564893,-0.0009607396696564893,96.98910155198332,0.40412125646659713,12,0,0,348,0,0.06265707259166715,0.4083333333333333,42,7,0,0,N/A,1,
PROMOTE_ASAP_BALANCED,AS_SOON_AS_ELIGIBLE,198017,360,4376,7534.606110969603,1869.0435002177996,1150.0254486574995,6349.846522704798,182.47841745030001,138,15.494434708799986,1.8940025955000124,0,16.76503999090005,17.638462563068884,-0.0015811795044074093,-0.0015811795044074093,95.83545405479175,0.39931439189496526,15,0,0,348,0,0.09510128118444498,0.38333333333333336,40,6,0,0,N/A,0.9999999999999987,
PROMOTE_ASAP_BALANCED,AS_SOON_AS_ELIGIBLE,221774,360,4399.999999999997,7546.427437444185,1840.0482687492995,1147.4763615425995,6331.716425874902,169.33150638900017,164.99999999999997,16.806667329999982,0,3,32.47690679510025,17.588101182985838,-0.0021512939346018506,-0.0021512939346018506,95.62303012855001,0.3984292922022917,11,0,0,348,0,0.06593301021222102,0.45833333333333326,51,4,1,0,N/A,1.0000000000000022,
PROMOTE_ASAP_BALANCED,TARGET_30_MIN,7961,360,4375.999999999998,7560.7676310586085,1790.1463997033009,1135.1360593307008,6345.0033112277,182.94659867969997,210,19.29917244960005,2.9474094284999524,0.8785457926000504,15.871561101599909,17.62500919785472,-0.0018054022579768502,-0.0018054022579768502,94.59467161089171,0.3941444650453821,11,0,0,348,0,0.06456649856888912,0.5833333333333334,59,11,2,0,N/A,0.9999999999999981,
PROMOTE_ASAP_BALANCED,TARGET_30_MIN,31718,360,4380.000000000002,7501.846810116803,1849.6270287554012,1141.6939281461005,6352.549683703202,188.28254927849986,186,10.672536865499978,0,0,20.777779431299905,17.64597134362001,-0.001456033161888883,-0.001456033161888883,95.14116067884166,0.3964215028285071,9,0,0,348,0,0.052877951200279466,0.5166666666666667,51,11,0,0,N/A,1.0000000000000024,
PROMOTE_ASAP_BALANCED,TARGET_30_MIN,55475,360,4379.999999999998,7487.230237084501,1862.6293667403002,1164.0235069511998,6349.449729607999,182.66715961599965,174,9.751994904199876,2.3218592462001766,0,22.47641624160002,17.63736036002222,-0.00158606140015926,-0.00158606140015926,97.00195891259992,0.40417482880249994,15,0,0,348,0,0.06630486064083459,0.48333333333333334,49,9,0,0,N/A,1.0000000000000002,
PROMOTE_ASAP_BALANCED,TARGET_30_MIN,79232,360,4379.999999999998,7635.1674298082025,1787.459102940999,1122.0314234156017,6341.814630639203,177.5274131960002,156.00000000000006,14.169808656200033,0,0,28.01556070460019,17.616151751775565,-0.001950441202375009,-0.001950441202375009,93.50261861796677,0.3895942442415284,14,0,0,348,0,0.055119126815278384,0.4333333333333335,45,7,0,0,N/A,1.000000000000003,
PROMOTE_ASAP_BALANCED,TARGET_30_MIN,102989,360,4400,7645.883504070302,1791.3593782383005,1120.7630709311013,6327.013237521604,185.98080923869958,129,14.814804027300042,1.6503153219000524,0,40.5216431291999,17.575036770893345,-0.002638276040666667,-0.002638276040666667,93.3969225775917,0.3891538440732989,15,0,0,348,0,0.06981001974750001,0.35833333333333334,38,5,0,0,N/A,0.9999999999999997,
PROMOTE_ASAP_BALANCED,TARGET_30_MIN,126746,360,4400.000000000004,7546.487355490201,1811.0699213064008,1158.7700131336992,6333.460537883999,191.21217218570007,158.99999999999994,12.85954451050003,0,0,37.67991760550001,17.592945938566665,-0.0023397899127777766,-0.0023397899127777766,96.56416776114163,0.40235069900475684,10,0,0,348,0,0.06413815686083371,0.4416666666666665,48,5,0,0,N/A,1.000000000000003,
PROMOTE_ASAP_BALANCED,TARGET_30_MIN,150503,360,4411.999999999998,7632.762185126599,1790.8571993152004,1113.7272975396995,6310.268391048399,190.38492697010034,150,32.00275761860013,3.458005685799975,0,38.270845647200176,17.528523308467776,-0.0034135004144259426,-0.0034135004144259426,92.81060812830836,0.38671086720128456,13,0,0,348,0,0.0795031948161109,0.4166666666666667,42,8,0,0,N/A,0.9999999999999997,
PROMOTE_ASAP_BALANCED,TARGET_30_MIN,174260,360,4359.999999999998,7512.573881824608,1868.6217819738006,1163.8692186238002,6361.3114431333,186.62367444449998,147,9.677266287100053,0.5994532986001104,0,12.411837280999904,17.670309564259167,-0.0009607396696564893,-0.0009607396696564893,96.98910155198332,0.40412125646659713,12,0,0,348,0,0.06265707259166715,0.4083333333333333,42,7,0,0,N/A,1,
PROMOTE_ASAP_BALANCED,TARGET_30_MIN,198017,360,4376,7534.606110969603,1869.0435002177996,1150.0254486574995,6349.846522704798,182.47841745030001,138,15.494434708799986,1.8940025955000124,0,16.76503999090005,17.638462563068884,-0.0015811795044074093,-0.0015811795044074093,95.83545405479175,0.39931439189496526,15,0,0,348,0,0.09510128118444498,0.38333333333333336,40,6,0,0,N/A,0.9999999999999987,
PROMOTE_ASAP_BALANCED,TARGET_30_MIN,221774,360,4399.999999999997,7546.427437444185,1840.0482687492995,1147.4763615425995,6331.716425874902,169.33150638900017,164.99999999999997,16.806667329999982,0,3,32.47690679510025,17.588101182985838,-0.0021512939346018506,-0.0021512939346018506,95.62303012855001,0.3984292922022917,11,0,0,348,0,0.06593301021222102,0.45833333333333326,51,4,1,0,N/A,1.0000000000000022,
PROMOTE_ASAP_BALANCED,TARGET_60_MIN,7961,360,4376.000000000002,7451.6110953801835,1932.231838806899,1165.9156236622987,6410.9574932016985,95.28394894890015,168,3.805808887600051,0.706122933199822,0.8785457926000504,15.652029184899419,17.808215258893608,-0.0009049589629058353,-0.0009049589629058353,97.15963530519159,0.40483181377163147,15,0,0,354,0,0.06676284788222075,0.4666666666666667,50,6,2,0,N/A,1.0000000000000038,
PROMOTE_ASAP_BALANCED,TARGET_60_MIN,31718,360,4380.000000000002,7496.938659212898,1840.0550400872994,1169.2823677730012,6413.036867941897,99.6870649848996,201,1.1580985950999292,0.9834775766998973,0,16.82155588630019,17.8139912998386,-0.0008779227804675938,-0.0008779227804675938,97.44019731441678,0.4060008221434031,10,0,0,354,0,0.08506650577805443,0.5583333333333333,56,11,0,0,N/A,1.000000000000003,
PROMOTE_ASAP_BALANCED,TARGET_60_MIN,55475,360,4412,7576.269308374696,1824.4088681964013,1134.669835826599,6395.841177340199,103.81081026209976,153,9.335991306099743,1.1651390399001684,0,25.65769231379977,17.766225492611664,-0.0016537425075786897,-0.0016537425075786897,94.55581965221651,0.39398258188423574,15,0,0,354,0,0.041124363688055374,0.425,47,4,0,0,N/A,0.999999999999998,
PROMOTE_ASAP_BALANCED,TARGET_60_MIN,79232,360,4352.000000000002,7447.99362497561,1948.8311259135996,1169.114086076902,6423.963621389503,87.09754164440011,171,1.1990011661999915,0,0,6.837377444300046,17.84434339274862,-0.00037205456530092757,-0.00037205456530092757,97.42617383974184,0.40594239099892426,14,0,0,354,0,0.07885202721611084,0.475,52,5,0,0,N/A,1.0000000000000018,
PROMOTE_ASAP_BALANCED,TARGET_60_MIN,102989,360,4372,7571.690238173094,1870.438354483499,1131.7235355282016,6381.155833379598,104.99203843560004,168,17.14805326700011,1.443001443000071,0,32.25311191039988,17.725432870498885,-0.002353896602796298,-0.002353896602796298,94.31029462735017,0.39295956094729223,13,0,0,354,0,0.028946766974167322,0.4666666666666667,50,6,0,0,N/A,1.000000000000002,
PROMOTE_ASAP_BALANCED,TARGET_60_MIN,126746,360,4388,7444.025113465015,1930.3969330357006,1168.172349834001,6370.1358240481,104.26977961719983,195,29.29649939229992,0,0,32.567676559599875,17.694821733466945,-0.0028640822199953566,-0.0028640822199953566,97.3476958195001,0.40561539924791695,12,0,0,354,0,0.05212788025194438,0.5416666666666666,60,5,0,0,N/A,1.000000000000003,
PROMOTE_ASAP_BALANCED,TARGET_60_MIN,150503,360,4360,7499.843553909525,1933.8007045314007,1152.3743554948999,6400.943136079899,94.0382499843001,159,10.825048608900033,0,0,20.231815311199853,17.780397600221942,-0.001432438435315119,-0.001432438435315119,96.03119629124164,0.40012998454684023,12,0,0,354,0,0.05317080632610861,0.44166666666666665,46,7,0,0,N/A,1.0000000000000027,
PROMOTE_ASAP_BALANCED,TARGET_60_MIN,174260,360,4376,7451.495882073883,1916.399858433899,1178.3883956107004,6397.0758299473,94.64003393419989,186,5.591354305599964,0,0,29.33281574710017,17.769655083186944,-0.0016168597246620428,-0.0016168597246620428,98.19903296755838,0.40916263736482644,11,0,0,354,0,0.06021818371638956,0.5166666666666667,55,7,0,0,N/A,0.999999999999998,
PROMOTE_ASAP_BALANCED,TARGET_60_MIN,198017,360,4372,7480.149427592514,1902.941757933799,1157.3694746618003,6405.0792236129,96.46011619899978,186,7.225826390699922,1.8940025955000124,0,17.800947400900043,17.791886732258057,-0.0012463322401435177,-0.0012463322401435177,96.4474562218167,0.4018644009242362,12,0,0,354,0,0.08367599863388848,0.5166666666666667,58,4,0,0,N/A,0.9999999999999993,
PROMOTE_ASAP_BALANCED,TARGET_60_MIN,221774,360,4420,7508.9133503353005,1841.651327299802,1150.8173174321005,6378.735794234301,92.88221069850013,207,17.947295315299954,0,0,35.316910450400584,17.718710539539725,-0.002465935452115769,-0.002465935452115769,95.90144311934166,0.3995893463305903,15,0,0,354,0,0.06783755073666636,0.575,59,10,0,0,N/A,1.0000000000000002,
PROMOTE_ASAP_BALANCED,TARGET_120_MIN,7961,360,4384,7443.341086781002,1912.6028265122009,1160.7036689286992,6425.5534789908015,54.798938787300074,219,8.738543873699939,0,0.8785457926000504,20.829431342899852,17.848759663863337,-0.001409561157833326,-0.001409561157833326,96.72530574405828,0.40302210726690946,15,0,0,357,0,0.058381860938334286,0.6083333333333333,67,6,2,0,N/A,0.9999999999999987,
PROMOTE_ASAP_BALANCED,TARGET_120_MIN,31718,360,4384,7507.764870481202,1887.2995858082018,1144.8515707601032,6405.1587236752,54.925249275299834,216,14.193801374200007,2.9121205184998757,0,33.735354432099854,17.792107565764447,-0.0023537627928148035,-0.0023537627928148035,95.40429756334188,0.3975179065139247,16,0,0,357,0,0.06240802395416954,0.6,65,7,0,0,N/A,1.0000000000000002,
PROMOTE_ASAP_BALANCED,TARGET_120_MIN,55475,360,4396,7530.239274569221,1918.4065889977949,1133.7998648410994,6408.466038481198,54.08823311069976,159,15.9187599605998,2.4684402251002098,0,29.146761333100272,17.80129455133666,-0.0022006463666111218,-0.0022006463666111218,94.48332207009156,0.39368050862538173,16,0,0,357,0,0.055295263973336894,0.44166666666666665,50,3,0,0,N/A,1.0000000000000033,
PROMOTE_ASAP_BALANCED,TARGET_120_MIN,79232,360,4368.000000000002,7457.0525907816955,1935.348038627301,1148.1244787957016,6422.904430698201,49.57046109710012,219,6.241831454599918,1.3986013986000216,0,25.45513644860027,17.84140119638389,-0.0015322022824907498,-0.0015322022824907498,95.67703989964183,0.39865433291517416,14,0,0,357,0,0.05619867614027972,0.6083333333333333,70,3,0,0,N/A,1.000000000000002,
PROMOTE_ASAP_BALANCED,TARGET_120_MIN,102989,360,4372,7524.280260885686,1892.791585022904,1133.0788377010044,6420.445665378,53.403651012399976,204,11.47356030740005,0,0,24.080774314599125,17.834571292716667,-0.0016460340102777398,-0.0016460340102777398,94.42323647508367,0.39343015197951536,13,0,0,357,0,0.05132317619027983,0.5666666666666667,60,8,0,0,N/A,1,
PROMOTE_ASAP_BALANCED,TARGET_120_MIN,126746,360,4368,7467.295120024502,1937.9693716218944,1127.109043200903,6416.120945160699,49.50551999199996,234,9.80845299479995,0,0,30.07060184450029,17.82255818100194,-0.001846252538856493,-0.001846252538856493,93.92575360007523,0.3913573066669802,18,0,0,357,0,0.050071608620280886,0.65,74,4,0,0,N/A,0.9999999999999944,
PROMOTE_ASAP_BALANCED,TARGET_120_MIN,150503,360,4364,7536.574457862516,1869.7454736474006,1129.6822835300982,6421.586471787699,53.41131317229994,225,7.339677200999972,1.0541406644999824,0,26.019710346799926,17.837740199410277,-0.0015932188987175858,-0.0015932188987175858,94.14019029417484,0.3922507928923952,14,0,0,357,0,0.09866182573471975,0.625,59,16,0,0,N/A,0.9999999999999983,
PROMOTE_ASAP_BALANCED,TARGET_120_MIN,174260,360,4348.000000000001,7447.304639104495,1973.9294195877012,1159.1977300491003,6437.693932799302,56.874278459400045,177,10.738311051700066,0.5053687002000515,3,4.062387448799669,17.88248314666473,-0.0008475031111435087,-0.0008475031111435087,96.59981083742508,0.40249921182260445,13,0,0,357,0,0.05286884646416626,0.49166666666666664,49,10,1,0,N/A,1.0000000000000024,
PROMOTE_ASAP_BALANCED,TARGET_120_MIN,198017,360,4368,7424.803396430696,1985.2983262988034,1148.4398830563987,6433.555737286499,53.902656927599864,186.00000000000045,10.121319404099893,1.8940025955000124,0,10.428940713900033,17.870988159129162,-0.001039086236736109,-0.001039086236736109,95.7033235880332,0.3987638482834718,21,0,0,357,0,0.07055999094639039,0.5166666666666679,54,8,0,0,N/A,1.0000000000000024,
PROMOTE_ASAP_BALANCED,TARGET_120_MIN,221774,360,4384,7468.7622705861,1939.3805732794983,1150.266514149699,6421.1337195207,50.456922464000144,186,6.905841254899997,1.3946339424003327,0,26.56580528199993,17.836482554224165,-0.0016141796518194574,-0.0016141796518194574,95.85554284580826,0.3993980951908677,15,0,0,357,0,0.07760837989611208,0.5166666666666667,54,8,0,0,N/A,1.0000000000000004,
PROMOTE_ASAP_BALANCED,TARGET_180_MIN,7961,360,4352,7399.8968319467085,2026.8613669095957,1145.4890343159045,6448.2111915076,35.54157532020011,192,7.292187227300133,0,0.8785457926000504,7.618075472500095,17.911697754187777,-0.0007309633561296423,-0.0007309633561296423,95.45741952632537,0.39773924802635574,11,0,0,358,0,0.06657640010222331,0.5333333333333333,58,6,2,0,N/A,0.9999999999999971,
PROMOTE_ASAP_BALANCED,TARGET_180_MIN,31718,360,4368,7461.144406115397,1938.7565175374034,1162.4164636720996,6433.3170477949,41.365564880199855,195,11.94466861459992,0.9834775766998973,0,17.75480601379971,17.87032513276361,-0.0014205070465323866,-0.0014205070465323866,96.86803863934159,0.4036168276639235,15,0,0,358,0,0.06547608862778544,0.5416666666666666,54,11,0,0,N/A,0.9999999999999983,
PROMOTE_ASAP_BALANCED,TARGET_180_MIN,55475,360,4388,7584.8547038422075,1895.3740775478977,1101.8976341563998,6434.520099589999,39.353484863499745,156,5.3902991449998865,1.1651390399001684,0,22.924462225100598,17.87366694330555,-0.0013648102041666952,-0.0013648102041666952,91.82480284636664,0.38260334519319456,15,0,0,358,0,0.042613631218049855,0.43333333333333335,46,6,0,0,N/A,1.000000000000003,
PROMOTE_ASAP_BALANCED,TARGET_180_MIN,79232,360,4360.000000000001,7416.468831862703,1930.6093691465026,1156.8286441185019,6443.805915125298,34.28723974700006,258,0.33727800869996827,0,0,19.856806866000852,17.89946087534805,-0.0009349113367917045,-0.0009349113367917045,96.40238700987514,0.4016766125411465,11,0,0,358,0,0.04701049390166582,0.7166666666666667,76,10,0,0,N/A,1.0000000000000013,
PROMOTE_ASAP_BALANCED,TARGET_180_MIN,102989,360,4376,7522.646708772787,1896.2441339432069,1116.816046473799,6424.6010704498,38.692040360399915,225,8.459974176900062,0,0,30.93895537329888,17.84611408458278,-0.0018240245162129143,-0.0018240245162129143,93.06800387281663,0.38778334947006904,15,0,0,358,0,0.06058235879722184,0.625,69,6,0,0,N/A,0.9999999999999997,
PROMOTE_ASAP_BALANCED,TARGET_180_MIN,126746,360,4360,7406.982170031503,1977.9753847917902,1158.6105729538017,6429.702234824999,38.72963739789992,228,8.419633755899895,0,0,25.87813141910067,17.860283985625,-0.001587859498842618,-0.001587859498842618,96.55088107948339,0.40229533783118115,17,0,0,358,0,0.04279718953723406,0.6333333333333333,70,6,0,0,N/A,1,
PROMOTE_ASAP_BALANCED,TARGET_180_MIN,150503,360,4371.999999999999,7474.011600688399,1934.951342146502,1159.5054742576021,6434.194823002899,36.3367599046,189,8.964966729799983,0,0,20.840210267300364,17.872763397230276,-0.0013778232009620485,-0.0013778232009620485,96.62545618813354,0.4026060674505563,8,0,0,358,0,0.0564740310683359,0.525,57,6,0,0,N/A,0.9999999999999991,
PROMOTE_ASAP_BALANCED,TARGET_180_MIN,174260,360,4347.999999999999,7378.117997907502,1991.6542013840942,1169.3425933227975,6451.8628884528,36.02231893279992,225,1.0736363636000306,0,0,11.063475183599635,17.92184135681333,-0.0005619033123703553,-0.0005619033123703553,97.44521611023313,0.406021733792638,10,0,0,358,0,0.04424345624166411,0.625,68,7,0,0,N/A,1.0000000000000013,
PROMOTE_ASAP_BALANCED,TARGET_180_MIN,198017,360,4364,7448.905335473098,1974.0205757093072,1141.5084759552983,6435.674977426499,37.89063543579991,198,10.841753605599905,3.8054637164000837,0,13.677805251500416,17.87687493729583,-0.0013113436376620562,-0.0013113436376620562,95.12570632960819,0.3963571097067006,15,0,0,358,0,0.05827725360194825,0.55,54,12,0,0,N/A,0.9999999999999993,
PROMOTE_ASAP_BALANCED,TARGET_180_MIN,221774,360,4368,7436.121712591396,1973.3339621785049,1146.6420256530084,6445.6579870763,32.24431250079988,198,4.64285714289997,0,0,13.699155780800254,17.90460551965639,-0.0008491672649861212,-0.0008491672649861212,95.55350213775075,0.39813959224062795,14,0,0,358,0,0.06844614322972381,0.55,59,7,0,0,N/A,1.0000000000000033,
PREPARED_BALANCED,NEVER,7961,360,4368,7375.786550044422,1988.1775403425772,1175.581703872202,6451.946143695199,21.508062045600013,219,6.996102533699968,0,3,10.057753771101261,17.922072621375552,-0.0009284192733704273,-0.0009284192733704273,97.9651419893502,0.40818809162229236,13,0,0,359,0,0.058820159763897414,0.6083333333333333,64,9,1,0,N/A,1,
PREPARED_BALANCED,NEVER,31718,360,4360,7431.192584789915,1957.3944475094963,1147.2555224914904,6444.685068025198,19.47237718389988,240,6.079139105299873,0,3,18.235792869501665,17.90190296673666,-0.0012645801840185896,-0.0012645801840185896,95.60462687429089,0.39835261197621197,14,0,0,359,0,0.040181686672233576,0.6666666666666666,68,12,1,0,N/A,1,
PREPARED_BALANCED,NEVER,55475,360,4368,7460.828810707817,1947.645809227984,1133.5602955257007,6456.996892741799,19.968191796699898,213,1.3296661822999454,0.7309941519997665,0,12.942446923901628,17.93610247983833,-0.0006945882989908027,-0.0006945882989908027,94.46335796047505,0.39359732483531273,15,0,0,359,0,0.06041565336501888,0.5916666666666667,62,9,0,0,N/A,1,
PREPARED_BALANCED,NEVER,79232,360,4344,7419.469346222693,1965.0478305418026,1149.9489912774047,6464.0594765268,17.474355431299898,240,0,0,0,7.940523473200415,17.95572076813,-0.00036761682746298244,-0.00036761682746298244,95.82908260645037,0.3992878441935433,8,0,0,359,0,0.0663179440505732,0.6666666666666666,74,6,0,0,N/A,1,
PREPARED_BALANCED,NEVER,102989,360,4352,7371.768305099082,2007.78735188681,1177.7984542107088,6464.184090831199,16.46179797220009,210,0.5663452751999785,0,0,7.249563893601362,17.95606691897555,-0.00036184764670376594,-0.00036184764670376594,98.14987118422573,0.40895779660094056,8,0,0,359,0,0.055866369457774886,0.5833333333333334,64,6,0,0,N/A,1,
PREPARED_BALANCED,NEVER,126746,360,4356,7426.95042009461,2001.0421846814825,1128.4528137339046,6452.990216893402,18.564364596599944,216,5.703143939399979,0.602409638599056,0,12.704229528598773,17.924972824703897,-0.0008800825512313802,-0.0008800825512313802,94.03773447782538,0.3918238936576058,19,0,0,359,0,0.09117155171778188,0.6,67,5,0,0,N/A,1,
PREPARED_BALANCED,NEVER,150503,360,4348,7436.91501814921,1975.9649223165914,1161.7714026691006,6459.300114118398,20.048542746700036,198,4.068902991799916,0,0,8.630982889802112,17.94250031699555,-0.0005879576797037974,-0.0005879576797037974,96.8142835557584,0.40339284814899323,13,0,0,359,0,0.05824877590361394,0.55,58,8,0,0,N/A,1,
PREPARED_BALANCED,NEVER,174260,360,4352,7388.418483161191,2010.1371012649097,1171.6686418715976,6447.406371227802,20.369402474499907,210,5.122227425299911,0,0,19.471401346898347,17.90946214229945,-0.0011385939246388078,-0.0011385939246388078,97.6390534892998,0.4068293895387492,13,0,0,359,0,0.0350916023822189,0.5833333333333334,60,10,0,0,N/A,1,
PREPARED_BALANCED,NEVER,198017,360,4348,7433.772225837993,1955.408418341401,1168.4164782696062,6452.4044533497,19.99842420129994,222,7.132182516299849,1.171875,0,11.291489133999903,17.923345703749167,-0.0009072012338101738,-0.0009072012338101738,97.36803985580052,0.4057001660658355,10,0,0,359,0,0.0822522341544666,0.6166666666666667,71,3,0,0,N/A,1,
PREPARED_BALANCED,NEVER,221774,360,4368,7413.634037108615,1991.9691110258839,1134.9321030360018,6453.9483199055985,18.516428923900037,219.00000000000003,0,0.7317073171002448,0,17.31997277730119,17.927634221959995,-0.0008357259302963631,-0.0008357259302963631,94.57767525300015,0.39407364688750063,14,0,0,359,0,0.05294067697195841,0.6083333333333334,64,9,0,0,N/A,1,
PREPARED_BALANCED,AS_SOON_AS_ELIGIBLE,7961,360,4363.999999999998,7480.969516818166,1915.412173999002,1173.5379998818996,6364.8171106327045,154.26319866829994,147,6.996102533699968,1.723043935699991,0,10.46374289789992,17.68004752953529,-0.0008880967299675867,-0.0008880967299675867,97.79483332349169,0.4074784721812153,9,0,0,348,0,0.05232404474249961,0.4083333333333333,42,7,0,0,N/A,1,
PREPARED_BALANCED,AS_SOON_AS_ELIGIBLE,31718,360,4356.000000000002,7406.911751852041,1954.7586655019015,1222.8034835830003,6351.4467423895985,152.0793566734998,156,11.195973490399865,1.2799594789998991,0,20.077324641000132,17.642907617748886,-0.0015037871437716009,-0.0015037871437716009,101.90029029858336,0.42458454291076403,7,0,0,348,0,0.05457097584416621,0.43333333333333335,46,6,0,0,N/A,1,
PREPARED_BALANCED,AS_SOON_AS_ELIGIBLE,55475,360,4348,7474.257484723499,1926.7591891627014,1183.9118170659988,6375.658477880599,150.41303116719982,141,1.3296661822999454,0,0,7.011855937099995,17.71016243855722,-0.00038192115586481223,-0.00038192115586481223,98.6593180888332,0.41108049203680513,6,0,0,348,0,0.06028971088916643,0.39166666666666666,45,2,0,0,N/A,0.9999999999999994,
PREPARED_BALANCED,AS_SOON_AS_ELIGIBLE,79232,360,4348,7411.612514629915,1955.1486080593006,1208.7415790782004,6374.2057225281005,149.29157570449988,153,0,0,0,9.794277471899989,17.706127007022502,-0.0004043356594722181,-0.0004043356594722181,100.72846492318332,0.4197019371799307,6,0,0,348,0,0.08581064108222185,0.425,45,6,0,0,N/A,1.0000000000000004,
PREPARED_BALANCED,AS_SOON_AS_ELIGIBLE,102989,360,4351.999999999998,7384.9326484148205,2010.1751756115991,1187.5455805363003,6377.203281743199,147.14331369410024,141,0.5663452751999785,0,0,6.230372981599885,17.714453560397775,-0.0003146628822592531,-0.0003146628822592531,98.96213171135835,0.4123422154639932,9,0,0,348,0,0.03613026385805659,0.39166666666666666,37,10,0,0,N/A,1.0000000000000022,
PREPARED_BALANCED,AS_SOON_AS_ELIGIBLE,126746,360,4364,7381.523059735911,1952.9800457740978,1228.0620839399005,6358.561305856103,149.87350469400033,165,8.958841409999991,2.237424829300039,0,14.242427904600063,17.66267029404473,-0.001165371642464511,-0.001165371642464511,102.33850699499168,0.4264104458124654,6,0,0,348,0,0.05660279843638843,0.4583333333333333,46,9,0,0,N/A,0.9999999999999998,
PREPARED_BALANCED,AS_SOON_AS_ELIGIBLE,150503,360,4352.000000000001,7475.826420605254,1919.857481794901,1166.079016484001,6371.548121916499,149.6889591994002,165,7.6582647869999505,0,0,4.793613296500041,17.698744783101386,-0.0005557622422296236,-0.0005557622422296236,97.17325137366677,0.4048885473902781,11,0,0,348,0,0.093619318853611,0.4583333333333333,50,5,0,0,N/A,1.0000000000000013,
PREPARED_BALANCED,AS_SOON_AS_ELIGIBLE,174260,360,4360,7459.273895573239,1951.4460871036001,1164.6372737170996,6360.577564805604,151.06517880050012,153,5.122227425299911,0,0,18.300207769099984,17.6682710133489,-0.0010843719997407348,-0.0010843719997407348,97.05310614309157,0.40438794226288194,10,0,0,348,0,0.07542394124833293,0.425,46,5,0,0,N/A,1.0000000000000004,
PREPARED_BALANCED,AS_SOON_AS_ELIGIBLE,198017,360,4392,7365.4213431444205,1980.8995958711007,1187.3276394720006,6356.303252350102,153.04816916239997,165,7.9344812434998175,1.171875,0,18.590391406400272,17.656397923194728,-0.001277742812328709,-0.001277742812328709,98.943969956,0.412266541483333,10,0,0,348,0,0.04426794332750013,0.4583333333333333,51,4,0,0,N/A,0.9999999999999997,
PREPARED_BALANCED,AS_SOON_AS_ELIGIBLE,221774,360,4368.000000000002,7439.019642246716,1937.9767790762994,1192.3348211456005,6365.360699399906,150.30805813149985,147.00000000000003,1.1699990142999468,0,0,17.469301585799883,17.68155749833307,-0.0008629305833379556,-0.0008629305833379556,99.36123509546667,0.4140051462311111,12,0,0,348,0,0.04753862534611126,0.40833333333333344,43,6,0,0,N/A,0.9999999999999967,
PREPARED_BALANCED,TARGET_30_MIN,7961,360,4363.999999999998,7480.969516818166,1915.412173999002,1173.5379998818996,6364.8171106327045,154.26319866829994,147,6.996102533699968,1.723043935699991,0,10.46374289789992,17.68004752953529,-0.0008880967299675867,-0.0008880967299675867,97.79483332349169,0.4074784721812153,9,0,0,348,0,0.05232404474249961,0.4083333333333333,42,7,0,0,N/A,1,
PREPARED_BALANCED,TARGET_30_MIN,31718,360,4356.000000000002,7406.911751852041,1954.7586655019015,1222.8034835830003,6351.4467423895985,152.0793566734998,156,11.195973490399865,1.2799594789998991,0,20.077324641000132,17.642907617748886,-0.0015037871437716009,-0.0015037871437716009,101.90029029858336,0.42458454291076403,7,0,0,348,0,0.05457097584416621,0.43333333333333335,46,6,0,0,N/A,1,
PREPARED_BALANCED,TARGET_30_MIN,55475,360,4348,7474.257484723499,1926.7591891627014,1183.9118170659988,6375.658477880599,150.41303116719982,141,1.3296661822999454,0,0,7.011855937099995,17.71016243855722,-0.00038192115586481223,-0.00038192115586481223,98.6593180888332,0.41108049203680513,6,0,0,348,0,0.06028971088916643,0.39166666666666666,45,2,0,0,N/A,0.9999999999999994,
PREPARED_BALANCED,TARGET_30_MIN,79232,360,4348,7411.612514629915,1955.1486080593006,1208.7415790782004,6374.2057225281005,149.29157570449988,153,0,0,0,9.794277471899989,17.706127007022502,-0.0004043356594722181,-0.0004043356594722181,100.72846492318332,0.4197019371799307,6,0,0,348,0,0.08581064108222185,0.425,45,6,0,0,N/A,1.0000000000000004,
PREPARED_BALANCED,TARGET_30_MIN,102989,360,4351.999999999998,7384.9326484148205,2010.1751756115991,1187.5455805363003,6377.203281743199,147.14331369410024,141,0.5663452751999785,0,0,6.230372981599885,17.714453560397775,-0.0003146628822592531,-0.0003146628822592531,98.96213171135835,0.4123422154639932,9,0,0,348,0,0.03613026385805659,0.39166666666666666,37,10,0,0,N/A,1.0000000000000022,
PREPARED_BALANCED,TARGET_30_MIN,126746,360,4364,7381.523059735911,1952.9800457740978,1228.0620839399005,6358.561305856103,149.87350469400033,165,8.958841409999991,2.237424829300039,0,14.242427904600063,17.66267029404473,-0.001165371642464511,-0.001165371642464511,102.33850699499168,0.4264104458124654,6,0,0,348,0,0.05660279843638843,0.4583333333333333,46,9,0,0,N/A,0.9999999999999998,
PREPARED_BALANCED,TARGET_30_MIN,150503,360,4352.000000000001,7475.826420605254,1919.857481794901,1166.079016484001,6371.548121916499,149.6889591994002,165,7.6582647869999505,0,0,4.793613296500041,17.698744783101386,-0.0005557622422296236,-0.0005557622422296236,97.17325137366677,0.4048885473902781,11,0,0,348,0,0.093619318853611,0.4583333333333333,50,5,0,0,N/A,1.0000000000000013,
PREPARED_BALANCED,TARGET_30_MIN,174260,360,4360,7459.273895573239,1951.4460871036001,1164.6372737170996,6360.577564805604,151.06517880050012,153,5.122227425299911,0,0,18.300207769099984,17.6682710133489,-0.0010843719997407348,-0.0010843719997407348,97.05310614309157,0.40438794226288194,10,0,0,348,0,0.07542394124833293,0.425,46,5,0,0,N/A,1.0000000000000004,
PREPARED_BALANCED,TARGET_30_MIN,198017,360,4392,7365.4213431444205,1980.8995958711007,1187.3276394720006,6356.303252350102,153.04816916239997,165,7.9344812434998175,1.171875,0,18.590391406400272,17.656397923194728,-0.001277742812328709,-0.001277742812328709,98.943969956,0.412266541483333,10,0,0,348,0,0.04426794332750013,0.4583333333333333,51,4,0,0,N/A,0.9999999999999997,
PREPARED_BALANCED,TARGET_30_MIN,221774,360,4368.000000000002,7439.019642246716,1937.9767790762994,1192.3348211456005,6365.360699399906,150.30805813149985,147.00000000000003,1.1699990142999468,0,0,17.469301585799883,17.68155749833307,-0.0008629305833379556,-0.0008629305833379556,99.36123509546667,0.4140051462311111,12,0,0,348,0,0.04753862534611126,0.40833333333333344,43,6,0,0,N/A,0.9999999999999967,
PREPARED_BALANCED,TARGET_60_MIN,7961,360,4376,7421.132520715302,1980.4767352848005,1172.7064377843012,6411.803814834597,84.88049138099987,153,6.996102533699968,0.7463392061999912,0,12.45374342549951,17.810566152318323,-0.0009350085724721983,-0.0009350085724721983,97.72553648202508,0.4071897353417713,13,0,0,354,0,0.057161308391945435,0.425,47,4,0,0,N/A,0.9999999999999997,
PREPARED_BALANCED,TARGET_60_MIN,31718,360,4371.999999999998,7461.402119868602,1928.208777146901,1181.194051968399,6409.597622777703,85.59742823839997,162,6.079139105299873,0,3,13.323238117000173,17.804437841049175,-0.0010371470936250014,-0.0010371470936250014,98.4328376640333,0.4101368236001387,15,0,0,354,0,0.03182314696111017,0.45,44,10,1,0,N/A,0.9999999999999984,
PREPARED_BALANCED,TARGET_60_MIN,55475,360,4359.999999999996,7472.860432336214,1945.390654567397,1153.3325749720989,6416.151865278103,84.26447284619965,168,1.3296661822999454,1.5569458870999995,0,12.96152265250008,17.822644070216953,-0.0007337099408287053,-0.0007337099408287053,96.11104791434163,0.4004626996430899,15,0,0,354,0,0.06100869395888893,0.4666666666666667,52,4,0,0,N/A,1.000000000000001,
PREPARED_BALANCED,TARGET_60_MIN,79232,360,4356,7461.049383154415,1950.0549479710012,1170.0629751035021,6418.119692522501,82.71300124860016,162,1.9285648421000587,0,0.13134486069998275,11.820397774700382,17.828110257006948,-0.0006426068276620572,-0.0006426068276620572,97.50524792529178,0.4062718663553826,8,0,0,354,0,0.050268785046942925,0.45,50,4,1,0,N/A,1.0000000000000007,
PREPARED_BALANCED,TARGET_60_MIN,102989,360,4360,7430.013078725515,1907.7851635426005,1172.0546935914992,6418.729662924299,80.41740121610005,231,7.162729622599926,0.7946598855999127,0,5.312947567500089,17.829804619234164,-0.0006143674572083304,-0.0006143674572083304,97.67122446595822,0.40696343527482615,12,0,0,354,0,0.05349838183694132,0.6416666666666667,64,13,0,0,N/A,1.0000000000000024,
PREPARED_BALANCED,TARGET_60_MIN,126746,360,4359.999999999998,7370.126847393702,1991.4660483791015,1201.8137519031998,6416.036274293199,83.55707803079997,177,6.819815917099959,0,0,9.14390978969999,17.822322984147775,-0.0007390613753148125,-0.0007390613753148125,100.15114599193338,0.4172964416330554,13,0,0,354,0,0.046627366664167384,0.49166666666666664,51,8,0,0,N/A,1.0000000000000009,
PREPARED_BALANCED,TARGET_60_MIN,150503,360,4360,7434.267430431393,1953.2016949918007,1167.745133787801,6415.331700434701,83.45404035430008,186,4.068902991799916,0,3,9.599396573500258,17.820365834540837,-0.0007716805354305636,-0.0007716805354305636,97.31209448231667,0.40546706034298646,15,0,0,354,0,0.04525027616027554,0.5166666666666667,56,6,1,0,N/A,1.0000000000000007,
PREPARED_BALANCED,TARGET_60_MIN,174260,360,4355.999999999998,7260.3962715349935,2029.8078900072987,1211.3159803851013,6405.0099137381985,85.4699443343998,252,7.0690761663998956,0,3,16.921010095399936,17.791694204828328,-0.0012495410306388813,-0.0012495410306388813,100.94299836542513,0.42059582652260463,10,0,0,354,0,0.054116388425558486,0.7,69,15,1,0,N/A,1.0000000000000018,
PREPARED_BALANCED,TARGET_60_MIN,198017,360,4363.999999999998,7370.226941700805,1967.7176665945995,1201.667269530299,6408.2975824746,84.09053969969983,204,8.006060731099865,1.171875,0,14.524481794300186,17.800826617985,-0.0010973341446944482,-0.0010973341446944482,100.1389391275249,0.4172455796980205,11,0,0,354,0,0.04174166553166635,0.5666666666666667,60,8,0,0,N/A,1.0000000000000027,
PREPARED_BALANCED,TARGET_60_MIN,221774,360,4363.999999999998,7459.5618060192155,1932.9477893198018,1151.822445996497,6416.6455768915,83.02238177300009,192.00000000000003,0.14875310929994612,1.3869237132003036,0,13.818746285999708,17.82401549136528,-0.0007108529216898127,-0.0007108529216898127,95.98520383304141,0.39993834930433925,12,0,0,354,0,0.0420189589852789,0.5333333333333334,55,9,0,0,N/A,0.9999999999999988,
PREPARED_BALANCED,TARGET_120_MIN,7961,360,4368.000000000001,7422.592661639508,1934.2503639920978,1180.4649551261027,6435.133442375101,46.558576867199946,213,6.996102533699968,0.6423157624001306,3,10.228139328800125,17.87537067326417,-0.0009660443344861215,-0.0009660443344861215,98.37207959384189,0.4098836649743412,11,0,0,357,0,0.07274072194389147,0.5916666666666667,61,10,1,0,N/A,1,
PREPARED_BALANCED,TARGET_120_MIN,31718,360,4360.000000000002,7410.388688176517,1980.3297737019986,1164.1575586754998,6437.4095750388,46.71440440720002,201,6.079139105299873,0,3,9.511285855899828,17.881693263996667,-0.0008606678222777652,-0.0008606678222777652,97.01312988962496,0.4042213745401041,15,0,0,357,0,0.05435927988194804,0.5583333333333333,61,6,1,0,N/A,0.9999999999999983,
PREPARED_BALANCED,TARGET_120_MIN,55475,360,4363.999999999999,7415.786548123013,1931.6822990609999,1168.867338704498,6443.772759539901,47.891054571599966,228,1.3296661822999454,0.7309941519997665,0,10.166580125799612,17.899368776499724,-0.0005660759472268203,-0.0005660759472268203,97.40561155870815,0.4058567148279507,12,0,0,357,0,0.04810140108639048,0.6333333333333333,67,9,0,0,N/A,1.0000000000000004,
PREPARED_BALANCED,TARGET_120_MIN,79232,360,4352.000000000001,7361.021231453814,2007.691079904605,1180.7445996247993,6449.7023303808,44.840758635999975,204,0,0,0,6.297669619200519,17.915839806613334,-0.00029155877866669105,-0.00029155877866669105,98.39538330206665,0.40998076375861087,10,0,0,357,0,0.04797176083666044,0.5666666666666667,59,9,0,0,N/A,0.9999999999999949,
PREPARED_BALANCED,TARGET_120_MIN,102989,360,4344,7346.32253273852,1977.7778723574943,1183.3910434396007,6447.818729123301,42.68982234110001,258,0.5663452751999785,0,0,7.614925601499863,17.91060758089806,-0.0003787625405879558,-0.0003787625405879558,98.61592028663338,0.4108996678609725,13,0,0,357,0,0.06125894867917307,0.7166666666666667,78,8,0,0,N/A,0.9999999999999997,
PREPARED_BALANCED,TARGET_120_MIN,126746,360,4368,7351.752061130313,2001.5120275694003,1177.5159525533961,6431.0747785099975,48.14518023690002,222,7.346241192799994,0,0,17.57898029720036,17.864096606972215,-0.0011539454393518671,-0.0011539454393518671,98.12632937944963,0.40885970574770697,18,0,0,357,0,0.05909728056084036,0.6166666666666667,63,11,0,0,N/A,0.9999999999999994,
PREPARED_BALANCED,TARGET_120_MIN,150503,360,4352,7418.049913902293,1940.1858073971002,1177.7640472785006,6432.8116239541,48.18860746799996,231,5.709555117199898,0,0,17.478820928700372,17.868921177650275,-0.0010735359280509382,-0.0010735359280509382,98.14700393987503,0.40894584974947945,17,0,0,357,0,0.055516077766390975,0.6416666666666667,67,10,0,0,N/A,1.000000000000001,
PREPARED_BALANCED,TARGET_120_MIN,174260,360,4356,7341.321474140203,1995.646332556605,1171.9602155430007,6430.912170687401,49.15980707279985,255,5.122227425299911,0,0,19.965601887300295,17.863644918576114,-0.0011614735792870468,-0.0011614735792870468,97.66335129525004,0.4069306303968752,14,0,0,357,0,0.07128710384611041,0.7083333333333334,77,8,0,0,N/A,0.9999999999999993,
PREPARED_BALANCED,TARGET_120_MIN,198017,360,4356.000000000001,7362.842125789199,1977.0658571719994,1211.4487840160002,6432.0114764728005,47.63175654999995,213,7.132182516299849,1.171875,0.21888891100002184,15.465577099899974,17.866698545757778,-0.0009253946077407339,-0.0009253946077407339,100.95406533466671,0.4206419388944445,5,0,0,357,0,0.06880804345027561,0.5916666666666667,65,6,1,0,N/A,1.000000000000002,
PREPARED_BALANCED,TARGET_120_MIN,221774,360,4359.999999999999,7435.394352197684,1972.9023052378025,1153.5265501658037,6440.223036874403,42.95375552430002,195.00000000000003,0,0.7317073171002448,0,15.045255808499746,17.88950843576223,-0.0007304149595185175,-0.0007304149595185175,96.127212513817,0.40053005214090404,15,0,0,357,0,0.058276895393609134,0.5416666666666667,56,9,0,0,N/A,1.0000000000000016,
PREPARED_BALANCED,TARGET_180_MIN,7961,360,4364,7388.969602440191,1998.6849472024885,1162.1795640805021,6447.855000604399,37.31088567239999,201,7.0943806494999535,0,0,9.050618746100668,17.91070833501222,-0.0007474536757222509,-0.0007474536757222509,96.84829700670856,0.4035345708612855,14,0,0,358,0,0.05076397829889048,0.5583333333333333,61,6,0,0,N/A,1,
PREPARED_BALANCED,TARGET_180_MIN,31718,360,4364,7404.663783403314,1963.1143651473985,1194.323067862592,6442.6217593248,33.27702426189978,198,6.079139105299873,0,0,15.299101569898994,17.896171553680002,-0.0009897333645925409,-0.0009897333645925409,99.52692232188267,0.41469550967451113,6,0,0,358,0,0.07986495210750538,0.55,60,6,0,0,N/A,1.0000000000000007,
PREPARED_BALANCED,TARGET_180_MIN,55475,360,4368,7435.4132853175915,1926.0313027075936,1179.4115057830968,6446.9528964809,34.19100971079979,210,5.450518507899858,0.7309941519997665,0,10.865590859199926,17.90820249022472,-0.0007892177555138683,-0.0007892177555138683,98.28429214859133,0.4095178839524642,9,0,0,358,0,0.05459908979972812,0.5833333333333334,56,14,0,0,N/A,1.000000000000001,
PREPARED_BALANCED,TARGET_180_MIN,79232,360,4348.000000000001,7406.371882738007,1965.9875942426982,1172.2104987341,6456.7307105005,31.699313784699996,219,0,0,0,7.269289499500587,17.935363084723612,-0.00033654118053243486,-0.00033654118053243486,97.68420822784165,0.40701753428267357,6,0,0,358,0,0.0659789872300008,0.6083333333333333,64,9,0,0,N/A,0.9999999999999957,
PREPARED_BALANCED,TARGET_180_MIN,102989,360,4348,7426.251195668992,1973.1484453135015,1164.9886385529005,6458.3585490123005,28.25317145230011,201,0.5663452751999785,0,0,5.075105712499919,17.939884858367503,-0.0002611782864675879,-0.0002611782864675879,97.08238654607503,0.40450994394197937,19,0,0,358,0,0.07216514349861546,0.5583333333333333,62,5,0,0,N/A,0.9999999999999993,
PREPARED_BALANCED,TARGET_180_MIN,126746,360,4356,7397.4348856792985,1994.310672558098,1171.5146659935017,6443.7449262216,32.99484954749994,204,6.119113150299995,0.602409638599056,0,13.533550989500725,17.899291461726666,-0.0009377348971481378,-0.0009377348971481378,97.62622216612512,0.40677592569218807,13,0,0,358,0,0.07268216297472807,0.5666666666666667,61,7,0,0,N/A,1.000000000000003,
PREPARED_BALANCED,TARGET_180_MIN,150503,360,4367.999999999999,7424.97484953921,1954.778529135896,1164.595644898598,6441.929197065098,35.72177936119999,210,11.920989327999848,0,0,10.149813606900551,17.894247769625274,-0.001021796432171314,-0.001021796432171314,97.04963707488314,0.4043734878120132,11,0,0,358,0,0.08304585530527504,0.5833333333333334,63,7,0,0,N/A,0.9999999999999983,
PREPARED_BALANCED,TARGET_180_MIN,174260,360,4352,7363.933463072304,1996.6089319790958,1193.4688140754952,6441.857388704702,33.13140216839986,219,5.122227425299911,0,0,17.020383869999023,17.894048301957508,-0.0010251208933008769,-0.0010251208933008769,99.45573450629121,0.4143988937762136,14,0,0,358,0,0.07694983479500195,0.6083333333333333,63,10,0,0,N/A,1.0000000000000024,
PREPARED_BALANCED,TARGET_180_MIN,198017,360,4355.999999999999,7489.935855420313,1915.7447003847017,1176.5070894440996,6439.192965935399,33.61938881549986,189,7.132182516299849,1.6677427686008741,0,16.00710877969982,17.88664712759833,-0.0011484737992870618,-0.0011484737992870618,98.04225745367496,0.4085094060569789,11,0,0,358,0,0.08922350615388694,0.525,60,3,0,0,N/A,1.0000000000000027,
PREPARED_BALANCED,TARGET_180_MIN,221774,360,4368,7486.056026110088,1929.893725295498,1137.2223115957966,6449.575097204401,34.2528397942001,195.00000000000003,0,0.7317073171002448,0,13.693195478501309,17.915486381123337,-0.0006678195738704424,-0.0006678195738704424,94.7685259663164,0.3948688581929849,16,0,0,358,0,0.06952939104250598,0.5416666666666667,56,9,0,0,N/A,0.9999999999999993,
EFFICIENCY_FIRST,NEVER,7961,360,4344,7463.834542268312,1946.9941230431857,1156.577473566304,6464.7881087157975,13.80575240639996,210,0.2233253053000226,0,0,6.988565978902244,17.95774474643277,-0.0003338838557501048,-0.0003338838557501048,96.38145613052535,0.40158940054385556,17,0,0,359,0,0.03502440800806899,0.5833333333333334,60,10,0,0,N/A,1,
EFFICIENCY_FIRST,NEVER,31718,360,4344,7393.48453112922,1969.0242147078884,1203.1122371794904,6455.7391367986,18.63988018480012,216,1.7442655731000514,0,0,14.516597628299252,17.932608713329444,-0.0007528177408055236,-0.0007528177408055236,100.25935309829086,0.41774730457621195,3,0,0,359,0,0.056939370978066485,0.6,69,3,0,0,N/A,1,
EFFICIENCY_FIRST,NEVER,55475,360,4356,7450.79489300149,1922.001935074998,1188.6507556747126,6458.8895082203,13.662908028499828,210,0.9020919698999705,0,0,12.208399809800625,17.94135974505639,-0.0006069672120231753,-0.0006069672120231753,99.05422963955941,0.41272595683149743,11,0,0,359,0,0.06061834121638587,0.5833333333333334,61,9,0,0,N/A,1,
EFFICIENCY_FIRST,NEVER,79232,360,4364,7405.398932066414,1878.49836553249,1212.461578251694,6456.643122096702,12.998002052699974,270,0,0,3,12.356877903297857,17.93511978360195,-0.0007109665695971234,-0.0007109665695971234,101.03846485430782,0.42099360355961596,10,0,0,359,0,0.05839761335526384,0.75,79,11,1,0,N/A,1,
EFFICIENCY_FIRST,NEVER,102989,360,4364,7488.059378654709,1907.7316933575978,1160.213916622493,6456.9816036823,13.013407682899953,210,0,0,0,15.01839631769991,17.936060010228612,-0.0006952961258194406,-0.0006952961258194406,96.6844930518744,0.40285205438281,12,0,0,359,0,0.05011886643445336,0.5833333333333334,63,7,0,0,N/A,1,
EFFICIENCY_FIRST,NEVER,126746,360,4336,7427.142728628704,1966.3116557501985,1183.012930690597,6460.3751469043,14.15753802620003,213,0,0,0,11.624853095700018,17.945486519178612,-0.0005381876433194455,-0.0005381876433194455,98.58441089088306,0.4107683787120128,14,0,0,359,0,0.0594942406900041,0.5916666666666667,65,6,0,0,N/A,1,
EFFICIENCY_FIRST,NEVER,150503,360,4352,7440.641193992194,1913.0309032771102,1207.5701441031952,6463.780037953302,15.977720674199816,207,0,0.6756756756999494,0,7.544286370998634,17.954944549870284,-0.00038055379845826777,-0.00038055379845826777,100.63084534193294,0.41929518892472056,7,0,0,359,0,0.11205019644305278,0.575,62,7,0,0,N/A,1,
EFFICIENCY_FIRST,NEVER,174260,360,4352,7475.676531709412,1938.6052418358972,1161.7979801480906,6454.5772320515,16.3430142551,201,1.8709417535000057,5.233296193500564,0,10.318530001499397,17.929381200143055,-0.0008066096272453692,-0.0008066096272453692,96.81649834567419,0.40340207644030923,15,0,0,359,0,0.06263817495222383,0.5583333333333333,58,9,0,0,N/A,1,
EFFICIENCY_FIRST,NEVER,198017,360,4352,7437.881162744884,1948.0179449413986,1189.1551025637164,6462.462589995501,15.483199754500106,195,0,0.6550218341003529,0,8.882388170398599,17.951284972209724,-0.0004415467594675445,-0.0004415467594675445,99.09625854697639,0.41290107727906816,14,0,0,359,0,0.0697190752930694,0.5416666666666666,58,7,0,0,N/A,1,
EFFICIENCY_FIRST,NEVER,221774,360,4352,7367.291173309222,1999.0893623609907,1211.4937639838859,6457.5255126557,17.600187690200187,195,5.938086409000107,0,0,8.536400935299298,17.937570868488056,-0.0006701151548286763,-0.0006701151548286763,100.9578136653238,0.42065755693884926,11,0,0,359,0,0.05165130824639243,0.5416666666666666,58,7,0,0,N/A,1,
EFFICIENCY_FIRST,AS_SOON_AS_ELIGIBLE,7961,360,4351.999999999996,7485.597625089635,1937.8920562803976,1196.1434021543996,6375.5485103106985,120.81840616489976,132,0.8924540236000666,0,0,7.55903566569998,17.709856973085273,-0.0003912726708009275,-0.0003912726708009275,99.67861684620001,0.4153275701924999,10,0,0,348,0,0.07865355367000007,0.36666666666666664,42,2,0,0,N/A,0.9999999999999983,
EFFICIENCY_FIRST,AS_SOON_AS_ELIGIBLE,31718,360,4352.000000000002,7471.612430436815,1933.9597431471998,1203.0155869807986,6371.174558402701,124.23768103250038,144,1.7442655731000514,0,0,11.081176024200118,17.69770710667417,-0.0005937704443194526,-0.0005937704443194526,100.25129891506664,0.4177137454794443,10,0,0,348,0,0.05108110204777745,0.4,41,7,0,0,N/A,0.9999999999999993,
EFFICIENCY_FIRST,AS_SOON_AS_ELIGIBLE,55475,360,4348,7343.948719284214,1970.834373146101,1232.4066827613995,6370.491204280501,118.31902052779974,216,0.9020919698999705,1.2819321610000003,0,11.324771588600072,17.69580890077917,-0.0006115265445601851,-0.0006115265445601851,102.70055689678325,0.42791898706993037,8,0,0,348,0,0.07654427542111139,0.6,64,8,0,0,N/A,1.0000000000000018,
EFFICIENCY_FIRST,AS_SOON_AS_ELIGIBLE,79232,360,4356,7436.324880005712,1909.1659351736985,1229.0124719801001,6372.047808297197,120.44890454330007,176.99999999999994,0,0,0,11.952191702800086,17.700132800825546,-0.0005490863538030901,-0.0005490863538030901,102.41770599834166,0.426740441659757,8,0,0,348,0,0.051027108623889365,0.49166666666666653,49,10,0,0,N/A,1.0000000000000004,
EFFICIENCY_FIRST,AS_SOON_AS_ELIGIBLE,102989,360,4364.000000000002,7401.060709783829,1939.1172608356023,1246.2721679670005,6366.778153862702,117.77170755090012,165,0,0,3,14.221846137299849,17.685494871840838,-0.0007890520647638826,-0.0007890520647638826,103.85601399725007,0.43273339165520835,8,0,0,348,0,0.08031843858916705,0.4583333333333333,50,5,1,0,N/A,0.9999999999999967,
EFFICIENCY_FIRST,AS_SOON_AS_ELIGIBLE,126746,360,4352.000000000001,7410.038790782228,1988.0134844174002,1221.8973155649005,6371.9695893139005,121.08081992160012,135,0,0.6362760848001017,0,11.39413460129989,17.699915525871948,-0.0005529281701929003,-0.0005529281701929003,101.82477629707496,0.4242699012378125,9,0,0,348,0,0.0435270343413895,0.375,40,5,0,0,N/A,1.0000000000000016,
EFFICIENCY_FIRST,AS_SOON_AS_ELIGIBLE,150503,360,4348,7404.646388979125,1939.5209761851986,1214.6300018228003,6370.550385802093,121.65224721079974,201,2.3822176614000057,1.2521913347999885,0,9.815205201699811,17.695973293894703,-0.0006226673239768429,-0.0006226673239768429,101.21916681856673,0.42174652841069454,9,0,0,348,0,0.0557823809194433,0.5583333333333333,54,13,0,0,N/A,1.0000000000000007,
EFFICIENCY_FIRST,AS_SOON_AS_ELIGIBLE,174260,360,4344,7447.909252531922,1972.6026912357001,1192.3283014887018,6370.9704838530015,122.18927089069962,150,1.8709417535000057,0.9996001598999555,0,10.158974233600105,17.697140232925005,-0.0006032183401388921,-0.0006032183401388921,99.36069179072513,0.41400288246135464,14,0,0,348,0,0.04303702918999951,0.4166666666666667,48,2,0,0,N/A,1.0000000000000038,
EFFICIENCY_FIRST,AS_SOON_AS_ELIGIBLE,198017,360,4355.999999999998,7362.249471125305,1991.722940357398,1223.1834586955003,6375.610622142001,117.23350767980024,174,2.4664374776999978,0,0,5.92294038030019,17.710029505950004,-0.00038839712305556407,-0.00038839712305556407,101.93195489129167,0.42471647871371554,11,0,0,348,0,0.08994368016166629,0.48333333333333334,52,6,0,0,N/A,0.9999999999999963,
EFFICIENCY_FIRST,AS_SOON_AS_ELIGIBLE,221774,360,4355.999999999998,7430.2973611205325,1945.6961565017011,1231.2174131284003,6362.503961000397,124.28510824900026,150,5.938086409000107,0,0,15.557952590600081,17.67362211388999,-0.0009951869907222305,-0.0009951869907222305,102.60145109403337,0.4275060462251389,13,0,0,348,0,0.08387895749833325,0.4166666666666667,42,8,0,0,N/A,1.0000000000000004,
EFFICIENCY_FIRST,TARGET_30_MIN,7961,360,4351.999999999996,7485.597625089635,1937.8920562803976,1196.1434021543996,6375.5485103106985,120.81840616489976,132,0.8924540236000666,0,0,7.55903566569998,17.709856973085273,-0.0003912726708009275,-0.0003912726708009275,99.67861684620001,0.4153275701924999,10,0,0,348,0,0.07865355367000007,0.36666666666666664,42,2,0,0,N/A,0.9999999999999983,
EFFICIENCY_FIRST,TARGET_30_MIN,31718,360,4352.000000000002,7471.612430436815,1933.9597431471998,1203.0155869807986,6371.174558402701,124.23768103250038,144,1.7442655731000514,0,0,11.081176024200118,17.69770710667417,-0.0005937704443194526,-0.0005937704443194526,100.25129891506664,0.4177137454794443,10,0,0,348,0,0.05108110204777745,0.4,41,7,0,0,N/A,0.9999999999999993,
EFFICIENCY_FIRST,TARGET_30_MIN,55475,360,4348,7343.948719284214,1970.834373146101,1232.4066827613995,6370.491204280501,118.31902052779974,216,0.9020919698999705,1.2819321610000003,0,11.324771588600072,17.69580890077917,-0.0006115265445601851,-0.0006115265445601851,102.70055689678325,0.42791898706993037,8,0,0,348,0,0.07654427542111139,0.6,64,8,0,0,N/A,1.0000000000000018,
EFFICIENCY_FIRST,TARGET_30_MIN,79232,360,4356,7436.324880005712,1909.1659351736985,1229.0124719801001,6372.047808297197,120.44890454330007,176.99999999999994,0,0,0,11.952191702800086,17.700132800825546,-0.0005490863538030901,-0.0005490863538030901,102.41770599834166,0.426740441659757,8,0,0,348,0,0.051027108623889365,0.49166666666666653,49,10,0,0,N/A,1.0000000000000004,
EFFICIENCY_FIRST,TARGET_30_MIN,102989,360,4364.000000000002,7401.060709783829,1939.1172608356023,1246.2721679670005,6366.778153862702,117.77170755090012,165,0,0,3,14.221846137299849,17.685494871840838,-0.0007890520647638826,-0.0007890520647638826,103.85601399725007,0.43273339165520835,8,0,0,348,0,0.08031843858916705,0.4583333333333333,50,5,1,0,N/A,0.9999999999999967,
EFFICIENCY_FIRST,TARGET_30_MIN,126746,360,4352.000000000001,7410.038790782228,1988.0134844174002,1221.8973155649005,6371.9695893139005,121.08081992160012,135,0,0.6362760848001017,0,11.39413460129989,17.699915525871948,-0.0005529281701929003,-0.0005529281701929003,101.82477629707496,0.4242699012378125,9,0,0,348,0,0.0435270343413895,0.375,40,5,0,0,N/A,1.0000000000000016,
EFFICIENCY_FIRST,TARGET_30_MIN,150503,360,4348,7404.646388979125,1939.5209761851986,1214.6300018228003,6370.550385802093,121.65224721079974,201,2.3822176614000057,1.2521913347999885,0,9.815205201699811,17.695973293894703,-0.0006226673239768429,-0.0006226673239768429,101.21916681856673,0.42174652841069454,9,0,0,348,0,0.0557823809194433,0.5583333333333333,54,13,0,0,N/A,1.0000000000000007,
EFFICIENCY_FIRST,TARGET_30_MIN,174260,360,4344,7447.909252531922,1972.6026912357001,1192.3283014887018,6370.9704838530015,122.18927089069962,150,1.8709417535000057,0.9996001598999555,0,10.158974233600105,17.697140232925005,-0.0006032183401388921,-0.0006032183401388921,99.36069179072513,0.41400288246135464,14,0,0,348,0,0.04303702918999951,0.4166666666666667,48,2,0,0,N/A,1.0000000000000038,
EFFICIENCY_FIRST,TARGET_30_MIN,198017,360,4355.999999999998,7362.249471125305,1991.722940357398,1223.1834586955003,6375.610622142001,117.23350767980024,174,2.4664374776999978,0,0,5.92294038030019,17.710029505950004,-0.00038839712305556407,-0.00038839712305556407,101.93195489129167,0.42471647871371554,11,0,0,348,0,0.08994368016166629,0.48333333333333334,52,6,0,0,N/A,0.9999999999999963,
EFFICIENCY_FIRST,TARGET_30_MIN,221774,360,4355.999999999998,7430.2973611205325,1945.6961565017011,1231.2174131284003,6362.503961000397,124.28510824900026,150,5.938086409000107,0,0,15.557952590600081,17.67362211388999,-0.0009951869907222305,-0.0009951869907222305,102.60145109403337,0.4275060462251389,13,0,0,348,0,0.08387895749833325,0.4166666666666667,42,8,0,0,N/A,1.0000000000000004,
EFFICIENCY_FIRST,TARGET_60_MIN,7961,360,4347.999999999998,7448.6015157875245,1935.2007705321014,1219.7481735092997,6419.529141555302,63.92039861579971,165,0.2233253053000226,0,0,12.247533139399962,17.83202539320917,-0.0005773545576249991,-0.0005773545576249991,101.6456811257749,0.42352367135739555,12,0,0,354,0,0.061096857027498196,0.4583333333333333,47,8,0,0,N/A,1.000000000000004,
EFFICIENCY_FIRST,TARGET_60_MIN,31718,360,4343.999999999998,7441.517588711381,1929.0452357237987,1226.5595807204018,6420.3574889870015,70.52010585740007,168,1.7442655731000514,0,0,9.898245439900052,17.834326358297226,-0.0005390051394907456,-0.0005390051394907456,102.21329839336684,0.42588874330569504,9,0,0,354,0,0.06614725326333509,0.4666666666666667,47,9,0,0,N/A,1.0000000000000038,
EFFICIENCY_FIRST,TARGET_60_MIN,55475,360,4359.999999999998,7436.58175350863,1907.848507589201,1193.2249013210014,6416.84231204,69.50252554119987,216,4.6483457161999695,0,0,10.509342243800205,17.82456197788889,-0.0007017448129629712,-0.0007017448129629712,99.43540844341678,0.41431420184756995,12,0,0,354,0,0.08023264202389015,0.6,62,10,0,0,N/A,1.000000000000001,
EFFICIENCY_FIRST,TARGET_60_MIN,79232,360,4348,7427.84899949389,1938.6215220117992,1198.0107215268988,6421.947387061801,61.57136990560008,204,0,0,0,10.052612938199957,17.838742741838338,-0.00046539874713888744,-0.00046539874713888744,99.83422679390824,0.41597594497461765,17,0,0,354,0,0.045047089988887776,0.5666666666666667,58,10,0,0,N/A,1.0000000000000053,
EFFICIENCY_FIRST,TARGET_60_MIN,102989,360,4352,7452.236173703308,1932.843888818598,1199.5392883134,6423.690925856701,62.689723308000026,177,0,0,0,8.309074143300165,17.843585905157504,-0.0003846793584861187,-0.0003846793584861187,99.96160735944996,0.4165066973310415,11,0,0,354,0,0.04974065753833283,0.49166666666666664,51,8,0,0,N/A,1.0000000000000022,
EFFICIENCY_FIRST,TARGET_60_MIN,126746,360,4336,7353.619841294621,2024.1842824392997,1216.766703686999,6426.375146904298,66.05402567479985,177,0,0,0,5.6248530957000185,17.85104207473416,-0.0002526780051990742,-0.0002526780051990742,101.39722530724998,0.42248843878020803,16,0,0,354,0,0.06567116292861025,0.49166666666666664,54,5,0,0,N/A,1.0000000000000022,
EFFICIENCY_FIRST,TARGET_60_MIN,150503,360,4356,7411.08719232932,1960.0633232946977,1218.8461819841996,6422.388031658304,66.61527073349993,165,0,1.4562082743998417,0,8.155760067299866,17.839966754606397,-0.00044184552739103656,-0.00044184552739103656,101.57051516534999,0.423210479855625,7,0,0,354,0,0.03920385147222155,0.4583333333333333,50,5,0,0,N/A,1,
EFFICIENCY_FIRST,TARGET_60_MIN,174260,360,4336,7458.855170151388,1945.9487821051005,1197.7845077783988,6421.087522999798,66.3240169652999,174,1.8709417535000057,0.9996001598999555,0,8.041935086800066,17.836354230554996,-0.0005052072685277789,-0.0005052072685277789,99.81537564819993,0.41589739853416624,13,0,0,354,0,0.0716015280261114,0.48333333333333334,51,7,0,0,N/A,1.0000000000000007,
EFFICIENCY_FIRST,TARGET_60_MIN,198017,360,4336,7395.990249282011,1982.3407058304977,1212.6585720752007,6428.912007774699,67.09846503760005,177,0,0.6550218341003529,0,2.432970391200115,17.858088910485275,-0.00014296260302316987,-0.00014296260302316987,101.05488100626673,0.421062004192778,14,0,0,354,0,0.07763211480666692,0.49166666666666664,56,3,0,0,N/A,1.0000000000000018,
EFFICIENCY_FIRST,TARGET_60_MIN,221774,360,4351.999999999999,7381.582764862307,1977.6400110426998,1229.8428627537992,6416.4598387529,68.47452258830018,174,5.938086409000107,0,0,9.60207483810018,17.82349955209139,-0.0007194519095879765,-0.0007194519095879765,102.48690522948326,0.4270287717895136,9,0,0,354,0,0.05349113907583196,0.48333333333333334,49,9,0,0,N/A,1.0000000000000004,
EFFICIENCY_FIRST,TARGET_120_MIN,7961,360,4348,7398.460660638516,1924.7043273324925,1178.2342078658994,6445.414698419199,35.18610574390013,270,0.2233253053000226,0.6622165713001777,3,6.699759704200375,17.903929717831108,-0.0004900602583703969,-0.0004900602583703969,98.18618398882495,0.40910909995343736,16,0,0,357,0,0.04177541941250493,0.75,79,11,1,0,N/A,1.0000000000000007,
EFFICIENCY_FIRST,TARGET_120_MIN,31718,360,4344,7453.912459658202,1928.2588179217985,1195.531424549203,6444.693772918601,41.60352495220005,192,1.7442655731000514,0,0,9.561961508299675,17.901927146996115,-0.0005234364389536908,-0.0005234364389536908,99.62761871243364,0.4151150779684733,14,0,0,357,0,0.05707706207666661,0.5333333333333333,55,9,0,0,N/A,1.0000000000000002,
EFFICIENCY_FIRST,TARGET_120_MIN,55475,360,4351.999999999999,7416.683817930412,1932.881833405597,1193.473909197602,6444.4200742505,35.54036521589978,225,0.9020919698999705,0,0,10.67783377960015,17.901166872918054,-0.0005361076735879684,-0.0005361076735879684,99.45615909980019,0.41440066291583405,13,0,0,357,0,0.05277864425222375,0.625,65,10,0,0,N/A,0.9999999999999967,
EFFICIENCY_FIRST,TARGET_120_MIN,79232,360,4372,7398.55638607912,1891.3514031018965,1212.8181707548963,6442.5020386212,33.77200144289995,249,0,0,3,10.497961378799388,17.89583899617,-0.0006249056193888612,-0.0006249056193888612,101.06818089624137,0.42111742040100564,8,0,0,357,0,0.030567024570554796,0.6916666666666667,74,9,1,0,N/A,0.9999999999999994,
EFFICIENCY_FIRST,TARGET_120_MIN,102989,360,4347.999999999998,7454.740471858202,1919.6556195606015,1194.7470073896043,6445.225072580601,33.63182861099992,204,0,0,0,10.774927419400171,17.903402979390556,-0.0004988392323796373,-0.0004988392323796373,99.56225061580038,0.41484271089916813,14,0,0,357,0,0.09488494972944345,0.5666666666666667,63,5,0,0,N/A,1.0000000000000024,
EFFICIENCY_FIRST,TARGET_120_MIN,126746,360,4340,7432.258684474006,1967.8911060703022,1189.7061070834966,6449.813519428901,37.33058294330007,183,0,0,0,6.186480571100134,17.91614866508028,-0.0002864111375509322,-0.0002864111375509322,99.1421755902914,0.41309239829288075,17,0,0,357,0,0.10618333053194375,0.5083333333333333,56,5,0,0,N/A,1,
EFFICIENCY_FIRST,TARGET_120_MIN,150503,360,4352.000000000001,7438.892048322304,1942.977661797099,1214.7789359696062,6448.756447547799,37.59490636319984,165,0,0.6756756756999494,0,6.567876776499702,17.913212354299443,-0.00033534965056479857,-0.00033534965056479857,101.2315779974672,0.4217982416561131,15,0,0,357,0,0.08114561266638734,0.4583333333333333,47,8,0,0,N/A,1.000000000000002,
EFFICIENCY_FIRST,TARGET_120_MIN,174260,360,4364,7451.045820508102,1937.051172001101,1193.1636027959005,6430.545739667601,38.19366502730017,186,1.8709417535000057,5.181664517099989,0,18.401654061799945,17.862627054632224,-0.001178437978351849,-0.001178437978351849,99.43030023299175,0.4142929176374655,12,0,0,357,0,0.06070547124111082,0.5166666666666667,56,6,0,0,N/A,0.9999999999999967,
EFFICIENCY_FIRST,TARGET_120_MIN,198017,360,4348,7374.327164929714,1965.5372348541014,1203.2632826022002,6448.4979430861995,38.374374527800086,222,0,0.6550218341003529,0,6.847035079699708,17.912494286350555,-0.0003368276464160547,-0.0003368276464160547,100.27194021685003,0.4177997509035418,9,0,0,357,0,0.0869328963802784,0.6166666666666667,66,8,0,0,N/A,1.0000000000000049,
EFFICIENCY_FIRST,TARGET_120_MIN,221774,360,4352,7404.084650809115,1978.9068098909975,1206.303584844198,6441.7608382321,39.944116223600105,177,5.938086409000107,0,0,8.301075358900107,17.893780106200275,-0.0006592204522176027,-0.0006592204522176027,100.5252987370165,0.4188554114042353,11,0,0,357,0,0.07395338472806148,0.49166666666666664,54,5,0,0,N/A,1.0000000000000016,
EFFICIENCY_FIRST,TARGET_180_MIN,7961,360,4336,7450.811535200982,1955.491729947308,1195.9605021582006,6456.3902420244995,25.345990668999946,180,0.2233253053000226,0,0,7.386432670200321,17.934417338956944,-0.0003523036099768679,-0.0003523036099768679,99.66337517985004,0.4152640632493752,15,0,0,358,0,0.0361211939700046,0.5,50,10,0,0,N/A,0.9999999999999973,
EFFICIENCY_FIRST,TARGET_180_MIN,31718,360,4352,7477.664886426073,1940.5618739065076,1152.1542280250092,6450.632451429201,28.986560213200164,198,1.7442655731000514,0,0,11.623282997699249,17.918423476192224,-0.0006188679893888564,-0.0006188679893888564,96.01285233541738,0.40005355139757265,16,0,0,358,0,0.06288623651916257,0.55,58,8,0,0,N/A,1.0000000000000002,
EFFICIENCY_FIRST,TARGET_180_MIN,55475,360,4348,7388.646581189578,1961.608321315003,1210.7711999050043,6453.195309147901,24.778588442499768,213,0.9020919698999705,0,0,9.902598882199612,17.925542525410837,-0.0005002171690786841,-0.0005002171690786841,100.89759999208366,0.42040666663368204,5,0,0,358,0,0.03206364008639441,0.5916666666666667,65,6,0,0,N/A,0.9999999999999949,
EFFICIENCY_FIRST,TARGET_180_MIN,79232,360,4356,7432.393717976703,1917.5236105845001,1190.8409154963983,6449.565955960301,25.675799982100045,228,2.7747421624000026,0,3,8.65930187729927,17.915460988778612,-0.0006682427796157075,-0.0006682427796157075,99.23674295803315,0.413486428991805,14,0,0,358,0,0.029290375245555132,0.6333333333333333,69,7,1,0,N/A,1.0000000000000007,
EFFICIENCY_FIRST,TARGET_180_MIN,102989,360,4368,7439.942400217493,1932.1896047244024,1187.577132695405,6449.408333357,24.882529005700007,198,0,0,0,14.5916666429992,17.915023148213887,-0.0006755401223610738,-0.0006755401223610738,98.96476105795045,0.4123531710747934,13,0,0,358,0,0.04634798514222058,0.55,63,3,0,0,N/A,0.9999999999999993,
EFFICIENCY_FIRST,TARGET_180_MIN,126746,360,4340,7369.86385226062,1979.9555365198028,1220.9603560174974,6456.393828339398,25.82642686270006,207,0,0,0,7.606171660600694,17.934427300942772,-0.00035213757687966186,-0.00035213757687966186,101.74669633479147,0.42394456806163106,11,0,0,358,0,0.04870554721750453,0.575,59,10,0,0,N/A,0.9999999999999973,
EFFICIENCY_FIRST,TARGET_180_MIN,150503,360,4359.999999999999,7419.610442731827,1925.2052118868999,1231.9502057205,6452.982703815801,27.251435844999946,183,0,0.6756756756999494,0,10.341620508500093,17.92495195504389,-0.0005100600085277792,-0.0005100600085277792,102.66251714337498,0.4277604880973958,7,0,0,358,0,0.08506842243278735,0.5083333333333333,59,2,0,0,N/A,0.9999999999999981,
EFFICIENCY_FIRST,TARGET_180_MIN,174260,360,4364,7476.1993337878075,1943.6263522696072,1156.5632244132962,6445.045006366598,25.566083162699897,189,1.8709417535000057,6.01149419820058,0,11.072557681700204,17.902902795462772,-0.0008775460015463334,-0.0008775460015463334,96.380268701108,0.4015844529212834,14,0,0,358,0,0.05226428645833323,0.525,56,7,0,0,N/A,0.9999999999999949,
EFFICIENCY_FIRST,TARGET_180_MIN,198017,360,4344,7435.932939789814,1951.3532582203957,1197.1476997181067,6458.782151143998,26.783951127700163,186,0,0.6550218341003529,0,4.562827021899693,17.94106153095555,-0.00024156707666666888,-0.00024156707666666888,99.76230830984225,0.4156762846243426,12,0,0,358,0,0.0902612835988963,0.5166666666666667,59,3,0,0,N/A,1.0000000000000038,
EFFICIENCY_FIRST,TARGET_180_MIN,221774,360,4356.000000000001,7376.659157113518,1980.0004038158934,1210.932963021798,6448.6005916336,29.80688441520016,198,5.938086409000107,0,0,9.461321957399946,17.912779421204444,-0.0007129355725185215,-0.0007129355725185215,100.91108025181659,0.42046283438256876,11,0,0,358,0,0.056879849413063885,0.55,59,7,0,0,N/A,0.9999999999999997,
QUALITY_FIRST,NEVER,7961,360,4692,8774.778549588875,1054.0263787034091,649.9484086666079,6208.619094877107,22.62756816400008,198,2.6497219981999933,5.7317073171007,4.785000000199943,250.21447580739152,17.24616415243641,-0.012193560422356087,-0.012193560422356087,54.16236738888399,0.2256765307870166,69,0,0,359,0,0.1009558247827912,0.55,61,5,3,0,N/A,1,
QUALITY_FIRST,NEVER,31718,360,4692,8720.606512444796,1064.660152812706,704.1839567480056,6187.841831611393,20.70754638310001,210,4.950916429300037,13.127641811199965,5.953821138000421,260.12578901010625,17.18844953225387,-0.013133742363670067,-0.013133742363670067,58.681996395667134,0.24450831831527972,59,0,0,359,0,0.1283636366502596,0.5833333333333334,63,7,2,0,N/A,1,
QUALITY_FIRST,NEVER,55475,360,4752,8782.948487592123,1021.9673969240921,689.6046382664961,6123.32209880799,23.157378409300065,207,11.625389478400052,19.104498619604783,6,311.94801309400464,17.009228052244417,-0.016142495425556038,-0.016142495425556038,57.467053188874665,0.23944605495364446,61,0,0,359,0,0.15123233107446166,0.575,60,9,2,0,N/A,1,
QUALITY_FIRST,NEVER,79232,360,4648,8687.862327799694,1109.919811046107,683.6808965471982,6238.4645751193,22.072389487700036,210,8.850099671299972,8.517424527299227,1.1900000000005093,214.9779006821002,17.32906826422028,-0.010681593368087942,-0.010681593368087942,56.97340804559986,0.2373892001899994,72,0,0,359,0,0.07584977316916543,0.5833333333333334,65,5,1,0,N/A,1,
QUALITY_FIRST,NEVER,102989,360,4716,8679.687831146814,1059.161899398589,704.8618549753937,6203.104208560404,21.184205918800103,216,2.6954339626000205,9.171676686799401,16.349924242400448,240.6787565477957,17.2308450237789,-0.01243522416410412,-0.01243522416410412,58.73848791461615,0.24474369964423393,62,0,0,359,0,0.1177082439286298,0.6,60,12,6,0,N/A,1,
QUALITY_FIRST,NEVER,126746,360,4680,8680.535880811427,1139.7121056054748,690.8128285035946,6199.527420052003,20.41176502750028,189,0,5.028003613300825,3.7723577235992707,263.67221861109624,17.220909500144455,-0.01261447129388871,-0.01261447129388871,57.56773570863289,0.23986556545263701,65,0,0,359,0,0.08310992551806495,0.525,57,6,2,0,N/A,1,
QUALITY_FIRST,NEVER,150503,360,4708,8738.370929752906,1048.5217230280978,672.0301038713023,6186.031563990295,22.045679357400104,225,7.051605533599968,11.564382126398527,3.8239316238999663,263.5285167258065,17.183421011084153,-0.013239279444893752,-0.013239279444893752,56.00250865594186,0.23334378606642442,76,0,0,359,0,0.0954120232322222,0.625,66,9,2,0,N/A,1,
QUALITY_FIRST,NEVER,174260,360,4684,8761.97979848422,1084.7489590857003,648.600677766781,6199.783955310798,19.88660935249999,201,4.104911956600063,7.554405795201546,5.351555801998984,255.20517113540143,17.22162209808555,-0.01260259466153712,-0.01260259466153712,54.05005648056509,0.2252085686690212,76,0,0,359,0,0.08936012897666565,0.5583333333333333,60,7,5,0,N/A,1,
QUALITY_FIRST,NEVER,198017,360,4752,8679.908625502198,1031.537191338705,732.1489535326996,6152.0736682339975,21.33156139240009,231,5.769230769200021,7.5668522319006115,3,303.59024876490207,17.089093522872215,-0.014811404248426061,-0.014811404248426061,61.012412794391636,0.2542183866432985,53,0,0,359,0,0.08774687638776678,0.6416666666666667,75,2,1,0,N/A,1,
QUALITY_FIRST,NEVER,221774,360,4704,8733.152024209085,1035.3914014988982,663.5068775878153,6185.628329182903,20.321367521300033,258,3.5294507574000136,11.509451721001511,0,271.3327683386955,17.182300914396954,-0.013257947723013745,-0.013257947723013745,55.29223979898462,0.2303843324957692,78,0,0,359,0,0.12951206731972675,0.7166666666666667,82,4,0,0,N/A,1,
QUALITY_FIRST,AS_SOON_AS_ELIGIBLE,7961,360,4443.999999999998,7924.458589767817,1594.1117450317984,980.8776685483008,6319.730519190998,186.8214774611001,150,11.456708450199955,0,0,52.81277235879995,17.554806997752774,-0.002919486392252157,-0.002919486392252157,81.7398057123584,0.3405825238014934,18,0,0,348,0,0.06702314882777792,0.4166666666666667,46,4,0,0,N/A,0.9999999999999974,
QUALITY_FIRST,AS_SOON_AS_ELIGIBLE,31718,360,4487.999999999998,7852.641384866112,1589.5793428525994,1035.2204085052003,6300.625618905498,186.93324487060025,147,15.228804674400209,2.5043826695999343,1.8036424854999495,63.83755126500013,17.501737830293052,-0.0036841760861314886,-0.0036841760861314886,86.26836737543336,0.3594515307309722,9,0,0,348,0,0.06638961385472039,0.4083333333333333,40,9,1,0,N/A,1.0000000000000024,
QUALITY_FIRST,AS_SOON_AS_ELIGIBLE,55475,360,4464.000000000002,7747.052307473925,1674.0839426881978,1058.6374405274998,6291.2508974195025,193.97541189090032,170.99999999999997,23.027121425500127,1.5996326905999467,0.1432825626000067,67.9790659018,17.475696937276396,-0.004281491203393519,-0.004281491203393519,88.21978671062493,0.367582444627604,7,0,0,348,0,0.058889126619722176,0.4749999999999999,47,10,1,0,N/A,0.9999999999999994,
QUALITY_FIRST,AS_SOON_AS_ELIGIBLE,79232,360,4480,7850.2811139853075,1606.2591275987995,1004.6483370434999,6283.198019252105,189.61340212029998,186,15.581211728799815,2.5157662272001744,6.297610819000056,76.40739197289913,17.453327831255848,-0.004359318148412,-0.004359318148412,83.72069475362504,0.3488362281401042,11,0,0,348,0,0.05843457523305563,0.5166666666666667,50,12,3,0,N/A,0.9999999999999991,
QUALITY_FIRST,AS_SOON_AS_ELIGIBLE,102989,360,4463.999999999999,7883.00661367341,1616.730011309597,1000.2267248786012,6300.581896471602,191.45475366680054,144,15.828566442300087,5.42998473489979,3.067050264700015,59.09250208649995,17.501616379087782,-0.003699323903478386,-0.003699323903478386,83.35222707321674,0.3473009461384031,22,0,0,348,0,0.10723276666305581,0.4,36,12,2,0,N/A,1.0000000000000004,
QUALITY_FIRST,AS_SOON_AS_ELIGIBLE,126746,360,4468.000000000002,7863.876571761015,1626.0287255957992,1019.2789953865004,6299.948646998901,187.86706025780003,135,20.310124121799817,2.504382669599863,0,61.236846209700694,17.499857352774725,-0.003795415628904027,-0.003795415628904027,84.93991628220833,0.35391631784253474,15,0,0,348,0,0.06619352009944532,0.375,40,5,0,0,N/A,1.0000000000000004,
QUALITY_FIRST,AS_SOON_AS_ELIGIBLE,150503,360,4500,7931.601776158322,1575.5250725478973,973.1993562220993,6276.823000573202,189.85079449850028,153,7.968445762099918,5.932759666599964,1.508583400799921,91.76721059729947,17.43561944603667,-0.004690670939444425,-0.004690670939444425,81.09994635184161,0.3379164431326732,19,0,0,348,0,0.05665180077444412,0.425,47,4,2,0,N/A,1.0000000000000007,
QUALITY_FIRST,AS_SOON_AS_ELIGIBLE,174260,360,4524,7885.965768440023,1520.119066520499,1016.0021134592007,6280.19059027,184.72246131029985,189,6.755531974500059,3.8102990071997738,6,87.24357874830025,17.44497386186111,-0.004378351481114204,-0.004378351481114204,84.66684278826668,0.35277851161777796,14,0,0,348,0,0.056186413645555155,0.525,54,9,2,0,N/A,1.0000000000000004,
QUALITY_FIRST,AS_SOON_AS_ELIGIBLE,198017,360,4484,7892.380966270214,1623.6118857672993,984.7637615429999,6290.182147762997,190.0612386565,135,14.110354070099902,2.526594489299967,9,68.18090367760013,17.472728188230548,-0.004162430300891976,-0.004162430300891976,82.06364679525004,0.3419318616468749,14,0,0,348,0,0.08221527115027825,0.375,35,10,3,0,N/A,0.999999999999998,
QUALITY_FIRST,AS_SOON_AS_ELIGIBLE,221774,360,4508,7989.452886180289,1506.1295765954003,962.1655766369005,6261.247717927898,187.00424265950005,186,25.72865433420006,3.115461636400056,0,93.90816610149997,17.39235477202194,-0.005277834691719127,-0.005277834691719127,80.18046471974169,0.33408526966559027,16,0,0,348,0,0.08635178862000087,0.5166666666666667,54,8,0,0,N/A,1.0000000000000018,
QUALITY_FIRST,TARGET_30_MIN,7961,360,4443.999999999998,7924.458589767817,1594.1117450317984,980.8776685483008,6319.730519190998,186.8214774611001,150,11.456708450199955,0,0,52.81277235879995,17.554806997752774,-0.002919486392252157,-0.002919486392252157,81.7398057123584,0.3405825238014934,18,0,0,348,0,0.06702314882777792,0.4166666666666667,46,4,0,0,N/A,0.9999999999999974,
QUALITY_FIRST,TARGET_30_MIN,31718,360,4487.999999999998,7852.641384866112,1589.5793428525994,1035.2204085052003,6300.625618905498,186.93324487060025,147,15.228804674400209,2.5043826695999343,1.8036424854999495,63.83755126500013,17.501737830293052,-0.0036841760861314886,-0.0036841760861314886,86.26836737543336,0.3594515307309722,9,0,0,348,0,0.06638961385472039,0.4083333333333333,40,9,1,0,N/A,1.0000000000000024,
QUALITY_FIRST,TARGET_30_MIN,55475,360,4464.000000000002,7747.052307473925,1674.0839426881978,1058.6374405274998,6291.2508974195025,193.97541189090032,170.99999999999997,23.027121425500127,1.5996326905999467,0.1432825626000067,67.9790659018,17.475696937276396,-0.004281491203393519,-0.004281491203393519,88.21978671062493,0.367582444627604,7,0,0,348,0,0.058889126619722176,0.4749999999999999,47,10,1,0,N/A,0.9999999999999994,
QUALITY_FIRST,TARGET_30_MIN,79232,360,4480,7850.2811139853075,1606.2591275987995,1004.6483370434999,6283.198019252105,189.61340212029998,186,15.581211728799815,2.5157662272001744,6.297610819000056,76.40739197289913,17.453327831255848,-0.004359318148412,-0.004359318148412,83.72069475362504,0.3488362281401042,11,0,0,348,0,0.05843457523305563,0.5166666666666667,50,12,3,0,N/A,0.9999999999999991,
QUALITY_FIRST,TARGET_30_MIN,102989,360,4463.999999999999,7883.00661367341,1616.730011309597,1000.2267248786012,6300.581896471602,191.45475366680054,144,15.828566442300087,5.42998473489979,3.067050264700015,59.09250208649995,17.501616379087782,-0.003699323903478386,-0.003699323903478386,83.35222707321674,0.3473009461384031,22,0,0,348,0,0.10723276666305581,0.4,36,12,2,0,N/A,1.0000000000000004,
QUALITY_FIRST,TARGET_30_MIN,126746,360,4468.000000000002,7863.876571761015,1626.0287255957992,1019.2789953865004,6299.948646998901,187.86706025780003,135,20.310124121799817,2.504382669599863,0,61.236846209700694,17.499857352774725,-0.003795415628904027,-0.003795415628904027,84.93991628220833,0.35391631784253474,15,0,0,348,0,0.06619352009944532,0.375,40,5,0,0,N/A,1.0000000000000004,
QUALITY_FIRST,TARGET_30_MIN,150503,360,4500,7931.601776158322,1575.5250725478973,973.1993562220993,6276.823000573202,189.85079449850028,153,7.968445762099918,5.932759666599964,1.508583400799921,91.76721059729947,17.43561944603667,-0.004690670939444425,-0.004690670939444425,81.09994635184161,0.3379164431326732,19,0,0,348,0,0.05665180077444412,0.425,47,4,2,0,N/A,1.0000000000000007,
QUALITY_FIRST,TARGET_30_MIN,174260,360,4524,7885.965768440023,1520.119066520499,1016.0021134592007,6280.19059027,184.72246131029985,189,6.755531974500059,3.8102990071997738,6,87.24357874830025,17.44497386186111,-0.004378351481114204,-0.004378351481114204,84.66684278826668,0.35277851161777796,14,0,0,348,0,0.056186413645555155,0.525,54,9,2,0,N/A,1.0000000000000004,
QUALITY_FIRST,TARGET_30_MIN,198017,360,4484,7892.380966270214,1623.6118857672993,984.7637615429999,6290.182147762997,190.0612386565,135,14.110354070099902,2.526594489299967,9,68.18090367760013,17.472728188230548,-0.004162430300891976,-0.004162430300891976,82.06364679525004,0.3419318616468749,14,0,0,348,0,0.08221527115027825,0.375,35,10,3,0,N/A,0.999999999999998,
QUALITY_FIRST,TARGET_30_MIN,221774,360,4508,7989.452886180289,1506.1295765954003,962.1655766369005,6261.247717927898,187.00424265950005,186,25.72865433420006,3.115461636400056,0,93.90816610149997,17.39235477202194,-0.005277834691719127,-0.005277834691719127,80.18046471974169,0.33408526966559027,16,0,0,348,0,0.08635178862000087,0.5166666666666667,54,8,0,0,N/A,1.0000000000000018,
QUALITY_FIRST,TARGET_60_MIN,7961,360,4539.999999999996,8110.474539499313,1471.1078918864,887.5188117393982,6307.794261515201,103.1044953597002,180,8.706386201200075,5.939732579499832,3,106.55961970410033,17.521650726431112,-0.005443977247276242,-0.005443977247276242,73.95990097828319,0.3081662540761799,21,0,0,354,0,0.08476657620361129,0.5,53,7,1,0,N/A,0.9999999999999974,
QUALITY_FIRST,TARGET_60_MIN,31718,360,4548.000000000004,8086.471731347807,1471.2129542272971,903.8406190528999,6312.904445908499,103.57024946349989,174,6.539086967199864,0.2699796749000143,4.273535830499895,108.0129516188997,17.535845683079163,-0.005118124272345042,-0.005118124272345042,75.32005158774174,0.3138335482822569,32,0,0,354,0,0.08203388004472016,0.48333333333333334,45,13,2,0,N/A,0.9999999999999981,
QUALITY_FIRST,TARGET_60_MIN,55475,360,4543.999999999998,8264.55956768069,1347.7845214835002,869.143464340498,6290.4464396559015,101.06600683940007,183,15.567994678300124,4.052816514999904,4.137276819899853,117.79547233089934,17.473462332377505,-0.006500753866861082,-0.006500753866861082,72.42862202837483,0.3017859251182285,19,0,0,354,0,0.07075118920582955,0.5083333333333333,55,6,2,0,N/A,1.000000000000002,
QUALITY_FIRST,TARGET_60_MIN,79232,360,4572.000000000001,8100.709191526905,1427.9336824910033,892.6531634722995,6285.753464212803,98.95049829700025,222,13.277011401000038,4.0501720739998746,4.2815964522001195,124.63775585999902,17.460426289480008,-0.006499912481711379,-0.006499912481711379,74.3877636226916,0.30994901509454836,29,0,0,354,0,0.0577213040580514,0.6166666666666667,69,5,2,0,N/A,0.9999999999999993,
QUALITY_FIRST,TARGET_60_MIN,102989,360,4544,8214.410772055802,1382.4238623594008,837.4712038662025,6305.6663152003,103.02784651830018,213,3.944547017599973,3.522693502300399,3,115.86644427979891,17.51573976444528,-0.005620791285277737,-0.005620791285277737,69.78926698885017,0.2907886124535425,36,0,0,354,0,0.09985147806111377,0.5916666666666667,61,10,1,0,N/A,1.0000000000000004,
QUALITY_FIRST,TARGET_60_MIN,126746,360,4507.999999999998,8105.875670988515,1458.9378490118004,913.5896602530006,6318.908241777397,99.68857796930052,195,1.2142110371000854,2.087425722199896,3.141684961699866,106.64843650159952,17.552522893826104,-0.0051387909066508974,-0.0051387909066508974,76.13247168775011,0.31721863203229184,20,0,0,354,0,0.06893323322527663,0.5416666666666666,54,11,2,0,N/A,1.0000000000000027,
QUALITY_FIRST,TARGET_60_MIN,150503,360,4575.999999999998,8151.147136974426,1366.070981392497,895.212186688002,6277.873668206303,102.69602673880019,231,14.176905516199952,3.9063979466003502,1.184534901900065,134.85849342899866,17.43853796723973,-0.007109477575559531,-0.007109477575559531,74.60101555733347,0.3108375648222229,26,0,0,354,0,0.09508316161083473,0.6416666666666667,69,8,2,0,N/A,0.999999999999997,
QUALITY_FIRST,TARGET_60_MIN,174260,360,4519.999999999996,7967.196267748419,1553.694142068701,928.8054700085015,6309.9723209858,101.33179918860009,219,10.821015669799976,7.86197509130011,6.247172551899894,97.09751570120113,17.527700891627223,-0.00563812529531363,-0.00563812529531363,77.40045583404178,0.32250189930850737,26,0,0,354,0,0.09240764207972221,0.6083333333333333,64,9,3,0,N/A,0.9999999999999998,
QUALITY_FIRST,TARGET_60_MIN,198017,360,4540,8098.634295844298,1451.1953270834972,898.6186639362993,6295.755895595201,99.79581754070028,216,9.04648795700001,1.7888447640998493,3.3949389356000665,122.01383274810027,17.48821082109778,-0.006167419948464187,-0.006167419948464187,74.88488866135825,0.31202036942232614,20,0,0,354,0,0.08577695023388768,0.6,62,10,2,0,N/A,1.000000000000001,
QUALITY_FIRST,TARGET_60_MIN,221774,360,4564,8293.399119038992,1329.648795288999,849.7433872501982,6289.225767989499,99.98293043230012,174,8.579336525100075,9.265753780499978,0,124.92914170490111,17.47007157774861,-0.006595458769895413,-0.006595458769895413,70.81194893751649,0.29504978723965214,28,0,0,354,0,0.08941118491777567,0.48333333333333334,52,6,0,0,N/A,1.0000000000000018,
QUALITY_FIRST,TARGET_120_MIN,7961,360,4588.000000000002,8299.753689393918,1359.554826092901,816.8738826921982,6294.306338033999,55.511263787000075,186,3.972769037800049,9.81656725710036,3.2600000001002627,144.6443256709989,17.484184272316664,-0.007485817683611093,-0.007485817683611093,68.0728235576832,0.28363676482368,39,0,0,357,0,0.10831411790333753,0.5166666666666667,57,5,2,0,N/A,1.0000000000000013,
QUALITY_FIRST,TARGET_120_MIN,31718,360,4636,8447.9936930163,1196.2901638075023,815.3256492153032,6250.519466824,58.87102713690001,195,14.258044981500063,6.41114553230085,8.953821138000421,175.85752152419894,17.362554074511113,-0.009395725190090139,-0.009395725190090139,67.94380410127522,0.2830991837553136,38,0,0,357,0,0.11439897686333277,0.5416666666666666,56,9,3,0,N/A,0.999999999999999,
QUALITY_FIRST,TARGET_120_MIN,55475,360,4664,8525.081652194405,1206.664352362599,761.6400533479008,6225.984929310601,57.62901278449999,159,14.341677781399994,12.34569333140007,1.7561983472000975,201.57150122939905,17.294402581418336,-0.010541053061175882,-0.010541053061175882,63.47000444565842,0.26445835185691,37,0,0,357,0,0.10069828343472093,0.44166666666666665,50,3,1,0,N/A,1.0000000000000007,
QUALITY_FIRST,TARGET_120_MIN,79232,360,4580,8316.58823090852,1323.1021092429003,803.0038945167967,6298.683886533103,53.62187879870007,225,8.850099671299972,3.401541111399638,6.162534435299676,138.90193824889855,17.49634412925862,-0.007283153401245275,-0.007283153401245275,66.91699120973303,0.2788207967072211,40,0,0,357,0,0.10001225018471777,0.625,66,9,3,0,N/A,1.0000000000000018,
QUALITY_FIRST,TARGET_120_MIN,102989,360,4596,8334.054059622798,1318.126962963005,797.3530070318976,6305.506448240402,53.95952214189995,195,6.307231766699971,7.585995046599237,8.669999999900028,127.93032494640008,17.515295689556673,-0.006882584009090721,-0.006882584009090721,66.44608391932485,0.2768586829971867,43,0,0,357,0,0.13175010357277292,0.5416666666666666,60,5,3,0,N/A,1.0000000000000018,
QUALITY_FIRST,TARGET_120_MIN,126746,360,4607.999999999999,8307.977884195785,1350.0947123274998,806.1868361016006,6271.069303226101,52.67126414900028,204,8.20544034689999,1.9513783266002065,12,162.77387810040034,17.419636953405835,-0.008508211270398159,-0.008508211270398159,67.18223634180005,0.27992598475750025,31,0,0,357,0,0.07873757238639124,0.5666666666666667,57,11,4,0,N/A,1.0000000000000033,
QUALITY_FIRST,TARGET_120_MIN,150503,360,4584,8414.658959979317,1279.2735125854006,773.0802874184988,6276.732525053502,56.254714963300216,216,8.003126956400024,13.007963391999738,6.844968438299816,151.41141615980143,17.435368125148617,-0.008288318362629377,-0.008288318362629377,64.42335728487491,0.26843065535364546,48,0,0,357,0,0.09530466974944167,0.6,60,12,4,0,N/A,1,
QUALITY_FIRST,TARGET_120_MIN,174260,360,4559.999999999999,8274.202037053306,1401.4293591178998,831.3760810104953,6311.568447102299,53.42407571599995,168,5.701229903300032,5.078842898800758,3.1931818182001734,130.45829827739988,17.532134575284164,-0.0065087522234491095,-0.0065087522234491095,69.28134008420797,0.28867225035086636,42,0,0,357,0,0.09431219374416615,0.4666666666666667,50,6,2,0,N/A,1.000000000000002,
QUALITY_FIRST,TARGET_120_MIN,198017,360,4596,8354.308788842884,1324.2027290714009,795.3404916475004,6262.765550476499,54.382439961700015,213,7.26692076339998,15.06315293260127,0.5689957426002366,170.33538008489856,17.39657097354583,-0.008874899093638868,-0.008874899093638868,66.27837430395844,0.27615989293315985,42,0,0,357,0,0.10608345976862507,0.5916666666666667,66,5,1,0,N/A,0.9999999999999974,
QUALITY_FIRST,TARGET_120_MIN,221774,360,4620,8419.725870043698,1225.703822344104,789.3622619518978,6276.953396605701,52.25464905460012,216,3.5294507574000136,7.186693634800477,3.1611876339002265,165.16927136820087,17.435981657238056,-0.008144667445433434,-0.008144667445433434,65.78018849599147,0.27408411873329785,43,0,0,357,0,0.10063297289722545,0.6,65,7,2,0,N/A,0.9999999999999997,
QUALITY_FIRST,TARGET_180_MIN,7961,360,4612,8590.808836872091,1150.4742087572079,725.292872655801,6275.383954695696,42.04012701920004,204,9.747191241200028,7.1091177854004854,5.155708721099927,166.60402755660306,17.431622096376934,-0.00869238675366343,-0.00869238675366343,60.44107272131675,0.25183780300548647,53,0,0,358,0,0.09130726240694405,0.5666666666666667,60,8,4,0,N/A,0.9999999999999997,
QUALITY_FIRST,TARGET_180_MIN,31718,360,4660,8536.16672522269,1146.5711679234023,770.9565004833005,6229.259211654196,38.04639471639996,219.00000000000045,4.950916429300037,8.924548951498537,2.9538211380004213,217.9115018270034,17.303497810150546,-0.010844995345227898,-0.010844995345227898,64.24637504027504,0.2676932293344793,40,0,0,358,0,0.11028112753304715,0.6083333333333346,66,7,1,0,N/A,1.0000000000000018,
QUALITY_FIRST,TARGET_180_MIN,55475,360,4667.999999999999,8698.277527074324,1103.7743197347922,715.8106877411949,6209.136829288101,40.0006361616002,165,11.659801863500093,14.07519512910153,1.263761263200081,227.864412456098,17.247602303578056,-0.011669591236662067,-0.011669591236662067,59.65089064509958,0.2485453776879149,56,0,0,358,0,0.11293732605722653,0.4583333333333333,49,6,2,0,N/A,1.0000000000000027,
QUALITY_FIRST,TARGET_180_MIN,79232,360,4620.000000000001,8469.843175158985,1239.2963834078082,748.3367647489999,6279.337612499704,39.18606418449991,204,8.850099671299972,5.491698887599341,3,167.32058894139732,17.442604479165844,-0.0082850927658242,-0.0082850927658242,62.36139706241667,0.2598391544267361,54,0,0,358,0,0.0801035054247153,0.5666666666666667,62,6,1,0,N/A,1.000000000000001,
QUALITY_FIRST,TARGET_180_MIN,102989,360,4616,8492.113011741309,1192.4401475667028,747.2955411068992,6270.853418969497,38.297880615600036,243,4.072955519499999,8.758469806799894,10.349924242400448,169.9652314618024,17.419037274915272,-0.008941971344004738,-0.008941971344004738,62.274628425574925,0.2594776184398956,56,0,0,358,0,0.09434399103027873,0.675,69,12,4,0,N/A,0.9999999999999967,
QUALITY_FIRST,TARGET_180_MIN,126746,360,4679.999999999999,8528.216024043131,1181.8537085929906,760.3824673065874,6234.943902205799,37.60389785150028,177,0.3354269971000008,7.482805378700959,0,221.2378654183999,17.31928861723833,-0.010603502469895703,-0.010603502469895703,63.36520560888232,0.2640216900370095,46,0,0,358,0,0.09243373824055917,0.49166666666666664,53,6,0,0,N/A,1.0000000000000024,
QUALITY_FIRST,TARGET_180_MIN,150503,360,4604,8514.47965756401,1224.8731933760964,738.5424331244967,6269.321733477097,38.782982458299955,210,7.772707462199946,7.363130885200121,5.280351809199942,174.26207636630272,17.414782592991937,-0.008904658869799813,-0.008904658869799813,61.54520276037474,0.2564383448348947,56,0,0,358,0,0.09704089808471679,0.5833333333333334,61,9,3,0,N/A,1.0000000000000004,
QUALITY_FIRST,TARGET_180_MIN,174260,360,4652,8489.59594491499,1211.6591069623014,738.076023944204,6240.939057073695,36.729867104800064,231,4.104911956600063,10.072692017199643,6.951296061699509,201.93204289080427,17.33594182520471,-0.010326895505847387,-0.010326895505847387,61.50633532868367,0.2562763972028486,60,0,0,358,0,0.0872231702483292,0.6416666666666667,70,7,5,0,N/A,1.0000000000000004,
QUALITY_FIRST,TARGET_180_MIN,198017,360,4620,8495.927065334896,1205.9838727838987,778.7177672046041,6253.8759430902,38.49535158640009,207,6.579871441800037,5.017530839698793,0.5892753503007953,197.9373792780004,17.371877619695,-0.009508704282093232,-0.009508704282093232,64.89314726705037,0.27038811361270976,41,0,0,358,0,0.06879808162999568,0.575,61,8,2,0,N/A,0.9999999999999987,
QUALITY_FIRST,TARGET_180_MIN,221774,360,4648,8563.845956740088,1145.612873553407,735.9229774187996,6251.516753923597,39.101438364100176,216,9.621448526500103,6.781317263199213,0,196.08048028670234,17.365324316454437,-0.009834062467147022,-0.009834062467147022,61.32691478489998,0.2555288116037499,58,0,0,358,0,0.12064707223999503,0.6,67,5,0,0,N/A,1.0000000000000007,
ALL_ROUNDER,NEVER,7961,360,4348,7628.9728682837995,227.14672211740498,1136.5018342902981,7900.0974045296325,18.548527162599953,261,0.6581979894999677,3.7473079038991273,1.1895734597001137,8.9901404207003,17.937263278406114,-0.000675241656194422,-0.000675241656194422,4040.194753184051,16.834144804933565,14,294,294,65,0.22147956560073648,0.6708897595794382,0.725,64,23,1,0,N/A,1,79.73264361626514
ALL_ROUNDER,NEVER,31718,360,4344,7608.625129277615,204.35847890628565,1149.127524427398,7898.781272218126,20.017274868499953,282,1.7886080028999913,2.9869169999001315,0.39518123299967556,10.211720147200367,17.935048815602777,-0.0007121493695833406,-0.0007121493695833406,4077.0721642933713,16.987800684555726,11,300,300,59,0.25858422306132084,0.6493958888330766,0.7833333333333333,65,29,1,0,N/A,1,93.0903203020755
ALL_ROUNDER,NEVER,55475,360,4336,7696.195033921927,208.05861786989922,1131.6915958256839,7878.151972612936,18.322998986800144,231,0,2.159416107200741,4.28515520719975,5.132907206799359,17.94561811521889,-0.0005359943759814744,-0.0005359943759814744,3999.9278601405167,16.666366083918817,18,291,291,68,0.27938827995209425,0.7155873285872035,0.6416666666666667,52,25,2,0,N/A,1,100.57978078275393
ALL_ROUNDER,NEVER,79232,360,4364,7674.065172993214,247.9176507703956,1104.0108988182924,7859.637907004505,18.7257561429999,261,5.704320431999804,0.1331923892003033,0,15.210680960099552,17.919310572829723,-0.0009744534158009101,-0.0009744534158009101,3842.3813873875524,16.009922447448126,18,283,283,76,0.19622948408498234,0.5877190329374987,0.725,58,29,0,0,N/A,1,70.64261427059364
ALL_ROUNDER,NEVER,102989,360,4348,7624.313910932782,284.46039480610693,1147.4831173085158,7831.703332480541,17.828059481900027,264,0,1.0877265808003358,1.158730158698745,8.55967510910088,17.947760744865,-0.0005002838818796279,-0.0005002838818796279,4059.917032810656,16.916320970044392,10,279,279,80,0.22836440275042805,0.6469840391194389,0.7333333333333333,47,41,1,0,N/A,1,82.2111849901541
ALL_ROUNDER,NEVER,126746,360,4356,7676.875617105894,217.01811751641455,1146.9607793293897,7858.126332990724,19.115410950200044,243,5.554054350100046,7.042937175498992,3,14.409801701600259,17.89442557436889,-0.0013892033901481146,-0.0013892033901481146,4073.187817084801,16.971615904519997,15,289,289,70,0.23028817252049374,0.7032934729613769,0.675,55,26,1,0,N/A,1,82.90374210737775
ALL_ROUNDER,NEVER,150503,360,4344,7705.406978184787,252.02310124950884,1132.640272676701,7808.271927848813,16.67863485160001,255,3.394522533599911,10.605886322702418,3,6.798099951098607,17.91167080886833,-0.0010187883398102909,-0.0010187883398102909,4029.264509319384,16.788602122164107,14,283,283,76,0.23883079219052883,0.7203073759188802,0.7083333333333334,54,31,1,0,N/A,1,85.97908518859037
ALL_ROUNDER,NEVER,174260,360,4344,7675.4706804779835,272.0884281491196,1164.7248908524032,7792.514631860944,19.57002553179973,246,5.42716957639982,9.963032191300499,3.491682771199976,4.293209717900027,17.913402515953333,-0.0010729210304074221,-0.0010729210304074221,4146.935876758793,17.27889948649497,18,278,278,81,0.23786484202152722,0.9021522744888794,0.6833333333333333,67,15,2,0,N/A,1,85.6313431277498
ALL_ROUNDER,NEVER,198017,360,4360,7697.654993777499,227.85858304169838,1135.648125142001,7843.980162125915,18.672607319899953,246,1.626702440200006,5.555511845198225,0.10718789400016249,20.871408840700383,17.899553302721948,-0.0013037412509304988,-0.0013037412509304988,4082.1862124296968,17.009109218457066,9,281,281,78,0.19495980164718488,0.7351928121069325,0.6833333333333333,59,23,1,0,N/A,1,70.18552859298656
ALL_ROUNDER,NEVER,221774,360,4372,7661.941851423298,222.05938079510548,1120.918358600301,7823.71181070154,18.13035110819976,306,5.960703768199892,14.527253369800121,3,16.527925893200518,17.866622547135556,-0.0018525871773703933,-0.0018525871773703933,4026.809049037484,16.778371037656182,21,282,282,77,0.20899513158765412,0.7531354857491398,0.85,80,22,1,0,N/A,1,75.23824737155549
ALL_ROUNDER,AS_SOON_AS_ELIGIBLE,7961,360,4388,7578.628870086315,392.7297935093009,1153.057151871301,7381.0463909060945,158.9623796053997,183,6.073969126399788,2.224287239499972,3,13.013342509300486,17.665801114235556,-0.0010814400167870493,-0.0010814400167870493,1423.2498350934545,5.9302076462227316,12,275,275,73,1.0127094833933346,0.4209303287363867,0.5083333333333333,34,27,1,0,N/A,0.9999999999999987,364.57541402160047
ALL_ROUNDER,AS_SOON_AS_ELIGIBLE,31718,360,4384.0000000000055,7584.364197581804,293.57123587090155,1165.5635571398,7404.755092072693,156.60393714520018,228,1.7886080028999913,8.068520756500021,0,29.46610300040031,17.62410213400055,-0.0017105080715648265,-0.0017105080715648265,1505.9961096920742,6.274983790383645,10,294,294,54,1.064283278304452,0.438601242999443,0.6333333333333333,46,30,0,0,N/A,1.0000000000000013,383.14198018960275
ALL_ROUNDER,AS_SOON_AS_ELIGIBLE,55475,360,4391.999999999998,7594.937841164488,367.41785181419965,1143.044810302501,7358.850850170992,163.2502529722,201,8.189893634600026,1.2658227848000934,12,23.90446759259993,17.60733282218889,-0.002076798563069138,-0.002076798563069138,1423.537243306238,5.931405180442655,10,272,272,76,1.0541622043766683,0.4104221277341662,0.5583333333333333,33,34,4,0,N/A,1.000000000000001,379.4983935756006
ALL_ROUNDER,AS_SOON_AS_ELIGIBLE,79232,360,4376.000000000002,7535.5977567723285,355.7616211859992,1198.1188567084998,7406.753453620492,148.1019009946997,171,3.6509675063998657,2.8047556527000097,0.3332463036000064,15.64833582689991,17.671007485306664,-0.0010387641337777664,-0.0010387641337777664,1405.7889252823272,5.857453855343031,6,288,288,60,1.1351844742166683,0.4318985414675017,0.475,31,26,1,0,N/A,0.9999999999999981,408.66641071800063
ALL_ROUNDER,AS_SOON_AS_ELIGIBLE,102989,360,4392.000000000002,7539.109150630623,353.854531698401,1191.6288406368992,7447.2208459855865,158.9569137572995,189,0.7419989690999955,2.723339136199911,3,24.8261887819,17.646412425313336,-0.0014260232346481475,-0.0014260232346481475,1509.8818996973782,6.291174582072415,8,283,283,65,0.9117492146977794,0.38308901111666654,0.525,39,24,1,0,N/A,1.0000000000000004,328.2297172912006
ALL_ROUNDER,AS_SOON_AS_ELIGIBLE,126746,360,4388.000000000002,7587.080209885973,330.57271570710117,1193.7786173879,7401.267563925198,155.44735448490007,174,5.554054350100046,4.236009243500121,0,31.458155407199712,17.618754947219998,-0.0019096397685555476,-0.0019096397685555476,1512.0325228700387,6.300135511958495,6,286,286,62,1.0273709405802756,0.4281426545855567,0.48333333333333334,32,26,0,0,N/A,0.9999999999999998,369.8535386088992
ALL_ROUNDER,AS_SOON_AS_ELIGIBLE,150503,360,4352.000000000004,7600.037434343794,338.56506974860014,1165.6797589224002,7464.588919723593,153.0498321102998,162,3.394522533599911,5.948360011199924,3,9.309117958200119,17.673188887491662,-0.0009883817815740706,-0.0009883817815740706,1571.1109007855696,6.546295419939871,8,287,287,61,1.0113305143091709,0.4206773208294426,0.45,32,22,1,0,N/A,1.0000000000000016,364.0789851513015
ALL_ROUNDER,AS_SOON_AS_ELIGIBLE,174260,360,4364,7556.297783586209,386.73309082820003,1220.4786761439993,7345.408476171392,156.64068982200052,168,13.204073986200001,4.77050191419994,3,7.8983387732000665,17.653130792573318,-0.0013315001469685194,-0.0013315001469685194,1482.8025954543928,6.178344147726642,8,272,272,76,1.117892454022781,0.45428921975472153,0.4666666666666667,32,24,1,0,N/A,0.9999999999999974,402.44128344820115
ALL_ROUNDER,AS_SOON_AS_ELIGIBLE,198017,360,4376,7572.849435273013,332.4081515532989,1181.2917479554994,7388.98666120719,158.479808188,210,9.702777260600044,3.249823288299922,0,23.198071163400073,17.63291480079917,-0.0016736422089027802,-0.0016736422089027802,1453.3155068884175,6.055481278701742,11,285,285,63,1.0555116550638934,0.353064529748334,0.5833333333333334,29,41,0,0,N/A,0.9999999999999983,379.98419582300164
ALL_ROUNDER,AS_SOON_AS_ELIGIBLE,221774,360,4363.999999999998,7531.994789174807,330.3886567978004,1164.2644447862015,7490.297831871584,151.33434334519944,180,6.574613786599912,5.872549913900059,0,9.512233746600145,17.672335007091387,-0.0009957579736805614,-0.0009957579736805614,1456.0055293094733,6.06668970545614,7,291,291,57,1.0769998167344443,0.3734460945413906,0.5,41,19,0,0,N/A,1.0000000000000002,387.71993402439995
ALL_ROUNDER,TARGET_30_MIN,7961,360,4388,7578.628870086315,392.7297935093009,1153.057151871301,7381.0463909060945,158.9623796053997,183,6.073969126399788,2.224287239499972,3,13.013342509300486,17.665801114235556,-0.0010814400167870493,-0.0010814400167870493,1423.2498350934545,5.9302076462227316,12,275,275,73,1.0127094833933346,0.4209303287363867,0.5083333333333333,34,27,1,0,N/A,0.9999999999999987,364.57541402160047
ALL_ROUNDER,TARGET_30_MIN,31718,360,4384.0000000000055,7584.364197581804,293.57123587090155,1165.5635571398,7404.755092072693,156.60393714520018,228,1.7886080028999913,8.068520756500021,0,29.46610300040031,17.62410213400055,-0.0017105080715648265,-0.0017105080715648265,1505.9961096920742,6.274983790383645,10,294,294,54,1.064283278304452,0.438601242999443,0.6333333333333333,46,30,0,0,N/A,1.0000000000000013,383.14198018960275
ALL_ROUNDER,TARGET_30_MIN,55475,360,4391.999999999998,7594.937841164488,367.41785181419965,1143.044810302501,7358.850850170992,163.2502529722,201,8.189893634600026,1.2658227848000934,12,23.90446759259993,17.60733282218889,-0.002076798563069138,-0.002076798563069138,1423.537243306238,5.931405180442655,10,272,272,76,1.0541622043766683,0.4104221277341662,0.5583333333333333,33,34,4,0,N/A,1.000000000000001,379.4983935756006
ALL_ROUNDER,TARGET_30_MIN,79232,360,4376.000000000002,7535.5977567723285,355.7616211859992,1198.1188567084998,7406.753453620492,148.1019009946997,171,3.6509675063998657,2.8047556527000097,0.3332463036000064,15.64833582689991,17.671007485306664,-0.0010387641337777664,-0.0010387641337777664,1405.7889252823272,5.857453855343031,6,288,288,60,1.1351844742166683,0.4318985414675017,0.475,31,26,1,0,N/A,0.9999999999999981,408.66641071800063
ALL_ROUNDER,TARGET_30_MIN,102989,360,4392.000000000002,7539.109150630623,353.854531698401,1191.6288406368992,7447.2208459855865,158.9569137572995,189,0.7419989690999955,2.723339136199911,3,24.8261887819,17.646412425313336,-0.0014260232346481475,-0.0014260232346481475,1509.8818996973782,6.291174582072415,8,283,283,65,0.9117492146977794,0.38308901111666654,0.525,39,24,1,0,N/A,1.0000000000000004,328.2297172912006
ALL_ROUNDER,TARGET_30_MIN,126746,360,4388.000000000002,7587.080209885973,330.57271570710117,1193.7786173879,7401.267563925198,155.44735448490007,174,5.554054350100046,4.236009243500121,0,31.458155407199712,17.618754947219998,-0.0019096397685555476,-0.0019096397685555476,1512.0325228700387,6.300135511958495,6,286,286,62,1.0273709405802756,0.4281426545855567,0.48333333333333334,32,26,0,0,N/A,0.9999999999999998,369.8535386088992
ALL_ROUNDER,TARGET_30_MIN,150503,360,4352.000000000004,7600.037434343794,338.56506974860014,1165.6797589224002,7464.588919723593,153.0498321102998,162,3.394522533599911,5.948360011199924,3,9.309117958200119,17.673188887491662,-0.0009883817815740706,-0.0009883817815740706,1571.1109007855696,6.546295419939871,8,287,287,61,1.0113305143091709,0.4206773208294426,0.45,32,22,1,0,N/A,1.0000000000000016,364.0789851513015
ALL_ROUNDER,TARGET_30_MIN,174260,360,4364,7556.297783586209,386.73309082820003,1220.4786761439993,7345.408476171392,156.64068982200052,168,13.204073986200001,4.77050191419994,3,7.8983387732000665,17.653130792573318,-0.0013315001469685194,-0.0013315001469685194,1482.8025954543928,6.178344147726642,8,272,272,76,1.117892454022781,0.45428921975472153,0.4666666666666667,32,24,1,0,N/A,0.9999999999999974,402.44128344820115
ALL_ROUNDER,TARGET_30_MIN,198017,360,4376,7572.849435273013,332.4081515532989,1181.2917479554994,7388.98666120719,158.479808188,210,9.702777260600044,3.249823288299922,0,23.198071163400073,17.63291480079917,-0.0016736422089027802,-0.0016736422089027802,1453.3155068884175,6.055481278701742,11,285,285,63,1.0555116550638934,0.353064529748334,0.5833333333333334,29,41,0,0,N/A,0.9999999999999983,379.98419582300164
ALL_ROUNDER,TARGET_30_MIN,221774,360,4363.999999999998,7531.994789174807,330.3886567978004,1164.2644447862015,7490.297831871584,151.33434334519944,180,6.574613786599912,5.872549913900059,0,9.512233746600145,17.672335007091387,-0.0009957579736805614,-0.0009957579736805614,1456.0055293094733,6.06668970545614,7,291,291,57,1.0769998167344443,0.3734460945413906,0.5,41,19,0,0,N/A,1.0000000000000002,387.71993402439995
ALL_ROUNDER,TARGET_60_MIN,7961,360,4364,7547.596881046606,275.2617233015021,1188.1952712355005,7674.337083385995,84.85804976699967,243,10.181801264399894,1.8835399859999598,0,9.375745518600581,17.807108092308333,-0.000992642905972243,-0.000992642905972243,2535.9938825152913,10.566641177147044,15,295,295,59,0.6187527535094522,0.5587158958355494,0.675,49,32,0,0,N/A,0.9999999999999932,222.75099126340282
ALL_ROUNDER,TARGET_60_MIN,31718,360,4356,7512.255957422016,257.7093244363998,1185.1346447288984,7695.177493826703,84.11723091360005,276,5.488264219500024,2.5094779754999763,1.5306885340002054,10.98107669780012,17.809695812703332,-0.0009495142327222374,-0.0009495142327222374,2608.9220109612656,10.87050837900526,13,300,300,54,0.6489037463122157,0.4280784747566684,0.7666666666666667,52,40,2,0,N/A,1.0000000000000018,233.60534867239767
ALL_ROUNDER,TARGET_60_MIN,55475,360,4400.000000000003,7634.311675494699,238.6925461308008,1159.463173121698,7640.910713947507,84.76126795900029,234,0,5.852305262400023,12,19.7506647286,17.762213972247228,-0.0017408782403240742,-0.0017408782403240742,2499.3159062881523,10.413816276200636,13,286,286,68,0.5773906204063795,0.47804096528527634,0.65,45,33,4,0,N/A,1.000000000000002,207.8606233462966
ALL_ROUNDER,TARGET_60_MIN,79232,360,4367.999999999998,7586.313297423481,286.4374004756994,1138.7127948285008,7647.8511799232965,86.67240204609999,267,8.486967842699755,3.7364033420999476,0,14.265976312300111,17.79308514584138,-0.0012263586804212865,-0.0012263586804212865,2368.415284922527,9.868397020510526,17,287,287,67,0.6083692369524994,0.4548510786833354,0.7416666666666667,54,35,0,0,N/A,1.0000000000000018,219.01292530289982
ALL_ROUNDER,TARGET_60_MIN,102989,360,4376.000000000002,7595.131431263226,289.85221936159934,1147.5575939017006,7636.2559021831985,87.51223343190009,228,11.371320265000008,2.0196634433000327,3,18.9065255813002,17.768618029751114,-0.0016341439485926038,-0.0016341439485926038,2433.5301374474416,10.139708906031014,10,292,292,62,0.6658072773844391,0.5512169424877797,0.6333333333333333,44,32,1,0,N/A,1.0000000000000033,239.6906198583981
ALL_ROUNDER,TARGET_60_MIN,126746,360,4356,7500.389702345573,296.9279920215004,1196.1363820463991,7678.645139391299,87.38305612620013,261,5.554054350100046,1.8459823118000713,0.024000800300200353,25.653970295599933,17.774783311783885,-0.0013462040628611216,-0.0013462040628611216,2497.9730480368557,10.408221033486903,9,295,295,59,0.6208825779694392,0.44133569566388836,0.725,57,30,1,0,N/A,0.9999999999999974,223.5177280689981
ALL_ROUNDER,TARGET_60_MIN,150503,360,4356,7609.535319799388,271.0009717275026,1161.5226722347006,7658.117469232602,80.72367466729992,213,3.394522533599911,8.795333282199863,3,10.832159897299903,17.794383289685832,-0.0012002110856573983,-0.0012002110856573983,2443.1167300163065,10.179653041734616,12,301,301,53,0.694721923162494,0.5577163795969429,0.5916666666666667,54,17,1,0,N/A,1.0000000000000007,250.09989233849785
ALL_ROUNDER,TARGET_60_MIN,174260,360,4368.000000000002,7640.591345039728,271.4610644028008,1179.5242363248997,7626.537022107908,80.5975749912995,201,8.201911738799822,9.329929009499722,3.491682771199976,14.337882925200574,17.768440537653618,-0.001637102150217597,-0.001637102150217597,2578.0894340513414,10.742039308547266,12,288,288,66,0.6452465475927698,0.5865858006758279,0.5583333333333333,43,24,2,0,N/A,1.000000000000001,232.28875713339713
ALL_ROUNDER,TARGET_60_MIN,198017,360,4388,7642.5555307748,220.86363178449858,1154.4461825108008,7657.828866659096,83.06245996749965,240,8.592016740299982,2.0790243901999474,3.6153605569000007,29.420509766099883,17.745258579295825,-0.0020234681228472125,-0.0020234681228472125,2549.4423648336315,10.62267652014014,16,297,297,57,0.5923425786202745,0.5753999080602794,0.6666666666666666,52,28,2,0,N/A,1,213.24332830329882
ALL_ROUNDER,TARGET_60_MIN,221774,360,4359.999999999998,7533.1325958701345,252.15022521420337,1182.4260014180006,7693.155940049186,84.69853775930022,252,9.69740555049998,10.790349204099982,3,8.812302522700179,17.776944285340825,-0.0014953730220972298,-0.0014953730220972298,2444.009503931397,10.183372933047496,9,299,299,55,0.6734352769144456,0.4878665830419439,0.7,57,27,1,0,N/A,1.0000000000000013,242.43669968920042
ALL_ROUNDER,TARGET_120_MIN,7961,360,4356,7649.142276824807,222.67424000249846,1118.8397990110998,7819.591784370409,44.15193543129982,243,0.6581979894999677,2.7906976743997802,1.1895734597001137,8.735738205000871,17.896182757420554,-0.0006191762652129972,-0.0006191762652129972,3139.6791693001214,13.081996538750499,21,300,300,57,0.4072221232219139,0.5633659483791631,0.675,53,28,1,0,N/A,1.0000000000000007,146.59996435988901
ALL_ROUNDER,TARGET_120_MIN,31718,360,4356.000000000001,7623.4424824136,194.33446223489813,1146.4449141962996,7797.658169941612,48.31196703349997,267,2.1976084138999568,6.420896645300672,0.39518123299967556,12.934220190600058,17.872366926436673,-0.0010161067816111282,-0.0010161067816111282,3174.7427749133403,13.228094895472234,19,302,302,55,0.46335556716691556,0.49122645523500935,0.7416666666666667,58,31,1,0,N/A,1,166.8080041800896
ALL_ROUNDER,TARGET_120_MIN,55475,360,4343.999999999999,7637.768403548108,165.26614242929932,1174.357054539602,7820.715829015116,45.39823278260036,252,0.7844337947000213,0.5114266205000604,1.2851552071997503,7.92186794749972,17.904158656750273,-0.0004862446097175716,-0.0004862446097175716,3299.684615399376,13.748685897497388,17,301,301,56,0.44581760468133363,0.6037421011763848,0.7,56,28,1,0,N/A,1.0000000000000004,160.4943376852801
ALL_ROUNDER,TARGET_120_MIN,79232,360,4360,7503.370815411571,271.6460991110987,1214.6858956661968,7829.642528288104,45.86208742229962,234,5.704320431999804,2.018812358000332,0,12.743156335100338,17.876482530208044,-0.0009475133854213185,-0.0009475133854213185,3342.6321265464467,13.92763386061019,9,295,295,62,0.3910904836130471,0.5685863273202725,0.65,52,26,0,0,N/A,0.9999999999999977,140.79257410069695
ALL_ROUNDER,TARGET_120_MIN,102989,360,4352,7627.324506249815,238.08322629469916,1171.4757617388996,7789.052028525712,43.21099511729989,231,0,1.3535427557003459,6,12.257415179600144,17.878858450179724,-0.0009079147192268744,-0.0009079147192268744,3248.118260375771,13.533826084899045,14,295,295,62,0.41070411687108344,0.6081467890219389,0.6416666666666667,40,37,2,0,N/A,1.0000000000000013,147.85348207359004
ALL_ROUNDER,TARGET_120_MIN,126746,360,4360,7610.8847697980955,237.99320644400314,1202.404790489197,7779.907430223102,46.71892133539984,246,5.554054350100046,6.715592308799387,0,13.257616514500057,17.862424268962773,-0.0011818177395092363,-0.0011818177395092363,3331.319455818592,13.880497732577446,11,290,290,67,0.32247467141721287,0.7185794367911063,0.6833333333333333,53,29,0,0,N/A,1.0000000000000007,116.09088171019664
ALL_ROUNDER,TARGET_120_MIN,150503,360,4356,7632.038399738194,217.3172580860005,1173.6771729322004,7771.802594345105,43.46681929080006,261,3.394522533599911,5.194805194799983,4.175438596499589,10.72476572860026,17.868084633184722,-0.0010874783358101742,-0.0010874783358101742,3348.1713202985507,13.950713834577295,13,291,291,66,0.40193821002136354,0.6704850446494495,0.725,60,27,2,0,N/A,1.0000000000000022,144.69775560769088
ALL_ROUNDER,TARGET_120_MIN,174260,360,4352,7647.308418199413,263.62451233040224,1153.7404175513975,7735.472958940817,48.268891257599705,252,8.89291204509982,6.047727088499869,3.491682771199976,7.755500040299978,17.860589383485834,-0.0012123991641249836,-0.0012123991641249836,3246.7259104859913,13.528024627024962,11,287,287,70,0.40995778255663345,0.6228570073161015,0.7,53,31,2,0,N/A,1,147.58480172038804
ALL_ROUNDER,TARGET_120_MIN,198017,360,4356,7593.252406232314,259.7286343107984,1184.1194427512971,7785.303374634909,45.71554562779994,237.00000000000045,1.626702440200006,4.909213069399584,0,21.734884711100108,17.854803332720277,-0.0013088333435509122,-0.0013088333435509122,3376.4746352357047,14.0686443134821,10,291,291,66,0.38577943456357255,0.6146335874036121,0.6583333333333345,53,26,0,0,N/A,0.9999999999999993,138.88059644288612
ALL_ROUNDER,TARGET_120_MIN,221774,360,4368,7602.698219349094,200.86812757780228,1163.9899412621994,7820.432002897514,43.43391440079978,270.00000000000045,5.960703768199892,14.392250776999902,3,9.238806370800773,17.842800664122226,-0.0015088778201852117,-0.0015088778201852117,3288.2255359025257,13.700939732927186,14,293,293,64,0.3627160958683074,0.6407308048816677,0.7500000000000012,68,22,1,0,N/A,0.9999999999999988,130.57779451259066
ALL_ROUNDER,TARGET_180_MIN,7961,360,4348,7588.658260426799,205.65966975819987,1145.4640268143019,7893.294332611028,31.51540827260004,272.99999999999955,0.6981216968999888,3.2058749849002197,1.1895734597001137,6.5468168683009935,17.923221147195,-0.0005389068060093203,-0.0005389068060093203,3578.709538198983,14.911289742495768,14,303,303,55,0.31780083921407665,0.5706359052608427,0.7583333333333321,65,26,1,0,N/A,1.0000000000000044,114.40830211706759
ALL_ROUNDER,TARGET_180_MIN,31718,360,4332.000000000001,7560.3773567909075,190.97750942779916,1178.281811512188,7898.454764658432,34.4721681219998,285,1.7886080028999913,2.9869169999001315,0.39518123299967556,6.5297134075001395,17.923054389879724,-0.0005416860945972188,-0.0005416860945972188,3689.8087419965514,15.374203091652301,9,312,312,46,0.3345455263574315,0.5707598321813755,0.7916666666666666,59,36,1,0,N/A,1.0000000000000013,120.43638948867535
ALL_ROUNDER,TARGET_180_MIN,55475,360,4336,7662.368651400004,183.10606787459926,1159.9194497111023,7892.273352052919,32.33838183509994,204,0.5677047458999596,0.5114266205000604,4.28515520719975,9.49950959479986,17.91426723286556,-0.0006881387114999826,-0.0006881387114999826,3634.6143158042814,15.144226315851189,16,301,301,57,0.3610947142396549,0.5799862349824996,0.5666666666666667,47,21,2,0,N/A,0.9999999999999973,129.99409712627576
ALL_ROUNDER,TARGET_180_MIN,79232,360,4372,7557.508673078817,242.45605272059495,1164.5712178411993,7835.255114282614,33.54506843989998,282,5.704320431999804,0.1331923892003033,0,18.960669746500685,17.886671715089722,-0.0011480640077639254,-0.0011480640077639254,3465.987550117475,14.441614792156154,10,290,290,68,0.31295520454690523,0.5551115016013821,0.7833333333333333,68,26,0,0,N/A,1.0000000000000018,112.66387363688588
ALL_ROUNDER,TARGET_180_MIN,102989,360,4348,7609.492778598285,262.3245350119048,1157.775300884408,7825.213789253223,30.738862028300105,255,0,1.0877265808003358,0,10.320042500500051,17.923867308107504,-0.0005281374574676108,-0.0005281374574676108,3579.3175729162867,14.913823220484533,11,291,291,67,0.30959648395522527,0.6174474407966489,0.7083333333333334,46,39,0,0,N/A,0.9999999999999951,111.4547342238811
ALL_ROUNDER,TARGET_180_MIN,126746,360,4344,7642.4265382452995,216.3814995610062,1139.7702520395906,7857.660308371825,33.11418953110001,255,5.554054350100046,8.283690883899453,0,11.126173891800022,17.88621133576167,-0.0011557369965647935,-0.0011557369965647935,3584.843586400485,14.936848276668691,15,298,298,60,0.3101311451421627,0.6876435275952699,0.7083333333333334,59,26,0,0,N/A,1.0000000000000013,111.64721225117859
ALL_ROUNDER,TARGET_180_MIN,150503,360,4351.999999999999,7651.486278277101,220.87980916940563,1159.1924008082012,7803.941447689619,32.01769434089988,255,3.394522533599911,5.194805194799983,3,10.335012385599953,17.89465461079444,-0.0010150157460185113,-0.0010150157460185113,3593.6356458419073,14.973481857674605,11,292,292,66,0.3485621380966058,0.5881068953813877,0.7083333333333334,51,34,1,0,N/A,1.000000000000001,125.48236971477809
ALL_ROUNDER,TARGET_180_MIN,174260,360,4355.999999999999,7598.401179902402,228.12535049310551,1177.4686004131963,7828.632198863729,33.447266123499844,261,5.42716957639982,9.084164335499281,3.491682771199976,6.7989641193001376,17.886661164437786,-0.0011482398519629265,-0.0011482398519629265,3716.3088042714007,15.484620017797504,16,294,294,64,0.3247927894557675,0.6881181041119403,0.725,67,20,2,0,N/A,0.999999999999999,116.9254042040763
ALL_ROUNDER,TARGET_180_MIN,198017,360,4364,7637.936396029998,202.12900869279474,1161.3343653540937,7880.216545501027,32.58928134889999,231,5.254479621700057,4.909213069399584,0,21.60011907100005,17.86732274510528,-0.0014705468408379495,-0.0014705468408379495,3716.7958472106397,15.486649363377657,10,295,295,63,0.2522066752032815,0.5886394581283264,0.6416666666666667,53,24,0,0,N/A,1.0000000000000004,90.79440307318133
ALL_ROUNDER,TARGET_180_MIN,221774,360,4371.999999999998,7624.062063239784,190.0433635084071,1161.7990955576026,7851.935203129339,33.180934027499916,270,5.960703768199892,13.407133447600529,3,13.906513233000624,17.854793470975554,-0.0016793680763333837,-0.0016793680763333837,3720.7248082864726,15.503020034526966,17,289,289,69,0.2693870570482227,0.6856909630669517,0.75,73,17,1,0,N/A,1.0000000000000013,96.97934053736016
PROMOTE_ASAP_BALANCED,NEVER,15880,360,4352,7375.194503846402,2017.1779538228016,1151.625926950498,6454.4855962310985,21.516019149199963,228,2.872762250100095,0.7466401195015351,0,13.895001399299645,17.929126656197496,-0.0008108520263380226,-0.0008108520263380226,95.96882724587483,0.3998701135244785,14,0,0,359,0,0.08096929146750224,0.6333333333333333,69,7,0,0,N/A,1,
PROMOTE_ASAP_BALANCED,NEVER,39637,360,4360,7384.08023184659,2000.2427778468063,1136.4013973553037,6439.551569712799,18.724023238500195,261,2.4961870915001327,0,3.690476190600748,26.261767005100324,17.88764324920222,-0.001502242142925982,-0.001502242142925982,94.70011644627533,0.39458381852614716,11,0,0,359,0,0.04080862209332518,0.725,79,8,2,0,N/A,1,
PROMOTE_ASAP_BALANCED,NEVER,63394,360,4356,7391.59319892767,2040.3667773085253,1132.7197045976063,6450.5798238770985,18.740495289099897,210,0,0.9796238244998676,0,20.440552298401144,17.918277288547497,-0.0009916748205046765,-0.0009916748205046765,94.39330871646722,0.39330545298527997,13,0,0,359,0,0.03798926796166471,0.5833333333333334,64,6,0,0,N/A,1,
PROMOTE_ASAP_BALANCED,NEVER,87151,360,4360,7368.21869004999,2030.1343615402018,1185.1606335381098,6445.762088595799,21.72422627589981,189,12.662601625999855,0.566037735901773,0,13.009272042299926,17.904894690543884,-0.001214718120564888,-0.001214718120564888,98.76338612817582,0.41151410886739925,11,0,0,359,0,0.050020732814984585,0.525,49,14,0,0,N/A,1,
PROMOTE_ASAP_BALANCED,NEVER,110908,360,4356,7501.541198335368,1915.6273668434208,1134.5002231343133,6455.445032487898,20.886179199000082,216,5.473331408499973,0.5747126436999679,0.4694656489009503,10.03745781100099,17.93179175691083,-0.0007664336811158284,-0.0007664336811158284,94.54168526119277,0.39392368858830323,18,0,0,359,0,0.051142174102518666,0.6,61,11,1,0,N/A,1,
PROMOTE_ASAP_BALANCED,NEVER,134665,360,4356,7450.006748978521,1912.8141961967908,1181.686288522489,6453.701744235799,17.791022066400046,228,0,2.64532520329999,0,15.6529305609007,17.926949289543888,-0.0008471414705648478,-0.0008471414705648478,98.47385737687407,0.41030773907030865,6,0,0,359,0,0.07515833029054432,0.6333333333333333,60,16,0,0,N/A,1,
PROMOTE_ASAP_BALANCED,NEVER,158422,360,4372,7427.102278928402,2004.2130499460086,1153.74249725169,6446.566762762401,19.375411111499886,177,0.0065526027999567305,0,0,25.426684634799955,17.907129896562225,-0.0011774646869259218,-0.0011774646869259218,96.14520810430751,0.400605033767948,17,0,0,359,0,0.04159562109387783,0.49166666666666664,54,5,0,0,N/A,1,
PROMOTE_ASAP_BALANCED,NEVER,182179,360,4360,7373.286789133588,1997.4115141584127,1168.753471024098,6447.5927089373,18.955516746600154,234,6.869311426300044,0,0,17.537979636399484,17.909979747048055,-0.0011299671788286823,-0.0011299671788286823,97.3961225853415,0.4058171774389229,12,0,0,359,0,0.08434035197777519,0.65,71,7,0,0,N/A,1,
PROMOTE_ASAP_BALANCED,NEVER,205936,360,4348,7387.508534246008,1974.358828555486,1166.6976330508055,6459.7278982528005,20.707105894900167,243,0,0,0,12.27210174719923,17.94368860625778,-0.0005681528586666311,-0.0005681528586666311,97.2248027542338,0.4051033448093075,12,0,0,359,0,0.055183913812226454,0.675,72,9,0,0,N/A,1,
PROMOTE_ASAP_BALANCED,NEVER,229693,360,4372,7436.5880112121995,1961.6364266882106,1164.3603078467881,6432.472670328501,22.94258392429981,210,9.761959776399863,0.6587615283006016,3,26.106608366798127,17.867979639801394,-0.001829968966273083,-0.001829968966273083,97.030025653899,0.40429177355791257,17,0,0,359,0,0.0360235153375211,0.5833333333333334,62,8,1,0,N/A,1,
PROMOTE_ASAP_BALANCED,AS_SOON_AS_ELIGIBLE,15880,360,4380,7516.466364976001,1854.554939741597,1141.8364031790977,6345.945759834998,184.19653226829996,177,12.348909734000046,0,0,25.705330431000206,17.627627110652774,-0.0017617703780092673,-0.0017617703780092673,95.15303359825819,0.3964709733260757,16,0,0,348,0,0.062116775045834176,0.49166666666666664,50,9,0,0,N/A,0.9999999999999988,
PROMOTE_ASAP_BALANCED,AS_SOON_AS_ELIGIBLE,39637,360,4408,7595.361717123705,1811.1491570030005,1101.3488200865995,6311.465974274002,192.6743315126999,180,15.630163140500144,11.185085802999936,3,42.71877678250016,17.531849928538897,-0.0033468528334907556,-0.0033468528334907556,91.77906834054993,0.3824127847522917,16,0,0,348,0,0.10727682479166545,0.5,51,9,1,0,N/A,1.0000000000000042,
PROMOTE_ASAP_BALANCED,AS_SOON_AS_ELIGIBLE,63394,360,4375.999999999999,7478.286967990919,1880.9318180627013,1142.039079347499,6359.277333792901,189.464800806,174,4.759345673500121,1.1977482332999898,0,18.765572300299937,17.664659260535835,-0.001144567879958336,-0.001144567879958336,95.16992327895824,0.3965413469956595,15,0,0,348,0,0.05048140500805655,0.48333333333333334,50,8,0,0,N/A,1.000000000000001,
PROMOTE_ASAP_BALANCED,AS_SOON_AS_ELIGIBLE,87151,360,4384.000000000002,7476.00153327073,1920.4159041838984,1168.0096872791023,6334.236549159699,179.33632610659984,138,24.63732154669981,2.03216601929995,0,23.09396327430011,17.59510152544361,-0.0023038634648286983,-0.0023038634648286983,97.33414060659177,0.4055589191941325,12,0,0,348,0,0.07838145112472117,0.38333333333333336,41,5,0,0,N/A,0.9999999999999984,
PROMOTE_ASAP_BALANCED,AS_SOON_AS_ELIGIBLE,110908,360,4379.999999999998,7556.6166112329865,1843.1447766621002,1163.1451736397994,6335.421635020601,189.67180344450003,132,25.091400676100037,3.6090170266000428,0,19.877947276699857,17.59839343061278,-0.002248998378675924,-0.002248998378675924,96.92876446998325,0.4038698519582635,7,0,0,348,0,0.06199845620555588,0.36666666666666664,37,7,0,0,N/A,0.9999999999999977,
PROMOTE_ASAP_BALANCED,AS_SOON_AS_ELIGIBLE,134665,360,4387.999999999998,7554.345562667509,1841.3744840658017,1138.7431883909014,6330.275265965802,176.2614989100002,171,11.007949570100038,3.200483923199954,0,39.51630054089979,17.584097961016116,-0.0023500487819354877,-0.0023500487819354877,94.89526569924176,0.39539694041350754,13,0,0,348,0,0.04945288879861146,0.475,45,12,0,0,N/A,0.9999999999999983,
PROMOTE_ASAP_BALANCED,AS_SOON_AS_ELIGIBLE,158422,360,4400,7570.16557426192,1846.1132507348977,1148.9898987962997,6337.230185758699,177.50109044820022,120,12.418453185900034,0,0,34.35136105540005,17.60341718266305,-0.002165269177837968,-0.002165269177837968,95.74915823302496,0.39895482597093723,11,0,0,348,0,0.04345677856944431,0.3333333333333333,37,3,0,0,N/A,1.000000000000001,
PROMOTE_ASAP_BALANCED,AS_SOON_AS_ELIGIBLE,182179,360,4392.000000000001,7489.0757455797275,1893.6864948913974,1173.0736275162,6333.273872598101,174.89025941460034,144,22.37273431149991,0,0,28.353393090399948,17.592427423883613,-0.0023484318241620283,-0.0023484318241620283,97.75613562635004,0.40731723177645834,9,0,0,348,0,0.07059749673000036,0.4,42,6,0,0,N/A,0.9999999999999953,
PROMOTE_ASAP_BALANCED,AS_SOON_AS_ELIGIBLE,205936,360,4388.000000000004,7540.038873802208,1822.0953847988003,1136.321569968699,6337.865190967898,189.6789804623999,186,12.78080801859997,0,0,33.35400101349995,17.60518108602194,-0.0021358707885231485,-0.0021358707885231485,94.69346416405828,0.39455610068357583,14,0,0,348,0,0.03997222288055645,0.5166666666666667,57,5,0,0,N/A,1.0000000000000044,
PROMOTE_ASAP_BALANCED,AS_SOON_AS_ELIGIBLE,229693,360,4400.000000000002,7595.410785851195,1786.0660875908004,1129.3843726367008,6325.4563346612995,186.68241925999968,177,21.48744669299984,0,3,34.0562186457,17.57071204072583,-0.0027103548767916587,-0.0027103548767916587,94.11536438639176,0.3921473516099655,19,0,0,348,0,0.07825658802194448,0.49166666666666664,52,7,1,0,N/A,0.9999999999999998,
PROMOTE_ASAP_BALANCED,TARGET_30_MIN,15880,360,4380,7516.466364976001,1854.554939741597,1141.8364031790977,6345.945759834998,184.19653226829996,177,12.348909734000046,0,0,25.705330431000206,17.627627110652774,-0.0017617703780092673,-0.0017617703780092673,95.15303359825819,0.3964709733260757,16,0,0,348,0,0.062116775045834176,0.49166666666666664,50,9,0,0,N/A,0.9999999999999988,
PROMOTE_ASAP_BALANCED,TARGET_30_MIN,39637,360,4408,7595.361717123705,1811.1491570030005,1101.3488200865995,6311.465974274002,192.6743315126999,180,15.630163140500144,11.185085802999936,3,42.71877678250016,17.531849928538897,-0.0033468528334907556,-0.0033468528334907556,91.77906834054993,0.3824127847522917,16,0,0,348,0,0.10727682479166545,0.5,51,9,1,0,N/A,1.0000000000000042,
PROMOTE_ASAP_BALANCED,TARGET_30_MIN,63394,360,4375.999999999999,7478.286967990919,1880.9318180627013,1142.039079347499,6359.277333792901,189.464800806,174,4.759345673500121,1.1977482332999898,0,18.765572300299937,17.664659260535835,-0.001144567879958336,-0.001144567879958336,95.16992327895824,0.3965413469956595,15,0,0,348,0,0.05048140500805655,0.48333333333333334,50,8,0,0,N/A,1.000000000000001,
PROMOTE_ASAP_BALANCED,TARGET_30_MIN,87151,360,4384.000000000002,7476.00153327073,1920.4159041838984,1168.0096872791023,6334.236549159699,179.33632610659984,138,24.63732154669981,2.03216601929995,0,23.09396327430011,17.59510152544361,-0.0023038634648286983,-0.0023038634648286983,97.33414060659177,0.4055589191941325,12,0,0,348,0,0.07838145112472117,0.38333333333333336,41,5,0,0,N/A,0.9999999999999984,
PROMOTE_ASAP_BALANCED,TARGET_30_MIN,110908,360,4379.999999999998,7556.6166112329865,1843.1447766621002,1163.1451736397994,6335.421635020601,189.67180344450003,132,25.091400676100037,3.6090170266000428,0,19.877947276699857,17.59839343061278,-0.002248998378675924,-0.002248998378675924,96.92876446998325,0.4038698519582635,7,0,0,348,0,0.06199845620555588,0.36666666666666664,37,7,0,0,N/A,0.9999999999999977,
PROMOTE_ASAP_BALANCED,TARGET_30_MIN,134665,360,4387.999999999998,7554.345562667509,1841.3744840658017,1138.7431883909014,6330.275265965802,176.2614989100002,171,11.007949570100038,3.200483923199954,0,39.51630054089979,17.584097961016116,-0.0023500487819354877,-0.0023500487819354877,94.89526569924176,0.39539694041350754,13,0,0,348,0,0.04945288879861146,0.475,45,12,0,0,N/A,0.9999999999999983,
PROMOTE_ASAP_BALANCED,TARGET_30_MIN,158422,360,4400,7570.16557426192,1846.1132507348977,1148.9898987962997,6337.230185758699,177.50109044820022,120,12.418453185900034,0,0,34.35136105540005,17.60341718266305,-0.002165269177837968,-0.002165269177837968,95.74915823302496,0.39895482597093723,11,0,0,348,0,0.04345677856944431,0.3333333333333333,37,3,0,0,N/A,1.000000000000001,
PROMOTE_ASAP_BALANCED,TARGET_30_MIN,182179,360,4392.000000000001,7489.0757455797275,1893.6864948913974,1173.0736275162,6333.273872598101,174.89025941460034,144,22.37273431149991,0,0,28.353393090399948,17.592427423883613,-0.0023484318241620283,-0.0023484318241620283,97.75613562635004,0.40731723177645834,9,0,0,348,0,0.07059749673000036,0.4,42,6,0,0,N/A,0.9999999999999953,
PROMOTE_ASAP_BALANCED,TARGET_30_MIN,205936,360,4388.000000000004,7540.038873802208,1822.0953847988003,1136.321569968699,6337.865190967898,189.6789804623999,186,12.78080801859997,0,0,33.35400101349995,17.60518108602194,-0.0021358707885231485,-0.0021358707885231485,94.69346416405828,0.39455610068357583,14,0,0,348,0,0.03997222288055645,0.5166666666666667,57,5,0,0,N/A,1.0000000000000044,
PROMOTE_ASAP_BALANCED,TARGET_30_MIN,229693,360,4400.000000000002,7595.410785851195,1786.0660875908004,1129.3843726367008,6325.4563346612995,186.68241925999968,177,21.48744669299984,0,3,34.0562186457,17.57071204072583,-0.0027103548767916587,-0.0027103548767916587,94.11536438639176,0.3921473516099655,19,0,0,348,0,0.07825658802194448,0.49166666666666664,52,7,1,0,N/A,0.9999999999999998,
PROMOTE_ASAP_BALANCED,TARGET_60_MIN,15880,360,4376.000000000002,7448.936420805089,1945.427914869002,1130.6727957139005,6394.4296242253,94.53324438669996,210,13.036847834100158,0,3,21.533527940599868,17.762304511736946,-0.0017393692488287058,-0.0017393692488287058,94.22273297615841,0.3925947207339933,18,0,0,354,0,0.039568160085001344,0.5833333333333334,60,10,1,0,N/A,0.9999999999999993,
PROMOTE_ASAP_BALANCED,TARGET_60_MIN,39637,360,4392,7561.972046476227,1844.5371879871002,1130.6833461848973,6396.462303690303,88.34511566150009,186,2.4961870915001327,0,0,33.04150921820022,17.767950843584174,-0.0016452637180416833,-0.0016452637180416833,94.22361218207477,0.3925983840919782,15,0,0,354,0,0.050721083618053345,0.5166666666666667,53,9,0,0,N/A,1.0000000000000027,
PROMOTE_ASAP_BALANCED,TARGET_60_MIN,63394,360,4384,7441.887524482807,1916.5952773714002,1153.2125352633986,6390.228701488601,95.07596139379982,219,4.917221068199979,1.640992487299627,3,32.213084955899916,17.75063528191278,-0.0019338564125647914,-0.0019338564125647914,96.10104460528319,0.40042101918868006,12,0,0,354,0,0.05622567831194121,0.6083333333333333,64,9,1,0,N/A,0.9999999999999997,
PROMOTE_ASAP_BALANCED,TARGET_60_MIN,87151,360,4363.999999999999,7446.070927508899,1952.6841727689998,1171.0211978064976,6398.417591182697,99.80611073289977,168,14.95461443129983,1.5965439519000029,0,17.03125043410006,17.773382197729713,-0.0015547411489490672,-0.0015547411489490672,97.58509981720812,0.4066045825717006,12,0,0,354,0,0.05675292580888996,0.4666666666666667,46,10,0,0,N/A,1.0000000000000024,
PROMOTE_ASAP_BALANCED,TARGET_60_MIN,110908,360,4368.000000000003,7484.19324128839,1880.0564679054994,1167.2145902226011,6398.9669997236,100.5687008599,201,13.38572400619995,0,6,13.647276270200308,17.774908332565555,-0.0015293055683518635,-0.0015293055683518635,97.2678825185501,0.40528284382729207,11,0,0,354,0,0.09702878775972348,0.5583333333333333,57,10,2,0,N/A,0.999999999999998,
PROMOTE_ASAP_BALANCED,TARGET_60_MIN,134665,360,4387.999999999998,7426.862476867799,1939.8933707006017,1178.0195606440986,6399.390279462999,90.83431232450008,177,0,2.64532520329999,3,26.9643953336994,17.776084109619443,-0.0015097092841203441,-0.0015097092841203441,98.16829672034159,0.4090345696680898,11,0,0,354,0,0.05394229099027683,0.49166666666666664,53,6,1,0,N/A,0.999999999999999,
PROMOTE_ASAP_BALANCED,TARGET_60_MIN,158422,360,4380,7430.600383610826,1928.7415647446994,1179.6142595123997,6406.6682220645,94.37557006759988,180,1.8784693569999718,0,0.7406939066000007,22.712614671899843,17.796300616845834,-0.0011727674970138829,-0.0011727674970138829,98.30118829269995,0.4095882845529165,10,0,0,354,0,0.0502428540869428,0.5,51,9,1,0,N/A,0.9999999999999973,
PROMOTE_ASAP_BALANCED,TARGET_60_MIN,182179,360,4392,7457.534645911109,1936.7906618028026,1162.4465063476007,6380.253102937295,93.97508300119976,177,17.768011133599927,0,0,33.978885929100045,17.72292528593693,-0.002395689678828702,-0.002395689678828702,96.87054219563339,0.4036272591484725,12,0,0,354,0,0.07600894263250098,0.49166666666666664,53,6,0,0,N/A,1.0000000000000029,
PROMOTE_ASAP_BALANCED,TARGET_60_MIN,205936,360,4379.999999999998,7462.866687924088,1903.2986770341986,1170.0700294126998,6398.2465829704,102.51802265860033,183,11.257516984100036,0.6482812938997995,0,21.84761875160021,17.772907174917776,-0.0015626581958148175,-0.0015626581958148175,97.50583578439166,0.4062743157682985,15,0,0,354,0,0.03644176634333171,0.5083333333333333,55,6,0,0,N/A,1.0000000000000038,
PROMOTE_ASAP_BALANCED,TARGET_60_MIN,229693,360,4384,7493.910937176721,1892.9996535793016,1175.0890172959005,6381.807093665604,101.19329828249984,171,15.29594270759992,2.331665939699974,3,29.565297687099815,17.7272419268489,-0.002323745663629616,-0.002323745663629616,97.92408477465837,0.4080170198944098,16,0,0,354,0,0.046031602354718495,0.475,48,9,1,0,N/A,1.0000000000000027,
PROMOTE_ASAP_BALANCED,TARGET_120_MIN,15880,360,4352.000000000001,7396.508416077986,1963.717897297503,1173.0453319797994,6438.518118912401,51.21023573230016,225,2.872762250100095,0,0,14.609118837499864,17.88477255253445,-0.0008093463466481465,-0.0008093463466481465,97.7537776649833,0.40730740693743034,12,0,0,357,0,0.07352996871249629,0.625,65,10,0,0,N/A,0.9999999999999991,
PROMOTE_ASAP_BALANCED,TARGET_120_MIN,39637,360,4376,7435.353559729796,1971.5414537146971,1155.2364203443012,6416.9707402645,49.897825946700124,195,2.4961870915001327,0.5099421725999491,0,36.023130471400336,17.824918722956944,-0.001806910172939835,-0.001806910172939835,96.2697016953584,0.4011237570639935,11,0,0,357,0,0.03125529490555863,0.5416666666666666,59,6,0,0,N/A,1.0000000000000029,
PROMOTE_ASAP_BALANCED,TARGET_120_MIN,63394,360,4384,7426.870358159504,1943.6867010375956,1173.1510780395945,6417.719173413299,56.57268934999985,198,9.073587660600026,2.21204371719989,0,26.995195208900327,17.82699770392583,-0.0017722604901250112,-0.0017722604901250112,97.76258983663287,0.40734412431930367,13,0,0,357,0,0.04900508567166544,0.55,62,4,0,0,N/A,0.9999999999999983,
PROMOTE_ASAP_BALANCED,TARGET_120_MIN,87151,360,4360,7379.697272444807,2002.243759923802,1168.1871330520983,6428.9205107336,53.951323845699704,207,14.528722357899824,0,0,12.550766908499781,17.858112529815557,-0.0012536800586296119,-0.0012536800586296119,97.34892775434152,0.40562053230975637,17,0,0,357,0,0.09242737061999944,0.575,59,10,0,0,N/A,0.999999999999998,
PROMOTE_ASAP_BALANCED,TARGET_120_MIN,110908,360,4368,7425.77220921618,1940.4747429365025,1164.022808641303,6432.0672502872,56.662988918800295,213,10.101788731300047,1.444836155600001,0,12.386124825899458,17.86685347302,-0.001107997671888866,-0.001107997671888866,97.00190072010858,0.4041745863337858,13,0,0,357,0,0.05852376030110962,0.5916666666666667,63,8,0,0,N/A,0.9999999999999987,
PROMOTE_ASAP_BALANCED,TARGET_120_MIN,134665,360,4364,7481.181003672298,1924.7466604575052,1171.1416619154966,6434.700235267198,47.23043868749994,177,1.079195081699993,2.64532520329999,0,17.575244447799946,17.87416732018666,-0.0009861002191111083,-0.0009861002191111083,97.59513849295807,0.4066464103873252,13,0,0,357,0,0.09111961152667022,0.49166666666666664,48,11,0,0,N/A,1.0000000000000013,
PROMOTE_ASAP_BALANCED,TARGET_120_MIN,158422,360,4384,7481.32222817291,1909.0822900916949,1154.1238329107987,6427.239091672699,52.23255715189987,192,0.4929372939999439,0.6903159714001958,0,27.577655061899037,17.853441921313053,-0.00132743124702805,-0.00132743124702805,96.17698607589988,0.4007374419829162,13,0,0,357,0,0.08876236337194554,0.5333333333333333,59,5,0,0,N/A,1.0000000000000007,
PROMOTE_ASAP_BALANCED,TARGET_120_MIN,182179,360,4356,7401.063156026508,1970.3564357152995,1178.0708727847987,6425.116801822901,56.392733650500034,213,11.988004262799976,0,0,18.895193914300165,17.84754667173028,-0.0014297776933842648,-0.0014297776933842648,98.17257273206658,0.40905238638361063,7,0,0,357,0,0.06733427931777763,0.5916666666666667,64,7,0,0,N/A,1.0000000000000007,
PROMOTE_ASAP_BALANCED,TARGET_120_MIN,205936,360,4352,7502.914219982084,1947.1408056712978,1160.7267263034023,6438.5173889917005,51.700859051499975,147.00000000000045,3.0604799295999783,0,0,14.422131078699891,17.884770524976947,-0.0008093801392731422,-0.0008093801392731422,96.72722719195012,0.4030301132997925,14,0,0,357,0,0.08506911786694155,0.4083333333333346,44,5,0,0,N/A,0.9999999999999977,
PROMOTE_ASAP_BALANCED,TARGET_120_MIN,229693,360,4392.000000000001,7482.777109010899,1900.7341104444017,1165.935412181099,6398.756193468902,58.797174894699765,201,20.303090527399945,2.714535570799967,3,31.226180432899184,17.77432275963584,-0.0026501762282916223,-0.0026501762282916223,97.16128434842489,0.4048386847851039,17,0,0,357,0,0.04507659677611176,0.5583333333333333,58,9,1,0,N/A,0.9999999999999957,
PROMOTE_ASAP_BALANCED,TARGET_180_MIN,15880,360,4356,7391.646745980801,1982.2179582690055,1151.660057004091,6435.573188938999,39.90204980709996,243,9.898198841900125,0.7466401195015351,0,17.781972099599102,17.87659219149722,-0.0013160560676389239,-0.0013160560676389239,95.97167141700753,0.3998819642375316,15,0,0,358,0,0.07185645386611239,0.675,70,11,0,0,N/A,1.0000000000000013,
PROMOTE_ASAP_BALANCED,TARGET_180_MIN,39637,360,4364,7496.672018694294,1948.6435071330025,1130.0592255694983,6422.7245229457,36.900725657500175,201,7.52903303340014,0,6,27.746444020899304,17.840901452626944,-0.001910901715476826,-0.001910901715476826,94.17160213079153,0.39238167554496467,15,0,0,358,0,0.06430416375777652,0.5583333333333333,61,6,2,0,N/A,1.0000000000000038,
PROMOTE_ASAP_BALANCED,TARGET_180_MIN,63394,360,4356,7397.4450103594045,1987.4244906465037,1175.8638930387,6441.573780169999,34.69282578539995,207,3.5790810741000314,0.9796238244998676,0,17.86751493140025,17.89326050047222,-0.0010382509180555627,-0.0010382509180555627,97.988657753225,0.40828607397177086,8,0,0,358,0,0.0745549344124994,0.575,64,5,0,0,N/A,1.0000000000000027,
PROMOTE_ASAP_BALANCED,TARGET_180_MIN,87151,360,4352,7438.215796487895,1987.0069645104047,1168.6121846236015,6428.770144101803,39.39491027629978,186,16.499673644899843,0,3,15.730182253300086,17.85769484472723,-0.0016310118471388863,-0.0016310118471388863,97.38434871863343,0.40576811966097276,17,0,0,358,0,0.05590458109471431,0.5166666666666667,50,12,1,0,N/A,1.0000000000000024,
PROMOTE_ASAP_BALANCED,TARGET_180_MIN,110908,360,4355.999999999999,7516.340074237102,1932.5505623067038,1131.9418076179065,6447.936935865999,38.230619972300076,177,6.837495727799961,0,0,9.22556840620075,17.910935932961106,-0.0007436603765741072,-0.0007436603765741072,94.32848396815888,0.39303534986732863,18,0,0,358,0,0.04441646490639262,0.49166666666666664,48,11,0,0,N/A,0.9999999999999957,
PROMOTE_ASAP_BALANCED,TARGET_180_MIN,134665,360,4360,7406.097951002697,1945.0716165767028,1182.9336624901025,6441.133342719,33.76342721150016,231,0,3.172844106099774,0,19.693813174899617,17.892037063108333,-0.0010586415407870093,-0.0010586415407870093,98.57780520750853,0.4107408550312855,10,0,0,358,0,0.039621721974720636,0.6416666666666667,66,11,0,0,N/A,1.0000000000000007,
PROMOTE_ASAP_BALANCED,TARGET_180_MIN,158422,360,4376,7430.037811853714,1980.881570922601,1155.795144813193,6433.507103459301,34.778368951199894,189,3.985738400199949,0,0,26.507158140498973,17.870853065164724,-0.0014117081731805045,-0.0014117081731805045,96.31626206776605,0.401317758615692,16,0,0,358,0,0.0593756711216732,0.525,60,3,0,0,N/A,0.9999999999999984,
PROMOTE_ASAP_BALANCED,TARGET_180_MIN,182179,360,4364,7410.707834552804,1946.367346442695,1192.0831363202915,6434.524610057299,36.31707262690006,216,8.109880765900016,0.7990443854999967,0,20.566464791300575,17.873679472381387,-0.0013646013862361392,-0.0013646013862361392,99.34026136002427,0.41391775566676786,10,0,0,358,0,0.08789613642334441,0.6,63,9,0,0,N/A,1.0000000000000018,
PROMOTE_ASAP_BALANCED,TARGET_180_MIN,205936,360,4344,7357.111188568116,1996.1897879185847,1200.5027557453018,6452.626051167699,36.57021660030023,213,1.1449342063999666,0,0,10.229014625899907,17.923961253243608,-0.0005265717051990682,-0.0005265717051990682,100.04189631210843,0.41684123463378536,13,0,0,358,0,0.04777387029249793,0.5916666666666667,66,5,0,0,N/A,0.999999999999998,
PROMOTE_ASAP_BALANCED,TARGET_180_MIN,229693,360,4372,7446.70769455611,1949.3610383003088,1178.5911937811948,6429.017226059099,41.322847303299795,183,10.328480374799824,0,3,21.654293566098886,17.858381183497496,-0.0016195728676341983,-0.0016195728676341983,98.2159328150995,0.40923305339624816,16,0,0,358,0,0.037065688876669535,0.5083333333333333,55,6,1,0,N/A,0.9999999999999987,
PREPARED_BALANCED,NEVER,15880,360,4360,7371.9898116449785,2017.8020590249125,1156.7334615711075,6454.4816820247015,19.992985734300078,219,6.137768313399988,0.7614213197998652,0,10.61912834209852,17.929115783401947,-0.0008110332395971469,-0.0008110332395971469,96.39445513092562,0.4016435630455234,11,0,0,359,0,0.05485035016250208,0.6083333333333333,61,12,0,0,N/A,1,
PREPARED_BALANCED,NEVER,39637,360,4356,7378.977422166313,2019.2100744595987,1164.7081524167886,6452.1177650906,18.986585866699954,210,1.8651959822000208,3.142991691700445,3,11.874047235499347,17.92254934747389,-0.00092047383839814,-0.00092047383839814,97.05901270139904,0.40441255292249606,11,0,0,359,0,0.06163955107333692,0.5833333333333334,58,12,1,0,N/A,1,
PREPARED_BALANCED,NEVER,63394,360,4364,7412.835900975206,1993.8620461148935,1150.4967360975002,6456.669900427901,21.13541638449982,201,2.7623133048998625,0,0,12.56778626719941,17.93519416785528,-0.0007097268320416336,-0.0007097268320416336,95.87472800812502,0.39947803336718757,13,0,0,359,0,0.04669110148946061,0.5583333333333333,63,4,0,0,N/A,1,
PREPARED_BALANCED,NEVER,87151,360,4372,7402.722397150287,1994.128775336908,1166.5149890796042,6449.548815684901,20.085022748299934,195,5.3912464309998995,0,0,17.05993788409907,17.915413376902503,-0.0010394066812545813,-0.0010394066812545813,97.20958242330035,0.40503992676375145,6,0,0,359,0,0.03923094280332862,0.5416666666666666,58,7,0,0,N/A,1,
PREPARED_BALANCED,NEVER,110908,360,4344,7419.335700010821,1971.292630820786,1134.2565860773934,6458.9401233239005,17.174959767100006,255,0,1.6666666666999959,0,11.393210009399837,17.94150034256639,-0.0006046239201898076,-0.0006046239201898076,94.52138217311611,0.3938390923879838,18,0,0,359,0,0.049834338411414096,0.7083333333333334,75,10,0,0,N/A,1,
PREPARED_BALANCED,NEVER,134665,360,4368,7423.8500016247135,1984.2163371904926,1154.4608844125917,6455.633174510902,18.8396022613,195,5.592457998599912,0.566037735898135,0,10.20832975459956,17.932314373641393,-0.000757723402273037,-0.000757723402273037,96.20507370104932,0.4008544737543721,7,0,0,359,0,0.04618304289222819,0.5416666666666666,54,11,0,0,N/A,1,
PREPARED_BALANCED,NEVER,158422,360,4332,7444.144453619881,1997.4225377874084,1144.2332967962109,6461.5832615821,19.616450214399947,201,4.090925691599978,0,0,6.32581272629983,17.948842393283613,-0.0004822564082361026,-0.0004822564082361026,95.35277473301758,0.3973032280542399,13,0,0,359,0,0.08159812583499321,0.5583333333333333,62,5,0,0,N/A,1,
PREPARED_BALANCED,NEVER,182179,360,4356,7433.675903566014,2003.3981986037907,1156.455814660496,6453.257406906399,17.212676263299954,180,0,7.989093085900095,3,7.753500007701064,17.925715019184445,-0.0008677126432222757,-0.0008677126432222757,96.37131788837465,0.40154715786822776,9,0,0,359,0,0.08395416182057684,0.5,55,5,1,0,N/A,1,
PREPARED_BALANCED,NEVER,205936,360,4372,7414.635246941212,1960.9775916880003,1166.6941129854897,6445.997490872298,17.695557512999812,222,5.784033739299957,0,3,17.218475388402013,17.90554858575638,-0.0012038198670232386,-0.0012038198670232386,97.22450941545748,0.40510212256440614,12,0,0,359,0,0.03759476713751029,0.6166666666666667,59,15,1,0,N/A,1,
PREPARED_BALANCED,NEVER,229693,360,4336,7411.206915739588,2003.4053771159056,1163.6854183093062,6460.3420341271,18.360254708099887,207,4.534569807399976,1.1904761905000214,0,5.932919874999925,17.945394539241946,-0.000539720642263885,-0.000539720642263885,96.97378485910886,0.40405743691295354,11,0,0,359,0,0.06437930606861435,0.575,63,6,0,0,N/A,1,
PREPARED_BALANCED,AS_SOON_AS_ELIGIBLE,15880,360,4351.999999999998,7428.378474017424,1964.715673506901,1148.0031939957992,6363.966066087399,153.9365923924999,189,9.68141697659999,0,0,10.352516935999859,17.67768351690944,-0.000927496940398141,-0.000927496940398141,95.6669328329833,0.3986122201374301,14,0,0,348,0,0.04213753446333265,0.525,57,6,0,0,N/A,1.0000000000000018,
PREPARED_BALANCED,AS_SOON_AS_ELIGIBLE,39637,360,4372,7353.3120277039,1994.5736829254995,1206.0744655853985,6365.828282671502,146.2115411136996,162,5.132062226299922,2.675869855099961,3,7.363785247100154,17.682856340754174,-0.0007552603004120403,-0.0007552603004120403,100.50620546544988,0.4187758561060411,9,0,0,348,0,0.06978252025472152,0.45,51,3,1,0,N/A,1.0000000000000018,
PREPARED_BALANCED,AS_SOON_AS_ELIGIBLE,63394,360,4356,7402.024582530916,1976.8206233879996,1185.3493640487998,6367.641075333397,153.16435469889964,159,2.8730691864998334,0,3,10.485855480100241,17.687891875926102,-0.0007543149681006206,-0.0007543149681006206,98.77911367073331,0.41157964029472216,9,0,0,348,0,0.058783827546667014,0.44166666666666665,44,9,1,0,N/A,0.9999999999999994,
PREPARED_BALANCED,AS_SOON_AS_ELIGIBLE,87151,360,4380,7354.31801569954,1989.3847768398994,1209.2159291778,6353.383432538802,157.69784574400015,156,11.695275184199886,0,0,18.92129227699988,17.64828731260778,-0.0014174336787592485,-0.0014174336787592485,100.76799409815,0.41986664207562485,9,0,0,348,0,0.05456602161888926,0.43333333333333335,48,4,0,0,N/A,1,
PREPARED_BALANCED,AS_SOON_AS_ELIGIBLE,110908,360,4348,7387.362843930119,2001.0889095189998,1184.2218268509007,6365.973054495998,151.35336520400037,162,3.8370718400000214,1.6666666666999959,3,9.523206997300036,17.683258484711107,-0.000834580810370373,-0.000834580810370373,98.68515223757502,0.4111881343232294,8,0,0,348,0,0.056346429429721644,0.45,50,4,1,0,N/A,0.9999999999999978,
PREPARED_BALANCED,AS_SOON_AS_ELIGIBLE,134665,360,4352.000000000002,7451.887180414793,1979.1971738405985,1176.3067050650004,6367.846901556801,149.76203912280005,123,8.419774222999905,0,0,7.733324220200188,17.68846361543556,-0.0007478286316296337,-0.0007478286316296337,98.02555875541672,0.40843982814756974,7,0,0,348,0,0.038142214407221625,0.3416666666666667,33,8,0,0,N/A,0.9999999999999991,
PREPARED_BALANCED,AS_SOON_AS_ELIGIBLE,158422,360,4371.999999999998,7468.720749438603,1907.0408053550982,1184.2288977448009,6362.2566879716005,149.75285948989978,156,9.162128833999873,0.572357644199883,0.021426385000040682,11.987399165199918,17.672935244365558,-0.0010066348161296157,-0.0010066348161296157,98.6857414787334,0.41119058949472254,3,0,0,348,0,0.05925352388250119,0.43333333333333335,47,5,1,0,N/A,1.0000000000000007,
PREPARED_BALANCED,AS_SOON_AS_ELIGIBLE,182179,360,4375.999999999998,7436.265090343023,1935.907339153498,1181.7302914904994,6365.891389841596,151.20588917139966,153,3.0111984509999274,0.6811370447999252,0,14.416274662600117,17.683031638448877,-0.0008383615814074062,-0.0008383615814074062,98.47752429087488,0.4103230178786458,4,0,0,348,0,0.055055401011944796,0.425,47,4,0,0,N/A,1.0000000000000007,
PREPARED_BALANCED,AS_SOON_AS_ELIGIBLE,205936,360,4372,7460.499986950032,1946.5367200295036,1178.9501264939993,6364.6653187082975,148.3478478181996,129,6.828992186699907,0,0,12.505689105000059,17.679625885300826,-0.0008951241338749999,-0.0008951241338749999,98.24584387450007,0.4093576828104164,10,0,0,348,0,0.04541961066527828,0.35833333333333334,37,6,0,0,N/A,0.9999999999999991,
PREPARED_BALANCED,AS_SOON_AS_ELIGIBLE,229693,360,4359.999999999998,7446.037990383726,1930.6660586630999,1200.4302303593995,6366.604452385798,149.26126820799996,147,7.083178854400018,1.7628338347001318,0,8.549534925100147,17.685012367738327,-0.0008053494265833464,-0.0008053494265833464,100.03585252994989,0.41681605220812484,4,0,0,348,0,0.04875331011805613,0.4083333333333333,41,8,0,0,N/A,1.0000000000000007,
PREPARED_BALANCED,TARGET_30_MIN,15880,360,4351.999999999998,7428.378474017424,1964.715673506901,1148.0031939957992,6363.966066087399,153.9365923924999,189,9.68141697659999,0,0,10.352516935999859,17.67768351690944,-0.000927496940398141,-0.000927496940398141,95.6669328329833,0.3986122201374301,14,0,0,348,0,0.04213753446333265,0.525,57,6,0,0,N/A,1.0000000000000018,
PREPARED_BALANCED,TARGET_30_MIN,39637,360,4372,7353.3120277039,1994.5736829254995,1206.0744655853985,6365.828282671502,146.2115411136996,162,5.132062226299922,2.675869855099961,3,7.363785247100154,17.682856340754174,-0.0007552603004120403,-0.0007552603004120403,100.50620546544988,0.4187758561060411,9,0,0,348,0,0.06978252025472152,0.45,51,3,1,0,N/A,1.0000000000000018,
PREPARED_BALANCED,TARGET_30_MIN,63394,360,4356,7402.024582530916,1976.8206233879996,1185.3493640487998,6367.641075333397,153.16435469889964,159,2.8730691864998334,0,3,10.485855480100241,17.687891875926102,-0.0007543149681006206,-0.0007543149681006206,98.77911367073331,0.41157964029472216,9,0,0,348,0,0.058783827546667014,0.44166666666666665,44,9,1,0,N/A,0.9999999999999994,
PREPARED_BALANCED,TARGET_30_MIN,87151,360,4380,7354.31801569954,1989.3847768398994,1209.2159291778,6353.383432538802,157.69784574400015,156,11.695275184199886,0,0,18.92129227699988,17.64828731260778,-0.0014174336787592485,-0.0014174336787592485,100.76799409815,0.41986664207562485,9,0,0,348,0,0.05456602161888926,0.43333333333333335,48,4,0,0,N/A,1,
PREPARED_BALANCED,TARGET_30_MIN,110908,360,4348,7387.362843930119,2001.0889095189998,1184.2218268509007,6365.973054495998,151.35336520400037,162,3.8370718400000214,1.6666666666999959,3,9.523206997300036,17.683258484711107,-0.000834580810370373,-0.000834580810370373,98.68515223757502,0.4111881343232294,8,0,0,348,0,0.056346429429721644,0.45,50,4,1,0,N/A,0.9999999999999978,
PREPARED_BALANCED,TARGET_30_MIN,134665,360,4352.000000000002,7451.887180414793,1979.1971738405985,1176.3067050650004,6367.846901556801,149.76203912280005,123,8.419774222999905,0,0,7.733324220200188,17.68846361543556,-0.0007478286316296337,-0.0007478286316296337,98.02555875541672,0.40843982814756974,7,0,0,348,0,0.038142214407221625,0.3416666666666667,33,8,0,0,N/A,0.9999999999999991,
PREPARED_BALANCED,TARGET_30_MIN,158422,360,4371.999999999998,7468.720749438603,1907.0408053550982,1184.2288977448009,6362.2566879716005,149.75285948989978,156,9.162128833999873,0.572357644199883,0.021426385000040682,11.987399165199918,17.672935244365558,-0.0010066348161296157,-0.0010066348161296157,98.6857414787334,0.41119058949472254,3,0,0,348,0,0.05925352388250119,0.43333333333333335,47,5,1,0,N/A,1.0000000000000007,
PREPARED_BALANCED,TARGET_30_MIN,182179,360,4375.999999999998,7436.265090343023,1935.907339153498,1181.7302914904994,6365.891389841596,151.20588917139966,153,3.0111984509999274,0.6811370447999252,0,14.416274662600117,17.683031638448877,-0.0008383615814074062,-0.0008383615814074062,98.47752429087488,0.4103230178786458,4,0,0,348,0,0.055055401011944796,0.425,47,4,0,0,N/A,1.0000000000000007,
PREPARED_BALANCED,TARGET_30_MIN,205936,360,4372,7460.499986950032,1946.5367200295036,1178.9501264939993,6364.6653187082975,148.3478478181996,129,6.828992186699907,0,0,12.505689105000059,17.679625885300826,-0.0008951241338749999,-0.0008951241338749999,98.24584387450007,0.4093576828104164,10,0,0,348,0,0.04541961066527828,0.35833333333333334,37,6,0,0,N/A,0.9999999999999991,
PREPARED_BALANCED,TARGET_30_MIN,229693,360,4359.999999999998,7446.037990383726,1930.6660586630999,1200.4302303593995,6366.604452385798,149.26126820799996,147,7.083178854400018,1.7628338347001318,0,8.549534925100147,17.685012367738327,-0.0008053494265833464,-0.0008053494265833464,100.03585252994989,0.41681605220812484,4,0,0,348,0,0.04875331011805613,0.4083333333333333,41,8,0,0,N/A,1.0000000000000007,
PREPARED_BALANCED,TARGET_60_MIN,15880,360,4356,7322.009663294024,2028.127717162501,1207.1759448999026,6414.157722128099,83.52895251549992,189,8.870013240799949,1.9739305348998641,0,6.998334096199983,17.817104783689164,-0.0008260313829583244,-0.0008260313829583244,100.59799540832526,0.4191583142013551,6,0,0,354,0,0.06940667959000098,0.525,55,8,0,0,N/A,0.9999999999999978,
PREPARED_BALANCED,TARGET_60_MIN,39637,360,4356.000000000002,7392.596313906688,1978.489235017901,1196.8695232582998,6415.027781530498,81.01714628660014,180,4.361766437800043,4.769070149599884,1.6983276584001032,6.143054223700233,17.819521615362493,-0.0007857508550694567,-0.0007857508550694567,99.7391269381916,0.41557969557579855,8,0,0,354,0,0.09021063925583446,0.5,55,5,1,0,N/A,1.0000000000000038,
PREPARED_BALANCED,TARGET_60_MIN,63394,360,4359.999999999998,7419.756699107509,1947.5078734569004,1202.3063425151036,6415.46248955,83.96659537049987,171,2.7623133048998625,0,0,13.775197145100307,17.82072913763889,-0.0007656254837963048,-0.0007656254837963048,100.19219520959196,0.41746748003996653,4,0,0,354,0,0.04260164944055652,0.475,52,5,0,0,N/A,1.000000000000001,
PREPARED_BALANCED,TARGET_60_MIN,87151,360,4352,7397.630066675114,1976.3641113225976,1172.3227391069008,6413.6242751523005,87.05880774309972,201,5.3912464309998995,0,0,12.984478416700057,17.81562298653417,-0.0008507280022083316,-0.0008507280022083316,97.69356159224174,0.40705650663434056,10,0,0,354,0,0.0359500951133342,0.5583333333333333,53,14,0,0,N/A,1.0000000000000002,
PREPARED_BALANCED,TARGET_60_MIN,110908,360,4356,7424.270047582419,1976.6045430563038,1171.456911520797,6417.5385046262,80.12999321429993,174,2.9571524178999766,1.6666666666999959,0,9.837676289200289,17.82649584618389,-0.0006695136747129747,-0.0006695136747129747,97.62140929339975,0.40675587205583225,7,0,0,354,0,0.06390187399721946,0.48333333333333334,52,6,0,0,N/A,1.0000000000000013,
PREPARED_BALANCED,TARGET_60_MIN,134665,360,4355.999999999998,7386.478224510512,1998.2255447870002,1201.6742844891999,6415.7703770383,79.85156917500015,162,5.592457998599912,0.6966783306002071,0,9.940486632500011,17.821584380661943,-0.000751371433412042,-0.000751371433412042,100.1395237074333,0.41724801544763884,5,0,0,354,0,0.07061914604694447,0.45,47,7,0,0,N/A,1.0000000000000038,
PREPARED_BALANCED,TARGET_60_MIN,158422,360,4340,7501.611955466229,1947.778847867002,1143.3132205336995,6419.048755500202,80.24722063289985,168,4.090925691599978,1.1981568118999348,0,7.662161996299858,17.83069098750056,-0.0005995946527685081,-0.0005995946527685081,95.27610171114165,0.3969837571297567,15,0,0,354,0,0.056978690174442057,0.4666666666666667,53,3,0,0,N/A,0.9999999999999987,
PREPARED_BALANCED,TARGET_60_MIN,182179,360,4356.000000000002,7360.665168919005,2010.6950108811977,1182.6563349491996,6419.3975479694045,84.58593728120007,186,1.0723758873000406,0,0,11.530076143300136,17.83165985547057,-0.0005834468532685262,-0.0005834468532685262,98.55469457909993,0.41064456074624994,12,0,0,354,0,0.02948873934249884,0.5166666666666667,55,7,0,0,N/A,0.999999999999999,
PREPARED_BALANCED,TARGET_60_MIN,205936,360,4360,7473.290393525412,1955.4943908653013,1144.2531012750987,6401.9586181947,82.00349613949982,183,6.30570535429996,0,3,20.73567645100003,17.783218383874164,-0.001378459034195987,-0.001378459034195987,95.35442510625819,0.3973101046094093,18,0,0,354,0,0.08523649689749924,0.5083333333333333,54,7,1,0,N/A,1.000000000000003,
PREPARED_BALANCED,TARGET_60_MIN,229693,360,4371.999999999998,7502.070850002904,1885.8256911925018,1188.4653490592002,6411.671023000899,77.96708674450005,162,4.599868659799995,2.5017806674998155,0,13.227327671800367,17.81019728611361,-0.0009411563425509348,-0.0009411563425509348,99.0387790882667,0.4126615795344445,12,0,0,354,0,0.05707991770666616,0.45,45,9,0,0,N/A,0.9999999999999988,
PREPARED_BALANCED,TARGET_120_MIN,15880,360,4356,7447.552165572712,1958.1587080372014,1148.2500235936022,6436.963276892198,46.07582590430002,207,9.675490686399996,1.9201083992998633,0,7.441124022099814,17.880453546922773,-0.0008813297735092435,-0.0008813297735092435,95.68750196613354,0.39869792485888966,15,0,0,357,0,0.05209773383666274,0.575,54,15,0,0,N/A,0.9999999999999993,
PREPARED_BALANCED,TARGET_120_MIN,39637,360,4356,7378.605951878907,1977.9509859814978,1199.3779468671996,6441.1336883889,45.93142688349994,201,1.8651959822000208,1.9451530612004717,0,11.055962567700078,17.8920380233025,-0.0006882551671805827,-0.0006882551671805827,99.94816223893328,0.4164506759955554,6,0,0,357,0,0.06220024956249791,0.5583333333333333,57,10,0,0,N/A,0.9999999999999963,
PREPARED_BALANCED,TARGET_120_MIN,63394,360,4372.000000000001,7526.3867709609,1905.7260618035,1138.1879930788991,6436.211155977,47.488018179699935,174,2.7623133048998625,2.366237690199995,0,14.66029302790065,17.878364322158333,-0.0009161501862500231,-0.0009161501862500231,94.84899942324161,0.3952041642635066,20,0,0,357,0,0.09932449011333068,0.48333333333333334,48,10,0,0,N/A,0.9999999999999987,
PREPARED_BALANCED,TARGET_120_MIN,87151,360,4372,7429.581651615202,1942.3999295643976,1170.1288458543954,6429.136633901899,46.752939064099934,210,5.3912464309998995,0.6708167864999268,0,20.80130288060016,17.85871287194972,-0.001243674356393519,-0.001243674356393519,97.51073715453292,0.4062947381438873,6,0,0,357,0,0.05920022940916914,0.5833333333333334,64,6,0,0,N/A,0.9999999999999993,
PREPARED_BALANCED,TARGET_120_MIN,110908,360,4348,7428.680115596098,1947.2241073137,1175.9848628273976,6438.619817941801,42.49109632099993,219,0.2569529595999711,2.169779256599952,0,14.95344984200031,17.885055049838336,-0.0008046380582500111,-0.0008046380582500111,97.99873856894978,0.40832807737062415,9,0,0,357,0,0.05217810769305168,0.6083333333333333,64,9,0,0,N/A,1.000000000000002,
PREPARED_BALANCED,TARGET_120_MIN,134665,360,4363.999999999999,7436.051405211191,1989.4769277339017,1172.2225481823018,6435.487207178899,43.76191169369997,159,5.592457998599912,0,0,14.920334822499342,17.87635335327472,-0.0009496663343101499,-0.0009496663343101499,97.68521234852514,0.4070217181188548,6,0,0,357,0,0.0614233250561116,0.44166666666666665,47,6,0,0,N/A,1.0000000000000024,
PREPARED_BALANCED,TARGET_120_MIN,158422,360,4332,7412.697836239707,1992.2895032823008,1172.1981113173993,6448.5646431687965,47.24990599179992,195,5.109544104899953,0,0,2.32581272629983,17.912679564357767,-0.00034422948292591593,-0.00034422948292591593,97.6831759431166,0.4070132330963192,11,0,0,357,0,0.06914988001778097,0.5416666666666666,55,10,0,0,N/A,1.000000000000005,
PREPARED_BALANCED,TARGET_120_MIN,182179,360,4347.999999999999,7410.641205932921,2014.6068563119,1171.2249890365981,6442.032803685298,45.494145033299844,168,0,0,3,10.9671963147008,17.894535565792495,-0.0006466294590139255,-0.0006466294590139255,97.6020824197165,0.40667534341548545,18,0,0,357,0,0.034804582347227137,0.4666666666666667,49,7,1,0,N/A,1.0000000000000018,
PREPARED_BALANCED,TARGET_120_MIN,205936,360,4380,7392.693087921913,1952.4431213352984,1187.5836438471974,6429.428736595499,44.851410300099786,213,9.771274568599893,0,0,16.799988835900322,17.85952426832083,-0.0012301510835416763,-0.0012301510835416763,98.96530365393313,0.412355431891388,12,0,0,357,0,0.04419848944360941,0.5916666666666667,63,8,0,0,N/A,0.999999999999997,
PREPARED_BALANCED,TARGET_120_MIN,229693,360,4339.999999999999,7328.4579687724045,1999.8713017336997,1190.3693536973017,6441.6921935991995,44.60918219739986,255,4.534569807399976,1.1904761905000214,0,8.582760402900021,17.893589426664445,-0.0006623984444814826,-0.0006623984444814826,99.19744614144189,0.41332269225600754,5,0,0,357,0,0.047173478060558834,0.7083333333333334,74,11,0,0,N/A,0.9999999999999932,
PREPARED_BALANCED,TARGET_180_MIN,15880,360,4347.999999999999,7416.480722179901,2014.4045114081114,1139.2667761475964,6447.379038871,33.46895139340009,201,6.137768313399988,0.7614213197998652,0,9.721771495799658,17.909386219086112,-0.0007694889411573845,-0.0007694889411573845,94.93889801229966,0.3955787417179154,13,0,0,358,0,0.06276941370472196,0.5583333333333333,56,11,0,0,N/A,1.0000000000000004,
PREPARED_BALANCED,TARGET_180_MIN,39637,360,4356,7384.23020100581,1989.5182594801051,1180.622921179998,6451.534930404701,34.093687929400005,204,2.697108051900045,2.552440510600718,0,7.215521032799188,17.920930362235282,-0.0005770865553379608,-0.0005770865553379608,98.38524343166654,0.40993851429861033,12,0,0,358,0,0.06448207474221984,0.5666666666666667,59,9,0,0,N/A,1.0000000000000007,
PREPARED_BALANCED,TARGET_180_MIN,63394,360,4368,7459.878418389009,1961.9703766033003,1143.0055999177061,6446.6705416687,34.47506342129995,186,2.7623133048998625,0,0,14.567145026400311,17.907418171301945,-0.0008022897375601932,-0.0008022897375601932,95.25046665980885,0.3968769444158702,19,0,0,358,0,0.05309186769360769,0.5166666666666667,56,6,0,0,N/A,1,
PREPARED_BALANCED,TARGET_180_MIN,87151,360,4380.000000000002,7413.018048401606,1954.5850824941972,1153.474097162001,6437.079037335201,33.84373460699993,228,5.3912464309998995,0,0,21.529716233800286,17.880775103708892,-0.0012463408641111193,-0.0012463408641111193,96.12284143016673,0.40051183929236145,12,0,0,358,0,0.048301078468334584,0.6333333333333333,68,8,0,0,N/A,1.000000000000003,
PREPARED_BALANCED,TARGET_180_MIN,110908,360,4348,7401.644802291805,1977.7956856565022,1184.4502558702004,6454.7813165115,32.32793967000006,201,0.1190954973000089,1.6666666666999959,0,7.432921324499631,17.929948101420834,-0.00042679090224535365,-0.00042679090224535365,98.70418798918334,0.4112674499549307,4,0,0,358,0,0.08309898981612386,0.5583333333333333,63,4,0,0,N/A,0.9999999999999967,
PREPARED_BALANCED,TARGET_180_MIN,134665,360,4355.999999999999,7440.543075831691,1994.0813303848938,1137.2124982909972,6444.072502131201,33.09059336119998,195,5.842203043899872,0,3,11.085294824899336,17.900201394808892,-0.0009225693457777408,-0.0009225693457777408,94.76770819091642,0.39486545079548513,17,0,0,358,0,0.03811180868500578,0.5416666666666666,55,10,1,0,N/A,0.9999999999999991,
PREPARED_BALANCED,TARGET_180_MIN,158422,360,4332,7410.478207017989,1972.7016041943077,1188.0709347172046,6457.5832615821,32.16599248839992,207,4.090925691599978,0,0,2.32581272629983,17.9377312821725,-0.0002970712230509171,-0.0002970712230509171,99.0059112264337,0.4125246301101405,6,0,0,358,0,0.09131303907083409,0.575,63,6,0,0,N/A,1.0000000000000027,
PREPARED_BALANCED,TARGET_180_MIN,182179,360,4347.999999999999,7475.655394211494,2007.0968690290001,1122.0761084304013,6454.175903158799,30.995725170299977,162,0,0,3,6.824096841200685,17.92826639766333,-0.0004548192982037353,-0.0004548192982037353,93.50634236920004,0.3896097598716671,20,0,0,358,0,0.07146205615778006,0.45,49,5,1,0,N/A,1.0000000000000004,
PREPARED_BALANCED,TARGET_180_MIN,205936,360,4368.000000000001,7444.565858911703,1950.7556796534984,1159.869518042897,6440.4507179135,32.35822547839976,204,5.784033739299957,0,0,17.765248347200114,17.890140883093054,-0.0010902445410416693,-0.0010902445410416693,96.65579317024138,0.4027324715426725,15,0,0,358,0,0.06481091243056031,0.5666666666666667,60,8,0,0,N/A,0.9999999999999977,
PREPARED_BALANCED,TARGET_180_MIN,229693,360,4356,7393.506310359204,1962.6958258402933,1176.6843428925058,6444.006753833699,33.10676707429988,234,8.629006412899997,1.1904761905000214,0,10.173763562899978,17.900018760649164,-0.0009256132484398162,-0.0009256132484398162,98.05702857437552,0.40857095239323116,9,0,0,358,0,0.07775862458110298,0.65,72,6,0,0,N/A,1.0000000000000007,
EFFICIENCY_FIRST,NEVER,15880,360,4372,7542.9492880022735,1881.0724773824059,1166.9534835840177,6458.734002707803,16.29074832349994,162,0,2.182690378599659,0,11.08330691359771,17.94092778529945,-0.0006141665413054337,-0.0006141665413054337,97.24612363200148,0.40519218180000616,11,0,0,359,0,0.06540944367360359,0.45,47,7,0,0,N/A,1,
EFFICIENCY_FIRST,NEVER,39637,360,4344,7426.496490999524,1946.3417272544916,1175.366545501083,6464.606239492501,15.1889967524001,228,1.3027090211000996,1.180173092099949,0,4.910878394298834,17.957239554145836,-0.00034230372719902264,-0.00034230372719902264,97.94721212509026,0.4081133838545427,15,0,0,359,0,0.06990763522695526,0.6333333333333333,68,8,0,0,N/A,1,
EFFICIENCY_FIRST,NEVER,63394,360,4364,7424.474457264287,1931.1804836358074,1198.9272530276062,6462.1808083365,18.236997735799946,201,1.5932986717000404,0,0,8.22589299179981,17.950502245379166,-0.0004545922066435117,-0.0004545922066435117,99.91060441896718,0.41629418507902993,11,0,0,359,0,0.06792832567054272,0.5583333333333333,58,9,0,0,N/A,1,
EFFICIENCY_FIRST,NEVER,87151,360,4332,7396.166132760887,1944.9161563258249,1173.5791932325874,6468.2027578466,15.1357598341001,270,0,0,0,3.7972421534000205,17.967229882907223,-0.00017579824784259344,-0.00017579824784259344,97.79826610271562,0.40749277542798173,10,0,0,359,0,0.0382397551558215,0.75,78,12,0,0,N/A,1,
EFFICIENCY_FIRST,NEVER,110908,360,4352,7460.6771144768945,1925.8387513566124,1167.1945576560959,6461.4195335098975,13.870043000499834,219,0,0.6725251076004497,0,9.907941382502486,17.948387593083048,-0.0004898364115788399,-0.0004898364115788399,97.266213138008,0.4052758880750333,18,0,0,359,0,0.05824018666137836,0.6083333333333333,65,8,0,0,N/A,1,
EFFICIENCY_FIRST,NEVER,134665,360,4364,7407.852490987491,1927.1879758939008,1177.4609620394076,6450.6061265686,14.89244451059983,258,3.7178848712999297,1.3341662844013626,0,16.341822275698178,17.918350351579445,-0.0009904571033055307,-0.0009904571033055307,98.1217468366173,0.40884061181923875,16,0,0,359,0,0.03134479506111442,0.7166666666666667,76,10,0,0,N/A,1,
EFFICIENCY_FIRST,NEVER,158422,360,4356,7479.704930230183,1901.141819355212,1167.6160214102033,6454.910626189202,15.626602815199988,225,4.038428689299963,0,0,13.050945121498103,17.930307294970007,-0.000791174713462874,-0.000791174713462874,97.30133511751696,0.4054222296563206,16,0,0,359,0,0.0929880579605339,0.625,68,7,0,0,N/A,1,
EFFICIENCY_FIRST,NEVER,182179,360,4352,7474.852820996787,1922.118925290411,1179.4849720432017,6462.180595989301,14.36268568029999,195,0.2345104206999622,0,0,9.584893589999751,17.950501655525837,-0.0004546020375323949,-0.0004546020375323949,98.29041433693347,0.40954339307055615,17,0,0,359,0,0.04961327045083408,0.5416666666666666,57,8,0,0,N/A,1,
EFFICIENCY_FIRST,NEVER,205936,360,4352,7503.380176785311,1900.2331443342994,1125.7447198188893,6465.097473581301,13.544485480200024,240,0,0,0,6.902526418699495,17.95860409328139,-0.00031956140827312456,-0.00031956140827312456,93.81205998490744,0.39088358327044764,23,0,0,359,0,0.06237251174804707,0.6666666666666666,74,6,0,0,N/A,1,
EFFICIENCY_FIRST,NEVER,229693,360,4356,7445.053737719092,1921.002097859105,1195.5840406662035,6460.5954355331,14.764688222499899,207,0,2.45855734769998,0,8.946007119200715,17.946098432036386,-0.0005279890956898469,-0.0005279890956898469,99.6320033888503,0.41513334745354286,10,0,0,359,0,0.0621074570511136,0.575,63,6,0,0,N/A,1,
EFFICIENCY_FIRST,AS_SOON_AS_ELIGIBLE,15880,360,4372,7468.334312938415,1928.3025228794004,1188.4848417920998,6369.064445794898,117.81387659519983,156,0,1.3586956522000264,0,13.576858552900205,17.691845682763606,-0.0006912634493515534,-0.0006912634493515534,99.04040348267498,0.41266834784447926,14,0,0,348,0,0.05115782876500007,0.43333333333333335,42,10,0,0,N/A,1.0000000000000007,
EFFICIENCY_FIRST,AS_SOON_AS_ELIGIBLE,39637,360,4355.999999999996,7386.668234565123,1970.1120609650009,1224.7317026767003,6372.8137411716,118.67426062160024,171,1.3504778117001024,1.180173092099949,3,5.655607924599849,17.702260392143334,-0.0005178823531666619,-0.0005178823531666619,102.06097522305839,0.42525406342940997,11,0,0,348,0,0.07612709115638863,0.475,48,9,1,0,N/A,0.9999999999999978,
EFFICIENCY_FIRST,AS_SOON_AS_ELIGIBLE,63394,360,4364,7406.589263165986,1942.0004852925993,1228.5939223949997,6375.8996852793,120.91664386709985,161.99999999999994,1.5932986717000404,0,0,6.507016048999958,17.710832459109167,-0.0003662457901768467,-0.0003662457901768467,102.38282686624991,0.4265951119427082,9,0,0,348,0,0.06254317989555662,0.44999999999999984,44,10,0,0,N/A,1.0000000000000029,
EFFICIENCY_FIRST,AS_SOON_AS_ELIGIBLE,87151,360,4340.000000000001,7408.416250062712,1954.3301597344994,1221.9418710173998,6382.880355531104,118.43136365430009,174,0,0,0,1.1196444688998781,17.730223209808624,-0.00005183539207869807,-0.00005183539207869807,101.82848925145002,0.42428537188104176,7,0,0,348,0,0.09013099186083275,0.48333333333333334,52,6,0,0,N/A,0.9999999999999991,
EFFICIENCY_FIRST,AS_SOON_AS_ELIGIBLE,110908,360,4348.000000000002,7387.334710710111,1979.2618514805008,1211.1054250137015,6366.6145174224985,115.68349537319969,192,2.1748586342000635,0.9508125644000529,0,14.259811378899983,17.685040326173606,-0.0008048834526620419,-0.0008048834526620419,100.92545208447508,0.4205227170186463,10,0,0,348,0,0.042217959311111664,0.5333333333333333,54,10,0,0,N/A,1.0000000000000067,
EFFICIENCY_FIRST,AS_SOON_AS_ELIGIBLE,134665,360,4364.000000000004,7374.815263499015,1945.9524151880983,1239.9364616367002,6366.462428854602,119.83343082159968,189,5.748465414299972,0.5931432638999468,0,11.195962467200104,17.68461785792945,-0.0007779693577472224,-0.0007779693577472224,103.32803846972499,0.43053349362385407,7,0,0,348,0,0.05059037327611187,0.525,54,9,0,0,N/A,1.0000000000000007,
EFFICIENCY_FIRST,AS_SOON_AS_ELIGIBLE,158422,360,4339.999999999998,7367.305809950325,2004.309064556203,1233.0235290184012,6372.003726579102,118.35786989600001,165,4.038428689299963,0,0,7.95784473159997,17.700010351608615,-0.0005553830287453679,-0.0005553830287453679,102.75196075153339,0.4281331697980557,6,0,0,348,0,0.0389111028852771,0.4583333333333333,53,2,0,0,N/A,1.0000000000000022,
EFFICIENCY_FIRST,AS_SOON_AS_ELIGIBLE,182179,360,4363.999999999998,7481.890950400011,1903.0672264546993,1207.389781884501,6364.502955920103,123.14908534069994,156,0.2345104206999622,1.448365693600067,0,17.814167965600056,17.67917487755584,-0.0009026409296250045,-0.0009026409296250045,100.61581515704175,0.41923256315434054,13,0,0,348,0,0.055675663756388535,0.43333333333333335,43,9,0,0,N/A,1.0000000000000007,
EFFICIENCY_FIRST,AS_SOON_AS_ELIGIBLE,205936,360,4332.000000000002,7420.665807018593,1972.0249299572997,1221.3878500633004,6382.248504787795,118.67290817300027,153,0,0,0,1.751495212199984,17.728468068854987,-0.0000810877413055547,-0.0000810877413055547,101.78232083860826,0.42409300349420137,7,0,0,348,0,0.02920871781777742,0.425,47,4,0,0,N/A,1.0000000000000053,
EFFICIENCY_FIRST,AS_SOON_AS_ELIGIBLE,229693,360,4368,7406.7127081419285,1948.6734099475984,1242.9032372195998,6368.946289578698,120.76435511219994,144,0,2.45855734769998,0,12.595153073600159,17.691517471051938,-0.000696931038023155,-0.000696931038023155,103.57526976829993,0.43156362403458326,9,0,0,348,0,0.09997640180388909,0.4,42,6,0,0,N/A,1.0000000000000009,
EFFICIENCY_FIRST,TARGET_30_MIN,15880,360,4372,7468.334312938415,1928.3025228794004,1188.4848417920998,6369.064445794898,117.81387659519983,156,0,1.3586956522000264,0,13.576858552900205,17.691845682763606,-0.0006912634493515534,-0.0006912634493515534,99.04040348267498,0.41266834784447926,14,0,0,348,0,0.05115782876500007,0.43333333333333335,42,10,0,0,N/A,1.0000000000000007,
EFFICIENCY_FIRST,TARGET_30_MIN,39637,360,4355.999999999996,7386.668234565123,1970.1120609650009,1224.7317026767003,6372.8137411716,118.67426062160024,171,1.3504778117001024,1.180173092099949,3,5.655607924599849,17.702260392143334,-0.0005178823531666619,-0.0005178823531666619,102.06097522305839,0.42525406342940997,11,0,0,348,0,0.07612709115638863,0.475,48,9,1,0,N/A,0.9999999999999978,
EFFICIENCY_FIRST,TARGET_30_MIN,63394,360,4364,7406.589263165986,1942.0004852925993,1228.5939223949997,6375.8996852793,120.91664386709985,161.99999999999994,1.5932986717000404,0,0,6.507016048999958,17.710832459109167,-0.0003662457901768467,-0.0003662457901768467,102.38282686624991,0.4265951119427082,9,0,0,348,0,0.06254317989555662,0.44999999999999984,44,10,0,0,N/A,1.0000000000000029,
EFFICIENCY_FIRST,TARGET_30_MIN,87151,360,4340.000000000001,7408.416250062712,1954.3301597344994,1221.9418710173998,6382.880355531104,118.43136365430009,174,0,0,0,1.1196444688998781,17.730223209808624,-0.00005183539207869807,-0.00005183539207869807,101.82848925145002,0.42428537188104176,7,0,0,348,0,0.09013099186083275,0.48333333333333334,52,6,0,0,N/A,0.9999999999999991,
EFFICIENCY_FIRST,TARGET_30_MIN,110908,360,4348.000000000002,7387.334710710111,1979.2618514805008,1211.1054250137015,6366.6145174224985,115.68349537319969,192,2.1748586342000635,0.9508125644000529,0,14.259811378899983,17.685040326173606,-0.0008048834526620419,-0.0008048834526620419,100.92545208447508,0.4205227170186463,10,0,0,348,0,0.042217959311111664,0.5333333333333333,54,10,0,0,N/A,1.0000000000000067,
EFFICIENCY_FIRST,TARGET_30_MIN,134665,360,4364.000000000004,7374.815263499015,1945.9524151880983,1239.9364616367002,6366.462428854602,119.83343082159968,189,5.748465414299972,0.5931432638999468,0,11.195962467200104,17.68461785792945,-0.0007779693577472224,-0.0007779693577472224,103.32803846972499,0.43053349362385407,7,0,0,348,0,0.05059037327611187,0.525,54,9,0,0,N/A,1.0000000000000007,
EFFICIENCY_FIRST,TARGET_30_MIN,158422,360,4339.999999999998,7367.305809950325,2004.309064556203,1233.0235290184012,6372.003726579102,118.35786989600001,165,4.038428689299963,0,0,7.95784473159997,17.700010351608615,-0.0005553830287453679,-0.0005553830287453679,102.75196075153339,0.4281331697980557,6,0,0,348,0,0.0389111028852771,0.4583333333333333,53,2,0,0,N/A,1.0000000000000022,
EFFICIENCY_FIRST,TARGET_30_MIN,182179,360,4363.999999999998,7481.890950400011,1903.0672264546993,1207.389781884501,6364.502955920103,123.14908534069994,156,0.2345104206999622,1.448365693600067,0,17.814167965600056,17.67917487755584,-0.0009026409296250045,-0.0009026409296250045,100.61581515704175,0.41923256315434054,13,0,0,348,0,0.055675663756388535,0.43333333333333335,43,9,0,0,N/A,1.0000000000000007,
EFFICIENCY_FIRST,TARGET_30_MIN,205936,360,4332.000000000002,7420.665807018593,1972.0249299572997,1221.3878500633004,6382.248504787795,118.67290817300027,153,0,0,0,1.751495212199984,17.728468068854987,-0.0000810877413055547,-0.0000810877413055547,101.78232083860826,0.42409300349420137,7,0,0,348,0,0.02920871781777742,0.425,47,4,0,0,N/A,1.0000000000000053,
EFFICIENCY_FIRST,TARGET_30_MIN,229693,360,4368,7406.7127081419285,1948.6734099475984,1242.9032372195998,6368.946289578698,120.76435511219994,144,0,2.45855734769998,0,12.595153073600159,17.691517471051938,-0.000696931038023155,-0.000696931038023155,103.57526976829993,0.43156362403458326,9,0,0,348,0,0.09997640180388909,0.4,42,6,0,0,N/A,1.0000000000000009,
EFFICIENCY_FIRST,TARGET_60_MIN,15880,360,4356,7469.311924780504,1929.0802373055992,1195.0806384896985,6412.330701269,67.19649815519995,171,0,2.182690378599659,3,14.486608352400197,17.812029725747223,-0.0009106156819907339,-0.0009106156819907339,99.59005320747488,0.4149585550311453,16,0,0,354,0,0.0764592076469452,0.475,51,6,1,0,N/A,1.0000000000000018,
EFFICIENCY_FIRST,TARGET_60_MIN,39637,360,4368.000000000002,7424.051950798224,1914.6345043793,1229.3404890411011,6419.537220073196,67.43583570820003,177,1.3027090211000996,1.180173092099949,0,9.97989781360016,17.832047833536656,-0.0005769805521666766,-0.0005769805521666766,102.44504075342506,0.4268543364726044,10,0,0,354,0,0.06718738361722298,0.49166666666666664,50,9,0,0,N/A,1.0000000000000053,
EFFICIENCY_FIRST,TARGET_60_MIN,63394,360,4356,7377.0453278460045,1978.3270748583996,1223.4060992671994,6416.544912536001,71.67658549240005,177,1.5932986717000404,0,0,13.861788792300104,17.82373586815556,-0.000715513308518525,-0.000715513308518525,101.95050827226662,0.4247937844677774,13,0,0,354,0,0.0785064081394468,0.49166666666666664,51,8,0,0,N/A,1.000000000000002,
EFFICIENCY_FIRST,TARGET_60_MIN,87151,360,4340.000000000002,7408.277491819112,1952.1845169793019,1190.8445771801994,6428.255180131304,67.43823389010007,213,0,0,0,3.7448198687001195,17.85626438925362,-0.00017337129021759813,-0.00017337129021759813,99.23704809834999,0.41348770040979144,13,0,0,354,0,0.07552984831499909,0.5916666666666667,59,12,0,0,N/A,1.0000000000000004,
EFFICIENCY_FIRST,TARGET_60_MIN,110908,360,4332,7387.89328002738,2028.2241712426976,1195.7450747101,6430.6931141038,63.44435991600005,162,0,0,0,1.3068858962000434,17.863036428066113,-0.00006050397667592789,-0.00006050397667592789,99.64542289250828,0.41518926205211787,13,0,0,354,0,0.032836108871666804,0.45,49,5,0,0,N/A,0.9999999999999993,
EFFICIENCY_FIRST,TARGET_60_MIN,134665,360,4356,7371.081479615228,1919.454530647002,1231.8858246666991,6415.957413010701,65.6207520603999,240,3.7178848712999297,0,0,12.324702118000005,17.822103925029726,-0.000742712360615738,-0.000742712360615738,102.65715205555821,0.4277381335648261,11,0,0,354,0,0.12198599656749877,0.6666666666666666,64,16,0,0,N/A,1.0000000000000018,
EFFICIENCY_FIRST,TARGET_60_MIN,158422,360,4344,7371.337908016722,1979.2806296647004,1223.9989369870998,6413.497768605801,66.88475672570002,201,6.398209181099958,0,0,12.104022213100052,17.815271579460557,-0.0008565847867685191,-0.0008565847867685191,101.99991141559163,0.42499963089829856,12,0,0,354,0,0.04310863925916668,0.5583333333333333,64,3,0,0,N/A,1.0000000000000024,
EFFICIENCY_FIRST,TARGET_60_MIN,182179,360,4340,7350.829142367895,2005.3234248819986,1207.4063221090005,6424.507296720702,64.93381392040015,207,0.2345104206999622,0,0,7.258192858600069,17.84585360200195,-0.0003468844110787053,-0.0003468844110787053,100.6171935090833,0.4192383062878474,18,0,0,354,0,0.07886416905861088,0.575,63,6,0,0,N/A,0.9999999999999977,
EFFICIENCY_FIRST,TARGET_60_MIN,205936,360,4336,7448.174015439017,1959.0219408089006,1191.067019240501,6428.668395807903,66.06862870370023,171,0,0,0,3.33160419209986,17.857412210577507,-0.00015424093481943783,-0.00015424093481943783,99.25558493670844,0.41356493723628507,16,0,0,354,0,0.06145123658972303,0.475,49,8,0,0,N/A,0.9999999999999963,
EFFICIENCY_FIRST,TARGET_60_MIN,229693,360,4348,7479.523552673207,1923.5500327881,1208.5628600737011,6422.964315884101,61.39923858089995,156,0,2.45855734769998,0,6.577126768200202,17.8415675441225,-0.00033992634794907434,-0.00033992634794907434,100.71357167280841,0.4196398819700351,14,0,0,354,0,0.07752680240527869,0.43333333333333335,47,5,0,0,N/A,1.000000000000002,
EFFICIENCY_FIRST,TARGET_120_MIN,15880,360,4368,7521.581406663093,1883.4487188663056,1156.879967517301,6438.516804666599,36.57310228669988,195,0,2.182690378599659,0,15.300504954800687,17.88476890185166,-0.0008094071913611268,-0.0008094071913611268,96.40666395977512,0.40169443316572956,22,0,0,357,0,0.09014259530083406,0.5416666666666666,56,9,0,0,N/A,1.0000000000000024,
EFFICIENCY_FIRST,TARGET_120_MIN,39637,360,4348,7376.318824516302,1954.8895785942002,1188.0971452137978,6444.911298744,38.783152931700045,249,1.3027090211000996,1.180173092099949,0,8.605819142800215,17.9025313854,-0.0005133657988889014,-0.0005133657988889014,99.00809543448312,0.4125337309770131,14,0,0,357,0,0.07122180993110754,0.6916666666666667,80,3,0,0,N/A,0.9999999999999977,
EFFICIENCY_FIRST,TARGET_120_MIN,63394,360,4371.999999999999,7408.3311095378795,1951.385883754702,1179.8400429363053,6439.783986276701,41.65897749440006,207,5.523957813000038,0,0.66870594969987,10.023349960600001,17.888288850768614,-0.0007507413760787002,-0.0007507413760787002,98.3200035780254,0.40966668157510594,14,0,0,357,0,0.04659297472806006,0.575,61,8,1,0,N/A,0.999999999999998,
EFFICIENCY_FIRST,TARGET_120_MIN,87151,360,4328,7373.9456023179255,2000.659676223694,1205.0905396186001,6453.7181319014,34.586049938400066,204,0,0,0,2.281868098599716,17.926994810837222,-0.00010564204160183873,-0.00010564204160183873,100.42421163488333,0.4184342151453473,14,0,0,357,0,0.02816337700277782,0.5666666666666667,60,8,0,0,N/A,1.0000000000000007,
EFFICIENCY_FIRST,TARGET_120_MIN,110908,360,4340,7419.92245800359,1992.3128721272963,1178.151604168001,6446.869773075398,36.74329262569967,186,0,0,0,9.130226924600635,17.907971591876105,-0.0004055963743703825,-0.0004055963743703825,98.17930034733338,0.4090804181138893,19,0,0,357,0,0.05808053469611202,0.5166666666666667,57,5,0,0,N/A,0.9999999999999993,
EFFICIENCY_FIRST,TARGET_120_MIN,134665,360,4360,7393.613060272897,1939.210359231003,1178.708324797401,6437.3574585479,39.1107971507999,252,3.7178848712999297,0.7346459007003432,0,14.190010680100386,17.88154849596639,-0.0008630806227824373,-0.0008630806227824373,98.22569373311676,0.40927372388798633,18,0,0,357,0,0.04765113931777971,0.7,72,12,0,0,N/A,1.0000000000000016,
EFFICIENCY_FIRST,TARGET_120_MIN,158422,360,4344,7418.63967591762,1967.2223772029004,1196.0850180646003,6440.2074646531,38.84546416180007,195,4.038428689299963,0.696443495199901,0,11.057663162399876,17.889465179591944,-0.0007311358956898033,-0.0007311358956898033,99.67375150538334,0.4153072979390973,10,0,0,357,0,0.06456028833500041,0.5416666666666666,63,2,0,0,N/A,0.9999999999999983,
EFFICIENCY_FIRST,TARGET_120_MIN,182179,360,4336,7383.8885713255995,1958.7847678405963,1241.8638935902995,6449.6280147383,34.83475250520007,195,0.2345104206999622,0.46957175059969813,0,5.667903090400159,17.915633374273057,-0.00029499931767128777,-0.00029499931767128777,103.48865779919163,0.4312027408299651,7,0,0,357,0,0.04881476022694831,0.5416666666666666,52,13,0,0,N/A,0.9999999999999974,
EFFICIENCY_FIRST,TARGET_120_MIN,205936,360,4335.999999999999,7499.788740805203,1917.8528335278002,1182.8799366970998,6448.7667358862,34.711753083700074,180,0,0,0.9724703077999948,6.260793806000152,17.91324093301722,-0.00033487333860185865,-0.00033487333860185865,98.57332805809165,0.41072220024204853,14,0,0,357,0,0.09875439857582824,0.5,54,6,1,0,N/A,1.0000000000000024,
EFFICIENCY_FIRST,TARGET_120_MIN,229693,360,4348,7462.413727572609,1957.3627738846958,1203.5945475628007,6446.7583244091,37.870626570800056,144,0,3.235558124699992,0,6.00611746620001,17.9076620122475,-0.00042785535143055565,-0.00042785535143055565,100.29954563023344,0.4179147734593058,12,0,0,357,0,0.09377874617472588,0.4,41,7,0,0,N/A,1.0000000000000024,
EFFICIENCY_FIRST,TARGET_180_MIN,15880,360,4380,7498.83880010559,1874.908419323804,1170.3790636589995,6441.6988744382015,27.174842473399963,207,0,2.182690378599659,3,17.118435183198756,17.89360798455056,-0.0010285433351486944,-0.0010285433351486944,97.53158863824999,0.4063816193260415,16,0,0,358,0,0.0596037490030606,0.575,60,9,1,0,N/A,1.000000000000001,
EFFICIENCY_FIRST,TARGET_180_MIN,39637,360,4348,7380.372354090601,1949.1742568185946,1208.7845740687999,6454.7265718485,24.942243173500117,234,1.3027090211000996,1.65770368590006,0,6.313015444500138,17.9297960329125,-0.0004293253773842734,-0.0004293253773842734,100.73204783906664,0.4197168659961111,11,0,0,358,0,0.05137817896916646,0.65,67,11,0,0,N/A,0.999999999999996,
EFFICIENCY_FIRST,TARGET_180_MIN,63394,360,4368,7426.685008915815,1914.695587461701,1217.576526333598,6450.8311130163,30.21176427260002,192,4.434207762600067,0,0,8.734679221099782,17.918975313934165,-0.0006096706936898077,-0.0006096706936898077,101.46471052779985,0.42276962719916594,9,0,0,358,0,0.08238790899000148,0.5333333333333333,53,11,0,0,N/A,1.0000000000000024,
EFFICIENCY_FIRST,TARGET_180_MIN,87151,360,4336,7341.332524164516,1972.7099513412998,1223.6935446926018,6458.262360488499,25.00161931310015,243,0,0,0,5.737639511499992,17.939617668023608,-0.00026563145886574044,-0.00026563145886574044,101.97446205771682,0.4248935919071534,6,0,0,358,0,0.07335527904110918,0.675,70,11,0,0,N/A,1.000000000000003,
EFFICIENCY_FIRST,TARGET_180_MIN,110908,360,4344.000000000001,7450.722687490592,1958.0516620089984,1180.046657110696,6459.6920467722,24.48694661749977,183,0,0,0,4.307953227800226,17.943589018811668,-0.0001962296872823833,-0.0001962296872823833,98.33722142589136,0.40973842260788057,18,0,0,358,0,0.056537579677772794,0.5083333333333333,54,7,0,0,N/A,0.9999999999999963,
EFFICIENCY_FIRST,TARGET_180_MIN,134665,360,4356,7430.931328914789,1930.5818169426998,1183.0431345882953,6444.377845295699,27.065874258499775,228,3.7178848712999297,0.7346459007003432,0,15.169623932300055,17.901049570265833,-0.0009084330881620516,-0.0009084330881620516,98.58692788235797,0.4107788661764914,15,0,0,358,0,0.0482800410816689,0.6333333333333333,67,9,0,0,N/A,0.9999999999999998,
EFFICIENCY_FIRST,TARGET_180_MIN,158422,360,4344.000000000001,7471.379144902715,1934.1438718622019,1186.9809567547036,6451.523573957402,25.972452523000072,186,4.038428689299963,0,0,8.437997353299238,17.920898816548338,-0.0005776123167870006,-0.0005776123167870006,98.9150797295586,0.41214616553982764,14,0,0,358,0,0.08381811845277132,0.5166666666666667,57,5,0,0,N/A,1.0000000000000018,
EFFICIENCY_FIRST,TARGET_180_MIN,182179,360,4332.000000000001,7439.460537547204,1945.7002959469985,1195.9989986904943,6457.338250667199,25.501917148100006,204,0.2345104206999622,0,0,6.4272389121000515,17.937050696297774,-0.0003084143209629637,-0.0003084143209629637,99.66658322420784,0.4152774301008661,18,0,0,358,0,0.07725499772000531,0.5666666666666667,60,8,0,0,N/A,0.9999999999999973,
EFFICIENCY_FIRST,TARGET_180_MIN,205936,360,4352,7459.859178159618,1923.154160044101,1168.6603657349988,6457.060152870201,26.266143191100042,213,0,0,0,6.939847129799574,17.936278202417224,-0.00032128921897220234,-0.00032128921897220234,97.38836381124987,0.4057848492135414,18,0,0,358,0,0.05759834594638404,0.5916666666666667,67,4,0,0,N/A,0.9999999999999993,
EFFICIENCY_FIRST,TARGET_180_MIN,229693,360,4355.999999999999,7473.453139972091,1914.1975372420072,1174.7551499600015,6454.737733685501,25.85643914039997,201,0,2.45855734769998,0,6.803708966799832,17.92982703801528,-0.0004288086256712878,-0.0004288086256712878,97.89626249666675,0.40790109373611155,14,0,0,358,0,0.056361438165562085,0.5583333333333333,59,8,0,0,N/A,0.999999999999999,
QUALITY_FIRST,NEVER,15880,360,4716,8860.03227785572,1000.6145296978918,650.1197478889978,6152.545410369489,19.688034187900087,201,8.94886752130003,15.991857362904739,11.461686991899114,283.052177754407,17.090403917693024,-0.01478956433474585,-0.01478956433474585,54.17664565741649,0.2257360235725687,71,0,0,359,0,0.1352951825272302,0.5583333333333333,58,9,6,0,N/A,1,
QUALITY_FIRST,NEVER,39637,360,4688,8813.721221091891,1051.9262987556986,672.6489958088948,6189.015450155614,19.68803418789986,165,9.761452991499937,9.484001186398245,6.48772890969849,257.2513667567887,17.191709583765597,-0.013101136566869693,-0.013101136566869693,56.05408298407457,0.2335586791003107,60,0,0,359,0,0.15883108554804043,0.4583333333333333,44,11,3,0,N/A,1,
QUALITY_FIRST,NEVER,63394,360,4640,8650.268861620996,1188.314342553594,707.2540219838091,6199.474739653702,19.688034187899973,195,15.043589743499922,13.09291693549767,1.6666666667001664,242.7220870006003,17.220763165704728,-0.012385428719736016,-0.012385428719736016,58.93783516531742,0.2455743131888226,59,0,0,359,0,0.12078678573608685,0.5416666666666666,61,4,1,0,N/A,1,
QUALITY_FIRST,NEVER,87151,360,4704,8814.106267209037,1057.0595846734827,659.931477158085,6153.214636771495,19.688034187900087,192,6.353333333199998,13.77703976339967,7.666666666600577,290.9883234653051,17.09226287992082,-0.014758581630949329,-0.014758581630949329,54.994289763173754,0.22914287401322397,79,0,0,359,0,0.12503682788663248,0.5333333333333333,58,6,3,0,N/A,1,
QUALITY_FIRST,NEVER,110908,360,4708,8659.689840542396,1069.8846980638916,701.1026140408053,6202.847265676506,21.475581676400054,237,4.985184586700086,9.087003653899046,9,246.08054608289507,17.23013129354585,-0.012460774737198798,-0.012460774737198798,58.42521783673378,0.24343840765305738,61,0,0,359,0,0.10143684234388325,0.6583333333333333,72,7,3,0,N/A,1,
QUALITY_FIRST,NEVER,134665,360,4700,8831.095677002899,969.9732607017002,659.3092243892015,6194.417754335499,20.204083570699993,225,0.29927350420007315,8.189851207197535,8.483582741900136,260.60953821120324,17.206715984265276,-0.012851029891875051,-0.012851029891875051,54.9424353657668,0.2289268140240283,68,0,0,359,0,0.13287743889803746,0.625,63,12,4,0,N/A,1,
QUALITY_FIRST,NEVER,158422,360,4796,8782.71364690841,970.9922079761986,706.938789925799,6104.033987668292,20.321367521300033,219,6.440256410100005,9.756185906099745,12.317135409700768,339.45243460580764,16.955649965745256,-0.016982351393954126,-0.016982351393954126,58.911565827149914,0.24546485761312467,59,0,0,359,0,0.10420760907388771,0.6083333333333333,62,11,5,0,N/A,1,
QUALITY_FIRST,NEVER,182179,360,4716,8753.672179225287,1092.4614345991024,680.5728871557026,6131.961937627509,21.33156139240009,204,5.6333333333000155,23.202579706601114,14.963414634101355,296.2387346984887,17.033227604520857,-0.015727564616010426,-0.015727564616010426,56.714407262975215,0.23631003026239672,66,0,0,359,0,0.14782753965139836,0.5666666666666667,57,11,5,0,N/A,1,
QUALITY_FIRST,NEVER,205936,360,4704,8695.667783518207,1065.4259715185055,669.0456746431796,6187.081889560708,20.778680759400117,258,5.358572358400011,8.843830461600191,7.86666666669953,262.84904095259265,17.186338582113077,-0.013027998940092248,-0.013027998940092248,55.75380622026497,0.2323075259177707,68,0,0,359,0,0.12455567666695634,0.7166666666666667,79,7,3,0,N/A,1,
QUALITY_FIRST,NEVER,229693,360,4688,8750.153241739014,1050.3806841628825,664.7369487138083,6207.021579001195,20.70754638310001,219,0.4584615385000461,8.566561698502028,8.796687556099641,247.15671020580317,17.241726608336375,-0.012178241941424322,-0.012178241941424322,55.39474572615068,0.23081144052562788,69,0,0,359,0,0.12297911166779064,0.6083333333333333,64,9,4,0,N/A,1,
QUALITY_FIRST,AS_SOON_AS_ELIGIBLE,15880,360,4536.000000000002,7913.39162409971,1508.2075101477008,1037.212505850799,6268.6049850699965,186.58337483180048,150,25.469593547000073,2.796760961000018,3.6808322527999735,83.44782816920036,17.412791625194433,-0.005135020009899402,-0.005135020009899402,86.43437548756657,0.360143231198194,10,0,0,348,0,0.0734506499383352,0.4166666666666667,44,6,2,0,N/A,1.000000000000002,
QUALITY_FIRST,AS_SOON_AS_ELIGIBLE,39637,360,4460,7868.345588075207,1621.2750536216004,994.952466155201,6296.4386428893995,187.9882492585998,171,18.888158574599856,5.606228582899803,9,54.06696995309986,17.490107341359444,-0.003784354396773435,-0.003784354396773435,82.91270551293347,0.34546960630388923,16,0,0,348,0,0.1014285156808323,0.475,47,10,3,0,N/A,0.9999999999999987,
QUALITY_FIRST,AS_SOON_AS_ELIGIBLE,63394,360,4496,7965.348230145388,1595.5374730947003,976.1630058819001,6277.560148051996,190.39114282600022,99,30.97396183629985,3.124551112999825,0,72.34133899870005,17.43766707792221,-0.004616842687258938,-0.004616842687258938,81.34691715682499,0.3389454881534376,15,0,0,348,0,0.06259690855333347,0.275,29,4,0,0,N/A,1.0000000000000004,
QUALITY_FIRST,AS_SOON_AS_ELIGIBLE,87151,360,4496,7921.410925101897,1585.0716085917988,972.8583961254024,6288.065621182297,186.5934489986003,150,9.313058306400023,2.0537292703000958,1.4429165180999917,83.12467472290008,17.466848947728604,-0.00410601971000864,-0.00410601971000864,81.07153301045021,0.33779805421020903,14,0,0,348,0,0.07897369491889017,0.4166666666666667,45,5,1,0,N/A,1.000000000000003,
QUALITY_FIRST,AS_SOON_AS_ELIGIBLE,110908,360,4479.999999999998,7914.30101446219,1571.2195921369,976.6254181204021,6296.5167224229,193.33725285759996,168,13.464964350300022,7.175297300099999,0,66.84301592670022,17.4903242289525,-0.003842985832337967,-0.003842985832337967,81.38545151003349,0.33910604795847293,15,0,0,348,0,0.07033128500444433,0.4666666666666667,50,6,0,0,N/A,1.0000000000000033,
QUALITY_FIRST,AS_SOON_AS_ELIGIBLE,134665,360,4456,7889.27584837338,1631.1414225035992,1005.6108632954014,6318.8010475644005,188.17081826320006,111,1.9585513313001002,4.320198929000071,0,58.92020217529944,17.552225132123336,-0.0028389440803632537,-0.0028389440803632537,83.80090527461678,0.3491704386442366,11,0,0,348,0,0.08399993018305546,0.30833333333333335,34,3,0,0,N/A,1.0000000000000042,
QUALITY_FIRST,AS_SOON_AS_ELIGIBLE,158422,360,4480,7835.902396573208,1612.5680038044002,1032.4918426403997,6301.921555181898,187.1162018001003,150,16.754877766800064,1.6797688638000636,0.22797117169989178,63.41582701579995,17.50533765328305,-0.003580229602735797,-0.003580229602735797,86.0409868867,0.3585041120279164,15,0,0,348,0,0.038350751462500596,0.4166666666666667,41,9,1,0,N/A,1.0000000000000016,
QUALITY_FIRST,AS_SOON_AS_ELIGIBLE,182179,360,4508,7814.926149242405,1607.1176916256998,1040.918919620301,6277.607081902898,192.43015760870028,159,12.198399072200004,9.767047586199965,0,84.42747143869963,17.437797449730272,-0.004439598286016661,-0.004439598286016661,86.74324330169172,0.36143018042371566,12,0,0,348,0,0.08284647793361116,0.44166666666666665,48,5,0,0,N/A,1.000000000000001,
QUALITY_FIRST,AS_SOON_AS_ELIGIBLE,205936,360,4479.999999999998,7931.78489530632,1548.2717269110003,994.3900607146004,6297.7009775173,185.8523395508,162,10.583532515300021,0,0,75.7154899673995,17.493613826436945,-0.0036342620357175705,-0.0036342620357175705,82.86583839288339,0.3452743266370141,15,0,0,348,0,0.083271154499165,0.45,53,1,0,0,N/A,1.0000000000000024,
QUALITY_FIRST,AS_SOON_AS_ELIGIBLE,229693,360,4488,7936.931935378991,1514.8571601091996,1015.6053429888009,6294.078490152706,188.52707137030018,162,14.825285327500126,2.431177539700002,0,72.66504698009936,17.483551361535294,-0.0038594387524456633,-0.0038594387524456633,84.63377858240005,0.3526407440933337,9,0,0,348,0,0.07501651857666752,0.45,46,8,0,0,N/A,1,
QUALITY_FIRST,TARGET_30_MIN,15880,360,4536.000000000002,7913.39162409971,1508.2075101477008,1037.212505850799,6268.6049850699965,186.58337483180048,150,25.469593547000073,2.796760961000018,3.6808322527999735,83.44782816920036,17.412791625194433,-0.005135020009899402,-0.005135020009899402,86.43437548756657,0.360143231198194,10,0,0,348,0,0.0734506499383352,0.4166666666666667,44,6,2,0,N/A,1.000000000000002,
QUALITY_FIRST,TARGET_30_MIN,39637,360,4460,7868.345588075207,1621.2750536216004,994.952466155201,6296.4386428893995,187.9882492585998,171,18.888158574599856,5.606228582899803,9,54.06696995309986,17.490107341359444,-0.003784354396773435,-0.003784354396773435,82.91270551293347,0.34546960630388923,16,0,0,348,0,0.1014285156808323,0.475,47,10,3,0,N/A,0.9999999999999987,
QUALITY_FIRST,TARGET_30_MIN,63394,360,4496,7965.348230145388,1595.5374730947003,976.1630058819001,6277.560148051996,190.39114282600022,99,30.97396183629985,3.124551112999825,0,72.34133899870005,17.43766707792221,-0.004616842687258938,-0.004616842687258938,81.34691715682499,0.3389454881534376,15,0,0,348,0,0.06259690855333347,0.275,29,4,0,0,N/A,1.0000000000000004,
QUALITY_FIRST,TARGET_30_MIN,87151,360,4496,7921.410925101897,1585.0716085917988,972.8583961254024,6288.065621182297,186.5934489986003,150,9.313058306400023,2.0537292703000958,1.4429165180999917,83.12467472290008,17.466848947728604,-0.00410601971000864,-0.00410601971000864,81.07153301045021,0.33779805421020903,14,0,0,348,0,0.07897369491889017,0.4166666666666667,45,5,1,0,N/A,1.000000000000003,
QUALITY_FIRST,TARGET_30_MIN,110908,360,4479.999999999998,7914.30101446219,1571.2195921369,976.6254181204021,6296.5167224229,193.33725285759996,168,13.464964350300022,7.175297300099999,0,66.84301592670022,17.4903242289525,-0.003842985832337967,-0.003842985832337967,81.38545151003349,0.33910604795847293,15,0,0,348,0,0.07033128500444433,0.4666666666666667,50,6,0,0,N/A,1.0000000000000033,
QUALITY_FIRST,TARGET_30_MIN,134665,360,4456,7889.27584837338,1631.1414225035992,1005.6108632954014,6318.8010475644005,188.17081826320006,111,1.9585513313001002,4.320198929000071,0,58.92020217529944,17.552225132123336,-0.0028389440803632537,-0.0028389440803632537,83.80090527461678,0.3491704386442366,11,0,0,348,0,0.08399993018305546,0.30833333333333335,34,3,0,0,N/A,1.0000000000000042,
QUALITY_FIRST,TARGET_30_MIN,158422,360,4480,7835.902396573208,1612.5680038044002,1032.4918426403997,6301.921555181898,187.1162018001003,150,16.754877766800064,1.6797688638000636,0.22797117169989178,63.41582701579995,17.50533765328305,-0.003580229602735797,-0.003580229602735797,86.0409868867,0.3585041120279164,15,0,0,348,0,0.038350751462500596,0.4166666666666667,41,9,1,0,N/A,1.0000000000000016,
QUALITY_FIRST,TARGET_30_MIN,182179,360,4508,7814.926149242405,1607.1176916256998,1040.918919620301,6277.607081902898,192.43015760870028,159,12.198399072200004,9.767047586199965,0,84.42747143869963,17.437797449730272,-0.004439598286016661,-0.004439598286016661,86.74324330169172,0.36143018042371566,12,0,0,348,0,0.08284647793361116,0.44166666666666665,48,5,0,0,N/A,1.000000000000001,
QUALITY_FIRST,TARGET_30_MIN,205936,360,4479.999999999998,7931.78489530632,1548.2717269110003,994.3900607146004,6297.7009775173,185.8523395508,162,10.583532515300021,0,0,75.7154899673995,17.493613826436945,-0.0036342620357175705,-0.0036342620357175705,82.86583839288339,0.3452743266370141,15,0,0,348,0,0.083271154499165,0.45,53,1,0,0,N/A,1.0000000000000024,
QUALITY_FIRST,TARGET_30_MIN,229693,360,4488,7936.931935378991,1514.8571601091996,1015.6053429888009,6294.078490152706,188.52707137030018,162,14.825285327500126,2.431177539700002,0,72.66504698009936,17.483551361535294,-0.0038594387524456633,-0.0038594387524456633,84.63377858240005,0.3526407440933337,9,0,0,348,0,0.07501651857666752,0.45,46,8,0,0,N/A,1,
QUALITY_FIRST,TARGET_60_MIN,15880,360,4584,8230.173057479897,1338.8335417964036,889.8700158489991,6275.033296165795,102.0900887089002,180,16.53175571860004,2.747339280700089,6,131.68760883490086,17.430648044904988,-0.007016786047160858,-0.007016786047160858,74.15583465408316,0.30898264439201356,26,0,0,354,0,0.10733428092722169,0.5,53,7,2,0,N/A,1.0000000000000007,
QUALITY_FIRST,TARGET_60_MIN,39637,360,4560,8176.497019655986,1420.062698453,882.3232041574986,6295.8654717062,100.2516060273,165,10.7165056657999,11.439324250199661,3.338314814399837,110.64038356339994,17.48851519918389,-0.006122300691073103,-0.006122300691073103,73.5269336797916,0.30636222366579813,25,0,0,354,0,0.08490496712277716,0.4583333333333333,47,8,2,0,N/A,0.9999999999999997,
QUALITY_FIRST,TARGET_60_MIN,63394,360,4548,8098.804220297591,1491.4748986965978,907.9109718625004,6296.374398524198,98.43551061909997,159,15.043589743499922,2.686668099499684,1.6666666667001664,116.22867696610008,17.48992888478944,-0.006278963031287023,-0.006278963031287023,75.6592476552083,0.31524686523003487,18,0,0,354,0,0.08687155547277901,0.44166666666666665,49,4,1,0,N/A,1.000000000000002,
QUALITY_FIRST,TARGET_60_MIN,87151,360,4576.000000000002,8213.72175046831,1388.4136146733983,891.3200789861003,6272.4880849209,99.05647095130033,159,6.670394857699989,8.941096512100103,6,137.900423709302,17.423578013669168,-0.007013278768939912,-0.007013278768939912,74.2766732488417,0.3094861385368404,28,0,0,354,0,0.0709660994338874,0.44166666666666665,46,7,2,0,N/A,1.000000000000001,
QUALITY_FIRST,TARGET_60_MIN,110908,360,4564,8122.273555485494,1402.2763750512006,898.0934015340995,6290.7406386443,100.61602928490026,222,13.489077388100213,0,6,121.77028396760122,17.47427955178972,-0.006497753446709631,-0.006497753446709631,74.84111679450825,0.3118379866437846,30,0,0,354,0,0.06353679718388858,0.6166666666666667,67,7,2,0,N/A,0.9999999999999978,
QUALITY_FIRST,TARGET_60_MIN,134665,360,4556,8226.225860349696,1377.2478051678995,856.6984382795989,6305.904410664998,97.92348553780002,180,5.764817262100053,1.5570293394000032,1.4585576854999545,117.31518504800079,17.516401140736107,-0.005768279290999725,-0.005768279290999725,71.39153652329993,0.2974647355137497,27,0,0,354,0,0.06710672912944367,0.5,55,5,3,0,N/A,1.0000000000000018,
QUALITY_FIRST,TARGET_60_MIN,158422,360,4572.000000000002,8068.05168802831,1457.1909135334038,940.8440621530992,6276.137806847695,96.77552943750018,189,12.95224121800004,0,16.49952416719998,126.4104277670998,17.43371613013249,-0.0069514252950092555,-0.0069514252950092555,78.40367184609164,0.3266819660253817,19,0,0,354,0,0.06048740458472254,0.525,51,12,7,0,N/A,0.9999999999999998,
QUALITY_FIRST,TARGET_60_MIN,182179,360,4571.999999999998,8104.040369315397,1423.4836716952957,922.5729454512012,6275.517182041402,101.38583149670012,201,11.025057335200131,5.132149816200467,15,125.32561080719843,17.431992172337228,-0.007035051263017229,-0.007035051263017229,76.88107878760015,0.3203378282816671,25,0,0,354,0,0.05028937898722443,0.5583333333333333,60,7,5,0,N/A,0.999999999999999,
QUALITY_FIRST,TARGET_60_MIN,205936,360,4531.999999999998,8095.556437116912,1494.4460002423984,896.3096096954977,6304.497187636497,100.19076530870007,177,9.529875479600065,5.296326598099768,0.22930947329996343,112.44730081250073,17.512492187879158,-0.005694796465367927,-0.005694796465367927,74.69246747462482,0.31121861447760335,25,0,0,354,0,0.09863101318527699,0.49166666666666664,56,3,1,0,N/A,1.0000000000000007,
QUALITY_FIRST,TARGET_60_MIN,229693,360,4559.999999999998,8175.993491122771,1378.2447964918008,892.485247432499,6300.064130117104,98.2123348358,195,10.15816306150009,6.262174072599805,0,115.51553274880064,17.500178139214178,-0.005950628903548163,-0.005950628903548163,74.3737706193749,0.3098907109140622,34,0,0,354,0,0.07396175259250065,0.5416666666666666,56,9,0,0,N/A,1.000000000000003,
QUALITY_FIRST,TARGET_120_MIN,15880,360,4568.000000000001,8437.744263165812,1279.6643334166995,804.4133256235999,6286.320534506999,52.85754328690007,171,15.035729661400069,4.675670781300369,3.6991869919002056,146.2688780584009,17.462001484741663,-0.007842376286886492,-0.007842376286886492,67.03444380196667,0.2793101825081945,32,0,0,357,0,0.14011915493750018,0.475,52,5,2,0,N/A,0.9999999999999997,
QUALITY_FIRST,TARGET_120_MIN,39637,360,4616,8472.287279623803,1243.4390010210996,763.2894275698993,6248.7579022484,55.22638953679984,201,11.526698832099896,5.958980044299324,9.497961432500233,180.25845744269782,17.357660839578887,-0.009587459168384438,-0.009587459168384438,63.607452297491584,0.2650310512395484,41,0,0,357,0,0.09396391123944328,0.5583333333333333,54,13,4,0,N/A,1.000000000000002,
QUALITY_FIRST,TARGET_120_MIN,63394,360,4616,8325.441477159497,1338.677857947602,796.6502681294029,6255.131831172397,52.09856559110011,216,15.043589743499922,5.113309133000712,10.649831649900534,170.06143830120138,17.375366197701105,-0.00929394884003035,-0.00929394884003035,66.3875223441169,0.27661467643382043,39,0,0,357,0,0.08500295151111759,0.6,61,11,4,0,N/A,1.0000000000000013,
QUALITY_FIRST,TARGET_120_MIN,87151,360,4628,8341.914196126392,1317.529442604402,800.2495315642004,6271.091779205704,52.21505049930016,189,6.353333333199998,7.329896845399389,0,171.224990615698,17.419699386682513,-0.008451306518249907,-0.008451306518249907,66.68746096368342,0.27786442068201406,40,0,0,357,0,0.06777184219722182,0.525,59,4,0,0,N/A,0.9999999999999991,
QUALITY_FIRST,TARGET_120_MIN,110908,360,4588,8296.618241621014,1323.6090604710994,816.335176659701,6301.181914584298,55.25560666390004,219,13.056138023500012,6.008516258500549,0.5855524947000958,135.16787863899998,17.503283096067495,-0.007167503954430584,-0.007167503954430584,68.02793138830837,0.2834497141179517,35,0,0,357,0,0.08176077964444693,0.6083333333333333,68,5,1,0,N/A,1.000000000000003,
QUALITY_FIRST,TARGET_120_MIN,134665,360,4596,8507.16340431349,1205.2193302767007,765.4280616766935,6288.8141084152985,54.37509531779983,183,2.73457656030007,2.8642106272002366,3.835990761600442,157.7511136355988,17.468928078931384,-0.007658074273067904,-0.007658074273067904,63.78567180639113,0.26577363252662967,42,0,0,357,0,0.10457465017360998,0.5083333333333333,56,5,2,0,N/A,1.0000000000000004,
QUALITY_FIRST,TARGET_120_MIN,158422,360,4660,8418.1439666491,1190.016424422296,831.7121689577926,6219.279676118202,55.84776385260005,225,12.708623471099997,16.00592781579917,10.666666666700166,197.33910592819961,17.275776878106115,-0.010959274253786993,-0.010959274253786993,69.30934741314937,0.2887889475547891,40,0,0,357,0,0.09553814611444408,0.625,68,7,4,0,N/A,0.999999999999999,
QUALITY_FIRST,TARGET_120_MIN,182179,360,4663.999999999999,8501.339059541016,1171.1218379150018,814.004618075994,6209.904690202898,53.629794265100145,186,6.960495867900022,13.685624979401723,7.866127730999779,217.5830612188,17.249735250563603,-0.011241670688197293,-0.011241670688197293,67.83371817299945,0.28264049238749794,33,0,0,357,0,0.09971439688583783,0.5166666666666667,52,10,3,0,N/A,0.9999999999999983,
QUALITY_FIRST,TARGET_120_MIN,205936,360,4644,8294.679854518923,1273.1788379216978,852.0443970822981,6268.395049963698,54.701860513400106,213,9.32893512740003,6.749403828199775,0,171.52661108070095,17.41220847212138,-0.008685414353532463,-0.008685414353532463,71.0036997568582,0.2958487489869091,38,0,0,357,0,0.11135251999694644,0.5916666666666667,65,6,0,0,N/A,0.9999999999999998,
QUALITY_FIRST,TARGET_120_MIN,229693,360,4604,8533.708385557526,1185.6475849273966,796.3709202686033,6265.236870481295,56.0362387651999,159,0.8633530255000323,7.661793155400346,3,179.23798333790228,17.40343575133665,-0.008516139387104776,-0.008516139387104776,66.36424335571688,0.2765176806488206,39,0,0,357,0,0.10803543255166169,0.44166666666666665,48,5,1,0,N/A,1.0000000000000033,
QUALITY_FIRST,TARGET_180_MIN,15880,360,4676,8674.320020965497,1096.087999562897,704.178764398403,6206.056159670807,36.35705540240002,207,8.94886752130003,11.894020548999833,4.011363300300218,233.08958895859425,17.23904488797446,-0.011742293818417982,-0.011742293818417982,58.68156369986693,0.24450651541611215,57,0,0,358,0,0.10713519031499924,0.575,63,6,3,0,N/A,1.0000000000000007,
QUALITY_FIRST,TARGET_180_MIN,39637,360,4632,8633.150952709106,1189.3814608254008,700.7899318718025,6240.320599191302,36.35705540239991,168,10.822977325799911,9.125578321498551,6.116265316000863,197.61457984539834,17.334223886642505,-0.010355527815217478,-0.010355527815217478,58.39916098931692,0.243329837455487,49,0,0,358,0,0.13186007605388142,0.4666666666666667,46,10,3,0,N/A,1.0000000000000007,
QUALITY_FIRST,TARGET_180_MIN,63394,360,4636,8524.07791820219,1209.8785310915027,753.4370739194095,6234.782796525399,37.82368026149999,204,15.043589743499922,6.295426997199684,1.6666666667001664,206.21152006720166,17.31884110145944,-0.01054059204795376,-0.01054059204795376,62.78642282661747,0.26161009511090605,45,0,0,358,0,0.08986237016722537,0.5666666666666667,62,6,1,0,N/A,0.9999999999999983,
QUALITY_FIRST,TARGET_180_MIN,87151,360,4660,8573.54225820729,1153.9117002254993,743.0896940404015,6232.008856083607,36.44749144320008,201,6.567331495799976,6.094570390199124,7.666666666600577,211.66257536379663,17.31113571134335,-0.010719865760258483,-0.010719865760258483,61.924141170033494,0.2580172548751394,53,0,0,358,0,0.059323774146663295,0.5583333333333333,62,5,3,0,N/A,0.9999999999999988,
QUALITY_FIRST,TARGET_180_MIN,110908,360,4672.000000000001,8479.311141970124,1159.793558254592,797.3925437339028,6242.127367839899,39.375388201500016,210,4.985184586700086,9.487231947401142,6,201.4002156260005,17.339242688444166,-0.010271881118523249,-0.010271881118523249,66.44937864449192,0.27687241101871624,44,0,0,358,0,0.1080833988358361,0.5833333333333334,66,4,2,0,N/A,1.000000000000002,
QUALITY_FIRST,TARGET_180_MIN,134665,360,4676,8633.051227544887,1093.1031639542932,721.4783158208073,6235.319951357003,37.047341322999955,204,0.29927350420007315,8.94615781329776,4.4426538110001275,214.99196351449973,17.3203331982139,-0.010587039289027659,-0.010587039289027659,60.12319298506726,0.250513304104447,61,0,0,358,0,0.13288110934720826,0.5666666666666667,58,10,3,0,N/A,1.0000000000000007,
QUALITY_FIRST,TARGET_180_MIN,158422,360,4720,8551.945946315507,1101.5739277411985,768.8866341026967,6201.366160677796,37.22733116279994,219,6.440256410100005,8.42947609390012,7.666666666700166,240.09744015150318,17.226017112993876,-0.012155855662487827,-0.012155855662487827,64.07388617522473,0.266974525730103,42,0,0,358,0,0.10041860606889341,0.6083333333333333,61,12,3,0,N/A,1.0000000000000024,
QUALITY_FIRST,TARGET_180_MIN,182179,360,4656,8526.486592543599,1153.7174584303007,780.5911303915943,6205.1137999868,38.09101864770008,240,5.6333333333000155,10.45152438149978,12.016942820699114,230.78439947770102,17.236427222185554,-0.01171345701470585,-0.01171345701470585,65.04926086596616,0.2710385869415258,35,0,0,358,0,0.10307688143055727,0.6666666666666666,65,15,6,0,N/A,0.9999999999999983,
QUALITY_FIRST,TARGET_180_MIN,205936,360,4704,8583.561848322313,1089.5747053181008,772.92807955939,6201.863612029302,38.071754770899986,210,6.967504249400008,10.007070399801705,6,239.16181332149733,17.227398922303617,-0.012135943887532377,-0.012135943887532377,64.41067329661584,0.26837780540256595,50,0,0,358,0,0.10989750862278598,0.5833333333333334,62,8,2,0,N/A,1.0000000000000007,
QUALITY_FIRST,TARGET_180_MIN,229693,360,4604,8611.657280948815,1169.7269696331923,693.0650065112052,6264.650948636998,37.899794269800054,219,0.7393794463000631,9.752327536800294,6,182.8573443800018,17.40180819065805,-0.009225786451292378,-0.009225786451292378,57.75541720926709,0.2406475717052796,65,0,0,358,0,0.14503606912638659,0.6083333333333333,69,4,2,0,N/A,1.000000000000002,
ALL_ROUNDER,NEVER,15880,360,4360,7566.547511703341,251.10308896758912,1155.92602048078,7903.525192813214,18.915991744899998,255,0.4396219478001058,3.3870615981996934,0,10.795986164602368,17.937159250803884,-0.0006769754495649149,-0.0006769754495649149,4067.5318231893484,16.948049263288965,14,287,287,72,0.2471727619171571,0.595671844888042,0.7083333333333334,59,26,0,0,N/A,1,88.98219429017655
ALL_ROUNDER,NEVER,39637,360,4372,7673.936127334999,290.17969631720376,1163.2076114125043,7751.020676572913,20.03193871539986,252,4.9422519789000035,7.179765928700363,6,19.75078096220409,17.872575558694987,-0.0017533703180465038,-0.0017533703180465038,4136.838001666798,17.23682500694499,16,265,265,94,0.2156220823527245,0.8964120706438917,0.7,63,21,2,0,N/A,1,77.62394964698082
ALL_ROUNDER,NEVER,63394,360,4344,7591.491582027198,281.9410497252992,1134.7680994229004,7883.342359538837,20.73048073519999,255,7.501220750099947,5.169753086400931,0,4.610511861800035,17.929773650838055,-0.0008000687823287463,-0.0008000687823287463,3976.9466597637083,16.570611082348798,13,286,286,73,0.24646230152935011,0.74076878878833,0.7083333333333334,62,23,0,0,N/A,1,88.72642855056604
ALL_ROUNDER,NEVER,87151,360,4344,7572.459398314286,235.5248981650089,1147.4010776567145,7941.746411109423,18.57369674440008,258,5.2578949740999406,0,0.2729301619000353,5.088443845900997,17.94827980838361,-0.0004916328232361561,-0.0004916328232361561,4115.861621288475,17.14942342203532,9,297,297,62,0.22859588336157768,0.6401413154813889,0.7166666666666667,61,25,1,0,N/A,1,82.29451801016796
ALL_ROUNDER,NEVER,110908,360,4344,7595.505051719603,255.32339468710182,1140.7811631398938,7873.105607877214,18.40662685450002,276,0.9452021234000085,4.607627621300139,0,8.480630401099688,17.938795944039445,-0.0006496972289722141,-0.0006496972289722141,3983.648142985359,16.598533929105674,14,294,294,65,0.2691059881157975,0.6475410003416487,0.7666666666666667,58,34,0,0,N/A,1,96.87815572168711
ALL_ROUNDER,NEVER,134665,360,4364,7627.759678042103,275.0652418496939,1173.1978902585056,7810.64908772853,19.91681883319984,249,5.4697670312000355,2.8731962711999586,6,14.463440789998685,17.897759988632227,-0.0013336298190925315,-0.0013336298190925315,4181.622233027959,17.423425970949832,13,272,272,87,0.22336467579991046,0.690275816011958,0.6916666666666667,65,18,2,0,N/A,1,80.41128328796776
ALL_ROUNDER,NEVER,158422,360,4388,7688.126043963708,220.48563942660093,1136.649596140991,7769.396485327016,18.69482746269989,297,2.4485541921999356,18.3297008173015,3,15.125525869099363,17.869711719781666,-0.0018011009666018894,-0.0018011009666018894,4074.565954680572,16.977358144502368,13,281,281,78,0.22679835466384443,0.7521193105627643,0.825,76,23,1,0,N/A,1,81.647407678984
ALL_ROUNDER,NEVER,182179,360,4348,7576.23279946874,262.37728611197724,1119.3976036324896,7889.35162317375,19.308597128400038,306,2.0124164942001244,3.5868005738993816,0,9.005897970501053,17.937208013781664,-0.0006761627332685442,-0.0006761627332685442,3942.1734563731316,16.425722734888044,17,290,290,69,0.22036691801289474,0.6317489307836077,0.85,69,33,0,0,N/A,1,79.33209048464211
ALL_ROUNDER,NEVER,205936,360,4368,7641.498890594431,255.52440289309286,1144.022658628685,7857.974862084239,18.88455912250015,246,0.7343006814001001,7.216610688798482,3.9836870445997192,19.079194655099883,17.891628352583616,-0.0014358237532360253,-0.0014358237532360253,4108.939501045976,17.120581254358218,10,278,278,81,0.18915174076958957,0.6401355989266467,0.6833333333333333,57,25,2,0,N/A,1,68.09462667705225
ALL_ROUNDER,NEVER,229693,360,4376,7726.37061474821,216.97686448778416,1124.4185919529007,7803.161357243632,17.60145853710003,276,5.320642009900098,7.408176308399561,12,23.649190423600345,17.84339442016139,-0.002239722626939812,-0.002239722626939812,4039.165782064244,16.829857425267676,17,274,274,85,0.1651975361954824,0.7214138323666907,0.7666666666666667,62,30,4,0,N/A,1,59.47111303037366
ALL_ROUNDER,AS_SOON_AS_ELIGIBLE,15880,360,4380,7526.293859775891,366.5025730538992,1168.8666252281005,7441.797328388098,157.28702354900042,177,7.024793044200123,3.9345517586000085,0,16.47288842779996,17.65713268547055,-0.0012546723766296347,-0.0012546723766296347,1445.0405532621694,6.02100230525904,11,291,291,57,1.0618127500138903,0.40161191532500057,0.49166666666666664,32,27,0,0,N/A,1.0000000000000024,382.2525900050005
ALL_ROUNDER,AS_SOON_AS_ELIGIBLE,39637,360,4380.000000000004,7587.5358043015185,342.8884565838994,1169.1529706737006,7398.206167712202,157.5295472197999,189,3.2489000641999155,1.089233465399957,3.5082013390000384,35.35728605589995,17.613323275209712,-0.002000167635393511,-0.002000167635393511,1501.6941877456472,6.257059115606868,13,285,285,63,1.043575148635839,0.414993737466386,0.525,40,23,2,0,N/A,0.9999999999999936,375.687053508902
ALL_ROUNDER,AS_SOON_AS_ELIGIBLE,63394,360,4396,7523.199202870799,353.01472042659935,1198.6806649468992,7405.680643520097,159.8455390625997,198,10.995914492199859,4.515647436899997,9,30.349268849099957,17.580942136727224,-0.0024372297626666594,-0.0024372297626666594,1528.8426530426361,6.370177721010984,5,284,284,64,1.0154978588138899,0.4235422543344434,0.55,40,26,3,0,N/A,1.0000000000000044,365.5792291730004
ALL_ROUNDER,AS_SOON_AS_ELIGIBLE,87151,360,4371.999999999999,7579.10264688831,347.3762249194003,1159.2607938968001,7387.055808541796,158.14504419600019,219,10.020117045900065,3.5908756626000127,3.2729301619000353,10.889499847099984,17.656184936895837,-0.001214343215634265,-0.001214343215634265,1453.6466675817705,6.056861114924045,10,282,282,66,1.0501652265491688,0.38307481248499897,0.6083333333333333,40,33,2,0,N/A,0.9999999999999973,378.0594815577008
ALL_ROUNDER,AS_SOON_AS_ELIGIBLE,110908,360,4372,7557.029952620032,391.10899151069947,1169.6552452978003,7364.931660627501,159.7732269409995,192,5.56494599929988,4.864696383199885,0,21.914446573800063,17.643488641788053,-0.0014630380092651195,-0.0014630380092651195,1404.336883989123,5.851403683288012,9,275,275,73,1.0930581194527766,0.4147046910486126,0.5333333333333333,39,25,0,0,N/A,0.9999999999999997,393.50092300299957
ALL_ROUNDER,AS_SOON_AS_ELIGIBLE,134665,360,4372,7603.348013925407,339.37643251810056,1162.9596573881993,7469.265539604694,152.99240402589925,180,6.093161388399949,4,3,13.476034036400208,17.659530012708892,-0.001230055343740747,-0.001230055343740747,1658.5744764335375,6.910726985139744,11,289,289,59,0.8890498681602778,0.46215773676889066,0.5,37,23,1,0,N/A,1.0000000000000018,320.0579525377
ALL_ROUNDER,AS_SOON_AS_ELIGIBLE,158422,360,4388,7563.640825267908,376.7291942163006,1180.8179459337014,7376.151572674496,161.3522480779001,180,3.064240377499914,2.8949964563000776,9,19.942839943900083,17.63638312006194,-0.0016158368878564852,-0.0016158368878564852,1512.8140499154442,6.3033918746476845,10,280,280,68,1.0369672606380593,0.40445854819083543,0.5,30,30,3,0,N/A,1.0000000000000027,373.30821382970134
ALL_ROUNDER,AS_SOON_AS_ELIGIBLE,182179,360,4376.000000000002,7507.3924572484875,399.7971147851002,1187.5198425673989,7368.667247943496,159.5423824985,207.00000000000003,2.0124164942001244,3.020587558400166,3,18.596300950700012,17.65936304165751,-0.0012328381945972363,-0.0012328381945972363,1432.110121434467,5.967125505976945,8,278,278,70,1.094669319325004,0.39001028364249896,0.5750000000000001,38,31,1,0,N/A,0.9999999999999983,394.0809549570015
ALL_ROUNDER,AS_SOON_AS_ELIGIBLE,205936,360,4396.000000000002,7597.98663706802,319.5746473087996,1159.7504986254,7376.98778212039,155.80385480830046,213,9.412547210100115,4.222918905999904,3.3988970758000008,27.235752683100117,17.61036078923611,-0.001968130951444451,-0.001968130951444451,1435.5093174086085,5.981288822535877,10,280,280,68,1.0580460557475004,0.35078731469305613,0.5916666666666667,42,29,2,0,N/A,1.000000000000002,380.8965800691002
ALL_ROUNDER,AS_SOON_AS_ELIGIBLE,229693,360,4412,7679.1448273808,316.34328112650087,1132.6824225177006,7356.96725476969,154.12301418679925,207,10.964667538900017,9.714125941299741,12,31.679860544800277,17.55455929437498,-0.002822464890648771,-0.002822464890648771,1472.750233966341,6.136459308193086,14,275,275,73,0.949275555606944,0.43780130770444886,0.575,40,29,4,0,N/A,1.0000000000000027,341.73920001849984
ALL_ROUNDER,TARGET_30_MIN,15880,360,4380,7526.293859775891,366.5025730538992,1168.8666252281005,7441.797328388098,157.28702354900042,177,7.024793044200123,3.9345517586000085,0,16.47288842779996,17.65713268547055,-0.0012546723766296347,-0.0012546723766296347,1445.0405532621694,6.02100230525904,11,291,291,57,1.0618127500138903,0.40161191532500057,0.49166666666666664,32,27,0,0,N/A,1.0000000000000024,382.2525900050005
ALL_ROUNDER,TARGET_30_MIN,39637,360,4380.000000000004,7587.5358043015185,342.8884565838994,1169.1529706737006,7398.206167712202,157.5295472197999,189,3.2489000641999155,1.089233465399957,3.5082013390000384,35.35728605589995,17.613323275209712,-0.002000167635393511,-0.002000167635393511,1501.6941877456472,6.257059115606868,13,285,285,63,1.043575148635839,0.414993737466386,0.525,40,23,2,0,N/A,0.9999999999999936,375.687053508902
ALL_ROUNDER,TARGET_30_MIN,63394,360,4396,7523.199202870799,353.01472042659935,1198.6806649468992,7405.680643520097,159.8455390625997,198,10.995914492199859,4.515647436899997,9,30.349268849099957,17.580942136727224,-0.0024372297626666594,-0.0024372297626666594,1528.8426530426361,6.370177721010984,5,284,284,64,1.0154978588138899,0.4235422543344434,0.55,40,26,3,0,N/A,1.0000000000000044,365.5792291730004
ALL_ROUNDER,TARGET_30_MIN,87151,360,4371.999999999999,7579.10264688831,347.3762249194003,1159.2607938968001,7387.055808541796,158.14504419600019,219,10.020117045900065,3.5908756626000127,3.2729301619000353,10.889499847099984,17.656184936895837,-0.001214343215634265,-0.001214343215634265,1453.6466675817705,6.056861114924045,10,282,282,66,1.0501652265491688,0.38307481248499897,0.6083333333333333,40,33,2,0,N/A,0.9999999999999973,378.0594815577008
ALL_ROUNDER,TARGET_30_MIN,110908,360,4372,7557.029952620032,391.10899151069947,1169.6552452978003,7364.931660627501,159.7732269409995,192,5.56494599929988,4.864696383199885,0,21.914446573800063,17.643488641788053,-0.0014630380092651195,-0.0014630380092651195,1404.336883989123,5.851403683288012,9,275,275,73,1.0930581194527766,0.4147046910486126,0.5333333333333333,39,25,0,0,N/A,0.9999999999999997,393.50092300299957
ALL_ROUNDER,TARGET_30_MIN,134665,360,4372,7603.348013925407,339.37643251810056,1162.9596573881993,7469.265539604694,152.99240402589925,180,6.093161388399949,4,3,13.476034036400208,17.659530012708892,-0.001230055343740747,-0.001230055343740747,1658.5744764335375,6.910726985139744,11,289,289,59,0.8890498681602778,0.46215773676889066,0.5,37,23,1,0,N/A,1.0000000000000018,320.0579525377
ALL_ROUNDER,TARGET_30_MIN,158422,360,4388,7563.640825267908,376.7291942163006,1180.8179459337014,7376.151572674496,161.3522480779001,180,3.064240377499914,2.8949964563000776,9,19.942839943900083,17.63638312006194,-0.0016158368878564852,-0.0016158368878564852,1512.8140499154442,6.3033918746476845,10,280,280,68,1.0369672606380593,0.40445854819083543,0.5,30,30,3,0,N/A,1.0000000000000027,373.30821382970134
ALL_ROUNDER,TARGET_30_MIN,182179,360,4376.000000000002,7507.3924572484875,399.7971147851002,1187.5198425673989,7368.667247943496,159.5423824985,207.00000000000003,2.0124164942001244,3.020587558400166,3,18.596300950700012,17.65936304165751,-0.0012328381945972363,-0.0012328381945972363,1432.110121434467,5.967125505976945,8,278,278,70,1.094669319325004,0.39001028364249896,0.5750000000000001,38,31,1,0,N/A,0.9999999999999983,394.0809549570015
ALL_ROUNDER,TARGET_30_MIN,205936,360,4396.000000000002,7597.98663706802,319.5746473087996,1159.7504986254,7376.98778212039,155.80385480830046,213,9.412547210100115,4.222918905999904,3.3988970758000008,27.235752683100117,17.61036078923611,-0.001968130951444451,-0.001968130951444451,1435.5093174086085,5.981288822535877,10,280,280,68,1.0580460557475004,0.35078731469305613,0.5916666666666667,42,29,2,0,N/A,1.000000000000002,380.8965800691002
ALL_ROUNDER,TARGET_30_MIN,229693,360,4412,7679.1448273808,316.34328112650087,1132.6824225177006,7356.96725476969,154.12301418679925,207,10.964667538900017,9.714125941299741,12,31.679860544800277,17.55455929437498,-0.002822464890648771,-0.002822464890648771,1472.750233966341,6.136459308193086,14,275,275,73,0.949275555606944,0.43780130770444886,0.575,40,29,4,0,N/A,1.0000000000000027,341.73920001849984
ALL_ROUNDER,TARGET_60_MIN,15880,360,4364,7518.996912805602,323.37028345899955,1195.8963889967972,7666.055569635195,86.15484488049987,243,1.1428865883001436,3.781558663799956,0,15.098103102100218,17.81104847679388,-0.0009269698312129781,-0.0009269698312129781,2512.3233220219304,10.468013841758038,14,282,282,72,0.5625722228413882,0.6085116741777802,0.675,54,27,0,0,N/A,0.9999999999999963,202.52600022289977
ALL_ROUNDER,TARGET_60_MIN,39637,360,4356.000000000002,7530.775163771217,303.64650712550105,1183.4651017719991,7652.576553532108,84.9461037844996,231,4.9422519789000035,2.7222061516004032,3.140768271900015,18.654918405000046,17.784832931090563,-0.0013638955929352078,-0.0013638955929352078,2483.3466593168573,10.347277747153571,11,293,293,61,0.7155293611519334,0.5204447868355547,0.6416666666666667,51,26,2,0,N/A,0.9999999999999963,257.590570014696
ALL_ROUNDER,TARGET_60_MIN,63394,360,4360,7493.275643994213,270.43452095719897,1198.3657125281984,7693.1451139542005,85.11550723559986,231,7.501220750099947,9.636790035900106,0,14.442097384200153,17.778944143971668,-0.0014620420449166756,-0.0014620420449166756,2498.711792625687,10.411299135940359,5,308,308,46,0.7462875036961039,0.504561373080553,0.6416666666666667,49,28,0,0,N/A,0.9999999999999973,268.6635013305974
ALL_ROUNDER,TARGET_60_MIN,87151,360,4355.999999999998,7679.769371859395,265.7595869742999,1098.7924840194014,7668.651007045499,83.77711314800001,237,7.644514005999895,2.0245009605000632,0.2729301619000353,11.069673193499924,17.808301060216955,-0.0009727601074953671,-0.0009727601074953671,2419.3274056972614,10.080530857071922,19,287,287,67,0.5840289915372219,0.5138627527905547,0.6583333333333333,47,32,1,0,N/A,1.0000000000000018,210.25043695339986
ALL_ROUNDER,TARGET_60_MIN,110908,360,4356.000000000002,7563.858226789593,291.93382821700135,1202.1037281981,7659.339228807801,84.53302825929984,186,1.1664789275999965,2.076847898399933,0,13.955362725299779,17.818892529024172,-0.0007962356273749861,-0.0007962356273749861,2484.6027798685736,10.352511582785716,13,294,294,60,0.7117554436894412,0.5291306906650024,0.5166666666666667,35,27,0,0,N/A,1.000000000000002,256.23195972819883
ALL_ROUNDER,TARGET_60_MIN,134665,360,4380.000000000004,7521.144544385306,294.8199042147002,1206.2457570499012,7662.800523961492,85.88981034969981,246,12.382618432599998,5.524895568499915,6,11.477610135200337,17.768374655176927,-0.001638200191495383,-0.001638200191495383,2685.5648202196294,11.189853417581784,14,287,287,67,0.5641651667747218,0.5888225122755574,0.6833333333333333,57,25,2,0,N/A,0.9999999999999973,203.09946003889985
ALL_ROUNDER,TARGET_60_MIN,158422,360,4368.000000000002,7578.363790312795,267.20730326750186,1160.6489971905007,7664.747299604798,87.95062808829977,225,6.477479811999956,7.419169355399845,6,18.555553064700135,17.759854993799724,-0.0017801945477824057,-0.0017801945477824057,2407.5082655032775,10.031284439596996,11,291,291,63,0.6891166153780516,0.5455264288483335,0.625,57,18,2,0,N/A,1.000000000000001,248.08198153609857
ALL_ROUNDER,TARGET_60_MIN,182179,360,4343.999999999999,7572.781254313527,285.0175746152001,1178.2855974823974,7682.0706067644005,85.97130341960002,216,2.0124164942001244,1.051741733799986,4.418594196499782,9.92883977510013,17.818301132778895,-0.0008060922314629635,-0.0008060922314629635,2423.676800568552,10.098653335702297,13,292,292,62,0.6552046205691558,0.5136485258686134,0.6,35,37,3,0,N/A,1.0000000000000033,235.8736634048961
ALL_ROUNDER,TARGET_60_MIN,205936,360,4363.999999999998,7546.452003323117,251.55646510100027,1182.4573674213984,7706.663457387005,84.06639510380029,228,0.7343006814001001,7.09167711769976,0,18.94606095379973,17.792299892353057,-0.0012394462385601653,-0.0012394462385601653,2541.9435711363494,10.591431546401463,10,298,298,56,0.6577897546213707,0.5244792398202772,0.6333333333333333,48,28,0,0,N/A,1.0000000000000018,236.80431166369345
ALL_ROUNDER,TARGET_60_MIN,229693,360,4364,7572.719301119289,283.18405418400096,1177.6016502271984,7663.4970054341065,82.31050756470017,228,5.320642009900098,7.328669056199715,9,21.20481906190028,17.747627416311104,-0.0019839875059259296,-0.0019839875059259296,2514.3926386301805,10.47663599429243,18,290,290,64,0.6352430040852755,0.5300394923802796,0.6333333333333333,49,27,3,0,N/A,0.9999999999999987,228.68748147069917
ALL_ROUNDER,TARGET_120_MIN,15880,360,4352,7545.9024448676055,252.98721285259734,1191.457055670499,7805.178681975099,47.39664035710007,246,0.4396219478001058,2.4800848539999834,0,11.692252945799964,17.89274455625667,-0.0006764796179444469,-0.0006764796179444469,3311.3411519876217,13.797254799948417,15,296,296,61,0.4418832341030519,0.6187772356130579,0.6833333333333333,52,30,0,0,N/A,1.0000000000000044,159.0779642770987
ALL_ROUNDER,TARGET_120_MIN,39637,360,4368,7643.486834950381,244.33794407500318,1166.4288011601056,7734.462102326309,45.584005783699695,240,8.721731922499998,3.1797659287003626,3,18.451498952900124,17.84068611998861,-0.0015441202224120594,-0.0015441202224120594,3264.7354809140334,13.60306450380848,18,286,286,71,0.43805642140136275,0.7458538713991629,0.6666666666666666,55,25,1,0,N/A,0.9999999999999977,157.7003117044906
ALL_ROUNDER,TARGET_120_MIN,63394,360,4344,7514.384870937011,266.0150004125967,1190.0606109713985,7833.191684426313,49.66134477549974,237,7.501220750099947,2.083333333300004,0,6.624838211900226,17.88830724362416,-0.0007504348284861196,-0.0007504348284861196,3272.0365229839454,13.633485512433092,12,298,298,59,0.46024024576997763,0.5906332411747214,0.6583333333333333,56,23,0,0,N/A,1.0000000000000022,165.68648847719194
ALL_ROUNDER,TARGET_120_MIN,87151,360,4360,7651.737883477416,212.30217838679843,1128.6455538924986,7808.47473348361,47.79748206620019,252,5.2578949740999406,0,0.2729301619000353,12.581882001800466,17.883020257950566,-0.0008385512563796496,-0.0008385512563796496,3137.5240045302517,13.073016685542717,13,295,295,62,0.3862282463708071,0.5875096349938744,0.7,55,29,1,0,N/A,1.0000000000000004,139.04216869349057
ALL_ROUNDER,TARGET_120_MIN,110908,360,4367.999999999999,7587.708250706702,244.21675090859893,1163.3120872845984,7821.290401402817,46.96949644980003,231,0.9452021234000085,2.0325203251999255,3,15.38995101109964,17.873978684834174,-0.000989244141652757,-0.000989244141652757,3289.354839797609,13.705645165823366,17,293,293,64,0.38195281457634944,0.5518699488663916,0.6416666666666667,49,28,1,0,N/A,1.000000000000003,137.5030132474858
ALL_ROUNDER,TARGET_120_MIN,134665,360,4376,7600.5672416719035,218.1681118027989,1148.5123674974006,7799.347638271707,48.491955669699905,266.99999999999955,5.994123346300057,9.842909552600759,6,14.8360849620002,17.831463561497497,-0.0016978295305972702,-0.0016978295305972702,3251.3105923710227,13.547127468212592,21,293,293,64,0.3942019030180502,0.49616798226610287,0.7416666666666654,66,23,2,0,N/A,1.000000000000001,141.91268508649807
ALL_ROUNDER,TARGET_120_MIN,158422,360,4376,7661.017359472812,228.69702948229823,1153.3559424345003,7769.60247949272,46.38006995960012,222,2.4485541921999356,15.305507268900556,3,12.55444660189977,17.840809699824998,-0.0015420605584722349,-0.0015420605584722349,3271.7472555343775,13.63228023139323,15,292,292,65,0.39707533099469106,0.601616757056112,0.6166666666666667,49,25,1,0,N/A,1.000000000000002,142.94711915808878
ALL_ROUNDER,TARGET_120_MIN,182179,360,4344,7630.462927839002,276.0543422969973,1144.0736062272972,7795.3945289728,46.124230198799694,246,2.0124164942001244,6.917034020499841,0,9.705342357900179,17.881570019798332,-0.0008627218922500066,-0.0008627218922500066,3247.46723779789,13.531113490824541,17,288,288,69,0.3274732346252704,0.5863137326130465,0.6833333333333333,45,37,0,0,N/A,1.0000000000000018,117.89036446509733
ALL_ROUNDER,TARGET_120_MIN,205936,360,4372,7707.049366946295,223.71708612619523,1128.3776265714032,7755.642693701614,46.39408876860011,252,4.188846135900121,6.652700914399702,0.9836870445997192,17.602832518299266,17.85158870385223,-0.001362410491351795,-0.001362410491351795,3266.0953080383765,13.608730450159891,13,287,287,70,0.3189420496830209,0.6486196071588903,0.7,55,29,1,0,N/A,0.9999999999999983,114.81913788588753
ALL_ROUNDER,TARGET_120_MIN,229693,360,4376.000000000001,7697.469036221899,209.24984597379805,1146.6299956377957,7761.213646956208,44.62365888480008,234,8.280366983100123,10.364832239499265,10.094373117600298,29.063545374200686,17.772769117459998,-0.0026760702645555706,-0.0026760702645555706,3200.017517062243,13.333406321092664,16,288,288,69,0.36337171201525187,0.5638746456216601,0.65,49,29,4,0,N/A,1.0000000000000013,130.81381632549068
ALL_ROUNDER,TARGET_180_MIN,15880,360,4359.999999999999,7580.194212032207,240.184266146501,1178.4221387143957,7850.0251306177215,31.98934011679995,240,0.4396219478001058,2.57866445359997,0,13.49168220660124,17.90969453164444,-0.0007643503985185795,-0.0007643503985185795,3653.902376211693,15.224593234215382,13,292,292,66,0.33106920103438475,0.6084323440399999,0.6666666666666666,51,29,0,0,N/A,0.999999999999999,119.18491237237852
ALL_ROUNDER,TARGET_180_MIN,39637,360,4363.9999999999,7604.446836248395,264.01438291690533,1188.4073306183009,7806.957637235537,33.511354561399855,231,8.535804847399959,4.745005097200362,3,23.092241523900128,17.846185968143054,-0.0018228264568750214,-0.0018228264568750214,3676.551063219756,15.318962763415657,13,283,283,75,0.2990623844988015,0.6812161585744302,0.6416666666666667,51,26,1,0,N/A,1.0000000000000013,107.66245841956854
ALL_ROUNDER,TARGET_180_MIN,63394,360,4336,7497.860755741924,260.5550848702999,1190.501168379897,7902.400832231123,33.06818920500007,243,7.501220750099947,5.169753086400931,0,4.102836308799226,17.90896163848528,-0.0007765652845046345,-0.0007765652845046345,3609.0006265528627,15.037502610636928,12,302,302,56,0.37948324881049167,0.6117363232636215,0.675,62,19,0,0,N/A,1.0000000000000033,136.613969571777
ALL_ROUNDER,TARGET_180_MIN,87151,360,4352,7608.965931515085,209.90902580540285,1144.1131129600062,7880.924253274026,32.7660481078002,249,5.2578949740999406,3.0769171860999904,0.2729301619000353,8.460196599599954,17.908144614106394,-0.0007901823574861076,-0.0007901823574861076,3572.5482122934777,14.88561755122282,19,299,299,59,0.33978230093798606,0.6086036089958258,0.6916666666666667,61,22,1,0,N/A,1.0000000000000004,122.32162833767498
ALL_ROUNDER,TARGET_180_MIN,110908,360,4352,7511.550857654097,228.75592882920068,1185.3044515507938,7883.2981138172145,31.607538293200264,267,0.9452021234000085,6.507018971900266,3,11.639268991599579,17.894190305314165,-0.001022754170689807,-0.001022754170689807,3578.5647467963804,14.91068644498491,15,304,304,54,0.39023086070965085,0.5512152809016799,0.7416666666666667,63,26,1,0,N/A,1.0000000000000033,140.4831098554743
ALL_ROUNDER,TARGET_180_MIN,134665,360,4363.999999999999,7629.418949604788,248.62575458350364,1156.2889431848023,7776.021488666322,33.457326631399724,276,5.4697670312000355,5.615364032500111,6,13.07936942280071,17.87176527642639,-0.0013965046521528185,-0.0013965046521528185,3565.8446079357236,14.857685866398851,21,279,279,79,0.32274315924773794,0.6783885502399799,0.7666666666666667,71,21,2,0,N/A,0.9999999999999981,116.18753732918566
ALL_ROUNDER,TARGET_180_MIN,158422,360,4399.999999999999,7695.710075433895,208.04739535410636,1145.615647512299,7738.709534341421,32.178207595299796,267,2.4485541921999356,19.488162102701494,3,18.688628889600977,17.83437404115416,-0.0020196919066899285,-0.0020196919066899285,3638.7441898486136,15.16143412436921,14,284,284,74,0.3131642771194052,0.7312386002058215,0.7416666666666667,65,24,1,0,N/A,1.000000000000003,112.73913976298587
ALL_ROUNDER,TARGET_180_MIN,182179,360,4332,7612.080436909312,231.72104144189086,1139.6268395266961,7824.855386552824,33.35557382799999,312,2.0124164942001244,2.077368113099965,0,7.182882980200418,17.924242590034723,-0.0005218827586805789,-0.0005218827586805789,3538.4525620677678,14.743552341949023,19,292,292,66,0.31766867150355443,0.6151191592299914,0.8666666666666667,68,36,0,0,N/A,0.9999999999999977,114.3607217412796
ALL_ROUNDER,TARGET_180_MIN,205936,360,4364,7618.534075651596,198.07982119419907,1159.0595915159029,7897.666607736231,32.974334385400255,237,0.7343006814001001,6.652700914399702,3.9836870445997192,18.364973397799787,17.872956494338332,-0.001376651020287003,-0.001376651020287003,3705.541039216636,15.439754330069317,15,296,296,62,0.2574599153240939,0.5647170033963953,0.6583333333333333,58,21,2,0,N/A,0.9999999999999983,92.68556951667381
ALL_ROUNDER,TARGET_180_MIN,229693,360,4376,7691.199404127086,226.29095213420229,1157.662505518506,7736.163446739134,30.697680414800175,276,8.280366983100066,7.408176308399561,9,24.86883055800004,17.817896183751394,-0.002290034831752143,-0.002290034831752143,3618.564224924044,15.077350937183507,15,277,277,81,0.2944055862952138,0.7482170011677758,0.7666666666666667,64,28,3,0,N/A,1,105.98601106627697
