version,seed,id,rank,start,worldStart,deadline,requirement,efficiency,quality,evaluatedEfficiency,evaluatedQuality,actualEfficiency,thresholdEfficiency,efficiencyOvershootPercent,dinnerCompletionPercent,result,overtimeWorld,overtimeElapsedReal,failureRealSeconds,overtimeFinished
"A-G1.040-C2",42,"promotion-523",0,388.0504668337,564,660,2304,23,16,23,16,20.7,20,3.499999999999992,89.24479166666637,"FAILED_OVERTIME",10.773913043499988,14.773913043499988,484.0504668337,498.8243798772
"A-G1.040-C2",42,"promotion-707",0,626.8496115295,924,1020,2304,26,19,26,19,26,20,30.000000000000004,100,"SUCCESS",0,0,"",""
"A-G1.040-C2",42,"promotion-1055",1,1062.0355949222,1644,1740,4032,38,31,38,31,31.160000000000004,35,-10.971428571428564,89.96726190476191,"FAILED_OVERTIME",10.64526315789999,14.64526315789999,1158.0355949222,1172.6808580801
"A-G1.040-C2",42,"promotion-1213",1,1291.2084230983,2004,2100,4032,42,35,42,35,42,35,19.999999999999996,100,"SUCCESS",0,0,"",""
"A-G1.040-C2",42,"promotion-1457",2,1618.7286980737,2544,2640,6912,65,57,65,57,65,60,8.333333333333325,90.27777777777779,"FAILED_OVERTIME",10.338461538499814,14.338461538500042,1714.7286980737,1729.0671596122
"A-G1.040-C2",42,"promotion-1601",2,1852.3335777798,2904,3000,6912,71,64,71,64,71,60,18.333333333333336,98.61111111111111,"FAILED_OVERTIME",1.3521126761002051,5.352112676099978,1948.3335777798,1953.6856904559
"A-G1.040-C2",42,"promotion-1697",2,2064.0735719113,3264,3360,6912,74,67,74,67,53.28,60,-11.2,100,"SUCCESS",0,0,"",""
"A-G1.040-C2",42,"promotion-2222",3,2692.9541197276,4344,4440,11520,102,96,102,96,91.8,100,-8.200000000000006,79.15624999999976,"FAILED_OVERTIME",23.541176470599567,27.54117647060002,2788.9541197276,2816.4952961982
"A-G1.040-C2",42,"promotion-2358",3,2923.9194381024,4704,4800,11520,107,101,107,101,107,100,7.000000000000006,89.16666666666667,"FAILED_OVERTIME",11.663551401899895,15.663551401899895,3019.9194381024,3035.5829895043
"A-G1.040-C2",42,"promotion-2496",3,3144.3850918263,5064,5160,11520,110,104,110,104,110,100,10.000000000000009,91.66666666666666,"FAILED_OVERTIME",8.72727272730026,12.727272727299805,3240.3850918263,3253.1123645536
"A-G1.040-C2",42,"promotion-2635",3,3365.5803564013,5424,5520,11520,112,106,112,106,80.64,100,-19.36,86.39166666666641,"FAILED_OVERTIME",13.997142857099789,17.997142857100243,3461.5803564013,3479.5774992584
"A-G1.040-C2",42,"promotion-2811",3,3597.7592383889,5784,5880,11520,115,109,115,109,103.5,100,3.499999999999992,"","",0,0,"",""
"A-G1.040-C2",7961,"promotion-550",0,387.948951706,564,660,2304,22,15,22,15,18.040000000000003,20,-9.799999999999986,81.86979166666659,"FAILED_OVERTIME",18.987272727300024,22.987272727300024,483.948951706,506.9362244333
"A-G1.040-C2",7961,"promotion-760",0,630.4062665374,924,1020,2304,24,17,24,17,24,20,19.999999999999996,100,"SUCCESS",0,0,"",""
"A-G1.040-C2",7961,"promotion-1209",1,1192.0418178393,1824,1920,4032,41,33,41,33,36.9,35,5.428571428571427,92.7380952380951,"FAILED_OVERTIME",7.141463414599912,11.141463414600139,1288.0418178393,1299.1832812539
"A-G1.040-C2",7961,"promotion-1334",1,1412.9690187685,2184,2280,4032,47,39,47,39,47,35,34.28571428571428,100,"SUCCESS",0,0,"",""
"A-G1.040-C2",7961,"promotion-1617",2,1730.4008279774,2724,2820,6912,68,61,68,61,48.96,60,-18.399999999999995,92.7326388888889,"FAILED_OVERTIME",7.387058823499956,11.387058823499956,1826.4008279774,1837.7878868009
"A-G1.040-C2",7961,"promotion-1746",2,1957.7589710205,3084,3180,6912,73,67,73,67,65.7,60,9.499999999999996,98.22048611111106,"FAILED_OVERTIME",1.684931506799785,5.684931506799785,2053.7589710205,2059.4439025273
"A-G1.040-C2",7961,"promotion-1881",2,2175.5657289577,3444,3540,6912,79,72,79,72,79,60,31.666666666666664,100,"SUCCESS",0,0,"",""
"A-G1.040-C2",7961,"promotion-2374",3,2823.0103797408,4524,4620,11520,101,95,101,95,90.9,100,-9.099999999999998,79.95833333333327,"FAILED_OVERTIME",22.859405940599572,26.859405940600027,2919.0103797408,2945.8697856814
"A-G1.040-C2",7961,"promotion-2479",3,3055.8352898501,4884,4980,11520,104,98,104,98,85.28,100,-14.719999999999999,86.17916666666667,"FAILED_OVERTIME",15.30923076920044,19.309230769199985,3151.8352898501,3171.1445206193
"A-G1.040-C2",7961,"promotion-2614",3,3289.0184360224,5244,5340,11520,107,101,107,101,96.3,100,-3.7000000000000033,81.36458333333296,"FAILED_OVERTIME",20.06355140190044,24.06355140190044,3385.0184360224,3409.0819874243
"A-G1.040-C2",7961,"promotion-2729",3,3525.7105602107,5604,5700,11520,109,103,109,103,109,100,9.000000000000007,"","",0,0,"",""
"A-G1.040-C2",15880,"promotion-308",0,267.7976979667,384,480,2304,20,12,20,12,20,20,0,83.33333333333334,"FAILED_OVERTIME",19.19999999999999,23.19999999999999,363.7976979667,386.9976979667
"A-G1.040-C2",15880,"promotion-507",0,510.2077394064,744,840,2304,22,15,22,15,22,20,10.000000000000009,91.66666666666666,"FAILED_OVERTIME",8.727272727300033,12.727272727299919,606.2077394064,618.9350121337
"A-G1.040-C2",15880,"promotion-716",0,747.0228909216,1104,1200,2304,24,16,24,16,19.68,20,-1.6000000000000014,99.4375,"FAILED_OVERTIME",0.5399999999999636,4.539999999999964,843.0228909216,847.5628909216
"A-G1.040-C2",15880,"promotion-897",0,975.8030932154,1464,1560,2304,26,19,26,19,21.32,20,6.600000000000006,100,"SUCCESS",0,0,"",""
"A-G1.040-C2",15880,"promotion-1171",1,1316.8037961945,2004,2100,4032,42,34,42,34,37.800000000000004,35,8.000000000000007,96.87500000000007,"FAILED_OVERTIME",3,7,1412.8037961945,1419.8037961945
"A-G1.040-C2",15880,"promotion-1355",1,1537.652096939,2364,2460,4032,45,38,45,38,45,35,28.57142857142858,100,"SUCCESS",0,0,"",""
"A-G1.040-C2",15880,"promotion-1730",2,1964.0520885808,3084,3180,6912,67,59,67,59,60.300000000000004,60,0.5000000000000115,84.91319444444399,"FAILED_OVERTIME",15.564179104499999,19.5641791045,2060.0520885808,2079.6162676853
"A-G1.040-C2",15880,"promotion-1860",2,2206.0612311274,3444,3540,6912,73,67,73,67,65.7,60,9.499999999999996,96.31944444444456,"FAILED_OVERTIME",3.484931506799967,7.484931506799967,2302.0612311274,2309.5461626342
"A-G1.040-C2",15880,"promotion-1988",2,2422.332047416,3804,3900,6912,76,70,76,70,68.4,60,14.000000000000012,98.298611111111,"FAILED_OVERTIME",1.5473684211001455,5.5473684211001455,2518.332047416,2523.8794158371
"A-G1.040-C2",15880,"promotion-2123",2,2637.4864448731,4164,4260,6912,81,74,81,74,71.28,60,18.799999999999994,100,"SUCCESS",0,0,"",""
"A-G1.040-C2",15880,"promotion-2493",3,3055.8182076077,4884,4980,11520,100,94,100,94,72,100,-28.000000000000004,68.69791666666667,"FAILED_OVERTIME",36.0600000000004,40.059999999999945,3151.8182076077,3191.8782076077
"A-G1.040-C2",15880,"promotion-2603",3,3311.3953055545,5244,5340,11520,104,98,104,98,104,100,4.0000000000000036,86.66666666666667,"FAILED_OVERTIME",14.769230769199567,18.76923076920002,3407.3953055545,3426.1645363237
"A-G1.040-C2",15880,"promotion-2726",3,3540.8327205205,5604,5700,11520,107,101,107,101,107,100,7.000000000000006,"","",0,0,"",""
"A-G1.040-C2",23799,"promotion-413",0,393.4066542503,564,660,2304,24,16,24,16,24,20,19.999999999999996,100,"SUCCESS",0,0,"",""
"A-G1.040-C2",23799,"promotion-603",1,757.7646983534,1104,1200,4032,37,30,37,30,37,35,5.714285714285716,88.09523809523809,"FAILED_OVERTIME",12.972972972999969,16.97297297299997,853.7646983534,870.7376713264
"A-G1.040-C2",23799,"promotion-709",1,985.7288821659,1464,1560,4032,40,33,40,33,40,35,14.28571428571428,95.23809523809523,"FAILED_OVERTIME",4.7999999999999545,8.800000000000182,1081.7288821659,1090.5288821659
"A-G1.040-C2",23799,"promotion-826",1,1204.4892762546,1824,1920,4032,46,38,46,38,46,35,31.428571428571427,100,"SUCCESS",0,0,"",""
"A-G1.040-C2",23799,"promotion-1089",2,1522.1204808096,2364,2460,6912,65,58,65,58,65,60,8.333333333333325,90.27777777777779,"FAILED_OVERTIME",10.338461538499814,14.338461538500042,1618.1204808096,1632.4589423481
"A-G1.040-C2",23799,"promotion-1226",2,1746.4587070119,2724,2820,6912,71,64,71,64,63.9,60,6.499999999999995,91.83159722222203,"FAILED_OVERTIME",7.952112676100114,11.952112676099887,1842.4587070119,1854.410819688
"A-G1.040-C2",23799,"promotion-1352",2,1964.6328299313,3084,3180,6912,76,70,76,70,76,60,26.66666666666666,100,"SUCCESS",0,0,"",""
"A-G1.040-C2",23799,"promotion-1947",3,2712.5457802788,4344,4440,11520,103,96,103,96,84.46000000000001,100,-15.539999999999987,85.35052083333335,"FAILED_OVERTIME",16.38466019419957,20.384660194200023,2808.5457802788,2828.930440473
"A-G1.040-C2",23799,"promotion-2081",3,2942.0082802788,4704,4800,11520,106,99,106,99,106,100,6.000000000000005,88.33333333333333,"FAILED_OVERTIME",12.679245282999545,16.679245283,3038.0082802788,3054.6875255618
"A-G1.040-C2",23799,"promotion-2208",3,3172.3472906656,5064,5160,11520,108,102,108,102,108,100,8.000000000000007,90,"FAILED_OVERTIME",10.666666666699712,14.666666666699712,3268.3472906656,3283.0139573323
"A-G1.040-C2",23799,"promotion-2330",3,3395.4919370471,5424,5520,11520,110,103,110,103,90.2,100,-9.799999999999997,81.86979166666684,"FAILED_OVERTIME",18.98727272729957,22.987272727300024,3491.4919370471,3514.4792097744
"A-G1.040-C2",31718,"promotion-335",0,265.8519755557,384,480,2304,20,12,20,12,20,20,0,83.33333333333334,"FAILED_OVERTIME",19.19999999999999,23.19999999999999,361.8519755557,385.0519755557
"A-G1.040-C2",31718,"promotion-494",0,509.8280366157,744,840,2304,22,15,22,15,22,20,10.000000000000009,91.66666666666666,"FAILED_OVERTIME",8.727272727300033,12.727272727300033,605.8280366157,618.555309343
"A-G1.040-C2",31718,"promotion-663",0,748.9154310113,1104,1200,2304,24,16,24,16,19.68,20,-1.6000000000000014,99.4375,"FAILED_OVERTIME",0.5399999999999636,4.539999999999964,844.9154310113,849.4554310113
"A-G1.040-C2",31718,"promotion-844",0,976.9272893887,1464,1560,2304,26,19,26,19,20.28,20,1.4000000000000012,100,"SUCCESS",0,0,"",""
"A-G1.040-C2",31718,"promotion-990",1,1193.2689890224,1824,1920,4032,35,27,35,27,35,35,0,83.33333333333334,"FAILED_OVERTIME",19.200000000000045,23.199999999999818,1289.2689890224,1312.4689890224
"A-G1.040-C2",31718,"promotion-1123",1,1427.5369746939,2184,2280,4032,42,35,42,35,36.96,35,5.600000000000005,94.75000000000003,"FAILED_OVERTIME",5.039999999999964,9.039999999999964,1523.5369746939,1532.5769746939
"A-G1.040-C2",31718,"promotion-1282",1,1648.9018080741,2544,2640,4032,49,42,49,42,49,35,39.99999999999999,100,"SUCCESS",0,0,"",""
"A-G1.040-C2",31718,"promotion-1541",2,1971.5445523823,3084,3180,6912,66,59,66,59,59.4,60,-1.0000000000000009,83.64583333333339,"FAILED_OVERTIME",17.127272727299896,21.127272727299896,2067.5445523823,2088.6718251096
"A-G1.040-C2",31718,"promotion-1653",2,2204.4083362488,3444,3540,6912,71,63,71,63,63.9,60,6.499999999999995,93.68055555555542,"FAILED_OVERTIME",6.152112676099932,10.152112676099932,2300.4083362488,2310.5604489249
"A-G1.040-C2",31718,"promotion-1796",2,2424.9205692727,3804,3900,6912,73,67,73,67,73,60,21.666666666666657,100,"SUCCESS",0,0,"",""
"A-G1.040-C2",31718,"promotion-2397",3,3283.6380613941,5244,5340,11520,101,95,101,95,78.78,100,-21.219999999999995,80.90520833333328,"FAILED_OVERTIME",21.779405940599645,25.7794059406001,3379.6380613941,3405.4174673347
"A-G1.040-C2",31718,"promotion-2503",3,3513.1267138764,5604,5700,11520,103,97,103,97,103,100,3.0000000000000027,"","",0,0,"",""
"A-G1.040-C2",39637,"promotion-341",0,263.6729621525,384,480,2304,20,13,20,13,20,20,0,83.33333333333334,"FAILED_OVERTIME",19.19999999999999,23.19999999999999,359.6729621525,382.8729621525
"A-G1.040-C2",39637,"promotion-527",0,506.6406824294,744,840,2304,23,16,23,16,23,20,14.999999999999991,95.83333333333334,"FAILED_OVERTIME",4.173913043499965,8.173913043499965,602.6406824294,610.8145954729
"A-G1.040-C2",39637,"promotion-643",0,735.4473029828,1104,1200,2304,27,20,27,20,27,20,35.00000000000001,100,"SUCCESS",0,0,"",""
"A-G1.040-C2",39637,"promotion-751",1,950.9107624568,1464,1560,4032,35,27,35,27,31.5,35,-9.999999999999998,80.72916666666666,"FAILED_OVERTIME",22.200000000000045,26.200000000000045,1046.9107624568,1073.1107624568
"A-G1.040-C2",39637,"promotion-886",1,1186.5056585045,1824,1920,4032,38,30,38,30,38,35,8.571428571428562,90.47619047619048,"FAILED_OVERTIME",10.105263157900026,14.105263157900026,1282.5056585045,1296.6109216624
"A-G1.040-C2",39637,"promotion-1021",1,1413.8547361888,2184,2280,4032,42,35,42,35,34.440000000000005,35,-1.5999999999999903,89.31249999999976,"FAILED_OVERTIME",10.260000000000218,14.259999999999991,1509.8547361888,1524.1147361888
"A-G1.040-C2",39637,"promotion-1188",1,1641.8114508508,2544,2640,4032,47,39,47,39,42.300000000000004,35,20.85714285714286,100,"SUCCESS",0,0,"",""
"A-G1.040-C2",39637,"promotion-1348",2,1858.4173785481,2904,3000,6912,61,53,61,53,47.58,60,-20.700000000000006,77.94444444444431,"FAILED_OVERTIME",24.991475409799932,28.991475409799932,1954.4173785481,1983.4088539579
"A-G1.040-C2",39637,"promotion-1488",2,2091.7377839132,3264,3360,6912,66,58,66,58,66,60,10.000000000000009,91.66666666666666,"FAILED_OVERTIME",8.727272727299805,12.727272727299805,2187.7377839132,2200.4650566405
"A-G1.040-C2",39637,"promotion-1634",2,2313.091842745,3624,3720,6912,73,66,73,66,59.86000000000001,60,-0.23333333333331874,97.39670138888889,"FAILED_OVERTIME",2.464931506799985,6.464931506799985,2409.091842745,2415.5567742518
"A-G1.040-C2",39637,"promotion-1791",2,2531.199118243,3984,4080,6912,79,72,79,72,71.10000000000001,60,18.500000000000007,100,"SUCCESS",0,0,"",""
"A-G1.040-C2",39637,"promotion-2331",3,3168.3624318808,5064,5160,11520,102,96,102,96,102,100,2.0000000000000018,85,"FAILED_OVERTIME",16.941176470600112,20.941176470599657,3264.3624318808,3285.3036083514
"A-G1.040-C2",39637,"promotion-2441",3,3397.8378704773,5424,5520,11520,105,99,105,99,86.10000000000001,100,-13.89999999999999,87.00781250000001,"FAILED_OVERTIME",14.25428571429984,18.254285714300295,3493.8378704773,3512.0921561916
"A-G1.040-C2",47556,"promotion-326",0,260.2175317461,384,480,2304,21,14,21,14,21,20,5.000000000000004,87.5,"FAILED_OVERTIME",13.71428571429999,17.71428571429999,356.2175317461,373.9318174604
"A-G1.040-C2",47556,"promotion-519",0,501.053205706,744,840,2304,23,16,23,16,23,20,14.999999999999991,95.83333333333334,"FAILED_OVERTIME",4.173913043499965,8.173913043500079,597.053205706,605.2271187495
"A-G1.040-C2",47556,"promotion-672",0,731.1659919075,1104,1200,2304,29,21,29,21,29,20,44.99999999999999,100,"SUCCESS",0,0,"",""
"A-G1.040-C2",47556,"promotion-833",1,944.7585845001,1464,1560,4032,38,31,38,31,38,35,8.571428571428562,90.47619047619048,"FAILED_OVERTIME",10.105263157900026,14.105263157900026,1040.7585845001,1054.863847658
"A-G1.040-C2",47556,"promotion-978",1,1177.986385211,1824,1920,4032,46,38,46,38,37.720000000000006,35,7.771428571428585,100,"SUCCESS",0,0,"",""
"A-G1.040-C2",47556,"promotion-1221",2,1506.0980979107,2364,2460,6912,65,57,65,57,58.5,60,-2.500000000000002,85.76388888888889,"FAILED_OVERTIME",15.138461538499996,19.138461538499996,1602.0980979107,1621.2365594492
"A-G1.040-C2",47556,"promotion-1364",2,1747.9475510629,2724,2820,6912,71,64,71,64,71,60,18.333333333333336,98.61111111111111,"FAILED_OVERTIME",1.3521126761002051,5.352112676099978,1843.9475510629,1849.299663739
"A-G1.040-C2",47556,"promotion-1484",2,1968.3364100215,3084,3180,6912,75,69,75,69,61.50000000000001,60,2.5000000000000133,100,"SUCCESS",0,0,"",""
"A-G1.040-C2",47556,"promotion-2079",3,2818.3571008789,4524,4620,11520,100,94,100,94,100,100,0,83.33333333333334,"FAILED_OVERTIME",19.199999999999818,23.200000000000273,2914.3571008789,2937.5571008789
"A-G1.040-C2",47556,"promotion-2166",3,3060.4404063933,4884,4980,11520,103,96,103,96,92.7,100,-7.299999999999995,79.93229166666691,"FAILED_OVERTIME",22.44466019419997,26.444660194200424,3156.4404063933,3182.8850665875
"A-G1.040-C2",47556,"promotion-2270",3,3290.3530941808,5244,5340,11520,105,98,105,98,86.10000000000001,100,-13.89999999999999,84.05468750000001,"FAILED_OVERTIME",17.49428571429962,21.494285714300077,3386.3530941808,3407.8473798951
"A-G1.040-C2",47556,"promotion-2417",3,3519.7905091468,5604,5700,11520,107,101,107,101,107,100,7.000000000000006,"","",0,0,"",""
"A-G1.040-C2",55475,"promotion-486",0,387.7431462574,564,660,2304,21,14,21,14,15.12,20,-24.4,80.99218749999999,"FAILED_OVERTIME",20.854285714299976,24.854285714300033,483.7431462574,508.5974319717
"A-G1.040-C2",55475,"promotion-688",0,629.108963122,924,1020,2304,23,16,23,16,16.56,20,-17.200000000000003,83.67447916666623,"FAILED_OVERTIME",16.353913043499915,20.35391304350003,725.108963122,745.4628761655
"A-G1.040-C2",55475,"promotion-817",0,873.1352171511,1284,1380,2304,28,20,28,20,28,20,39.99999999999999,100,"SUCCESS",0,0,"",""
"A-G1.040-C2",55475,"promotion-1047",1,1194.7089138369,1824,1920,4032,37,30,37,30,33.300000000000004,35,-4.857142857142849,83.69047619047632,"FAILED_OVERTIME",17.772972972999924,21.77297297300015,1290.7089138369,1312.4818868099
"A-G1.040-C2",55475,"promotion-1157",1,1429.5278043916,2184,2280,4032,41,33,41,33,41,35,17.14285714285715,97.61904761904762,"FAILED_OVERTIME",2.3414634146001845,6.341463414599957,1525.5278043916,1531.8692678062
"A-G1.040-C2",55475,"promotion-1311",1,1657.3093193254,2544,2640,4032,44,37,44,37,31.68,35,-9.485714285714286,91.47023809523854,"FAILED_OVERTIME",7.816363636400183,11.816363636399956,1753.3093193254,1765.1256829618
"A-G1.040-C2",55475,"promotion-1486",1,1880.5092616343,2904,3000,4032,48,40,48,40,48,35,37.142857142857146,100,"SUCCESS",0,0,"",""
"A-G1.040-C2",55475,"promotion-1621",2,2091.2831186817,3264,3360,6912,60,52,60,52,49.2,60,-17.999999999999993,74.42708333333341,"FAILED_OVERTIME",29.460000000000036,33.45999999999958,2187.2831186817,2220.7431186817
"A-G1.040-C2",55475,"promotion-1760",2,2333.2333473743,3624,3720,6912,64,57,64,57,57.6,60,-3.9999999999999925,86.11111111111116,"FAILED_OVERTIME",15,19,2429.2333473743,2448.2333473743
"A-G1.040-C2",55475,"promotion-1892",2,2563.4333473743,3984,4080,6912,71,64,71,64,71,60,18.333333333333336,98.61111111111111,"FAILED_OVERTIME",1.3521126761002051,5.352112676100205,2659.4333473743,2664.7854600504
"A-G1.040-C2",55475,"promotion-2022",2,2777.3382246532,4344,4440,6912,74,67,74,67,74,60,23.33333333333334,100,"SUCCESS",0,0,"",""
"A-G1.040-C2",55475,"promotion-2532",3,3406.3462203108,5424,5520,11520,100,93,100,93,90,100,-9.999999999999998,77.60416666666666,"FAILED_OVERTIME",25.800000000000182,29.799999999999727,3502.3462203108,3532.1462203108
"A-G1.040-C2",63394,"promotion-295",0,268.019339385,384,480,2304,20,13,20,13,17.6,20,-11.99999999999999,82.70833333333334,"FAILED_OVERTIME",19.920000000000016,23.91999999999996,364.019339385,387.939339385
"A-G1.040-C2",63394,"promotion-436",0,505.3295957953,744,840,2304,25,18,25,18,22.5,20,12.5,98.95833333333334,"FAILED_OVERTIME",0.9600000000000364,4.960000000000036,601.3295957953,606.2895957953
"A-G1.040-C2",63394,"promotion-589",0,733.559212727,1104,1200,2304,26,19,26,19,21.32,20,6.600000000000006,100,"SUCCESS",0,0,"",""
"A-G1.040-C2",63394,"promotion-982",1,1172.0022825597,1824,1920,4032,36,29,36,29,36,35,2.857142857142847,85.71428571428571,"FAILED_OVERTIME",16,20,1268.0022825597,1288.0022825597
"A-G1.040-C2",63394,"promotion-1107",1,1410.0856226331,2184,2280,4032,41,34,41,34,41,35,17.14285714285715,97.61904761904762,"FAILED_OVERTIME",2.3414634146001845,6.341463414599957,1506.0856226331,1512.4270860477
"A-G1.040-C2",63394,"promotion-1255",1,1629.0887230941,2544,2640,4032,45,37,45,37,45,35,28.57142857142858,100,"SUCCESS",0,0,"",""
"A-G1.040-C2",63394,"promotion-1400",2,1844.2438559267,2904,3000,6912,60,52,60,52,52.8,60,-12,80.83333333333337,"FAILED_OVERTIME",22.079999999999927,26.079999999999927,1940.2438559267,1966.3238559267
"A-G1.040-C2",63394,"promotion-1539",2,2086.6441136161,3264,3360,6912,64,57,64,57,52.480000000000004,60,-12.53333333333333,79.38888888888866,"FAILED_OVERTIME",22.26000000000022,26.259999999999764,2182.6441136161,2208.9041136161
"A-G1.040-C2",63394,"promotion-1681",2,2318.8383870844,3624,3720,6912,71,65,71,65,71,60,18.333333333333336,98.61111111111111,"FAILED_OVERTIME",1.3521126761002051,5.352112676100205,2414.8383870844,2420.1904997605
"A-G1.040-C2",63394,"promotion-1826",2,2533.7633038006,3984,4080,6912,77,71,77,71,77,60,28.333333333333343,100,"SUCCESS",0,0,"",""
"A-G1.040-C2",63394,"promotion-2317",3,3276.3364672384,5244,5340,11520,103,96,103,96,92.7,100,-7.299999999999995,78.32291666666703,"FAILED_OVERTIME",24.24466019420015,28.24466019420015,3372.3364672384,3400.5811274326
"A-G1.040-C2",63394,"promotion-2455",3,3514.3706484923,5604,5700,11520,106,100,106,100,86.92,100,-13.080000000000002,"","",0,0,"",""
"A-G1.040-C2",71313,"promotion-518",0,383.8114278308,564,660,2304,22,14,22,14,19.8,20,-1.0000000000000009,85.3645833333336,"FAILED_OVERTIME",15.327272727300056,19.3272727273,479.8114278308,499.1387005581
"A-G1.040-C2",71313,"promotion-656",0,623.730213199,924,1020,2304,26,19,26,19,26,20,30.000000000000004,100,"SUCCESS",0,0,"",""
"A-G1.040-C2",71313,"promotion-1028",1,1070.4962064256,1644,1740,4032,35,28,35,28,28.700000000000003,35,-17.999999999999993,82.86458333333334,"FAILED_OVERTIME",19.74000000000001,23.74000000000001,1166.4962064256,1190.2362064256
"A-G1.040-C2",71313,"promotion-1152",1,1302.9438254732,2004,2100,4032,39,32,39,32,39,35,11.428571428571432,92.85714285714286,"FAILED_OVERTIME",7.384615384599783,11.38461538460001,1398.9438254732,1410.3284408578
"A-G1.040-C2",71313,"promotion-1305",1,1527.296892807,2364,2460,4032,42,35,42,35,37.800000000000004,35,8.000000000000007,95.00000000000016,"FAILED_OVERTIME",4.800000000000182,8.799999999999955,1623.296892807,1632.096892807
"A-G1.040-C2",71313,"promotion-1414",1,1745.8280039181,2724,2820,4032,47,40,47,40,42.300000000000004,35,20.85714285714286,100,"SUCCESS",0,0,"",""
"A-G1.040-C2",71313,"promotion-1639",2,2063.7849190876,3264,3360,6912,63,56,63,56,51.660000000000004,60,-13.89999999999999,87.00781249999999,"FAILED_OVERTIME",14.25428571429984,18.25428571429984,2159.7849190876,2178.0392048019
"A-G1.040-C2",71313,"promotion-1761",2,2297.6076950765,3624,3720,6912,70,63,70,63,61.6,60,2.6666666666666616,96.49305555555556,"FAILED_OVERTIME",3.462857142899793,7.462857142899793,2393.6076950765,2401.0705522194
"A-G1.040-C2",71313,"promotion-1886",2,2514.7183999309,3984,4080,6912,76,70,76,70,76,60,26.66666666666666,100,"SUCCESS",0,0,"",""
"A-G1.040-C2",71313,"promotion-2365",3,3164.4396007422,5064,5160,11520,100,94,100,94,88,100,-12,80.83333333333333,"FAILED_OVERTIME",22.079999999999927,26.079999999999927,3260.4396007422,3286.5196007422
"A-G1.040-C2",71313,"promotion-2496",3,3402.0466562502,5424,5520,11520,104,98,104,98,74.88,100,-25.120000000000008,80.22083333333316,"FAILED_OVERTIME",21.909230769199894,25.909230769199894,3498.0466562502,3523.9558870194
"A-G1.040-C3",42,"promotion-523",0,388.0504668337,564,660,2304,23,16,23,16,20.7,20,3.499999999999992,89.24479166666637,"FAILED_OVERTIME",10.773913043499988,14.773913043499988,484.0504668337,498.8243798772
"A-G1.040-C3",42,"promotion-947",0,738.0827158051,1104,1200,2304,28,21,28,21,28,20,39.99999999999999,100,"SUCCESS",0,0,"",""
"A-G1.040-C3",42,"promotion-1107",1,952.4105589423,1464,1560,4032,37,29,37,29,33.300000000000004,35,-4.857142857142849,80.38690476190456,"FAILED_OVERTIME",21.37297297300006,25.37297297300006,1048.4105589423,1073.7835319153
"A-G1.040-C3",42,"promotion-1384",1,1297.2416698445,2004,2100,4032,45,38,45,38,45,35,28.57142857142858,100,"SUCCESS",0,0,"",""
"A-G1.040-C3",42,"promotion-1631",2,1621.3258917543,2544,2640,6912,61,53,61,53,54.9,60,-8.500000000000007,82.07465277777773,"FAILED_OVERTIME",20.311475409800096,24.31147540979987,1717.3258917543,1741.6373671641
"A-G1.040-C3",42,"promotion-1859",2,1964.1456886228,3084,3180,6912,75,69,75,69,54,60,-9.999999999999998,96.80989583333334,"FAILED_OVERTIME",2.9400000000000546,6.9399999999996,2060.1456886228,2067.0856886228
"A-G1.040-C3",42,"promotion-2123",2,2289.5452813429,3624,3720,6912,84,78,84,78,84,60,39.99999999999999,100,"SUCCESS",0,0,"",""
"A-G1.040-C3",42,"promotion-2610",3,2817.4952490591,4524,4620,11520,103,96,103,96,103,100,3.0000000000000027,85.83333333333333,"FAILED_OVERTIME",15.844660194199605,19.84466019420006,2913.4952490591,2933.3399092533
"A-G1.040-C3",42,"promotion-2891",3,3157.7875514066,5064,5160,11520,109,103,109,103,109,100,9.000000000000007,90.83333333333333,"FAILED_OVERTIME",9.688073394499952,13.688073394499952,3253.7875514066,3267.4756248011
"A-G1.040-C3",42,"promotion-3183",3,3486.1165863941,5604,5700,11520,114,108,114,108,114,100,13.99999999999999,95,"FAILED_OVERTIME",5.052631578900218,9.052631578899764,3582.1165863941,3591.169217973
"A-G1.040-C3",7961,"promotion-550",0,387.948951706,564,660,2304,22,15,22,15,18.040000000000003,20,-9.799999999999986,81.86979166666659,"FAILED_OVERTIME",18.987272727300024,22.987272727300024,483.948951706,506.9362244333
"A-G1.040-C3",7961,"promotion-921",0,741.804352439,1104,1200,2304,26,19,26,19,21.32,20,6.600000000000006,100,"SUCCESS",0,0,"",""
"A-G1.040-C3",7961,"promotion-1265",1,1176.1836107314,1824,1920,4032,38,30,38,30,34.2,35,-2.28571428571428,85.9523809523808,"FAILED_OVERTIME",14.90526315789998,18.90526315789998,1272.1836107314,1291.0888738893
"A-G1.040-C3",7961,"promotion-1577",1,1525.3869308433,2364,2460,4032,47,39,47,39,47,35,34.28571428571428,100,"SUCCESS",0,0,"",""
"A-G1.040-C3",7961,"promotion-1845",2,1848.3857537835,2904,3000,6912,69,61,69,61,53.82,60,-10.299999999999997,88.16666666666679,"FAILED_OVERTIME",11.853913043500143,15.853913043500143,1944.3857537835,1960.239666827
"A-G1.040-C3",7961,"promotion-2133",2,2180.5301602175,3444,3540,6912,83,76,83,76,83,60,38.33333333333333,100,"SUCCESS",0,0,"",""
"A-G1.040-C3",7961,"promotion-2650",3,2816.5838269844,4524,4620,11520,101,95,101,95,101,100,1.0000000000000009,84.16666666666667,"FAILED_OVERTIME",18.0594059406003,22.0594059406003,2912.5838269844,2934.643232925
"A-G1.040-C3",7961,"promotion-2847",3,3152.9054235822,5064,5160,11520,106,99,106,99,106,100,6.000000000000005,88.33333333333333,"FAILED_OVERTIME",12.679245282999545,16.679245283,3248.9054235822,3265.5846688652
"A-G1.040-C3",7961,"promotion-3014",3,3480.2277788767,5604,5700,11520,110,103,110,103,110,100,10.000000000000009,91.66666666666666,"FAILED_OVERTIME",8.72727272730026,12.727272727299805,3576.2277788767,3588.955051604
"A-G1.040-C3",15880,"promotion-308",0,267.7976979667,384,480,2304,20,12,20,12,20,20,0,83.33333333333334,"FAILED_OVERTIME",19.19999999999999,23.19999999999999,363.7976979667,386.9976979667
"A-G1.040-C3",15880,"promotion-683",0,623.2106282249,924,1020,2304,24,17,24,17,21.6,20,8.000000000000007,91.25000000000043,"FAILED_OVERTIME",8.400000000000091,12.399999999999977,719.2106282249,731.6106282249
"A-G1.040-C3",15880,"promotion-1002",0,982.3496812337,1464,1560,2304,30,23,30,23,30,20,50,100,"SUCCESS",0,0,"",""
"A-G1.040-C3",15880,"promotion-1291",1,1307.3921350014,2004,2100,4032,41,33,41,33,36.9,35,5.428571428571427,94.56845238095242,"FAILED_OVERTIME",5.3414634146001845,9.341463414599957,1403.3921350014,1412.733598416
"A-G1.040-C3",15880,"promotion-1599",1,1635.0900356365,2544,2640,4032,51,43,51,43,39.78,35,13.657142857142857,100,"SUCCESS",0,0,"",""
"A-G1.040-C3",15880,"promotion-1782",2,1849.7529215275,2904,3000,6912,63,55,63,55,63,60,5.000000000000004,87.49999999999999,"FAILED_OVERTIME",13.714285714299876,17.714285714300104,1945.7529215275,1963.4672072418
"A-G1.040-C3",15880,"promotion-2009",2,2189.1886304031,3444,3540,6912,73,67,73,67,73,60,21.666666666666657,100,"SUCCESS",0,0,"",""
"A-G1.040-C3",15880,"promotion-2525",3,2829.4933797493,4524,4620,11520,101,94,101,94,90.9,100,-9.099999999999998,79.95833333333327,"FAILED_OVERTIME",22.859405940599572,26.859405940600027,2925.4933797493,2952.3527856899
"A-G1.040-C3",15880,"promotion-2704",3,3173.2130827141,5064,5160,11520,108,101,108,101,95.04,100,-4.959999999999997,87.30000000000001,"FAILED_OVERTIME",13.54666666669982,17.54666666669982,3269.2130827141,3286.7597493808
"A-G1.040-C3",15880,"promotion-2907",3,3513.8956857266,5604,5700,11520,112,105,112,105,112,100,12.00000000000001,"","",0,0,"",""
"A-G1.040-C3",23799,"promotion-413",0,393.4066542503,564,660,2304,24,16,24,16,24,20,19.999999999999996,100,"SUCCESS",0,0,"",""
"A-G1.040-C3",23799,"promotion-603",1,757.7646983534,1104,1200,4032,37,30,37,30,37,35,5.714285714285716,88.09523809523809,"FAILED_OVERTIME",12.972972972999969,16.97297297299997,853.7646983534,870.7376713264
"A-G1.040-C3",23799,"promotion-848",1,1090.4336440707,1644,1740,4032,46,39,46,39,41.4,35,18.285714285714285,100,"SUCCESS",0,0,"",""
"A-G1.040-C3",23799,"promotion-1086",2,1405.8813841844,2184,2280,6912,62,55,62,55,62,60,3.3333333333333437,86.11111111111111,"FAILED_OVERTIME",15.483870967700113,19.483870967699886,1501.8813841844,1521.3652551521
"A-G1.040-C3",23799,"promotion-1328",2,1745.2800379196,2724,2820,6912,73,66,73,66,73,60,21.666666666666657,100,"SUCCESS",0,0,"",""
"A-G1.040-C3",23799,"promotion-1859",3,2378.3919992082,3804,3900,11520,101,95,101,95,101,100,1.0000000000000009,84.16666666666667,"FAILED_OVERTIME",18.059405940599845,22.059405940599845,2474.3919992082,2496.4514051488
"A-G1.040-C3",23799,"promotion-2079",3,2719.4529387805,4344,4440,11520,107,101,107,101,87.74000000000001,100,-12.259999999999993,88.66510416666667,"FAILED_OVERTIME",12.203551401899858,16.20355140189986,2815.4529387805,2831.6564901824
"A-G1.040-C3",23799,"promotion-2246",3,3046.674185012,4884,4980,11520,110,104,110,104,110,100,10.000000000000009,91.66666666666666,"FAILED_OVERTIME",8.72727272730026,12.727272727299805,3142.674185012,3155.4014577393
"A-G1.040-C3",23799,"promotion-2487",3,3377.3388814212,5424,5520,11520,116,109,116,109,95.12,100,-4.8799999999999955,96.12291666666667,"FAILED_OVERTIME",3.850344827599656,7.850344827600111,3473.3388814212,3481.1892262488
"A-G1.040-C3",31718,"promotion-335",0,265.8519755557,384,480,2304,20,12,20,12,20,20,0,83.33333333333334,"FAILED_OVERTIME",19.19999999999999,23.19999999999999,361.8519755557,385.0519755557
"A-G1.040-C3",31718,"promotion-699",0,624.0308271748,924,1020,2304,24,17,24,17,21.6,20,8.000000000000007,91.25000000000043,"FAILED_OVERTIME",8.400000000000091,12.399999999999977,720.0308271748,732.4308271748
"A-G1.040-C3",31718,"promotion-1040",0,967.3964402517,1464,1560,2304,32,25,32,25,32,20,60.00000000000001,100,"SUCCESS",0,0,"",""
"A-G1.040-C3",31718,"promotion-1272",1,1184.2495575627,1824,1920,4032,37,30,37,30,37,35,5.714285714285716,88.09523809523809,"FAILED_OVERTIME",12.972972972999969,16.97297297299997,1280.2495575627,1297.2225305357
"A-G1.040-C3",31718,"promotion-1566",1,1524.5196810157,2364,2460,4032,50,43,50,43,50,35,42.85714285714286,100,"SUCCESS",0,0,"",""
"A-G1.040-C3",31718,"promotion-1787",2,1844.298704064,2904,3000,6912,65,57,65,57,65,60,8.333333333333325,90.27777777777779,"FAILED_OVERTIME",10.338461538499814,14.338461538500042,1940.298704064,1954.6371656025
"A-G1.040-C3",31718,"promotion-2023",2,2171.8889321985,3444,3540,6912,74,68,74,68,74,60,23.33333333333334,100,"SUCCESS",0,0,"",""
"A-G1.040-C3",31718,"promotion-2444",3,2720.7376570189,4344,4440,11520,100,93,100,93,100,100,0,83.33333333333334,"FAILED_OVERTIME",19.199999999999818,23.200000000000273,2816.7376570189,2839.9376570189
"A-G1.040-C3",31718,"promotion-2636",3,3068.1304460781,4884,4980,11520,104,98,104,98,104,100,4.0000000000000036,86.66666666666667,"FAILED_OVERTIME",14.769230769199567,18.76923076920002,3164.1304460781,3182.8996768473
"A-G1.040-C3",31718,"promotion-2929",3,3409.5274217218,5424,5520,11520,111,105,111,105,91.02000000000001,100,-8.979999999999988,82.61406250000019,"FAILED_OVERTIME",18.04378378379988,22.043783783800336,3505.5274217218,3527.5712055056
"A-G1.040-C3",39637,"promotion-341",0,263.6729621525,384,480,2304,20,13,20,13,20,20,0,83.33333333333334,"FAILED_OVERTIME",19.19999999999999,23.19999999999999,359.6729621525,382.8729621525
"A-G1.040-C3",39637,"promotion-615",0,615.3490157627,924,1020,2304,27,20,27,20,27,20,35.00000000000001,100,"SUCCESS",0,0,"",""
"A-G1.040-C3",39637,"promotion-868",1,942.2460137067,1464,1560,4032,41,34,41,34,36.9,35,5.428571428571427,94.56845238095241,"FAILED_OVERTIME",5.341463414599957,9.341463414599957,1038.2460137067,1047.5874771213
"A-G1.040-C3",39637,"promotion-1148",1,1270.3486486148,2004,2100,4032,51,43,51,43,36.72,35,4.9142857142857155,100,"SUCCESS",0,0,"",""
"A-G1.040-C3",39637,"promotion-1295",2,1483.7503864667,2364,2460,6912,61,53,61,53,61,60,1.6666666666666607,84.72222222222221,"FAILED_OVERTIME",17.311475409800096,21.31147540979987,1579.7503864667,1601.0618618765
"A-G1.040-C3",39637,"promotion-1518",2,1825.5679062516,2904,3000,6912,70,62,70,62,70,60,16.666666666666675,97.22222222222221,"FAILED_OVERTIME",2.742857142899993,6.742857142899993,1921.5679062516,1928.3107633945
"A-G1.040-C3",39637,"promotion-1788",2,2143.448718946,3444,3540,6912,79,73,79,73,64.78,60,7.966666666666677,100,"SUCCESS",0,0,"",""
"A-G1.040-C3",39637,"promotion-2296",3,2785.2055795716,4524,4620,11520,103,96,103,96,103,100,3.0000000000000027,85.83333333333333,"FAILED_OVERTIME",15.844660194199605,19.84466019420006,2881.2055795716,2901.0502397658
"A-G1.040-C3",39637,"promotion-2528",3,3123.6515812631,5064,5160,11520,108,101,108,101,108,100,8.000000000000007,90,"FAILED_OVERTIME",10.666666666699712,14.666666666699712,3219.6515812631,3234.3182479298
"A-G1.040-C3",39637,"promotion-2745",3,3449.4729405453,5604,5700,11520,112,106,112,106,112,100,12.00000000000001,93.33333333333333,"FAILED_OVERTIME",6.857142857100371,10.857142857099916,3545.4729405453,3556.3300834024
"A-G1.040-C3",47556,"promotion-326",0,260.2175317461,384,480,2304,21,14,21,14,21,20,5.000000000000004,87.5,"FAILED_OVERTIME",13.71428571429999,17.71428571429999,356.2175317461,373.9318174604
"A-G1.040-C3",47556,"promotion-619",0,609.7615390393,924,1020,2304,27,20,27,20,24.3,20,21.500000000000007,100,"SUCCESS",0,0,"",""
"A-G1.040-C3",47556,"promotion-982",1,1043.8668350354,1644,1740,4032,39,31,39,31,31.980000000000004,35,-8.62857142857142,92.33482142857143,"FAILED_OVERTIME",7.924615384599974,11.924615384599974,1139.8668350354,1151.79145042
"A-G1.040-C3",47556,"promotion-1242",1,1377.678945552,2184,2280,4032,51,44,51,44,41.82,35,19.485714285714284,100,"SUCCESS",0,0,"",""
"A-G1.040-C3",47556,"promotion-1390",2,1587.6684746867,2544,2640,6912,63,55,63,55,63,60,5.000000000000004,87.5,"FAILED_OVERTIME",13.714285714299876,17.714285714300104,1683.6684746867,1701.382760401
"A-G1.040-C3",47556,"promotion-1636",2,1921.0230201412,3084,3180,6912,76,69,76,69,76,60,26.66666666666666,100,"SUCCESS",0,0,"",""
"A-G1.040-C3",47556,"promotion-2214",3,2767.7989092048,4524,4620,11520,101,95,101,95,101,100,1.0000000000000009,84.16666666666667,"FAILED_OVERTIME",18.0594059406003,22.059405940599845,2863.7989092048,2885.8583151454
"A-G1.040-C3",47556,"promotion-2440",3,3103.3873033449,5064,5160,11520,108,101,108,101,108,100,8.000000000000007,90,"FAILED_OVERTIME",10.666666666699712,14.666666666700166,3199.3873033449,3214.0539700116
"A-G1.040-C3",47556,"promotion-2659",3,3440.5509770331,5604,5700,11520,112,105,112,105,112,100,12.00000000000001,93.33333333333333,"FAILED_OVERTIME",6.857142857100371,10.857142857099916,3536.5509770331,3547.4081198902
"A-G1.040-C3",55475,"promotion-486",0,387.7431462574,564,660,2304,21,14,21,14,15.12,20,-24.4,80.99218749999999,"FAILED_OVERTIME",20.854285714299976,24.854285714300033,483.7431462574,508.5974319717
"A-G1.040-C3",55475,"promotion-780",0,740.5487779368,1104,1200,2304,28,20,28,20,28,20,39.99999999999999,100,"SUCCESS",0,0,"",""
"A-G1.040-C3",55475,"promotion-888",1,955.5604922225,1464,1560,4032,35,28,35,28,31.5,35,-9.999999999999998,80.72916666666666,"FAILED_OVERTIME",22.200000000000045,26.200000000000045,1051.5604922225,1077.7604922225
"A-G1.040-C3",55475,"promotion-1134",1,1306.2848600755,2004,2100,4032,46,38,46,38,37.720000000000006,35,7.771428571428585,100,"SUCCESS",0,0,"",""
"A-G1.040-C3",55475,"promotion-1356",2,1627.4513527842,2544,2640,6912,61,53,61,53,61,60,1.6666666666666607,84.72222222222221,"FAILED_OVERTIME",17.311475409800096,21.31147540979987,1723.4513527842,1744.762828194
"A-G1.040-C3",55475,"promotion-1630",2,1966.854860999,3084,3180,6912,73,66,73,66,73,60,21.666666666666657,100,"SUCCESS",0,0,"",""
"A-G1.040-C3",55475,"promotion-2140",3,2713.297051477,4344,4440,11520,100,93,100,93,100,100,0,83.33333333333334,"FAILED_OVERTIME",19.199999999999818,23.199999999999818,2809.297051477,2832.497051477
"A-G1.040-C3",55475,"promotion-2377",3,3052.9896583852,4884,4980,11520,107,101,107,101,87.74000000000001,100,-12.259999999999993,88.66510416666668,"FAILED_OVERTIME",12.203551401899858,16.20355140189986,3148.9896583852,3165.1932097871
"A-G1.040-C3",55475,"promotion-2631",3,3385.3148250192,5424,5520,11520,112,106,112,106,112,100,12.00000000000001,93.33333333333333,"FAILED_OVERTIME",6.857142857100371,10.85714285710037,3481.3148250192,3492.1719678763
"A-G1.040-C3",63394,"promotion-295",0,268.019339385,384,480,2304,20,13,20,13,17.6,20,-11.99999999999999,82.70833333333334,"FAILED_OVERTIME",19.920000000000016,23.91999999999996,364.019339385,387.939339385
"A-G1.040-C3",63394,"promotion-580",0,614.5295957953,924,1020,2304,27,20,27,20,24.3,20,21.500000000000007,100,"SUCCESS",0,0,"",""
"A-G1.040-C3",63394,"promotion-863",1,956.2609855753,1464,1560,4032,35,28,35,28,27.3,35,-21.999999999999996,75.41666666666667,"FAILED_OVERTIME",28.319999999999936,32.319999999999936,1052.2609855753,1084.5809855753
"A-G1.040-C3",63394,"promotion-1098",1,1315.6503091858,2004,2100,4032,42,35,42,35,34.440000000000005,35,-1.5999999999999903,96.06250000000001,"FAILED_OVERTIME",3.7800000000002,7.779999999999973,1411.6503091858,1419.4303091858
"A-G1.040-C3",63394,"promotion-1399",1,1641.6294994413,2544,2640,4032,50,42,50,42,50,35,42.85714285714286,100,"SUCCESS",0,0,"",""
"A-G1.040-C3",63394,"promotion-1674",2,1969.021377549,3084,3180,6912,61,54,61,54,54.9,60,-8.500000000000007,77.3090277777777,"FAILED_OVERTIME",25.711475409800187,29.711475409799732,2065.021377549,2094.7328529588
"A-G1.040-C3",63394,"promotion-1912",2,2315.2331162474,3624,3720,6912,71,63,71,63,63.9,60,6.499999999999995,95.52951388888884,"FAILED_OVERTIME",4.352112676100205,8.35211267609975,2411.2331162474,2419.5852289235
"A-G1.040-C3",63394,"promotion-2133",2,2636.7537558606,4164,4260,6912,79,73,79,73,71.10000000000001,60,18.500000000000007,100,"SUCCESS",0,0,"",""
"A-G1.040-C3",63394,"promotion-2592",3,3271.2060901215,5244,5340,11520,100,93,100,93,100,100,0,83.33333333333334,"FAILED_OVERTIME",19.199999999999818,23.199999999999818,3367.2060901215,3390.4060901215
"A-G1.040-C3",71313,"promotion-518",0,383.8114278308,564,660,2304,22,14,22,14,19.8,20,-1.0000000000000009,85.3645833333336,"FAILED_OVERTIME",15.327272727300056,19.3272727273,479.8114278308,499.1387005581
"A-G1.040-C3",71313,"promotion-789",0,732.4385465323,1104,1200,2304,28,21,28,21,22.96,20,14.800000000000013,100,"SUCCESS",0,0,"",""
"A-G1.040-C3",71313,"promotion-1084",1,1064.8093988999,1644,1740,4032,38,30,38,30,38,35,8.571428571428562,90.47619047619048,"FAILED_OVERTIME",10.105263157900026,14.105263157899799,1160.8093988999,1174.9146620578
"A-G1.040-C3",71313,"promotion-1364",1,1401.860942141,2184,2280,4032,46,39,46,39,46,35,31.428571428571427,100,"SUCCESS",0,0,"",""
"A-G1.040-C3",71313,"promotion-1605",2,1717.0212770423,2724,2820,6912,61,54,61,54,43.92,60,-26.8,78.42100694444422,"FAILED_OVERTIME",24.45147540979997,28.45147540979997,1813.0212770423,1841.4727524521
"A-G1.040-C3",71313,"promotion-1827",2,2052.9719624403,3264,3360,6912,72,66,72,66,72,60,19.999999999999996,100,"SUCCESS",0,0,"",""
"A-G1.040-C3",71313,"promotion-2355",3,2690.5598384534,4344,4440,11520,100,94,100,94,90,100,-9.999999999999998,82.29166666666666,"FAILED_OVERTIME",20.399999999999636,24.40000000000009,2786.5598384534,2810.9598384534
"A-G1.040-C3",71313,"promotion-2562",3,3027.7580481285,4884,4980,11520,106,99,106,99,106,100,6.000000000000005,88.33333333333333,"FAILED_OVERTIME",12.679245282999545,16.679245283,3123.7580481285,3140.4372934115
"A-G1.040-C3",71313,"promotion-2785",3,3359.2268335198,5424,5520,11520,110,104,110,104,79.2,100,-20.799999999999997,84.84895833333333,"FAILED_OVERTIME",15.867272727299678,19.867272727300133,3455.2268335198,3475.0941062471
"A-G1.042-C2",42,"promotion-496",0,383.7942246107,564,660,2304,21,14,21,14,21,20,5.000000000000004,87.5,"FAILED_OVERTIME",13.71428571429999,17.71428571429999,479.7942246107,497.508510325
"A-G1.042-C2",42,"promotion-618",0,621.0433286666,924,1020,2304,26,19,26,19,23.400000000000002,20,17.000000000000014,100,"SUCCESS",0,0,"",""
"A-G1.042-C2",42,"promotion-972",1,1061.4093702415,1644,1740,4032,39,31,39,31,39,35,11.428571428571432,92.85714285714286,"FAILED_OVERTIME",7.384615384600011,11.38461538460001,1157.4093702415,1168.7939856261
"A-G1.042-C2",42,"promotion-1097",1,1291.7066229888,2004,2100,4032,45,38,45,38,40.5,35,15.714285714285726,100,"SUCCESS",0,0,"",""
"A-G1.042-C2",42,"promotion-1370",2,1607.0399268429,2544,2640,6912,61,54,61,54,61,60,1.6666666666666607,84.72222222222221,"FAILED_OVERTIME",17.311475409800096,21.31147540979987,1703.0399268429,1724.3514022527
"A-G1.042-C2",42,"promotion-1486",2,1837.2732601762,2904,3000,6912,69,62,69,62,69,60,14.999999999999991,95.83333333333334,"FAILED_OVERTIME",4.1739130434998515,8.173913043500079,1933.2732601762,1941.4471732197
"A-G1.042-C2",42,"promotion-1620",2,2057.1160969654,3264,3360,6912,74,68,74,68,66.60000000000001,60,11.00000000000001,95.71180555555569,"FAILED_OVERTIME",4.00540540539987,8.00540540539987,2153.1160969654,2161.1215023708
"A-G1.042-C2",42,"promotion-1773",2,2275.9942494683,3624,3720,6912,79,73,79,73,71.10000000000001,60,18.500000000000007,100,"SUCCESS",0,0,"",""
"A-G1.042-C2",42,"promotion-2378",3,3036.3126643774,4884,4980,11520,102,95,102,95,102,100,2.0000000000000018,85,"FAILED_OVERTIME",16.941176470600112,20.941176470600112,3132.3126643774,3153.253840848
"A-G1.042-C2",42,"promotion-2495",3,3275.941535309,5244,5340,11520,104,98,104,98,104,100,4.0000000000000036,86.66666666666667,"FAILED_OVERTIME",14.769230769199567,18.76923076920002,3371.941535309,3390.7107660782
"A-G1.042-C2",42,"promotion-2625",3,3507.7913136543,5604,5700,11520,107,101,107,101,96.3,100,-3.7000000000000033,"","",0,0,"",""
"A-G1.042-C2",7961,"promotion-548",0,383.5598632481,564,660,2304,21,13,21,13,21,20,5.000000000000004,87.5,"FAILED_OVERTIME",13.71428571429999,17.71428571429999,479.5598632481,497.2741489624
"A-G1.042-C2",7961,"promotion-731",0,625.672216934,924,1020,2304,23,16,23,16,23,20,14.999999999999991,95.83333333333334,"FAILED_OVERTIME",4.173913043500079,8.173913043500079,721.672216934,729.8461299775
"A-G1.042-C2",7961,"promotion-836",0,853.5848980934,1284,1380,2304,27,20,27,20,24.3,20,21.500000000000007,100,"SUCCESS",0,0,"",""
"A-G1.042-C2",7961,"promotion-1032",1,1180.9060384911,1824,1920,4032,36,29,36,29,36,35,2.857142857142847,85.71428571428571,"FAILED_OVERTIME",16,20,1276.9060384911,1296.9060384911
"A-G1.042-C2",7961,"promotion-1134",1,1413.2083373417,2184,2280,4032,40,32,40,32,32.800000000000004,35,-6.285714285714272,94.70238095238096,"FAILED_OVERTIME",5.3400000000001455,9.340000000000146,1509.2083373417,1518.5483373417
"A-G1.042-C2",7961,"promotion-1286",1,1636.7890099338,2544,2640,4032,43,35,43,35,43,35,22.857142857142865,100,"SUCCESS",0,0,"",""
"A-G1.042-C2",7961,"promotion-1616",2,2060.1059817971,3264,3360,6912,61,54,61,54,50.02,60,-16.633333333333333,84.24565972222221,"FAILED_OVERTIME",17.85147540980006,21.85147540980006,2156.1059817971,2177.9574572069
"A-G1.042-C2",7961,"promotion-1754",2,2296.6765906214,3624,3720,6912,67,59,67,59,67,60,11.66666666666667,93.05555555555556,"FAILED_OVERTIME",7.164179104499908,11.164179104499908,2392.6765906214,2403.8407697259
"A-G1.042-C2",7961,"promotion-1899",2,2523.1817354045,3984,4080,6912,72,66,72,66,63.36,60,5.600000000000005,96.99999999999996,"FAILED_OVERTIME",2.880000000000109,6.879999999999654,2619.1817354045,2626.0617354045
"A-G1.042-C2",7961,"promotion-2034",2,2747.7943401846,4344,4440,6912,75,69,75,69,75,60,25,100,"SUCCESS",0,0,"",""
"A-G1.042-C2",7961,"promotion-2725",3,3586.3146157109,5784,5880,11520,102,95,102,95,102,100,2.0000000000000018,"","",0,0,"",""
"A-G1.042-C2",15880,"promotion-460",0,381.4300379335,564,660,2304,21,14,21,14,17.220000000000002,20,-13.89999999999999,87.00781249999999,"FAILED_OVERTIME",14.254285714299954,18.25428571430001,477.4300379335,495.6843236478
"A-G1.042-C2",15880,"promotion-697",0,620.9003080171,924,1020,2304,23,16,23,16,23,20,14.999999999999991,95.83333333333334,"FAILED_OVERTIME",4.173913043500079,8.173913043500079,716.9003080171,725.0742210606
"A-G1.042-C2",15880,"promotion-885",0,853.0868026965,1284,1380,2304,26,18,26,18,21.32,20,6.600000000000006,100,"SUCCESS",0,0,"",""
"A-G1.042-C2",15880,"promotion-1161",1,1184.125938686,1824,1920,4032,36,29,36,29,31.68,35,-9.485714285714286,83.14285714285712,"FAILED_OVERTIME",18.88000000000011,22.88000000000011,1280.125938686,1303.005938686
"A-G1.042-C2",15880,"promotion-1300",1,1418.8361435195,2184,2280,4032,40,33,40,33,36,35,2.857142857142847,94.04761904761905,"FAILED_OVERTIME",6,10,1514.8361435195,1524.8361435195
"A-G1.042-C2",15880,"promotion-1478",1,1641.219732457,2544,2640,4032,43,35,43,35,38.7,35,10.571428571428587,99.18154761904756,"FAILED_OVERTIME",0.7674418605001847,4.767441860499957,1737.219732457,1741.9871743175
"A-G1.042-C2",15880,"promotion-1619",1,1861.2841052823,2904,3000,4032,47,39,47,39,41.36,35,18.17142857142857,100,"SUCCESS",0,0,"",""
"A-G1.042-C2",15880,"promotion-1851",2,2185.0061923178,3444,3540,6912,61,54,61,54,61,60,1.6666666666666607,84.72222222222221,"FAILED_OVERTIME",17.311475409800096,21.311475409800096,2281.0061923178,2302.3176677276
"A-G1.042-C2",15880,"promotion-1975",2,2417.1214680802,3804,3900,6912,69,61,69,61,62.1,60,3.499999999999992,94.63541666666664,"FAILED_OVERTIME",5.373913043500124,9.373913043500124,2513.1214680802,2522.4953811237
"A-G1.042-C2",15880,"promotion-2091",2,2635.4242410047,4164,4260,6912,73,67,73,67,73,60,21.666666666666657,100,"SUCCESS",0,0,"",""
"A-G1.042-C2",15880,"promotion-2761",3,3504.0078179994,5604,5700,11520,101,95,101,95,101,100,1.0000000000000009,"","",0,0,"",""
"A-G1.042-C2",23799,"promotion-507",0,386.4889870233,564,660,2304,21,13,21,13,17.220000000000002,20,-13.89999999999999,87.00781249999999,"FAILED_OVERTIME",14.254285714299954,18.25428571430001,482.4889870233,500.7432727376
"A-G1.042-C2",23799,"promotion-708",0,626.6882416812,924,1020,2304,23,15,23,15,20.7,20,3.499999999999992,92.83854166666666,"FAILED_OVERTIME",7.173913043500079,11.173913043499965,722.6882416812,733.8621547247
"A-G1.042-C2",23799,"promotion-904",0,861.5005895408,1284,1380,2304,25,18,25,18,25,20,25,100,"SUCCESS",0,0,"",""
"A-G1.042-C2",23799,"promotion-1148",1,1205.5564770918,1824,1920,4032,36,29,36,29,36,35,2.857142857142847,85.71428571428571,"FAILED_OVERTIME",16,20,1301.5564770918,1321.5564770918
"A-G1.042-C2",23799,"promotion-1273",1,1440.3522335432,2184,2280,4032,42,35,42,35,30.24,35,-13.600000000000001,92.56249999999994,"FAILED_OVERTIME",7.139999999999873,11.139999999999873,1536.3522335432,1547.4922335432
"A-G1.042-C2",23799,"promotion-1425",1,1666.8280785476,2544,2640,4032,46,39,46,39,46,35,31.428571428571427,100,"SUCCESS",0,0,"",""
"A-G1.042-C2",23799,"promotion-1623",2,1983.271421396,3084,3180,6912,61,53,61,53,53.68,60,-10.533333333333339,84.08680555555556,"FAILED_OVERTIME",18.031475409799896,22.03147540980035,2079.271421396,2101.3028968058
"A-G1.042-C2",23799,"promotion-1750",2,2217.0926964107,3444,3540,6912,64,57,64,57,64,60,6.666666666666665,88.88888888888889,"FAILED_OVERTIME",12,16,2313.0926964107,2329.0926964107
"A-G1.042-C2",23799,"promotion-1891",2,2447.1096176485,3804,3900,6912,70,62,70,62,70,60,16.666666666666675,97.22222222222221,"FAILED_OVERTIME",2.742857142899993,6.742857142899993,2543.1096176485,2549.8524747914
"A-G1.042-C2",23799,"promotion-2016",2,2660.1946392936,4164,4260,6912,76,69,76,69,76,60,26.66666666666666,100,"SUCCESS",0,0,"",""
"A-G1.042-C2",23799,"promotion-2602",3,3405.7417331335,5424,5520,11520,100,93,100,93,100,100,0,83.33333333333334,"FAILED_OVERTIME",19.199999999999818,23.199999999999818,3501.7417331335,3524.9417331335
"A-G1.042-C2",31718,"promotion-490",0,377.3603788926,564,660,2304,22,15,22,15,15.84,20,-20.799999999999997,75.5677083333335,"FAILED_OVERTIME",25.587272727300046,29.58727272729999,473.3603788926,502.9476516199
"A-G1.042-C2",31718,"promotion-735",0,620.4699133867,924,1020,2304,24,16,24,16,21.6,20,8.000000000000007,91.25000000000045,"FAILED_OVERTIME",8.400000000000091,12.399999999999977,716.4699133867,728.8699133867
"A-G1.042-C2",31718,"promotion-932",0,855.7340382818,1284,1380,2304,26,19,26,19,26,20,30.000000000000004,100,"SUCCESS",0,0,"",""
"A-G1.042-C2",31718,"promotion-1220",1,1179.643212183,1824,1920,4032,39,32,39,32,39,35,11.428571428571432,92.85714285714286,"FAILED_OVERTIME",7.384615384600011,11.38461538460001,1275.643212183,1287.0278275676
"A-G1.042-C2",31718,"promotion-1377",1,1405.2768920179,2184,2280,4032,44,36,44,36,44,35,25.71428571428571,100,"SUCCESS",0,0,"",""
"A-G1.042-C2",31718,"promotion-1607",2,1725.7097826853,2724,2820,6912,60,53,60,53,54,60,-9.999999999999998,82.29166666666666,"FAILED_OVERTIME",20.40000000000009,24.399999999999864,1821.7097826853,1846.1097826853
"A-G1.042-C2",31718,"promotion-1731",2,1956.0502588758,3084,3180,6912,67,60,67,60,67,60,11.66666666666667,93.05555555555556,"FAILED_OVERTIME",7.164179104499908,11.164179104499908,2052.0502588758,2063.2144379803
"A-G1.042-C2",31718,"promotion-1884",2,2176.7371550685,3444,3540,6912,73,66,73,66,73,60,21.666666666666657,100,"SUCCESS",0,0,"",""
"A-G1.042-C2",31718,"promotion-2453",3,2937.0635605752,4704,4800,11520,100,93,100,93,100,100,0,83.33333333333334,"FAILED_OVERTIME",19.199999999999818,23.199999999999818,3033.0635605752,3056.2635605752
"A-G1.042-C2",31718,"promotion-2597",3,3167.6548921438,5064,5160,11520,102,96,102,96,91.8,100,-8.200000000000006,80.74999999999987,"FAILED_OVERTIME",21.741176470600294,25.74117647059984,3263.6548921437,3289.3960686143
"A-G1.042-C2",31718,"promotion-2711",3,3403.5020587523,5424,5520,11520,106,100,106,100,106,100,6.000000000000005,88.33333333333333,"FAILED_OVERTIME",12.679245282999545,16.679245283,3499.5020587523,3516.1813040353
"A-G1.042-C2",39637,"promotion-485",0,374.8684306658,564,660,2304,21,14,21,14,18.900000000000002,20,-5.499999999999994,81.48437499999997,"FAILED_OVERTIME",20.314285714300013,24.314285714299956,470.8684306658,495.1827163801
"A-G1.042-C2",39637,"promotion-676",0,614.445217591,924,1020,2304,23,16,23,16,23,20,14.999999999999991,95.83333333333334,"FAILED_OVERTIME",4.173913043500079,8.173913043500079,710.445217591,718.6191306345
"A-G1.042-C2",39637,"promotion-877",0,842.6550599226,1284,1380,2304,26,19,26,19,21.32,20,6.600000000000006,100,"SUCCESS",0,0,"",""
"A-G1.042-C2",39637,"promotion-1107",1,1170.5905664568,1824,1920,4032,38,31,38,31,31.160000000000004,35,-10.971428571428564,83.86011904761898,"FAILED_OVERTIME",17.125263157900008,21.125263157900008,1266.5905664568,1287.7158296147
"A-G1.042-C2",39637,"promotion-1274",1,1408.0587473489,2184,2280,4032,42,35,42,35,42,35,19.999999999999996,100,"SUCCESS",0,0,"",""
"A-G1.042-C2",39637,"promotion-1602",2,1836.5223966359,2904,3000,6912,60,53,60,53,54,60,-9.999999999999998,79.16666666666666,"FAILED_OVERTIME",24,28,1932.5223966359,1960.5223966359
"A-G1.042-C2",39637,"promotion-1729",2,2071.16974642,3264,3360,6912,68,60,68,60,40.8,60,-32.00000000000001,82.46180555555581,"FAILED_OVERTIME",17.82705882350001,21.82705882350001,2167.16974642,2188.9968052435
"A-G1.042-C2",39637,"promotion-1849",2,2306.2830594213,3624,3720,6912,72,65,72,65,72,60,19.999999999999996,100,"SUCCESS",0,0,"",""
"A-G1.042-C2",39637,"promotion-2529",3,3172.0877170132,5064,5160,11520,102,95,102,95,83.64,100,-16.359999999999996,78.78437499999997,"FAILED_OVERTIME",23.96117647059964,27.961176470600094,3268.0877170132,3296.0488934838
"A-G1.042-C2",39637,"promotion-2651",3,3406.9104774286,5424,5520,11520,105,98,105,98,75.6,100,-24.40000000000001,72.1328125000001,"FAILED_OVERTIME",30.57428571429955,34.574285714300004,3502.9104774286,3537.4847631429
"A-G1.042-C2",47556,"promotion-337",0,257.8213591272,384,480,2304,20,13,20,13,20,20,0,83.33333333333334,"FAILED_OVERTIME",19.19999999999999,23.19999999999999,353.8213591272,377.0213591272
"A-G1.042-C2",47556,"promotion-490",0,494.4832638891,744,840,2304,25,17,25,17,20.5,20,2.499999999999991,96.54947916666666,"FAILED_OVERTIME",3.17999999999995,7.17999999999995,590.4832638891,597.6632638891
"A-G1.042-C2",47556,"promotion-627",0,724.5173646801,1104,1200,2304,26,19,26,19,21.32,20,6.600000000000006,96.75520833333337,"FAILED_OVERTIME",2.8753846153999802,6.875384615400094,820.5173646801,827.3927492955
"A-G1.042-C2",47556,"promotion-757",0,951.4404572308,1464,1560,2304,30,23,30,23,27,20,35.00000000000001,100,"SUCCESS",0,0,"",""
"A-G1.042-C2",47556,"promotion-1011",1,1278.6759424172,2004,2100,4032,38,31,38,31,34.2,35,-2.28571428571428,82.55952380952404,"FAILED_OVERTIME",18.505263157900117,22.50526315789989,1374.6759424172,1397.1812055751
"A-G1.042-C2",47556,"promotion-1159",1,1513.1008906746,2364,2460,4032,42,35,42,35,42,35,19.999999999999996,100,"SUCCESS",0,0,"",""
"A-G1.042-C2",47556,"promotion-1508",2,1941.7884563373,3084,3180,6912,64,57,64,57,64,60,6.666666666666665,88.88888888888889,"FAILED_OVERTIME",12,16,2037.7884563373,2053.7884563373
"A-G1.042-C2",47556,"promotion-1634",2,2168.6504737122,3444,3540,6912,69,62,69,62,62.1,60,3.499999999999992,91.04166666666681,"FAILED_OVERTIME",8.973913043500033,12.973913043500033,2264.6504737122,2277.6243867557
"A-G1.042-C2",47556,"promotion-1762",2,2390.0664430778,3804,3900,6912,73,67,73,67,52.559999999999995,60,-12.400000000000011,99.55121527777777,"FAILED_OVERTIME",0.42493150680002145,4.4249315068000215,2486.0664430778,2490.4913745846
"A-G1.042-C2",47556,"promotion-1884",2,2604.7650419456,4164,4260,6912,76,70,76,70,68.4,60,14.000000000000012,100,"SUCCESS",0,0,"",""
"A-G1.042-C2",47556,"promotion-2450",3,3246.951626388,5244,5340,11520,102,96,102,96,102,100,2.0000000000000018,85,"FAILED_OVERTIME",16.941176470600112,20.941176470600112,3342.951626388,3363.8928028586
"A-G1.042-C2",47556,"promotion-2567",3,3489.3239026566,5604,5700,11520,104,97,104,97,104,100,4.0000000000000036,86.66666666666667,"FAILED_OVERTIME",10.676097343400215,0,3585.3239026566,""
"A-G1.042-C2",55475,"promotion-476",0,386.2170987344,564,660,2304,20,13,20,13,20,20,0,83.33333333333334,"FAILED_OVERTIME",19.200000000000045,23.19999999999999,482.2170987344,505.4170987344
"A-G1.042-C2",55475,"promotion-662",0,626.426261079,924,1020,2304,22,15,22,15,22,20,10.000000000000009,91.66666666666666,"FAILED_OVERTIME",8.727272727300033,12.727272727299919,722.426261079,735.1535338063
"A-G1.042-C2",55475,"promotion-772",0,858.8164125941,1284,1380,2304,27,19,27,19,27,20,35.00000000000001,100,"SUCCESS",0,0,"",""
"A-G1.042-C2",55475,"promotion-1129",1,1306.1991303171,2004,2100,4032,38,30,38,30,34.2,35,-2.28571428571428,87.64880952380946,"FAILED_OVERTIME",13.105263157900026,17.105263157900026,1402.1991303171,1419.304393475
"A-G1.042-C2",55475,"promotion-1281",1,1540.3999553576,2364,2460,4032,41,34,41,34,41,35,17.14285714285715,97.61904761904762,"FAILED_OVERTIME",2.3414634146001845,6.341463414599957,1636.3999553576,1642.7414187722
"A-G1.042-C2",55475,"promotion-1466",1,1762.7801379211,2724,2820,4032,45,38,45,38,45,35,28.57142857142858,100,"SUCCESS",0,0,"",""
"A-G1.042-C2",55475,"promotion-1786",2,2193.8134499712,3444,3540,6912,66,58,66,58,66,60,10.000000000000009,91.66666666666666,"FAILED_OVERTIME",8.727272727299805,12.727272727299805,2289.8134499712,2302.5407226985
"A-G1.042-C2",55475,"promotion-1897",2,2415.7484656564,3804,3900,6912,68,61,68,61,68,60,13.33333333333333,94.44444444444444,"FAILED_OVERTIME",5.647058823500174,9.64705882349972,2511.7484656564,2521.3955244799
"A-G1.042-C2",55475,"promotion-2063",2,2636.2321833603,4164,4260,6912,76,69,76,69,76,60,26.66666666666666,100,"SUCCESS",0,0,"",""
"A-G1.042-C2",55475,"promotion-2641",3,3281.6704007176,5244,5340,11520,100,93,100,93,90,100,-9.999999999999998,80.72916666666666,"FAILED_OVERTIME",22.199999999999818,26.200000000000273,3377.6704007176,3403.8704007176
"A-G1.042-C2",55475,"promotion-2767",3,3512.9340664556,5604,5700,11520,103,96,103,96,92.7,100,-7.299999999999995,"","",0,0,"",""
"A-G1.042-C2",63394,"promotion-295",0,269.2309465276,384,480,2304,20,13,20,13,17.6,20,-11.99999999999999,82.70833333333334,"FAILED_OVERTIME",19.920000000000016,23.920000000000016,365.2309465276,389.1509465276
"A-G1.042-C2",63394,"promotion-413",0,509.7577821293,744,840,2304,25,17,25,17,22,20,10.000000000000009,100,"SUCCESS",0,0,"",""
"A-G1.042-C2",63394,"promotion-850",1,1058.2081693834,1644,1740,4032,38,31,38,31,31.160000000000004,35,-10.971428571428564,80.80654761904749,"FAILED_OVERTIME",20.365263157900017,24.365263157900017,1154.2081693834,1178.5734325413
"A-G1.042-C2",63394,"promotion-997",1,1292.8674188186,2004,2100,4032,41,33,41,33,36.08,35,3.0857142857142916,96.88690476190476,"FAILED_OVERTIME",3.0614634145999844,7.061463414599984,1388.8674188186,1395.9288822332
"A-G1.042-C2",63394,"promotion-1130",1,1509.7826197478,2364,2460,4032,46,39,46,39,46,35,31.428571428571427,100,"SUCCESS",0,0,"",""
"A-G1.042-C2",63394,"promotion-1434",2,1928.9437586,3084,3180,6912,65,58,65,58,50.7,60,-15.499999999999991,86.7795138888889,"FAILED_OVERTIME",14.058461538500069,18.05846153850007,2024.9437586,2043.0022201385
"A-G1.042-C2",63394,"promotion-1563",2,2165.7620276449,3444,3540,6912,71,63,71,63,71,60,18.333333333333336,98.61111111111111,"FAILED_OVERTIME",1.3521126761002051,5.35211267609975,2261.7620276449,2267.114140321
"A-G1.042-C2",63394,"promotion-1720",2,2382.8727438969,3804,3900,6912,75,69,75,69,75,60,25,100,"SUCCESS",0,0,"",""
"A-G1.042-C2",63394,"promotion-2235",3,3133.3897890916,5064,5160,11520,101,94,101,94,101,100,1.0000000000000009,84.16666666666667,"FAILED_OVERTIME",18.0594059406003,22.059405940599845,3229.3897890916,3251.4491950322
"A-G1.042-C2",63394,"promotion-2369",3,3367.8905945889,5424,5520,11520,104,98,104,98,104,100,4.0000000000000036,86.66666666666667,"FAILED_OVERTIME",14.769230769199567,18.76923076920002,3463.8905945889,3482.6598253581
"A-G1.042-C2",63394,"promotion-2495",3,3599.3843803031,5784,5880,11520,105,99,105,99,94.5,100,-5.500000000000005,"","",0,0,"",""
"A-G1.042-C2",71313,"promotion-503",0,384.0626361098,564,660,2304,21,14,21,14,21,20,5.000000000000004,87.5,"FAILED_OVERTIME",13.71428571429999,17.71428571429999,480.0626361098,497.7769218241
"A-G1.042-C2",71313,"promotion-733",0,623.5512680294,924,1020,2304,23,16,23,16,23,20,14.999999999999991,95.83333333333334,"FAILED_OVERTIME",4.173913043500079,8.173913043499965,719.5512680294,727.7251810729
"A-G1.042-C2",71313,"promotion-860",0,854.2285206743,1284,1380,2304,28,21,28,21,28,20,39.99999999999999,100,"SUCCESS",0,0,"",""
"A-G1.042-C2",71313,"promotion-1086",1,1175.6773161925,1824,1920,4032,38,31,38,31,38,35,8.571428571428562,90.47619047619048,"FAILED_OVERTIME",10.105263157900026,14.105263157900026,1271.6773161925,1285.7825793504
"A-G1.042-C2",71313,"promotion-1251",1,1412.3160630635,2184,2280,4032,41,34,41,34,41,35,17.14285714285715,97.61904761904762,"FAILED_OVERTIME",2.3414634146001845,6.341463414599957,1508.3160630635,1514.6575264781
"A-G1.042-C2",71313,"promotion-1380",1,1628.5232639927,2544,2640,4032,46,39,46,39,41.4,35,18.285714285714285,99.9404761904757,"FAILED_OVERTIME",0.052173912999933236,4.052173912999933,1724.5232639927,1728.5754379057
"A-G1.042-C2",71313,"promotion-1531",1,1846.0114838103,2904,3000,4032,49,42,49,42,49,35,39.99999999999999,100,"SUCCESS",0,0,"",""
"A-G1.042-C2",71313,"promotion-1710",2,2057.5267024621,3264,3360,6912,60,52,60,52,49.2,60,-17.999999999999993,74.42708333333343,"FAILED_OVERTIME",29.460000000000036,33.460000000000036,2153.5267024621,2186.9867024621
"A-G1.042-C2",71313,"promotion-1828",2,2297.5975124078,3624,3720,6912,64,57,64,57,64,60,6.666666666666665,88.88888888888889,"FAILED_OVERTIME",12,16,2393.5975124078,2409.5975124078
"A-G1.042-C2",71313,"promotion-1952",2,2526.0032318748,3984,4080,6912,72,65,72,65,72,60,19.999999999999996,100,"SUCCESS",0,0,"",""
"A-G1.042-C2",71313,"promotion-2567",3,3365.2406123411,5424,5520,11520,103,96,103,96,103,100,3.0000000000000027,85.83333333333333,"FAILED_OVERTIME",15.844660194199605,19.84466019420006,3461.2406123411,3481.0852725353
"A-G1.042-C3",42,"promotion-496",0,383.7942246107,564,660,2304,21,14,21,14,21,20,5.000000000000004,87.5,"FAILED_OVERTIME",13.71428571429999,17.71428571429999,479.7942246107,497.508510325
"A-G1.042-C3",42,"promotion-752",0,729.3178384705,1104,1200,2304,27,20,27,20,24.3,20,21.500000000000007,100,"SUCCESS",0,0,"",""
"A-G1.042-C3",42,"promotion-1127",1,1167.2579671306,1824,1920,4032,41,34,41,34,41,35,17.14285714285715,97.61904761904762,"FAILED_OVERTIME",2.341463414599957,6.341463414599957,1263.2579671306,1269.5994305452
"A-G1.042-C3",42,"promotion-1394",1,1493.1961047912,2364,2460,4032,47,40,47,40,47,35,34.28571428571428,100,"SUCCESS",0,0,"",""
"A-G1.042-C3",42,"promotion-1675",2,1815.7661030002,2904,3000,6912,63,56,63,56,56.7,60,-5.499999999999994,83.12500000000006,"FAILED_OVERTIME",18.51428571430006,22.51428571430006,1911.7661030002,1934.2803887145
"A-G1.042-C3",42,"promotion-1943",2,2169.6876035535,3444,3540,6912,73,66,73,66,73,60,21.666666666666657,100,"SUCCESS",0,0,"",""
"A-G1.042-C3",42,"promotion-2650",3,3031.5861148834,4884,4980,11520,100,93,100,93,72,100,-28.000000000000004,68.69791666666667,"FAILED_OVERTIME",36.0600000000004,40.059999999999945,3127.5861148834,3167.6461148834
"A-G1.042-C3",42,"promotion-2876",3,3391.8298029478,5424,5520,11520,106,99,106,99,76.32,100,-23.680000000000014,72.81979166666669,"FAILED_OVERTIME",29.539245283000128,33.53924528300013,3487.8298029478,3521.3690482308
"A-G1.042-C3",7961,"promotion-548",0,383.5598632481,564,660,2304,21,13,21,13,21,20,5.000000000000004,87.5,"FAILED_OVERTIME",13.71428571429999,17.71428571429999,479.5598632481,497.2741489624
"A-G1.042-C3",7961,"promotion-916",0,739.0142375793,1104,1200,2304,26,18,26,18,23.400000000000002,20,17.000000000000014,100,"SUCCESS",0,0,"",""
"A-G1.042-C3",7961,"promotion-1139",1,1071.3501210778,1644,1740,4032,40,32,40,32,28.799999999999997,35,-17.714285714285726,88.1547619047619,"FAILED_OVERTIME",11.940000000000055,15.940000000000055,1167.3501210778,1183.2901210778
"A-G1.042-C3",7961,"promotion-1450",1,1415.574063759,2184,2280,4032,51,43,51,43,51,35,45.71428571428571,100,"SUCCESS",0,0,"",""
"A-G1.042-C3",7961,"promotion-1651",2,1634.943019629,2544,2640,6912,65,58,65,58,58.5,60,-2.500000000000002,82.37847222222221,"FAILED_OVERTIME",18.738461538499905,22.738461538499905,1730.943019629,1753.6814811675
"A-G1.042-C3",7961,"promotion-1951",2,1982.1180328716,3084,3180,6912,76,70,76,70,76,60,26.66666666666666,100,"SUCCESS",0,0,"",""
"A-G1.042-C3",7961,"promotion-2474",3,2617.0440078561,4164,4260,11520,101,94,101,94,101,100,1.0000000000000009,84.16666666666667,"FAILED_OVERTIME",18.0594059406003,22.059405940599845,2713.0440078561,2735.1034137967
"A-G1.042-C3",7961,"promotion-2729",3,2952.2205607412,4704,4800,11520,108,101,108,101,108,100,8.000000000000007,90,"FAILED_OVERTIME",10.666666666699712,14.666666666699712,3048.2205607412,3062.8872274079
"A-G1.042-C3",7961,"promotion-2959",3,3279.8006563643,5244,5340,11520,112,105,112,105,100.8,100,0.8000000000000007,90.41666666666663,"FAILED_OVERTIME",9.85714285710037,13.85714285710037,3375.8006563643,3389.6577992214
"A-G1.042-C3",15880,"promotion-460",0,381.4300379335,564,660,2304,21,14,21,14,17.220000000000002,20,-13.89999999999999,87.00781249999999,"FAILED_OVERTIME",14.254285714299954,18.25428571430001,477.4300379335,495.6843236478
"A-G1.042-C3",15880,"promotion-894",0,735.7360363032,1104,1200,2304,26,19,26,19,18.72,20,-6.400000000000006,100,"SUCCESS",0,0,"",""
"A-G1.042-C3",15880,"promotion-1017",1,954.878831175,1464,1560,4032,35,28,35,28,31.5,35,-9.999999999999998,76.04166666666666,"FAILED_OVERTIME",27.59999999999991,31.600000000000136,1050.878831175,1082.478831175
"A-G1.042-C3",15880,"promotion-1284",1,1306.0572633533,2004,2100,4032,46,39,46,39,46,35,31.428571428571427,100,"SUCCESS",0,0,"",""
"A-G1.042-C3",15880,"promotion-1634",2,1746.7694383241,2724,2820,6912,62,55,62,55,44.64,60,-25.6,70.98784722222213,"FAILED_OVERTIME",32.343870967699786,36.34387096770001,1842.7694383241,1879.1133092918
"A-G1.042-C3",15880,"promotion-1874",2,2096.1935598875,3264,3360,6912,72,65,72,65,72,60,19.999999999999996,100,"SUCCESS",0,0,"",""
"A-G1.042-C3",15880,"promotion-2463",3,2852.694555526,4524,4620,11520,100,94,100,94,100,100,0,83.33333333333334,"FAILED_OVERTIME",19.199999999999818,23.200000000000273,2948.694555526,2971.894555526
"A-G1.042-C3",15880,"promotion-2728",3,3191.4291268518,5064,5160,11520,106,99,106,99,82.68,100,-17.31999999999999,81.26666666666664,"FAILED_OVERTIME",20.359245282999836,24.359245282999836,3287.4291268518,3311.7883721348
"A-G1.042-C3",15880,"promotion-2953",3,3529.6384369495,5604,5700,11520,111,104,111,104,111,100,11.00000000000001,"","",0,0,"",""
"A-G1.042-C3",23799,"promotion-507",0,386.4889870233,564,660,2304,21,13,21,13,17.220000000000002,20,-13.89999999999999,87.00781249999999,"FAILED_OVERTIME",14.254285714299954,18.25428571430001,482.4889870233,500.7432727376
"A-G1.042-C3",23799,"promotion-879",0,739.7106789607,1104,1200,2304,26,19,26,19,26,20,30.000000000000004,100,"SUCCESS",0,0,"",""
"A-G1.042-C3",23799,"promotion-1266",1,1182.4952110557,1824,1920,4032,37,30,37,30,37,35,5.714285714285716,88.09523809523809,"FAILED_OVERTIME",12.972972972999969,16.97297297299997,1278.4952110557,1295.4681840287
"A-G1.042-C3",23799,"promotion-1561",1,1516.6240436868,2364,2460,4032,47,40,47,40,47,35,34.28571428571428,100,"SUCCESS",0,0,"",""
"A-G1.042-C3",23799,"promotion-1839",2,1847.0898950256,2904,3000,6912,61,54,61,54,54.9,60,-8.500000000000007,80.48611111111096,"FAILED_OVERTIME",22.111475409799823,26.111475409799823,1943.0898950256,1969.2013704354
"A-G1.042-C3",23799,"promotion-2101",2,2196.2721672167,3444,3540,6912,73,66,73,66,64.24,60,7.0666666666666655,98.34722222222217,"FAILED_OVERTIME",1.5649315067998941,5.564931506799894,2292.2721672167,2297.8370987235
"A-G1.042-C3",23799,"promotion-2391",2,2519.2794199967,3984,4080,6912,83,77,83,77,83,60,38.33333333333333,100,"SUCCESS",0,0,"",""
"A-G1.042-C3",23799,"promotion-2801",3,3059.5835730201,4884,4980,11520,100,94,100,94,100,100,0,83.33333333333334,"FAILED_OVERTIME",19.199999999999818,23.199999999999818,3155.5835730201,3178.7835730201
"A-G1.042-C3",23799,"promotion-2981",3,3402.569677,5424,5520,11520,105,99,105,99,94.5,100,-5.500000000000005,81.484375,"FAILED_OVERTIME",20.31428571430024,24.31428571430024,3498.569677,3522.8839627143
"A-G1.042-C3",31718,"promotion-490",0,377.3603788926,564,660,2304,22,15,22,15,15.84,20,-20.799999999999997,75.5677083333335,"FAILED_OVERTIME",25.587272727300046,29.58727272729999,473.3603788926,502.9476516199
"A-G1.042-C3",31718,"promotion-914",0,732.4200299724,1104,1200,2304,26,19,26,19,26,20,30.000000000000004,100,"SUCCESS",0,0,"",""
"A-G1.042-C3",31718,"promotion-1340",1,1180.8979497335,1824,1920,4032,39,32,39,32,39,35,11.428571428571432,92.85714285714286,"FAILED_OVERTIME",7.384615384600011,11.38461538460001,1276.8979497335,1288.2825651181
"A-G1.042-C3",31718,"promotion-1629",1,1523.1067483161,2364,2460,4032,47,39,47,39,47,35,34.28571428571428,100,"SUCCESS",0,0,"",""
"A-G1.042-C3",31718,"promotion-1878",2,1839.2930307423,2904,3000,6912,60,53,60,53,60,60,0,83.33333333333334,"FAILED_OVERTIME",19.199999999999818,23.200000000000045,1935.2930307423,1958.4930307423
"A-G1.042-C3",31718,"promotion-2131",2,2178.8010112077,3444,3540,6912,73,67,73,67,59.86000000000001,60,-0.23333333333331874,93.97482638888884,"FAILED_OVERTIME",5.7049315068002215,9.704931506800222,2274.8010112077,2284.5059427145
"A-G1.042-C3",31718,"promotion-2419",2,2503.2400452538,3984,4080,6912,82,75,82,75,82,60,36.66666666666667,100,"SUCCESS",0,0,"",""
"A-G1.042-C3",31718,"promotion-2867",3,3035.7825294601,4884,4980,11520,101,94,101,94,82.82000000000001,100,-17.179999999999996,75.17135416666656,"FAILED_OVERTIME",28.31940594059961,32.31940594060006,3131.7825294601,3164.1019354007
"A-G1.042-C3",31718,"promotion-3160",3,3390.0814679346,5424,5520,11520,107,100,107,100,77.03999999999999,100,-22.96,73.50677083333349,"FAILED_OVERTIME",28.523551401899567,32.52355140190002,3486.0814679346,3518.6050193365
"A-G1.042-C3",39637,"promotion-485",0,374.8684306658,564,660,2304,21,14,21,14,18.900000000000002,20,-5.499999999999994,81.48437499999997,"FAILED_OVERTIME",20.314285714300013,24.314285714299956,470.8684306658,495.1827163801
"A-G1.042-C3",39637,"promotion-846",0,726.4154804257,1104,1200,2304,26,19,26,19,21.32,20,6.600000000000006,100,"SUCCESS",0,0,"",""
"A-G1.042-C3",39637,"promotion-1256",1,1167.4383407175,1824,1920,4032,42,35,42,35,42,35,19.999999999999996,100,"SUCCESS",0,0,"",""
"A-G1.042-C3",39637,"promotion-1562",2,1601.9925808307,2544,2640,6912,66,59,66,59,66,60,10.000000000000009,91.66666666666666,"FAILED_OVERTIME",8.727272727299805,12.727272727300033,1697.9925808307,1710.719853558
"A-G1.042-C3",39637,"promotion-1819",2,1929.0932098843,3084,3180,6912,73,66,73,66,73,60,21.666666666666657,100,"SUCCESS",0,0,"",""
"A-G1.042-C3",39637,"promotion-2430",3,2680.6241766172,4344,4440,11520,101,94,101,94,101,100,1.0000000000000009,84.16666666666667,"FAILED_OVERTIME",18.0594059406003,22.059405940599845,2776.6241766172,2798.6835825578
"A-G1.042-C3",39637,"promotion-2660",3,3017.1794438685,4884,4980,11520,106,100,106,100,106,100,6.000000000000005,88.33333333333333,"FAILED_OVERTIME",12.679245282999545,16.679245283,3113.1794438685,3129.8586891515
"A-G1.042-C3",39637,"promotion-2909",3,3356.9778142091,5424,5520,11520,111,104,111,104,99.9,100,-0.09999999999998899,86.14062500000021,"FAILED_OVERTIME",14.383783783800027,18.383783783800027,3452.9778142091,3471.3615979929
"A-G1.042-C3",47556,"promotion-337",0,257.8213591272,384,480,2304,20,13,20,13,20,20,0,83.33333333333334,"FAILED_OVERTIME",19.19999999999999,23.19999999999999,353.8213591272,377.0213591272
"A-G1.042-C3",47556,"promotion-603",0,606.4296104259,924,1020,2304,27,19,27,19,27,20,35.00000000000001,100,"SUCCESS",0,0,"",""
"A-G1.042-C3",47556,"promotion-968",1,1043.0237350007,1644,1740,4032,37,30,37,30,26.64,35,-23.885714285714286,81.54315476190489,"FAILED_OVERTIME",20.11297297300007,24.11297297299984,1139.0237350007,1163.1367079737
"A-G1.042-C3",47556,"promotion-1264",1,1386.9103077836,2184,2280,4032,44,36,44,36,39.6,35,13.142857142857146,97.55952380952411,"FAILED_OVERTIME",2.236363636399801,6.2363636364000286,1482.9103077836,1489.14667142
"A-G1.042-C3",47556,"promotion-1566",1,1712.3900349276,2724,2820,4032,52,45,52,45,42.64,35,21.82857142857142,100,"SUCCESS",0,0,"",""
"A-G1.042-C3",47556,"promotion-1740",2,1925.3095881556,3084,3180,6912,60,52,60,52,60,60,0,83.33333333333334,"FAILED_OVERTIME",19.199999999999818,23.200000000000045,2021.3095881556,2044.5095881556
"A-G1.042-C3",47556,"promotion-1949",2,2263.2087386246,3624,3720,6912,71,64,71,64,63.9,60,6.499999999999995,95.52951388888884,"FAILED_OVERTIME",4.352112676100205,8.352112676100205,2359.2087386246,2367.5608513007
"A-G1.042-C3",47556,"promotion-2160",2,2584.1321068026,4164,4260,6912,76,69,76,69,76,60,26.66666666666666,100,"SUCCESS",0,0,"",""
"A-G1.042-C3",47556,"promotion-2707",3,3235.2306914532,5244,5340,11520,100,94,100,94,100,100,0,83.33333333333334,"FAILED_OVERTIME",19.199999999999818,23.199999999999818,3331.2306914532,3354.4306914532
"A-G1.042-C3",47556,"promotion-2988",3,3576.1195800042,5784,5880,11520,108,101,108,101,108,100,8.000000000000007,"","",0,0,"",""
"A-G1.042-C3",55475,"promotion-476",0,386.2170987344,564,660,2304,20,13,20,13,20,20,0,83.33333333333334,"FAILED_OVERTIME",19.200000000000045,23.19999999999999,482.2170987344,505.4170987344
"A-G1.042-C3",55475,"promotion-838",0,738.5155562426,1104,1200,2304,26,19,26,19,23.400000000000002,20,17.000000000000014,100,"SUCCESS",0,0,"",""
"A-G1.042-C3",55475,"promotion-1204",1,1177.5916515998,1824,1920,4032,36,28,36,28,36,35,2.857142857142847,85.71428571428571,"FAILED_OVERTIME",16,20,1273.5916515998,1293.5916515998
"A-G1.042-C3",55475,"promotion-1492",1,1524.1914616264,2364,2460,4032,44,37,44,37,44,35,25.71428571428571,100,"SUCCESS",0,0,"",""
"A-G1.042-C3",55475,"promotion-1796",2,1940.7299814399,3084,3180,6912,65,58,65,58,65,60,8.333333333333325,90.27777777777779,"FAILED_OVERTIME",10.338461538499814,14.338461538500042,2036.7299814399,2051.0684429784
"A-G1.042-C3",55475,"promotion-2050",2,2274.6536493685,3624,3720,6912,73,66,73,66,65.7,60,9.499999999999996,92.51736111111158,"FAILED_OVERTIME",7.084931506799876,11.08493150680033,2370.6536493685,2381.7385808753
"A-G1.042-C3",55475,"promotion-2278",2,2604.538128135,4164,4260,6912,80,73,80,73,70.4,60,17.333333333333336,100,"SUCCESS",0,0,"",""
"A-G1.042-C3",55475,"promotion-2801",3,3344.8463335359,5424,5520,11520,101,94,101,94,90.9,100,-9.099999999999998,78.3802083333335,"FAILED_OVERTIME",24.659405940599754,28.659405940599754,3440.8463335359,3469.5057394765
"A-G1.042-C3",63394,"promotion-295",0,269.2309465276,384,480,2304,20,13,20,13,17.6,20,-11.99999999999999,82.70833333333334,"FAILED_OVERTIME",19.920000000000016,23.920000000000016,365.2309465276,389.1509465276
"A-G1.042-C3",63394,"promotion-566",0,627.8077821293,924,1020,2304,26,19,26,19,26,20,30.000000000000004,100,"SUCCESS",0,0,"",""
"A-G1.042-C3",63394,"promotion-934",1,1058.9688620383,1644,1740,4032,37,30,37,30,26.64,35,-23.885714285714286,81.54315476190487,"FAILED_OVERTIME",20.11297297300007,24.11297297300007,1154.9688620383,1179.0818350113
"A-G1.042-C3",63394,"promotion-1208",1,1400.161098206,2184,2280,4032,44,37,44,37,31.68,35,-9.485714285714286,100,"SUCCESS",0,0,"",""
"A-G1.042-C3",63394,"promotion-1460",2,1723.5241531379,2724,2820,6912,61,54,61,54,50.02,60,-16.633333333333333,75.66753472222246,"FAILED_OVERTIME",27.57147540979986,31.571475409800087,1819.5241531381,1851.0956285479
"A-G1.042-C3",63394,"promotion-1678",2,2072.8993891301,3264,3360,6912,69,62,69,62,62.1,60,3.499999999999992,89.24479166666691,"FAILED_OVERTIME",10.773913043500215,14.77391304349976,2168.8993891301,2183.6733021736
"A-G1.042-C3",63394,"promotion-1916",2,2402.4633189592,3804,3900,6912,79,73,79,73,56.879999999999995,60,-5.200000000000005,100,"SUCCESS",0,0,"",""
"A-G1.042-C3",63394,"promotion-2413",3,2925.3357783963,4704,4800,11520,101,95,101,95,101,100,1.0000000000000009,84.16666666666667,"FAILED_OVERTIME",18.0594059406003,22.059405940599845,3021.3357783963,3043.3951843369
"A-G1.042-C3",63394,"promotion-2716",3,3263.8283589639,5244,5340,11520,108,102,108,102,108,100,8.000000000000007,90,"FAILED_OVERTIME",10.666666666699712,14.666666666700166,3359.8283589639,3374.4950256306
"A-G1.042-C3",63394,"promotion-2963",3,3592.4875570648,5784,5880,11520,113,106,113,106,101.7,100,1.7000000000000126,"","",0,0,"",""
"A-G1.042-C3",71313,"promotion-503",0,384.0626361098,564,660,2304,21,14,21,14,21,20,5.000000000000004,87.5,"FAILED_OVERTIME",13.71428571429999,17.71428571429999,480.0626361098,497.7769218241
"A-G1.042-C3",71313,"promotion-833",0,731.8257778333,1104,1200,2304,27,20,27,20,24.3,20,21.500000000000007,100,"SUCCESS",0,0,"",""
"A-G1.042-C3",71313,"promotion-1266",1,1172.9906297194,1824,1920,4032,37,30,37,30,33.300000000000004,35,-4.857142857142849,83.69047619047633,"FAILED_OVERTIME",17.772972972999924,21.772972972999924,1268.9906297194,1290.7636026924
"A-G1.042-C3",71313,"promotion-1505",1,1509.3500595439,2364,2460,4032,48,41,48,41,39.36,35,12.457142857142856,100,"SUCCESS",0,0,"",""
"A-G1.042-C3",71313,"promotion-1667",2,1729.0015554114,2724,2820,6912,60,52,60,52,60,60,0,83.33333333333334,"FAILED_OVERTIME",19.199999999999818,23.200000000000045,1825.0015554114,1848.2015554114
"A-G1.042-C3",71313,"promotion-1901",2,2078.6433096931,3264,3360,6912,72,66,72,66,51.839999999999996,60,-13.600000000000001,92.5624999999997,"FAILED_OVERTIME",7.139999999999873,11.139999999999873,2174.6433096931,2185.7833096931
"A-G1.042-C3",71313,"promotion-2147",2,2413.7405261968,3804,3900,6912,78,72,78,72,78,60,30.000000000000004,100,"SUCCESS",0,0,"",""
"A-G1.042-C3",71313,"promotion-2725",3,3063.0078222783,4884,4980,11520,100,94,100,94,90,100,-9.999999999999998,82.29166666666666,"FAILED_OVERTIME",20.399999999999636,24.40000000000009,3159.0078222783,3183.4078222783
"A-G1.042-C3",71313,"promotion-2992",3,3411.624114545,5424,5520,11520,105,99,105,99,86.10000000000001,100,-13.89999999999999,78.14843749999999,"FAILED_OVERTIME",23.974285714300095,27.974285714300095,3507.624114545,3535.5984002593
"A-G1.045-C2",42,"promotion-462",0,382.4977492673,564,660,2304,20,13,20,13,16.400000000000002,20,-17.999999999999993,82.86458333333333,"FAILED_OVERTIME",19.74000000000001,23.74000000000001,478.4977492673,502.2377492673
"A-G1.045-C2",42,"promotion-650",0,626.5988946571,924,1020,2304,23,16,23,16,23,20,14.999999999999991,95.83333333333334,"FAILED_OVERTIME",4.173913043500079,8.173913043499965,722.5988946571,730.7728077006
"A-G1.045-C2",42,"promotion-854",0,856.4451865709,1284,1380,2304,25,18,25,18,25,20,25,100,"SUCCESS",0,0,"",""
"A-G1.045-C2",42,"promotion-1275",1,1287.0624198258,2004,2100,4032,41,34,41,34,41,35,17.14285714285715,97.61904761904762,"FAILED_OVERTIME",2.3414634146001845,6.3414634146001845,1383.0624198258,1389.4038832404
"A-G1.045-C2",42,"promotion-1414",1,1505.6685329797,2364,2460,4032,43,36,43,36,43,35,22.857142857142865,100,"SUCCESS",0,0,"",""
"A-G1.045-C2",42,"promotion-1673",2,1827.7296547969,2904,3000,6912,61,54,61,54,61,60,1.6666666666666607,84.72222222222221,"FAILED_OVERTIME",17.311475409800096,21.311475409800096,1923.7296547969,1945.0411302067
"A-G1.045-C2",42,"promotion-1807",2,2062.8146935546,3264,3360,6912,69,62,69,62,69,60,14.999999999999991,95.83333333333334,"FAILED_OVERTIME",4.1739130434998515,8.173913043499851,2158.8146935546,2166.9886065981
"A-G1.045-C2",42,"promotion-1939",2,2279.115250517,3624,3720,6912,73,67,73,67,73,60,21.666666666666657,100,"SUCCESS",0,0,"",""
"A-G1.045-C2",42,"promotion-2775",3,3243.6584445816,5244,5340,11520,101,94,101,94,90.9,100,-9.099999999999998,81.53645833333327,"FAILED_OVERTIME",21.0594059406003,25.059405940599845,3339.6584445816,3364.7178505222
"A-G1.045-C2",42,"promotion-2873",3,3474.7512813937,5604,5700,11520,103,96,103,96,103,100,3.0000000000000027,85.83333333333333,"FAILED_OVERTIME",15.844660194199605,19.84466019420006,3570.7512813937,3590.5959415879
"A-G1.045-C2",7961,"promotion-493",0,387.5227457562,564,660,2304,20,13,20,13,18,20,-9.999999999999998,77.60416666666666,"FAILED_OVERTIME",25.799999999999955,29.80000000000001,483.5227457562,513.3227457562
"A-G1.045-C2",7961,"promotion-601",0,627.9213171848,924,1020,2304,24,17,24,17,24,20,19.999999999999996,100,"SUCCESS",0,0,"",""
"A-G1.045-C2",7961,"promotion-1009",1,1179.1423035434,1824,1920,4032,36,30,36,30,31.68,35,-9.485714285714286,83.14285714285712,"FAILED_OVERTIME",18.88000000000011,22.88000000000011,1275.1423035434,1298.0223035434
"A-G1.045-C2",7961,"promotion-1145",1,1420.294602394,2184,2280,4032,40,33,40,33,40,35,14.28571428571428,95.23809523809523,"FAILED_OVERTIME",4.800000000000182,8.799999999999955,1516.294602394,1525.094602394
"A-G1.045-C2",7961,"promotion-1270",1,1641.342915692,2544,2640,4032,43,37,43,37,43,35,22.857142857142865,100,"SUCCESS",0,0,"",""
"A-G1.045-C2",7961,"promotion-1469",2,1973.2836832829,3084,3180,6912,60,53,60,53,54,60,-9.999999999999998,80.72916666666666,"FAILED_OVERTIME",22.199999999999818,26.200000000000273,2069.2836832829,2095.4836832829
"A-G1.045-C2",7961,"promotion-1606",2,2205.6609101485,3444,3540,6912,68,61,68,61,68,60,13.33333333333333,94.44444444444444,"FAILED_OVERTIME",5.647058823500174,9.64705882349972,2301.6609101485,2311.307968972
"A-G1.045-C2",7961,"promotion-1718",2,2425.253945114,3804,3900,6912,71,64,71,64,71,60,18.333333333333336,98.61111111111111,"FAILED_OVERTIME",1.3521126761002051,5.35211267609975,2521.253945114,2526.6060577901
"A-G1.045-C2",7961,"promotion-1828",2,2641.8130770175,4164,4260,6912,74,68,74,68,74,60,23.33333333333334,100,"SUCCESS",0,0,"",""
"A-G1.045-C2",15880,"promotion-471",0,379.7462661335,564,660,2304,22,14,22,14,22,20,10.000000000000009,91.66666666666666,"FAILED_OVERTIME",8.727272727300033,12.727272727299976,475.7462661335,488.4735388608
"A-G1.045-C2",15880,"promotion-684",0,618.0512989494,924,1020,2304,24,17,24,17,21.12,20,5.600000000000005,99.25000000000001,"FAILED_OVERTIME",0.7200000000000273,4.720000000000027,714.0512989494,718.7712989494
"A-G1.045-C2",15880,"promotion-877",0,844.2956857137,1284,1380,2304,25,18,25,18,25,20,25,100,"SUCCESS",0,0,"",""
"A-G1.045-C2",15880,"promotion-1264",1,1280.5965007646,2004,2100,4032,39,32,39,32,35.1,35,0.28571428571428914,89.9553571428571,"FAILED_OVERTIME",10.384615384599783,14.38461538460001,1376.5965007646,1390.9811161492
"A-G1.045-C2",15880,"promotion-1432",1,1507.8029228645,2364,2460,4032,43,36,43,36,43,35,22.857142857142865,100,"SUCCESS",0,0,"",""
"A-G1.045-C2",15880,"promotion-1781",2,1940.6610405331,3084,3180,6912,63,57,63,57,63,60,5.000000000000004,87.5,"FAILED_OVERTIME",13.714285714299876,17.714285714300104,2036.6610405331,2054.3753262474
"A-G1.045-C2",15880,"promotion-1924",2,2179.778856625,3444,3540,6912,69,62,69,62,69,60,14.999999999999991,95.83333333333334,"FAILED_OVERTIME",4.1739130434998515,8.173913043499851,2275.778856625,2283.9527696685
"A-G1.045-C2",15880,"promotion-2054",2,2399.7968444629,3804,3900,6912,72,66,72,66,72,60,19.999999999999996,100,"SUCCESS",0,0,"",""
"A-G1.045-C2",15880,"promotion-2685",3,3179.0839080194,5064,5160,11520,102,95,102,95,89.76,100,-10.239999999999993,82.45000000000003,"FAILED_OVERTIME",19.82117647060022,23.821176470599767,3275.0839080194,3298.90508449
"A-G1.045-C2",15880,"promotion-2811",3,3417.5377437793,5424,5520,11520,104,97,104,97,104,100,4.0000000000000036,86.66666666666667,"FAILED_OVERTIME",14.769230769199567,18.76923076920002,3513.5377437793,3532.3069745485
"A-G1.045-C2",23799,"promotion-463",0,385.6858405536,564,660,2304,21,13,21,13,21,20,5.000000000000004,87.5,"FAILED_OVERTIME",13.71428571429999,17.714285714300047,481.6858405536,499.4001262679
"A-G1.045-C2",23799,"promotion-672",0,625.7202662014,924,1020,2304,23,15,23,15,20.7,20,3.499999999999992,87.44791666666623,"FAILED_OVERTIME",12.573913043499942,16.573913043499942,721.7202662014,738.2941792449
"A-G1.045-C2",23799,"promotion-802",0,861.3285995347,1284,1380,2304,27,20,27,20,27,20,35.00000000000001,100,"SUCCESS",0,0,"",""
"A-G1.045-C2",23799,"promotion-1044",1,1195.17189968,1824,1920,4032,39,32,39,32,30.42,35,-13.085714285714278,85.42857142857156,"FAILED_OVERTIME",15.064615384600074,19.064615384600074,1291.17189968,1310.2365150646
"A-G1.045-C2",23799,"promotion-1203",1,1430.834960187,2184,2280,4032,45,39,45,39,40.5,35,15.714285714285726,99.77678571428571,"FAILED_OVERTIME",0.1999999999998181,4.2000000000000455,1526.834960187,1531.034960187
"A-G1.045-C2",23799,"promotion-1372",1,1647.6918838238,2544,2640,4032,49,42,49,42,49,35,39.99999999999999,100,"SUCCESS",0,0,"",""
"A-G1.045-C2",23799,"promotion-1623",2,1959.6997470717,3084,3180,6912,60,53,60,53,60,60,0,83.33333333333334,"FAILED_OVERTIME",19.199999999999818,23.199999999999818,2055.6997470717,2078.8997470717
"A-G1.045-C2",23799,"promotion-1741",2,2194.0524832367,3444,3540,6912,64,57,64,57,64,60,6.666666666666665,88.88888888888889,"FAILED_OVERTIME",12,16,2290.0524832367,2306.0524832367
"A-G1.045-C2",23799,"promotion-1872",2,2417.573706369,3804,3900,6912,70,63,70,63,70,60,16.666666666666675,97.22222222222221,"FAILED_OVERTIME",2.742857142899993,6.742857142899993,2513.573706369,2520.3165635119
"A-G1.045-C2",23799,"promotion-2008",2,2637.2558652299,4164,4260,6912,74,68,74,68,66.60000000000001,60,11.00000000000001,99.56597222222229,"FAILED_OVERTIME",0.4054054054004155,4.405405405399961,2733.2558652299,2737.6612706353
"A-G1.045-C2",23799,"promotion-2129",2,2853.1327361874,4524,4620,6912,77,71,77,71,77,60,28.333333333333343,100,"SUCCESS",0,0,"",""
"A-G1.045-C2",31718,"promotion-464",0,383.3095353378,564,660,2304,21,14,21,14,17.220000000000002,20,-13.89999999999999,78.14843749999977,"FAILED_OVERTIME",23.97428571429998,27.97428571429998,479.3095353378,507.2838210521
"A-G1.045-C2",31718,"promotion-583",0,621.3509162902,924,1020,2304,25,19,25,19,22.5,20,12.5,95.05208333333334,"FAILED_OVERTIME",4.559999999999945,8.56000000000006,717.3509162902,725.9109162902
"A-G1.045-C2",31718,"promotion-735",0,850.0397816946,1284,1380,2304,27,20,27,20,27,20,35.00000000000001,100,"SUCCESS",0,0,"",""
"A-G1.045-C2",31718,"promotion-1151",1,1292.1716185279,2004,2100,4032,40,33,40,33,40,35,14.28571428571428,95.23809523809523,"FAILED_OVERTIME",4.800000000000182,8.800000000000182,1388.1716185279,1396.9716185279
"A-G1.045-C2",31718,"promotion-1308",1,1513.266754242,2364,2460,4032,43,37,43,37,43,35,22.857142857142865,100,"SUCCESS",0,0,"",""
"A-G1.045-C2",31718,"promotion-1542",2,1827.5315452651,2904,3000,6912,62,56,62,56,62,60,3.3333333333333437,86.11111111111111,"FAILED_OVERTIME",15.483870967700113,19.483870967699886,1923.5315452651,1943.0154162328
"A-G1.045-C2",31718,"promotion-1678",2,2061.800358107,3264,3360,6912,70,63,70,63,70,60,16.666666666666675,97.22222222222221,"FAILED_OVERTIME",2.742857142899993,6.742857142899993,2157.800358107,2164.5432152499
"A-G1.045-C2",31718,"promotion-1808",2,2279.0979950561,3624,3720,6912,72,66,72,66,72,60,19.999999999999996,100,"SUCCESS",0,0,"",""
"A-G1.045-C2",31718,"promotion-2514",3,3137.5786280333,5064,5160,11520,100,94,100,94,100,100,0,83.33333333333334,"FAILED_OVERTIME",19.199999999999818,23.199999999999818,3233.5786280333,3256.7786280333
"A-G1.045-C2",31718,"promotion-2651",3,3372.7029763668,5424,5520,11520,103,96,103,96,84.46000000000001,100,-15.539999999999987,76.6598958333331,"FAILED_OVERTIME",26.104660194199823,30.104660194199823,3468.7029763668,3498.807636561
"A-G1.045-C2",39637,"promotion-258",0,262.0666666667,384,480,2304,23,16,23,16,20.7,20,3.499999999999992,87.44791666666623,"FAILED_OVERTIME",12.5739130435,16.5739130435,358.0666666667,374.6405797102
"A-G1.045-C2",39637,"promotion-382",0,505.0651453015,744,840,2304,24,17,24,17,21.6,20,8.000000000000007,94.99999999999989,"FAILED_OVERTIME",4.7999999999999545,8.799999999999955,601.0651453015,609.8651453015
"A-G1.045-C2",39637,"promotion-546",0,731.7548932006,1104,1200,2304,28,21,28,21,28,20,39.99999999999999,100,"SUCCESS",0,0,"",""
"A-G1.045-C2",39637,"promotion-713",1,949.0947916162,1464,1560,4032,35,29,35,29,31.5,35,-9.999999999999998,80.72916666666666,"FAILED_OVERTIME",22.200000000000045,26.200000000000045,1045.0947916162,1071.2947916162
"A-G1.045-C2",39637,"promotion-869",1,1181.8951619866,1824,1920,4032,38,31,38,31,38,35,8.571428571428562,90.47619047619048,"FAILED_OVERTIME",10.105263157900026,14.105263157900026,1277.8951619866,1292.0004251445
"A-G1.045-C2",39637,"promotion-998",1,1406.378132038,2184,2280,4032,43,37,43,37,30.959999999999997,35,-11.542857142857155,94.76636904761911,"FAILED_OVERTIME",4.907441860500057,8.90744186049983,1502.378132038,1511.2855738985
"A-G1.045-C2",39637,"promotion-1148",1,1628.359249167,2544,2640,4032,48,41,48,41,43.2,35,23.428571428571445,100,"SUCCESS",0,0,"",""
"A-G1.045-C2",39637,"promotion-1359",2,1946.9578782416,3084,3180,6912,64,57,64,57,56.32,60,-6.133333333333335,88.22222222222223,"FAILED_OVERTIME",12.7199999999998,16.720000000000027,2042.9578782416,2059.6778782416
"A-G1.045-C2",39637,"promotion-1479",2,2174.272878248,3444,3540,6912,68,62,68,62,68,60,13.33333333333333,94.44444444444444,"FAILED_OVERTIME",5.647058823500174,9.647058823500174,2270.272878248,2279.9199370715
"A-G1.045-C2",39637,"promotion-1631",2,2392.751117291,3804,3900,6912,72,66,72,66,64.8,60,7.999999999999985,93.12499999999972,"FAILED_OVERTIME",6.599999999999909,10.599999999999909,2488.751117291,2499.351117291
"A-G1.045-C2",39637,"promotion-1782",2,2611.764634361,4164,4260,6912,74,68,74,68,74,60,23.33333333333334,100,"SUCCESS",0,0,"",""
"A-G1.045-C2",39637,"promotion-2554",3,3568.9283559656,5784,5880,11520,100,93,100,93,90,100,-9.999999999999998,"","",0,0,"",""
"A-G1.045-C2",47556,"promotion-321",0,263.8217702465,384,480,2304,20,13,20,13,18,20,-9.999999999999998,80.72916666666666,"FAILED_OVERTIME",22.19999999999999,26.19999999999999,359.8217702465,386.0217702465
"A-G1.045-C2",47556,"promotion-516",0,506.2860892143,744,840,2304,22,15,22,15,22,20,10.000000000000009,91.66666666666666,"FAILED_OVERTIME",8.727272727300033,12.727272727300033,602.2860892143,615.0133619416
"A-G1.045-C2",47556,"promotion-640",0,744.78356797,1104,1200,2304,24,17,24,17,21.6,20,8.000000000000007,93.12500000000017,"FAILED_OVERTIME",6.599999999999909,10.599999999999909,840.78356797,851.38356797
"A-G1.045-C2",47556,"promotion-746",0,977.7504377669,1464,1560,2304,26,19,26,19,23.400000000000002,20,17.000000000000014,100,"SUCCESS",0,0,"",""
"A-G1.045-C2",47556,"promotion-944",1,1304.4711849882,2004,2100,4032,39,32,39,32,39,35,11.428571428571432,92.85714285714286,"FAILED_OVERTIME",7.384615384599783,11.38461538460001,1400.4711849882,1411.8558003728
"A-G1.045-C2",47556,"promotion-1091",1,1526.1227667398,2364,2460,4032,44,37,44,37,44,35,25.71428571428571,100,"SUCCESS",0,0,"",""
"A-G1.045-C2",47556,"promotion-1433",2,1960.5140959593,3084,3180,6912,65,58,65,58,58.5,60,-2.500000000000002,82.37847222222221,"FAILED_OVERTIME",18.738461538499905,22.738461538499905,2056.5140959593,2079.2525574978
"A-G1.045-C2",47556,"promotion-1566",2,2197.5454606835,3444,3540,6912,69,62,69,62,62.1,60,3.499999999999992,91.04166666666681,"FAILED_OVERTIME",8.973913043500033,12.973913043500033,2293.5454606835,2306.519373727
"A-G1.045-C2",47556,"promotion-1692",2,2422.0252341802,3804,3900,6912,72,66,72,66,72,60,19.999999999999996,100,"SUCCESS",0,0,"",""
"A-G1.045-C2",47556,"promotion-2440",3,3391.5669913973,5424,5520,11520,101,94,101,94,101,100,1.0000000000000009,84.16666666666667,"FAILED_OVERTIME",18.0594059406003,22.059405940599845,3487.5669913973,3509.6263973379
"A-G1.045-C2",55475,"promotion-366",0,371.4935897436,564,660,2304,23,16,23,16,16.56,20,-17.200000000000003,79.0026041666665,"FAILED_OVERTIME",21.03391304349998,25.03391304349998,467.4935897436,492.5275027871
"A-G1.045-C2",55475,"promotion-464",0,611.6351143522,924,1020,2304,24,17,24,17,19.68,20,-1.6000000000000014,96.0625,"FAILED_OVERTIME",3.7799999999999727,7.779999999999973,707.6351143522,715.4151143522
"A-G1.045-C2",55475,"promotion-603",0,837.5845929847,1284,1380,2304,28,21,28,21,20.16,20,0.8000000000000007,100,"SUCCESS",0,0,"",""
"A-G1.045-C2",55475,"promotion-862",1,1168.7784180583,1824,1920,4032,36,29,36,29,32.4,35,-7.428571428571429,81.42857142857135,"FAILED_OVERTIME",20.799999999999955,24.799999999999955,1264.7784180583,1289.5784180583
"A-G1.045-C2",55475,"promotion-978",1,1400.8182030045,2184,2280,4032,41,34,41,34,41,35,17.14285714285715,97.61904761904762,"FAILED_OVERTIME",2.3414634146001845,6.341463414599957,1496.8182030045,1503.1596664191
"A-G1.045-C2",55475,"promotion-1138",1,1616.8048714195,2544,2640,4032,47,40,47,40,42.300000000000004,35,20.85714285714286,100,"SUCCESS",0,0,"",""
"A-G1.045-C2",55475,"promotion-1551",2,2160.1833628142,3444,3540,6912,65,58,65,58,65,60,8.333333333333325,90.27777777777779,"FAILED_OVERTIME",10.338461538499814,14.338461538500269,2256.1833628142,2270.5218243527
"A-G1.045-C2",55475,"promotion-1668",2,2381.1691846041,3804,3900,6912,69,62,69,62,62.1,60,3.499999999999992,89.24479166666691,"FAILED_OVERTIME",10.773913043500215,14.773913043500215,2477.1691846041,2491.9430976476
"A-G1.045-C2",55475,"promotion-1794",2,2604.9905508103,4164,4260,6912,72,65,72,65,72,60,19.999999999999996,100,"SUCCESS",0,0,"",""
"A-G1.045-C2",63394,"promotion-222",0,262.0332863429,384,480,2304,22,15,22,15,22,20,10.000000000000009,91.66666666666666,"FAILED_OVERTIME",8.727272727299976,12.727272727299976,358.0332863429,370.7605590702
"A-G1.045-C2",63394,"promotion-339",0,499.0944045047,744,840,2304,23,16,23,16,23,20,14.999999999999991,95.83333333333334,"FAILED_OVERTIME",4.173913043499965,8.173913043499965,595.0944045047,603.2683175482
"A-G1.045-C2",63394,"promotion-570",0,729.2790802196,1104,1200,2304,25,18,25,18,25,20,25,100,"SUCCESS",0,0,"",""
"A-G1.045-C2",63394,"promotion-811",1,1057.1930290168,1644,1740,4032,37,30,37,30,37,35,5.714285714285716,88.09523809523809,"FAILED_OVERTIME",12.972972972999969,16.97297297299997,1153.1930290168,1170.1660019898
"A-G1.045-C2",63394,"promotion-962",1,1289.4402325964,2004,2100,4032,42,35,42,35,37.800000000000004,35,8.000000000000007,96.87500000000007,"FAILED_OVERTIME",3,7,1385.4402325964,1392.4402325964
"A-G1.045-C2",63394,"promotion-1117",1,1510.1412318407,2364,2460,4032,47,40,47,40,38.540000000000006,35,10.114285714285742,100,"SUCCESS",0,0,"",""
"A-G1.045-C2",63394,"promotion-1419",2,1937.3559544112,3084,3180,6912,60,53,60,53,60,60,0,83.33333333333334,"FAILED_OVERTIME",19.199999999999818,23.200000000000273,2033.3559544112,2056.5559544112
"A-G1.045-C2",63394,"promotion-1530",2,2170.6426397668,3444,3540,6912,64,57,64,57,64,60,6.666666666666665,88.88888888888889,"FAILED_OVERTIME",12,16,2266.6426397668,2282.6426397668
"A-G1.045-C2",63394,"promotion-1671",2,2396.5190349621,3804,3900,6912,70,63,70,63,63,60,5.000000000000004,90.53819444444444,"FAILED_OVERTIME",9.342857142899902,13.342857142900357,2492.5190349621,2505.861892105
"A-G1.045-C2",63394,"promotion-1828",2,2617.8166388761,4164,4260,6912,74,68,74,68,66.60000000000001,60,11.00000000000001,93.78472222222199,"FAILED_OVERTIME",5.805405405400052,9.805405405400052,2713.8166388761,2723.6220442815
"A-G1.045-C2",63394,"promotion-1959",2,2837.300028169,4524,4620,6912,77,70,77,70,77,60,28.333333333333343,100,"SUCCESS",0,0,"",""
"A-G1.045-C2",63394,"promotion-2573",3,3587.2118100639,5784,5880,11520,102,95,102,95,73.44,100,-26.560000000000006,"","",0,0,"",""
"A-G1.045-C2",71313,"promotion-494",0,391.1293649324,564,660,2304,21,14,21,14,15.12,20,-24.4,80.99218749999999,"FAILED_OVERTIME",20.854285714299976,24.854285714300033,487.1293649324,511.9836506467
"A-G1.045-C2",71313,"promotion-711",0,631.7094818251,924,1020,2304,23,16,23,16,23,20,14.999999999999991,95.83333333333334,"FAILED_OVERTIME",4.173913043500079,8.173913043499965,727.7094818251,735.8833948686
"A-G1.045-C2",71313,"promotion-815",0,859.1883394551,1284,1380,2304,27,20,27,20,22.14,20,10.7,100,"SUCCESS",0,0,"",""
"A-G1.045-C2",71313,"promotion-1059",1,1190.2512128629,1824,1920,4032,36,30,36,30,36,35,2.857142857142847,85.71428571428571,"FAILED_OVERTIME",16,20,1286.2512128629,1306.2512128629
"A-G1.045-C2",71313,"promotion-1195",1,1424.9115185099,2184,2280,4032,40,33,40,33,36,35,2.857142857142847,88.69047619047619,"FAILED_OVERTIME",11.400000000000091,15.400000000000091,1520.9115185099,1536.3115185099
"A-G1.045-C2",71313,"promotion-1343",1,1650.0262804147,2544,2640,4032,46,39,46,39,46,35,31.428571428571427,100,"SUCCESS",0,0,"",""
"A-G1.045-C2",71313,"promotion-1569",2,1971.8694348115,3084,3180,6912,60,53,60,53,60,60,0,83.33333333333334,"FAILED_OVERTIME",19.199999999999818,23.199999999999818,2067.8694348115,2091.0694348115
"A-G1.045-C2",71313,"promotion-1702",2,2208.2692892469,3444,3540,6912,64,57,64,57,49.92,60,-16.799999999999994,81.77777777777793,"FAILED_OVERTIME",19.679999999999836,23.68000000000029,2304.2692892469,2327.9492892469
"A-G1.045-C2",71313,"promotion-1823",2,2451.7746492777,3804,3900,6912,67,61,67,61,67,60,11.66666666666667,93.05555555555556,"FAILED_OVERTIME",7.164179104499908,11.164179104499908,2547.7746492777,2558.9388283822
"A-G1.045-C2",71313,"promotion-2006",2,2676.4236870271,4164,4260,6912,74,68,74,68,74,60,23.33333333333334,100,"SUCCESS",0,0,"",""
"A-G1.045-C2",71313,"promotion-2670",3,3506.0225134759,5604,5700,11520,100,94,100,94,88,100,-12,"","",0,0,"",""
"A-G1.045-C3",42,"promotion-462",0,382.4977492673,564,660,2304,20,13,20,13,16.400000000000002,20,-17.999999999999993,82.86458333333333,"FAILED_OVERTIME",19.74000000000001,23.74000000000001,478.4977492673,502.2377492673
"A-G1.045-C3",42,"promotion-853",0,739.7422112941,1104,1200,2304,25,18,25,18,25,20,25,100,"SUCCESS",0,0,"",""
"A-G1.045-C3",42,"promotion-1360",1,1288.3501840227,2004,2100,4032,37,30,37,30,33.300000000000004,35,-4.857142857142849,85.34226190476197,"FAILED_OVERTIME",15.972972973000196,19.97297297299997,1384.3501840227,1404.3231569957
"A-G1.045-C3",42,"promotion-1647",1,1630.5994273857,2544,2640,4032,44,37,44,37,39.6,35,13.142857142857146,95.59523809523857,"FAILED_OVERTIME",4.036363636399983,8.036363636399983,1726.5994273857,1734.6357910221
"A-G1.045-C3",42,"promotion-1929",1,1967.9127603129,3084,3180,4032,49,43,49,43,49,35,39.99999999999999,100,"SUCCESS",0,0,"",""
"A-G1.045-C3",42,"promotion-2179",2,2283.1644076606,3624,3720,6912,66,59,66,59,66,60,10.000000000000009,91.66666666666666,"FAILED_OVERTIME",8.727272727299805,12.72727272730026,2379.1644076606,2391.8916803879
"A-G1.045-C3",42,"promotion-2433",2,2620.8431193402,4164,4260,6912,71,65,71,65,71,60,18.333333333333336,98.61111111111111,"FAILED_OVERTIME",1.3521126760997504,5.352112676100205,2716.8431193402,2722.1952320163
"A-G1.045-C3",42,"promotion-2714",2,2942.0476745869,4704,4800,6912,76,70,76,70,76,60,26.66666666666666,100,"SUCCESS",0,0,"",""
"A-G1.045-C3",7961,"promotion-493",0,387.5227457562,564,660,2304,20,13,20,13,18,20,-9.999999999999998,77.60416666666666,"FAILED_OVERTIME",25.799999999999955,29.80000000000001,483.5227457562,513.3227457562
"A-G1.045-C3",7961,"promotion-746",0,737.1213171848,1104,1200,2304,26,19,26,19,21.32,20,6.600000000000006,96.75520833333337,"FAILED_OVERTIME",2.8753846153999802,6.87538461539998,833.1213171848,839.9967018002
"A-G1.045-C3",7961,"promotion-1119",0,1074.1684504783,1644,1740,2304,32,24,32,24,32,20,60.00000000000001,100,"SUCCESS",0,0,"",""
"A-G1.045-C3",7961,"promotion-1349",1,1286.9187535085,2004,2100,4032,35,29,35,29,35,35,0,83.33333333333334,"FAILED_OVERTIME",19.199999999999818,23.200000000000045,1382.9187535085,1406.1187535085
"A-G1.045-C3",7961,"promotion-1617",1,1629.9679683271,2544,2640,4032,45,39,45,39,40.5,35,15.714285714285726,100,"SUCCESS",0,0,"",""
"A-G1.045-C3",7961,"promotion-2045",2,2174.7352803429,3444,3540,6912,66,60,66,60,59.4,60,-1.0000000000000009,87.08333333333319,"FAILED_OVERTIME",13.527272727299987,17.527272727299987,2270.7352803429,2288.2625530702
"A-G1.045-C3",7961,"promotion-2277",2,2510.8037443873,3984,4080,6912,72,66,72,66,72,60,19.999999999999996,100,"SUCCESS",0,0,"",""
"A-G1.045-C3",7961,"promotion-3057",3,3358.1006877911,5424,5520,11520,100,93,100,93,90,100,-9.999999999999998,77.60416666666666,"FAILED_OVERTIME",25.800000000000182,29.800000000000182,3454.1006877911,3483.9006877911
"A-G1.045-C3",15880,"promotion-471",0,379.7462661335,564,660,2304,22,14,22,14,22,20,10.000000000000009,91.66666666666666,"FAILED_OVERTIME",8.727272727300033,12.727272727299976,475.7462661335,488.4735388608
"A-G1.045-C3",15880,"promotion-806",0,729.7405318385,1104,1200,2304,27,21,27,21,22.14,20,10.7,100,"SUCCESS",0,0,"",""
"A-G1.045-C3",15880,"promotion-1028",1,1057.0972258139,1644,1740,4032,37,31,37,31,30.340000000000003,35,-13.3142857142857,78.68005952380966,"FAILED_OVERTIME",23.23297297299996,27.23297297299996,1153.0972258139,1180.3301987869
"A-G1.045-C3",15880,"promotion-1327",1,1403.2820765333,2184,2280,4032,45,38,45,38,40.5,35,15.714285714285726,99.77678571428571,"FAILED_OVERTIME",0.1999999999998181,4.2000000000000455,1499.2820765333,1503.4820765333
"A-G1.045-C3",15880,"promotion-1651",1,1729.3586497225,2724,2820,4032,52,45,52,45,52,35,48.57142857142858,100,"SUCCESS",0,0,"",""
"A-G1.045-C3",15880,"promotion-1838",2,1937.1948401987,3084,3180,6912,61,54,61,54,61,60,1.6666666666666607,84.72222222222221,"FAILED_OVERTIME",17.311475409800096,21.31147540979987,2033.1948401987,2054.5063156085
"A-G1.045-C3",15880,"promotion-2070",2,2278.0961959491,3624,3720,6912,70,63,70,63,63,60,5.000000000000004,94.18402777777779,"FAILED_OVERTIME",5.742857142899993,9.742857142899993,2374.0961959491,2383.839053092
"A-G1.045-C3",15880,"promotion-2331",2,2605.0713780453,4164,4260,6912,77,71,77,71,77,60,28.333333333333343,100,"SUCCESS",0,0,"",""
"A-G1.045-C3",15880,"promotion-3044",3,3558.089229444,5784,5880,11520,101,94,101,94,78.78,100,-21.219999999999995,"","",0,0,"",""
"A-G1.045-C3",23799,"promotion-463",0,385.6858405536,564,660,2304,21,13,21,13,21,20,5.000000000000004,87.5,"FAILED_OVERTIME",13.71428571429999,17.714285714300047,481.6858405536,499.4001262679
"A-G1.045-C3",23799,"promotion-773",0,734.4285995347,1104,1200,2304,27,20,27,20,27,20,35.00000000000001,100,"SUCCESS",0,0,"",""
"A-G1.045-C3",23799,"promotion-1137",1,1169.1032092724,1824,1920,4032,35,28,35,28,28.700000000000003,35,-17.999999999999993,77.23958333333326,"FAILED_OVERTIME",26.220000000000027,30.220000000000027,1265.1032092724,1295.3232092724
"A-G1.045-C3",23799,"promotion-1424",1,1515.6115845179,2364,2460,4032,43,36,43,36,43,35,22.857142857142865,100,"SUCCESS",0,0,"",""
"A-G1.045-C3",23799,"promotion-1630",2,1845.1739073474,2904,3000,6912,60,53,60,53,54,60,-9.999999999999998,79.16666666666666,"FAILED_OVERTIME",24,28,1941.1739073474,1969.1739073474
"A-G1.045-C3",23799,"promotion-1866",2,2183.1238762833,3444,3540,6912,70,63,70,63,70,60,16.666666666666675,97.22222222222221,"FAILED_OVERTIME",2.742857142899993,6.742857142899993,2279.1238762833,2285.8667334262
"A-G1.045-C3",23799,"promotion-2152",2,2518.9426925173,3984,4080,6912,80,73,80,73,80,60,33.33333333333333,100,"SUCCESS",0,0,"",""
"A-G1.045-C3",23799,"promotion-2750",3,3253.1596528265,5244,5340,11520,100,93,100,93,100,100,0,83.33333333333334,"FAILED_OVERTIME",19.199999999999818,23.200000000000273,3349.1596528265,3372.3596528265
"A-G1.045-C3",23799,"promotion-2931",3,3593.1208826634,5784,5880,11520,103,96,103,96,92.7,100,-7.299999999999995,"","",0,0,"",""
"A-G1.045-C3",31718,"promotion-464",0,383.3095353378,564,660,2304,21,14,21,14,17.220000000000002,20,-13.89999999999999,78.14843749999977,"FAILED_OVERTIME",23.97428571429998,27.97428571429998,479.3095353378,507.2838210521
"A-G1.045-C3",31718,"promotion-714",0,733.2089003007,1104,1200,2304,27,20,27,20,22.14,20,10.7,100,"SUCCESS",0,0,"",""
"A-G1.045-C3",31718,"promotion-968",1,1075.0001514513,1644,1740,4032,37,30,37,30,33.300000000000004,35,-4.857142857142849,82.03869047619058,"FAILED_OVERTIME",19.572972973000105,23.572972972999878,1171.0001514513,1194.5731244243
"A-G1.045-C3",31718,"promotion-1233",1,1417.8374520422,2184,2280,4032,47,40,47,40,47,35,34.28571428571428,100,"SUCCESS",0,0,"",""
"A-G1.045-C3",31718,"promotion-1464",2,1732.8330259871,2724,2820,6912,61,54,61,54,50.02,60,-16.633333333333333,84.24565972222221,"FAILED_OVERTIME",17.85147540980006,21.85147540980006,1828.8330259871,1850.6845013969
"A-G1.045-C3",31718,"promotion-1681",2,2071.83287155,3264,3360,6912,70,64,70,64,57.400000000000006,60,-4.333333333333322,96.67534722222221,"FAILED_OVERTIME",3.2828571428999567,7.282857142899957,2167.83287155,2175.1157286929
"A-G1.045-C3",31718,"promotion-1981",2,2395.7744460735,3804,3900,6912,79,73,79,73,71.10000000000001,60,18.500000000000007,100,"SUCCESS",0,0,"",""
"A-G1.045-C3",31718,"promotion-2494",3,3038.574564803,4884,4980,11520,101,94,101,94,90.9,100,-9.099999999999998,78.3802083333335,"FAILED_OVERTIME",24.659405940599754,28.659405940599754,3134.574564803,3163.2339707436
"A-G1.045-C3",31718,"promotion-2730",3,3379.4771066512,5424,5520,11520,104,98,104,98,104,100,4.0000000000000036,86.66666666666667,"FAILED_OVERTIME",14.769230769199567,18.76923076920002,3475.4771066512,3494.2463374204
"A-G1.045-C3",39637,"promotion-258",0,262.0666666667,384,480,2304,23,16,23,16,20.7,20,3.499999999999992,87.44791666666623,"FAILED_OVERTIME",12.5739130435,16.5739130435,358.0666666667,374.6405797102
"A-G1.045-C3",39637,"promotion-523",0,615.9765871543,924,1020,2304,28,21,28,21,28,20,39.99999999999999,100,"SUCCESS",0,0,"",""
"A-G1.045-C3",39637,"promotion-687",1,838.6326622541,1284,1380,4032,35,28,35,28,31.5,35,-9.999999999999998,79.16666666666666,"FAILED_OVERTIME",24,28,934.6326622541,962.6326622541
"A-G1.045-C3",39637,"promotion-980",1,1190.0346986341,1824,1920,4032,44,37,44,37,44,35,25.71428571428571,100,"SUCCESS",0,0,"",""
"A-G1.045-C3",39637,"promotion-1410",2,1722.9500716636,2724,2820,6912,65,58,65,58,65,60,8.333333333333325,90.27777777777779,"FAILED_OVERTIME",10.338461538499814,14.338461538500042,1818.9500716636,1833.2885332021
"A-G1.045-C3",39637,"promotion-1664",2,2066.2124422534,3264,3360,6912,74,68,74,68,74,60,23.33333333333334,100,"SUCCESS",0,0,"",""
"A-G1.045-C3",39637,"promotion-2327",3,2915.2687356638,4704,4800,11520,102,95,102,95,102,100,2.0000000000000018,85,"FAILED_OVERTIME",16.941176470600112,20.941176470600112,3011.2687356638,3032.2099121344
"A-G1.045-C3",39637,"promotion-2548",3,3252.4525064312,5244,5340,11520,105,98,105,98,94.5,100,-5.500000000000005,84.765625,"FAILED_OVERTIME",16.714285714299876,20.714285714299876,3348.4525064312,3369.1667921455
"A-G1.045-C3",39637,"promotion-2784",3,3592.6167098748,5784,5880,11520,109,102,109,102,109,100,9.000000000000007,"","",0,0,"",""
"A-G1.045-C3",47556,"promotion-321",0,263.8217702465,384,480,2304,20,13,20,13,18,20,-9.999999999999998,80.72916666666666,"FAILED_OVERTIME",22.19999999999999,26.19999999999999,359.8217702465,386.0217702465
"A-G1.045-C3",47556,"promotion-604",0,615.4860892143,924,1020,2304,26,19,26,19,23.400000000000002,20,17.000000000000014,100,"SUCCESS",0,0,"",""
"A-G1.045-C3",47556,"promotion-977",1,1058.5200329289,1644,1740,4032,35,29,35,29,31.5,35,-9.999999999999998,77.60416666666666,"FAILED_OVERTIME",25.799999999999955,29.799999999999955,1154.5200329289,1184.3200329289
"A-G1.045-C3",47556,"promotion-1265",1,1408.9172208765,2184,2280,4032,46,40,46,40,46,35,31.428571428571427,100,"SUCCESS",0,0,"",""
"A-G1.045-C3",47556,"promotion-1614",2,1849.7552439726,2904,3000,6912,65,59,65,59,58.5,60,-2.500000000000002,85.76388888888889,"FAILED_OVERTIME",15.138461538499996,19.138461538499996,1945.7552439726,1964.8937055111
"A-G1.045-C3",47556,"promotion-1836",2,2197.1474282824,3444,3540,6912,73,67,73,67,65.7,60,9.499999999999996,96.31944444444456,"FAILED_OVERTIME",3.484931506799967,7.484931506799967,2293.1474282824,2300.6323597892
"A-G1.045-C3",47556,"promotion-2080",2,2519.7839854532,3984,4080,6912,79,72,79,72,79,60,31.666666666666664,100,"SUCCESS",0,0,"",""
"A-G1.045-C3",47556,"promotion-2681",3,3156.8242198872,5064,5160,11520,100,93,100,93,100,100,0,83.33333333333334,"FAILED_OVERTIME",19.199999999999818,23.200000000000273,3252.8242198872,3276.0242198872
"A-G1.045-C3",47556,"promotion-2933",3,3495.5280169513,5604,5700,11520,106,99,106,99,93.28,100,-6.720000000000004,85.68333333333332,"FAILED_OVERTIME",4.471983048700167,0,3591.5280169513,""
"A-G1.045-C3",55475,"promotion-366",0,371.4935897436,564,660,2304,23,16,23,16,16.56,20,-17.200000000000003,79.0026041666665,"FAILED_OVERTIME",21.03391304349998,25.03391304349998,467.4935897436,492.5275027871
"A-G1.045-C3",55475,"promotion-601",0,719.9096241561,1104,1200,2304,28,21,28,21,25.2,20,26,100,"SUCCESS",0,0,"",""
"A-G1.045-C3",55475,"promotion-864",1,1042.4532820648,1644,1740,4032,40,34,40,34,40,35,14.28571428571428,95.23809523809523,"FAILED_OVERTIME",4.7999999999999545,8.799999999999955,1138.4532820648,1147.2532820648
"A-G1.045-C3",55475,"promotion-1180",1,1374.8859812537,2184,2280,4032,50,43,50,43,50,35,42.85714285714286,100,"SUCCESS",0,0,"",""
"A-G1.045-C3",55475,"promotion-1445",2,1696.9141217876,2724,2820,6912,64,57,64,57,52.480000000000004,60,-12.53333333333333,79.38888888888866,"FAILED_OVERTIME",22.26000000000022,26.25999999999999,1792.9141217876,1819.1741217876
"A-G1.045-C3",55475,"promotion-1705",2,2034.3200965939,3264,3360,6912,73,67,73,67,59.86000000000001,60,-0.23333333333331874,90.552951388889,"FAILED_OVERTIME",8.944931506800003,12.944931506800003,2130.3200965939,2143.2650281007
"A-G1.045-C3",55475,"promotion-1967",2,2363.484133621,3804,3900,6912,80,74,80,74,80,60,33.33333333333333,100,"SUCCESS",0,0,"",""
"A-G1.045-C3",55475,"promotion-2660",3,3216.6087328005,5244,5340,11520,101,94,101,94,101,100,1.0000000000000009,84.16666666666667,"FAILED_OVERTIME",18.0594059406003,22.059405940599845,3312.6087328005,3334.6681387411
"A-G1.045-C3",55475,"promotion-2879",3,3548.700113426,5784,5880,11520,104,97,104,97,81.12,100,-18.879999999999995,"","",0,0,"",""
"A-G1.045-C3",63394,"promotion-222",0,262.0332863429,384,480,2304,22,15,22,15,22,20,10.000000000000009,91.66666666666666,"FAILED_OVERTIME",8.727272727299976,12.727272727299976,358.0332863429,370.7605590702
"A-G1.045-C3",63394,"promotion-560",0,614.4669776804,924,1020,2304,26,19,26,19,23.400000000000002,20,17.000000000000014,100,"SUCCESS",0,0,"",""
"A-G1.045-C3",63394,"promotion-870",1,946.8792081415,1464,1560,4032,37,30,37,30,37,35,5.714285714285716,88.09523809523809,"FAILED_OVERTIME",12.972972972999969,16.97297297299997,1042.8792081415,1059.8521811145
"A-G1.045-C3",63394,"promotion-1129",1,1280.9296617013,2004,2100,4032,48,41,48,41,42.24,35,20.685714285714283,100,"SUCCESS",0,0,"",""
"A-G1.045-C3",63394,"promotion-1382",2,1601.6198115465,2544,2640,6912,61,54,61,54,54.9,60,-8.500000000000007,77.3090277777777,"FAILED_OVERTIME",25.711475409800187,29.71147540979996,1697.6198115465,1727.3312869563
"A-G1.045-C3",63394,"promotion-1628",2,1950.7539845475,3084,3180,6912,71,65,71,65,51.12,60,-14.800000000000002,86.09982638888893,"FAILED_OVERTIME",13.532112676100041,17.532112676099814,2046.7539845475,2064.2860972236
"A-G1.045-C3",63394,"promotion-1866",2,2289.6338105798,3624,3720,6912,76,70,76,70,68.4,60,14.000000000000012,100,"SUCCESS",0,0,"",""
"A-G1.045-C3",63394,"promotion-2406",3,2924.7118978288,4704,4800,11520,100,93,100,93,90,100,-9.999999999999998,80.72916666666666,"FAILED_OVERTIME",22.199999999999818,26.200000000000273,3020.7118978288,3046.9118978288
"A-G1.045-C3",63394,"promotion-2650",3,3260.7873018792,5244,5340,11520,105,98,105,98,105,100,5.000000000000004,87.5,"FAILED_OVERTIME",13.714285714299876,17.714285714299876,3356.7873018792,3374.5015875935
"A-G1.045-C3",63394,"promotion-2853",3,3596.1329156626,5784,5880,11520,108,101,108,101,108,100,8.000000000000007,"","",0,0,"",""
"A-G1.045-C3",71313,"promotion-494",0,391.1293649324,564,660,2304,21,14,21,14,15.12,20,-24.4,80.99218749999999,"FAILED_OVERTIME",20.854285714299976,24.854285714300033,487.1293649324,511.9836506467
"A-G1.045-C3",71313,"promotion-809",0,740.4178151584,1104,1200,2304,27,20,27,20,27,20,35.00000000000001,100,"SUCCESS",0,0,"",""
"A-G1.045-C3",71313,"promotion-1046",1,1069.6468157972,1644,1740,4032,39,33,39,33,39,35,11.428571428571432,92.85714285714286,"FAILED_OVERTIME",7.384615384600011,11.38461538460001,1165.6468157972,1177.0314311818
"A-G1.045-C3",71313,"promotion-1337",1,1400.2610586466,2184,2280,4032,46,39,46,39,46,35,31.428571428571427,100,"SUCCESS",0,0,"",""
"A-G1.045-C3",71313,"promotion-1662",2,1837.852918132,2904,3000,6912,60,53,60,53,60,60,0,83.33333333333334,"FAILED_OVERTIME",19.199999999999818,23.200000000000045,1933.852918132,1957.052918132
"A-G1.045-C3",71313,"promotion-1855",2,2181.3227952745,3444,3540,6912,69,62,69,62,69,60,14.999999999999991,95.83333333333334,"FAILED_OVERTIME",4.1739130434998515,8.173913043499851,2277.3227952745,2285.496708318
"A-G1.045-C3",71313,"promotion-2164",2,2508.8316880545,3984,4080,6912,78,71,78,71,70.2,60,17.000000000000014,100,"SUCCESS",0,0,"",""
"A-G1.045-C3",71313,"promotion-2786",3,3250.4241942322,5244,5340,11520,100,93,100,93,90,100,-9.999999999999998,76.04166666666666,"FAILED_OVERTIME",27.600000000000364,31.59999999999991,3346.4241942322,3378.0241942322
"A-G1.045-C3",71313,"promotion-2977",3,3588.0354554102,5784,5880,11520,103,97,103,97,80.34,100,-19.66,"","",0,0,"",""
"B-G1.040-C2",42,"promotion-523",0,388.0504668337,564,660,2304,23,16,23,16,20.7,20,3.499999999999992,89.24479166666637,"FAILED_OVERTIME",10.773913043499988,14.773913043499988,484.0504668337,498.8243798772
"B-G1.040-C2",42,"promotion-707",0,626.8496115295,924,1020,2304,26,19,26,19,26,20,30.000000000000004,100,"SUCCESS",0,0,"",""
"B-G1.040-C2",42,"promotion-1055",1,1062.0355949222,1644,1740,4032,38,31,38,31,31.160000000000004,35,-10.971428571428564,89.96726190476191,"FAILED_OVERTIME",10.64526315789999,14.64526315789999,1158.0355949222,1172.6808580801
"B-G1.040-C2",42,"promotion-1213",1,1291.2084230983,2004,2100,4032,42,35,42,35,42,35,19.999999999999996,100,"SUCCESS",0,0,"",""
"B-G1.040-C2",42,"promotion-1457",2,1618.7286980737,2544,2640,7488,65,57,65,57,65,65,0,83.33333333333334,"FAILED_OVERTIME",19.199999999999818,23.200000000000045,1714.7286980737,1737.9286980737
"B-G1.040-C2",42,"promotion-1590",2,1850.6323001628,2904,3000,7488,72,66,72,66,72,65,10.769230769230775,92.3076923076923,"FAILED_OVERTIME",8,12,1946.6323001628,1958.6323001628
"B-G1.040-C2",42,"promotion-1715",2,2068.7900714238,3264,3360,7488,75,69,75,69,67.5,65,3.8461538461538547,94.95192307692307,"FAILED_OVERTIME",5.039999999999964,9.039999999999964,2164.7900714238,2173.8300714238
"B-G1.040-C2",42,"promotion-1838",2,2287.8450377968,3624,3720,7488,79,73,79,73,79,65,21.53846153846153,100,"SUCCESS",0,0,"",""
"B-G1.040-C2",42,"promotion-2628",3,3238.6498361429,5244,5340,12672,111,104,111,104,79.92,110,-27.34545454545454,73.42187500000038,"FAILED_OVERTIME",30.34216216220011,34.34216216220011,3334.6498361429,3368.9919983051
"B-G1.040-C2",42,"promotion-2762",3,3480.5817613702,5604,5700,12672,113,106,113,106,99.44,110,-9.599999999999998,83.03787878787877,"FAILED_OVERTIME",19.0215929203996,23.0215929203996,3576.5817613702,3599.6033542906
"B-G1.040-C2",7961,"promotion-550",0,387.948951706,564,660,2304,22,15,22,15,18.040000000000003,20,-9.799999999999986,81.86979166666659,"FAILED_OVERTIME",18.987272727300024,22.987272727300024,483.948951706,506.9362244333
"B-G1.040-C2",7961,"promotion-760",0,630.4062665374,924,1020,2304,24,17,24,17,24,20,19.999999999999996,100,"SUCCESS",0,0,"",""
"B-G1.040-C2",7961,"promotion-1209",1,1192.0418178393,1824,1920,4032,41,33,41,33,36.9,35,5.428571428571427,92.7380952380951,"FAILED_OVERTIME",7.141463414599912,11.141463414600139,1288.0418178393,1299.1832812539
"B-G1.040-C2",7961,"promotion-1334",1,1412.9690187685,2184,2280,4032,47,39,47,39,47,35,34.28571428571428,100,"SUCCESS",0,0,"",""
"B-G1.040-C2",7961,"promotion-1617",2,1730.4008279774,2724,2820,7488,68,61,68,61,48.96,65,-24.676923076923075,85.59935897435898,"FAILED_OVERTIME",15.857647058800012,19.857647058800012,1826.4008279774,1846.2584750362
"B-G1.040-C2",7961,"promotion-1745",2,1970.0663171818,3084,3180,7488,73,67,73,67,65.7,65,1.0769230769230864,90.66506410256406,"FAILED_OVERTIME",9.575342465800077,13.575342465800077,2066.0663171818,2079.6416596476
"B-G1.040-C2",7961,"promotion-1886",2,2193.1008963147,3444,3540,7488,81,74,81,74,81,65,24.615384615384617,100,"SUCCESS",0,0,"",""
"B-G1.040-C2",7961,"promotion-2733",3,3142.175831884,5064,5160,12672,110,104,110,104,110,110,0,83.33333333333334,"FAILED_OVERTIME",19.199999999999818,23.199999999999818,3238.175831884,3261.375831884
"B-G1.040-C2",7961,"promotion-2858",3,3371.5547962853,5424,5520,12672,112,106,112,106,100.8,110,-8.363636363636362,79.01515151515129,"FAILED_OVERTIME",23.742857142899993,27.742857142899993,3467.5547962853,3495.2976534282
"B-G1.040-C2",15880,"promotion-308",0,267.7976979667,384,480,2304,20,12,20,12,20,20,0,83.33333333333334,"FAILED_OVERTIME",19.19999999999999,23.19999999999999,363.7976979667,386.9976979667
"B-G1.040-C2",15880,"promotion-507",0,510.2077394064,744,840,2304,22,15,22,15,22,20,10.000000000000009,91.66666666666666,"FAILED_OVERTIME",8.727272727300033,12.727272727299919,606.2077394064,618.9350121337
"B-G1.040-C2",15880,"promotion-716",0,747.0228909216,1104,1200,2304,24,16,24,16,19.68,20,-1.6000000000000014,99.4375,"FAILED_OVERTIME",0.5399999999999636,4.539999999999964,843.0228909216,847.5628909216
"B-G1.040-C2",15880,"promotion-897",0,975.8030932154,1464,1560,2304,26,19,26,19,21.32,20,6.600000000000006,100,"SUCCESS",0,0,"",""
"B-G1.040-C2",15880,"promotion-1171",1,1316.8037961945,2004,2100,4032,42,34,42,34,37.800000000000004,35,8.000000000000007,96.87500000000007,"FAILED_OVERTIME",3,7,1412.8037961945,1419.8037961945
"B-G1.040-C2",15880,"promotion-1355",1,1537.652096939,2364,2460,4032,45,38,45,38,45,35,28.57142857142858,100,"SUCCESS",0,0,"",""
"B-G1.040-C2",15880,"promotion-1730",2,1964.0520885808,3084,3180,7488,67,59,67,59,60.300000000000004,65,-7.23076923076923,78.38141025640984,"FAILED_OVERTIME",24.16119402989989,28.16119402989989,2060.0520885808,2088.2132826107
"B-G1.040-C2",15880,"promotion-1861",2,2208.5178313376,3444,3540,7488,73,67,73,67,65.7,65,1.0769230769230864,88.91025641025652,"FAILED_OVERTIME",11.375342465799804,15.375342465799804,2304.5178313376,2319.8931738034
"B-G1.040-C2",15880,"promotion-1989",2,2432.5446944986,3804,3900,7488,76,70,76,70,68.4,65,5.230769230769239,90.73717948717939,"FAILED_OVERTIME",9.12631578950004,13.12631578950004,2528.5446944986,2541.6710102881
"B-G1.040-C2",15880,"promotion-2124",2,2655.149434464,4164,4260,7488,81,74,81,74,71.28,65,9.661538461538456,100,"SUCCESS",0,0,"",""
"B-G1.040-C2",23799,"promotion-413",0,393.4066542503,564,660,2304,24,16,24,16,24,20,19.999999999999996,100,"SUCCESS",0,0,"",""
"B-G1.040-C2",23799,"promotion-603",1,757.7646983534,1104,1200,4032,37,30,37,30,37,35,5.714285714285716,88.09523809523809,"FAILED_OVERTIME",12.972972972999969,16.97297297299997,853.7646983534,870.7376713264
"B-G1.040-C2",23799,"promotion-709",1,985.7288821659,1464,1560,4032,40,33,40,33,40,35,14.28571428571428,95.23809523809523,"FAILED_OVERTIME",4.7999999999999545,8.800000000000182,1081.7288821659,1090.5288821659
"B-G1.040-C2",23799,"promotion-826",1,1204.4892762546,1824,1920,4032,46,38,46,38,46,35,31.428571428571427,100,"SUCCESS",0,0,"",""
"B-G1.040-C2",23799,"promotion-1089",2,1522.1204808096,2364,2460,7488,65,58,65,58,65,65,0,83.33333333333334,"FAILED_OVERTIME",19.199999999999818,23.200000000000045,1618.1204808096,1641.3204808096
"B-G1.040-C2",23799,"promotion-1225",2,1755.7390795183,2724,2820,7488,71,64,71,64,63.9,65,-1.692307692307693,84.76762820512802,"FAILED_OVERTIME",16.064788732399848,20.064788732399848,1851.7390795183,1871.8038682507
"B-G1.040-C2",23799,"promotion-1368",2,1987.3859679951,3084,3180,7488,76,70,76,70,76,65,16.92307692307693,97.43589743589743,"FAILED_OVERTIME",2.5263157895001314,6.526315789499677,2083.3859679951,2089.9122837846
"B-G1.040-C2",23799,"promotion-1500",2,2204.2376493739,3444,3540,7488,79,73,79,73,64.78,65,-0.33846153846153193,93.87580128205131,"FAILED_OVERTIME",5.804810126599932,9.804810126600387,2300.2376493739,2310.0424595005
"B-G1.040-C2",23799,"promotion-1607",2,2419.8947464816,3804,3900,7488,82,75,82,75,59.04,65,-9.169230769230774,97.30929487179455,"FAILED_OVERTIME",2.457073170699914,6.457073170699914,2515.8947464816,2522.3518196523
"B-G1.040-C2",23799,"promotion-1774",2,2640.6118156584,4164,4260,7488,86,80,86,80,67.08,65,3.200000000000003,99.78205128205167,"FAILED_OVERTIME",0.18976744189967576,4.1897674419001305,2736.6118156584,2740.8015831003
"B-G1.040-C2",23799,"promotion-1940",2,2854.4574263768,4524,4620,7488,91,84,91,84,80.08,65,23.2,100,"SUCCESS",0,0,"",""
"B-G1.040-C2",23799,"promotion-2587",3,3588.8602042477,5784,5880,12672,110,104,110,104,110,110,0,"","",0,0,"",""
"B-G1.040-C2",31718,"promotion-335",0,265.8519755557,384,480,2304,20,12,20,12,20,20,0,83.33333333333334,"FAILED_OVERTIME",19.19999999999999,23.19999999999999,361.8519755557,385.0519755557
"B-G1.040-C2",31718,"promotion-494",0,509.8280366157,744,840,2304,22,15,22,15,22,20,10.000000000000009,91.66666666666666,"FAILED_OVERTIME",8.727272727300033,12.727272727300033,605.8280366157,618.555309343
"B-G1.040-C2",31718,"promotion-663",0,748.9154310113,1104,1200,2304,24,16,24,16,19.68,20,-1.6000000000000014,99.4375,"FAILED_OVERTIME",0.5399999999999636,4.539999999999964,844.9154310113,849.4554310113
"B-G1.040-C2",31718,"promotion-844",0,976.9272893887,1464,1560,2304,26,19,26,19,20.28,20,1.4000000000000012,100,"SUCCESS",0,0,"",""
"B-G1.040-C2",31718,"promotion-990",1,1193.2689890224,1824,1920,4032,35,27,35,27,35,35,0,83.33333333333334,"FAILED_OVERTIME",19.200000000000045,23.199999999999818,1289.2689890224,1312.4689890224
"B-G1.040-C2",31718,"promotion-1123",1,1427.5369746939,2184,2280,4032,42,35,42,35,36.96,35,5.600000000000005,94.75000000000003,"FAILED_OVERTIME",5.039999999999964,9.039999999999964,1523.5369746939,1532.5769746939
"B-G1.040-C2",31718,"promotion-1282",1,1648.9018080741,2544,2640,4032,49,42,49,42,49,35,39.99999999999999,100,"SUCCESS",0,0,"",""
"B-G1.040-C2",31718,"promotion-1541",2,1971.5445523823,3084,3180,7488,66,59,66,59,59.4,65,-8.615384615384613,77.21153846153852,"FAILED_OVERTIME",25.854545454500112,29.854545454500112,2067.5445523823,2097.3990978368
"B-G1.040-C2",31718,"promotion-1650",2,2210.9518482968,3444,3540,7488,71,64,71,64,71,65,9.23076923076922,91.02564102564102,"FAILED_OVERTIME",9.464788732399938,13.464788732399938,2306.9518482968,2320.4166370292
"B-G1.040-C2",31718,"promotion-1770",2,2435.9212782809,3804,3900,7488,74,68,74,68,66.60000000000001,65,2.4615384615384706,88.3493589743591,"FAILED_OVERTIME",11.789189189199988,15.789189189199988,2531.9212782809,2547.7104674701
"B-G1.040-C2",31718,"promotion-1919",2,2657.59133743,4164,4260,7488,80,74,80,74,65.60000000000001,65,0.9230769230769376,98.52564102564104,"FAILED_OVERTIME",1.3800000000001091,5.380000000000109,2753.59133743,2758.97133743
"B-G1.040-C2",31718,"promotion-2054",2,2871.440623288,4524,4620,7488,83,77,83,77,83,65,27.692307692307683,100,"SUCCESS",0,0,"",""
"B-G1.040-C2",39637,"promotion-341",0,263.6729621525,384,480,2304,20,13,20,13,20,20,0,83.33333333333334,"FAILED_OVERTIME",19.19999999999999,23.19999999999999,359.6729621525,382.8729621525
"B-G1.040-C2",39637,"promotion-527",0,506.6406824294,744,840,2304,23,16,23,16,23,20,14.999999999999991,95.83333333333334,"FAILED_OVERTIME",4.173913043499965,8.173913043499965,602.6406824294,610.8145954729
"B-G1.040-C2",39637,"promotion-643",0,735.4473029828,1104,1200,2304,27,20,27,20,27,20,35.00000000000001,100,"SUCCESS",0,0,"",""
"B-G1.040-C2",39637,"promotion-751",1,950.9107624568,1464,1560,4032,35,27,35,27,31.5,35,-9.999999999999998,80.72916666666666,"FAILED_OVERTIME",22.200000000000045,26.200000000000045,1046.9107624568,1073.1107624568
"B-G1.040-C2",39637,"promotion-886",1,1186.5056585045,1824,1920,4032,38,30,38,30,38,35,8.571428571428562,90.47619047619048,"FAILED_OVERTIME",10.105263157900026,14.105263157900026,1282.5056585045,1296.6109216624
"B-G1.040-C2",39637,"promotion-1021",1,1413.8547361888,2184,2280,4032,42,35,42,35,34.440000000000005,35,-1.5999999999999903,89.31249999999976,"FAILED_OVERTIME",10.260000000000218,14.259999999999991,1509.8547361888,1524.1147361888
"B-G1.040-C2",39637,"promotion-1188",1,1641.8114508508,2544,2640,4032,47,39,47,39,42.300000000000004,35,20.85714285714286,100,"SUCCESS",0,0,"",""
"B-G1.040-C2",39637,"promotion-1458",2,1961.8961664269,3084,3180,7488,67,59,67,59,67,65,3.076923076923066,85.8974358974359,"FAILED_OVERTIME",15.761194029899798,19.761194029899798,2057.8961664269,2077.6573604568
"B-G1.040-C2",39637,"promotion-1607",2,2204.3104178315,3444,3540,7488,74,68,74,68,74,65,13.846153846153841,94.87179487179486,"FAILED_OVERTIME",5.1891891892000785,9.189189189199624,2300.3104178315,2309.4996070207
"B-G1.040-C2",39637,"promotion-1765",2,2423.9629274777,3804,3900,7488,78,72,78,72,78,65,19.999999999999996,100,"SUCCESS",0,0,"",""
"B-G1.040-C2",47556,"promotion-326",0,260.2175317461,384,480,2304,21,14,21,14,21,20,5.000000000000004,87.5,"FAILED_OVERTIME",13.71428571429999,17.71428571429999,356.2175317461,373.9318174604
"B-G1.040-C2",47556,"promotion-519",0,501.053205706,744,840,2304,23,16,23,16,23,20,14.999999999999991,95.83333333333334,"FAILED_OVERTIME",4.173913043499965,8.173913043500079,597.053205706,605.2271187495
"B-G1.040-C2",47556,"promotion-672",0,731.1659919075,1104,1200,2304,29,21,29,21,29,20,44.99999999999999,100,"SUCCESS",0,0,"",""
"B-G1.040-C2",47556,"promotion-833",1,944.7585845001,1464,1560,4032,38,31,38,31,38,35,8.571428571428562,90.47619047619048,"FAILED_OVERTIME",10.105263157900026,14.105263157900026,1040.7585845001,1054.863847658
"B-G1.040-C2",47556,"promotion-978",1,1177.986385211,1824,1920,4032,46,38,46,38,37.720000000000006,35,7.771428571428585,100,"SUCCESS",0,0,"",""
"B-G1.040-C2",47556,"promotion-1221",2,1506.0980979107,2364,2460,7488,65,57,65,57,58.5,65,-9.999999999999998,79.16666666666666,"FAILED_OVERTIME",24,28,1602.0980979107,1630.0980979107
"B-G1.040-C2",47556,"promotion-1365",2,1750.2261232862,2724,2820,7488,71,64,71,64,71,65,9.23076923076922,91.02564102564102,"FAILED_OVERTIME",9.464788732399938,13.464788732400166,1846.2261232862,1859.6909120186
"B-G1.040-C2",47556,"promotion-1485",2,1978.5921611254,3084,3180,7488,75,69,75,69,61.50000000000001,65,-5.384615384615376,92.36778846153845,"FAILED_OVERTIME",7.619999999999891,11.620000000000346,2074.5921611254,2086.2121611254
"B-G1.040-C2",47556,"promotion-1619",2,2203.0863763429,3444,3540,7488,79,73,79,73,79,65,21.53846153846153,100,"SUCCESS",0,0,"",""
"B-G1.040-C2",47556,"promotion-2408",3,3162.1909965817,5064,5160,12672,110,103,110,103,110,110,0,83.33333333333334,"FAILED_OVERTIME",19.199999999999818,23.200000000000273,3258.1909965817,3281.3909965817
"B-G1.040-C2",47556,"promotion-2538",3,3397.5376198583,5424,5520,12672,112,106,112,106,100.8,110,-8.363636363636362,79.01515151515129,"FAILED_OVERTIME",23.742857142899993,27.742857142899993,3493.5376198583,3521.2804770012
"B-G1.040-C2",55475,"promotion-486",0,387.7431462574,564,660,2304,21,14,21,14,15.12,20,-24.4,80.99218749999999,"FAILED_OVERTIME",20.854285714299976,24.854285714300033,483.7431462574,508.5974319717
"B-G1.040-C2",55475,"promotion-688",0,629.108963122,924,1020,2304,23,16,23,16,16.56,20,-17.200000000000003,83.67447916666623,"FAILED_OVERTIME",16.353913043499915,20.35391304350003,725.108963122,745.4628761655
"B-G1.040-C2",55475,"promotion-817",0,873.1352171511,1284,1380,2304,28,20,28,20,28,20,39.99999999999999,100,"SUCCESS",0,0,"",""
"B-G1.040-C2",55475,"promotion-1047",1,1194.7089138369,1824,1920,4032,37,30,37,30,33.300000000000004,35,-4.857142857142849,83.69047619047632,"FAILED_OVERTIME",17.772972972999924,21.77297297300015,1290.7089138369,1312.4818868099
"B-G1.040-C2",55475,"promotion-1157",1,1429.5278043916,2184,2280,4032,41,33,41,33,41,35,17.14285714285715,97.61904761904762,"FAILED_OVERTIME",2.3414634146001845,6.341463414599957,1525.5278043916,1531.8692678062
"B-G1.040-C2",55475,"promotion-1311",1,1657.3093193254,2544,2640,4032,44,37,44,37,31.68,35,-9.485714285714286,91.47023809523854,"FAILED_OVERTIME",7.816363636400183,11.816363636399956,1753.3093193254,1765.1256829618
"B-G1.040-C2",55475,"promotion-1486",1,1880.5092616343,2904,3000,4032,48,40,48,40,48,35,37.142857142857146,100,"SUCCESS",0,0,"",""
"B-G1.040-C2",55475,"promotion-1830",2,2307.5775331007,3624,3720,7488,69,62,69,62,62.1,65,-4.461538461538462,80.7211538461537,"FAILED_OVERTIME",20.921739130400056,24.921739130400056,2403.5775331007,2428.4992722311
"B-G1.040-C2",55475,"promotion-1950",2,2546.5952926636,3984,4080,7488,72,65,72,65,64.8,65,-0.3076923076923088,87.6923076923076,"FAILED_OVERTIME",12.800000000000182,16.799999999999727,2642.5952926636,2659.3952926636
"B-G1.040-C2",55475,"promotion-2111",2,2773.1936867424,4344,4440,7488,78,72,78,72,78,65,19.999999999999996,100,"SUCCESS",0,0,"",""
"B-G1.040-C2",63394,"promotion-295",0,268.019339385,384,480,2304,20,13,20,13,17.6,20,-11.99999999999999,82.70833333333334,"FAILED_OVERTIME",19.920000000000016,23.91999999999996,364.019339385,387.939339385
"B-G1.040-C2",63394,"promotion-436",0,505.3295957953,744,840,2304,25,18,25,18,22.5,20,12.5,98.95833333333334,"FAILED_OVERTIME",0.9600000000000364,4.960000000000036,601.3295957953,606.2895957953
"B-G1.040-C2",63394,"promotion-589",0,733.559212727,1104,1200,2304,26,19,26,19,21.32,20,6.600000000000006,100,"SUCCESS",0,0,"",""
"B-G1.040-C2",63394,"promotion-982",1,1172.0022825597,1824,1920,4032,36,29,36,29,36,35,2.857142857142847,85.71428571428571,"FAILED_OVERTIME",16,20,1268.0022825597,1288.0022825597
"B-G1.040-C2",63394,"promotion-1107",1,1410.0856226331,2184,2280,4032,41,34,41,34,41,35,17.14285714285715,97.61904761904762,"FAILED_OVERTIME",2.3414634146001845,6.341463414599957,1506.0856226331,1512.4270860477
"B-G1.040-C2",63394,"promotion-1255",1,1629.0887230941,2544,2640,4032,45,37,45,37,45,35,28.57142857142858,100,"SUCCESS",0,0,"",""
"B-G1.040-C2",63394,"promotion-1656",2,2057.2239635826,3264,3360,7488,70,63,70,63,70,65,7.692307692307687,89.74358974358975,"FAILED_OVERTIME",10.971428571399883,14.971428571399883,2153.2239635826,2168.195392154
"B-G1.040-C2",63394,"promotion-1778",2,2282.6711846909,3624,3720,7488,74,68,74,68,74,65,13.846153846153841,94.87179487179486,"FAILED_OVERTIME",5.1891891892000785,9.189189189199624,2378.6711846909,2387.8603738801
"B-G1.040-C2",63394,"promotion-1901",2,2497.85124384,3984,4080,7488,80,74,80,74,80,65,23.076923076923084,100,"SUCCESS",0,0,"",""
"B-G1.040-C2",63394,"promotion-2682",3,3555.3776065804,5784,5880,12672,110,103,110,103,110,110,0,"","",0,0,"",""
"B-G1.040-C2",71313,"promotion-518",0,383.8114278308,564,660,2304,22,14,22,14,19.8,20,-1.0000000000000009,85.3645833333336,"FAILED_OVERTIME",15.327272727300056,19.3272727273,479.8114278308,499.1387005581
"B-G1.040-C2",71313,"promotion-656",0,623.730213199,924,1020,2304,26,19,26,19,26,20,30.000000000000004,100,"SUCCESS",0,0,"",""
"B-G1.040-C2",71313,"promotion-1028",1,1070.4962064256,1644,1740,4032,35,28,35,28,28.700000000000003,35,-17.999999999999993,82.86458333333334,"FAILED_OVERTIME",19.74000000000001,23.74000000000001,1166.4962064256,1190.2362064256
"B-G1.040-C2",71313,"promotion-1152",1,1302.9438254732,2004,2100,4032,39,32,39,32,39,35,11.428571428571432,92.85714285714286,"FAILED_OVERTIME",7.384615384599783,11.38461538460001,1398.9438254732,1410.3284408578
"B-G1.040-C2",71313,"promotion-1305",1,1527.296892807,2364,2460,4032,42,35,42,35,37.800000000000004,35,8.000000000000007,95.00000000000016,"FAILED_OVERTIME",4.800000000000182,8.799999999999955,1623.296892807,1632.096892807
"B-G1.040-C2",71313,"promotion-1414",1,1745.8280039181,2724,2820,4032,47,40,47,40,42.300000000000004,35,20.85714285714286,100,"SUCCESS",0,0,"",""
"B-G1.040-C2",71313,"promotion-1762",2,2181.0782953704,3444,3540,7488,71,64,71,64,71,65,9.23076923076922,91.02564102564102,"FAILED_OVERTIME",9.464788732399938,13.464788732399938,2277.0782953704,2290.5430841028
"B-G1.040-C2",71313,"promotion-1899",2,2406.1834562091,3804,3900,7488,77,70,77,70,77,65,18.461538461538463,98.71794871794873,"FAILED_OVERTIME",1.2467532467999263,5.246753246799926,2502.1834562091,2507.4302094559
"B-G1.040-C2",71313,"promotion-2049",2,2617.4095131539,4164,4260,7488,82,75,82,75,82,65,26.15384615384615,100,"SUCCESS",0,0,"",""
"B-G1.040-C2",71313,"promotion-2787",3,3481.3482330037,5604,5700,12672,111,105,111,105,111,110,0.9090909090909038,84.0909090909091,"FAILED_OVERTIME",18.16216216219982,22.16216216219982,3577.3482330037,3599.5103951659
"B-G1.040-C3",42,"promotion-523",0,388.0504668337,564,660,2304,23,16,23,16,20.7,20,3.499999999999992,89.24479166666637,"FAILED_OVERTIME",10.773913043499988,14.773913043499988,484.0504668337,498.8243798772
"B-G1.040-C3",42,"promotion-947",0,738.0827158051,1104,1200,2304,28,21,28,21,28,20,39.99999999999999,100,"SUCCESS",0,0,"",""
"B-G1.040-C3",42,"promotion-1107",1,952.4105589423,1464,1560,4032,37,29,37,29,33.300000000000004,35,-4.857142857142849,80.38690476190456,"FAILED_OVERTIME",21.37297297300006,25.37297297300006,1048.4105589423,1073.7835319153
"B-G1.040-C3",42,"promotion-1384",1,1297.2416698445,2004,2100,4032,45,38,45,38,45,35,28.57142857142858,100,"SUCCESS",0,0,"",""
"B-G1.040-C3",42,"promotion-1747",2,1736.3251944992,2724,2820,7488,68,61,68,61,68,65,4.615384615384621,87.17948717948718,"FAILED_OVERTIME",14.117647058799776,18.117647058800003,1832.3251944992,1850.442841558
"B-G1.040-C3",42,"promotion-1994",2,2083.5627156105,3264,3360,7488,81,74,81,74,81,65,24.615384615384617,100,"SUCCESS",0,0,"",""
"B-G1.040-C3",42,"promotion-2741",3,2935.0709874268,4704,4800,12672,111,105,111,105,86.58,110,-21.290909090909093,80.83238636363632,"FAILED_OVERTIME",21.882162162200075,25.882162162200075,3031.0709874268,3056.953149589
"B-G1.040-C3",42,"promotion-2978",3,3280.8254205991,5244,5340,12672,116,109,116,109,104.4,110,-5.09090909090909,85.13257575757571,"FAILED_OVERTIME",16.241379310299635,20.241379310299635,3376.8254205991,3397.0667999094
"B-G1.040-C3",7961,"promotion-550",0,387.948951706,564,660,2304,22,15,22,15,18.040000000000003,20,-9.799999999999986,81.86979166666659,"FAILED_OVERTIME",18.987272727300024,22.987272727300024,483.948951706,506.9362244333
"B-G1.040-C3",7961,"promotion-921",0,741.804352439,1104,1200,2304,26,19,26,19,21.32,20,6.600000000000006,100,"SUCCESS",0,0,"",""
"B-G1.040-C3",7961,"promotion-1265",1,1176.1836107314,1824,1920,4032,38,30,38,30,34.2,35,-2.28571428571428,85.9523809523808,"FAILED_OVERTIME",14.90526315789998,18.90526315789998,1272.1836107314,1291.0888738893
"B-G1.040-C3",7961,"promotion-1577",1,1525.3869308433,2364,2460,4032,47,39,47,39,47,35,34.28571428571428,100,"SUCCESS",0,0,"",""
"B-G1.040-C3",7961,"promotion-1845",2,1848.3857537835,2904,3000,7488,69,61,69,61,53.82,65,-17.200000000000003,81.38461538461549,"FAILED_OVERTIME",20.2017391303998,24.20173913040003,1944.3857537835,1968.5874929139
"B-G1.040-C3",7961,"promotion-2106",2,2194.4149148441,3444,3540,7488,77,70,77,70,55.44,65,-14.70769230769231,86.56330128205113,"FAILED_OVERTIME",13.06675324680009,17.066753246799635,2290.4149148441,2307.4816680909
"B-G1.040-C3",7961,"promotion-2339",2,2530.657188477,3984,4080,7488,84,77,84,77,84,65,29.230769230769237,100,"SUCCESS",0,0,"",""
"B-G1.040-C3",7961,"promotion-3158",3,3486.843557283,5604,5700,12672,110,104,110,104,96.8,110,-12,80.83333333333333,"FAILED_OVERTIME",13.156442716999663,0,3582.843557283,""
"B-G1.040-C3",15880,"promotion-308",0,267.7976979667,384,480,2304,20,12,20,12,20,20,0,83.33333333333334,"FAILED_OVERTIME",19.19999999999999,23.19999999999999,363.7976979667,386.9976979667
"B-G1.040-C3",15880,"promotion-683",0,623.2106282249,924,1020,2304,24,17,24,17,21.6,20,8.000000000000007,91.25000000000043,"FAILED_OVERTIME",8.400000000000091,12.399999999999977,719.2106282249,731.6106282249
"B-G1.040-C3",15880,"promotion-1002",0,982.3496812337,1464,1560,2304,30,23,30,23,30,20,50,100,"SUCCESS",0,0,"",""
"B-G1.040-C3",15880,"promotion-1291",1,1307.3921350014,2004,2100,4032,41,33,41,33,36.9,35,5.428571428571427,94.56845238095242,"FAILED_OVERTIME",5.3414634146001845,9.341463414599957,1403.3921350014,1412.733598416
"B-G1.040-C3",15880,"promotion-1599",1,1635.0900356365,2544,2640,4032,51,43,51,43,39.78,35,13.657142857142857,100,"SUCCESS",0,0,"",""
"B-G1.040-C3",15880,"promotion-1902",2,1976.6529215275,3084,3180,7488,68,61,68,61,68,65,4.615384615384621,87.17948717948718,"FAILED_OVERTIME",14.117647058799776,18.11764705880023,2072.6529215275,2090.7705685863
"B-G1.040-C3",15880,"promotion-2133",2,2311.5994275627,3624,3720,7488,77,71,77,71,77,65,18.461538461538463,98.71794871794873,"FAILED_OVERTIME",1.2467532467999263,5.246753246799926,2407.5994275627,2412.8461808095
"B-G1.040-C3",15880,"promotion-2402",2,2634.4216589421,4164,4260,7488,86,79,86,79,86,65,32.30769230769231,100,"SUCCESS",0,0,"",""
"B-G1.040-C3",15880,"promotion-3126",3,3485.5848796173,5604,5700,12672,110,103,110,103,110,110,0,83.33333333333334,"FAILED_OVERTIME",14.415120382600435,0,3581.5848796173,""
"B-G1.040-C3",23799,"promotion-413",0,393.4066542503,564,660,2304,24,16,24,16,24,20,19.999999999999996,100,"SUCCESS",0,0,"",""
"B-G1.040-C3",23799,"promotion-603",1,757.7646983534,1104,1200,4032,37,30,37,30,37,35,5.714285714285716,88.09523809523809,"FAILED_OVERTIME",12.972972972999969,16.97297297299997,853.7646983534,870.7376713264
"B-G1.040-C3",23799,"promotion-848",1,1090.4336440707,1644,1740,4032,46,39,46,39,41.4,35,18.285714285714285,100,"SUCCESS",0,0,"",""
"B-G1.040-C3",23799,"promotion-1212",2,1509.2492002763,2364,2460,7488,69,62,69,62,62.1,65,-4.461538461538462,84.03846153846166,"FAILED_OVERTIME",17.321739130400147,21.321739130400147,1605.2492002763,1626.5709394067
"B-G1.040-C3",23799,"promotion-1441",2,1854.8671520721,2904,3000,7488,76,70,76,70,76,65,16.92307692307693,97.43589743589743,"FAILED_OVERTIME",2.5263157895001314,6.526315789499904,1950.8671520721,1957.3934678616
"B-G1.040-C3",23799,"promotion-1696",2,2181.5937359069,3444,3540,7488,84,77,84,77,84,65,29.230769230769237,100,"SUCCESS",0,0,"",""
"B-G1.040-C3",23799,"promotion-2487",3,3035.8308373201,4884,4980,12672,111,105,111,105,91.02000000000001,110,-17.254545454545443,83.61789772727273,"FAILED_OVERTIME",18.702162162199784,22.70216216220024,3131.8308373201,3154.5329994823
"B-G1.040-C3",23799,"promotion-2700",3,3370.4776680256,5424,5520,12672,115,109,115,109,115,110,4.545454545454541,87.12121212121212,"FAILED_OVERTIME",14.191304347799814,18.191304347799814,3466.4776680256,3484.6689723734
"B-G1.040-C3",31718,"promotion-335",0,265.8519755557,384,480,2304,20,12,20,12,20,20,0,83.33333333333334,"FAILED_OVERTIME",19.19999999999999,23.19999999999999,361.8519755557,385.0519755557
"B-G1.040-C3",31718,"promotion-699",0,624.0308271748,924,1020,2304,24,17,24,17,21.6,20,8.000000000000007,91.25000000000043,"FAILED_OVERTIME",8.400000000000091,12.399999999999977,720.0308271748,732.4308271748
"B-G1.040-C3",31718,"promotion-1040",0,967.3964402517,1464,1560,2304,32,25,32,25,32,20,60.00000000000001,100,"SUCCESS",0,0,"",""
"B-G1.040-C3",31718,"promotion-1272",1,1184.2495575627,1824,1920,4032,37,30,37,30,37,35,5.714285714285716,88.09523809523809,"FAILED_OVERTIME",12.972972972999969,16.97297297299997,1280.2495575627,1297.2225305357
"B-G1.040-C3",31718,"promotion-1566",1,1524.5196810157,2364,2460,4032,50,43,50,43,50,35,42.85714285714286,100,"SUCCESS",0,0,"",""
"B-G1.040-C3",31718,"promotion-1787",2,1844.298704064,2904,3000,7488,65,57,65,57,65,65,0,83.33333333333334,"FAILED_OVERTIME",19.199999999999818,23.200000000000045,1940.298704064,1963.498704064
"B-G1.040-C3",31718,"promotion-2074",2,2181.4069863363,3444,3540,7488,76,70,76,70,76,65,16.92307692307693,97.43589743589743,"FAILED_OVERTIME",2.5263157895001314,6.526315789499677,2277.4069863363,2283.9333021258
"B-G1.040-C3",31718,"promotion-2321",2,2505.6287042673,3984,4080,7488,85,79,85,79,85,65,30.76923076923077,100,"SUCCESS",0,0,"",""
"B-G1.040-C3",31718,"promotion-3100",3,3468.9831300777,5604,5700,12672,110,104,110,104,110,110,0,83.33333333333334,"FAILED_OVERTIME",19.199999999999818,23.199999999999818,3564.9831300777,3588.1831300777
"B-G1.040-C3",39637,"promotion-341",0,263.6729621525,384,480,2304,20,13,20,13,20,20,0,83.33333333333334,"FAILED_OVERTIME",19.19999999999999,23.19999999999999,359.6729621525,382.8729621525
"B-G1.040-C3",39637,"promotion-615",0,615.3490157627,924,1020,2304,27,20,27,20,27,20,35.00000000000001,100,"SUCCESS",0,0,"",""
"B-G1.040-C3",39637,"promotion-868",1,942.2460137067,1464,1560,4032,41,34,41,34,36.9,35,5.428571428571427,94.56845238095241,"FAILED_OVERTIME",5.341463414599957,9.341463414599957,1038.2460137067,1047.5874771213
"B-G1.040-C3",39637,"promotion-1148",1,1270.3486486148,2004,2100,4032,51,43,51,43,36.72,35,4.9142857142857155,100,"SUCCESS",0,0,"",""
"B-G1.040-C3",39637,"promotion-1402",2,1589.1587012354,2544,2640,7488,66,59,66,59,66,65,1.538461538461533,84.61538461538461,"FAILED_OVERTIME",17.45454545450002,21.45454545450002,1685.1587012354,1706.6132466899
"B-G1.040-C3",39637,"promotion-1678",2,1928.2995883597,3084,3180,7488,79,72,79,72,71.10000000000001,65,9.38461538461539,98.11698717948725,"FAILED_OVERTIME",1.7848101265999503,5.78481012659995,2024.2995883597,2030.0843984863
"B-G1.040-C3",39637,"promotion-1927",2,2251.0133839385,3624,3720,7488,86,80,86,80,77.4,65,19.07692307692308,100,"SUCCESS",0,0,"",""
"B-G1.040-C3",39637,"promotion-2763",3,3319.1967947941,5424,5520,12672,111,104,111,104,91.02000000000001,110,-17.254545454545443,83.61789772727273,"FAILED_OVERTIME",18.702162162199784,22.70216216220024,3415.1967947941,3437.8989569563
"B-G1.040-C3",47556,"promotion-326",0,260.2175317461,384,480,2304,21,14,21,14,21,20,5.000000000000004,87.5,"FAILED_OVERTIME",13.71428571429999,17.71428571429999,356.2175317461,373.9318174604
"B-G1.040-C3",47556,"promotion-619",0,609.7615390393,924,1020,2304,27,20,27,20,24.3,20,21.500000000000007,100,"SUCCESS",0,0,"",""
"B-G1.040-C3",47556,"promotion-982",1,1043.8668350354,1644,1740,4032,39,31,39,31,31.980000000000004,35,-8.62857142857142,92.33482142857143,"FAILED_OVERTIME",7.924615384599974,11.924615384599974,1139.8668350354,1151.79145042
"B-G1.040-C3",47556,"promotion-1242",1,1377.678945552,2184,2280,4032,51,44,51,44,41.82,35,19.485714285714284,100,"SUCCESS",0,0,"",""
"B-G1.040-C3",47556,"promotion-1496",2,1691.1472625655,2724,2820,7488,67,59,67,59,67,65,3.076923076923066,85.8974358974359,"FAILED_OVERTIME",15.761194029899798,19.761194029900025,1787.1472625655,1806.9084565954
"B-G1.040-C3",47556,"promotion-1771",2,2045.9923774119,3264,3360,7488,75,69,75,69,61.50000000000001,65,-5.384615384615376,85.87740384615387,"FAILED_OVERTIME",14.099999999999909,18.09999999999991,2141.9923774119,2160.0923774119
"B-G1.040-C3",47556,"promotion-2004",2,2386.1059431778,3804,3900,7488,82,75,82,75,82,65,26.15384615384615,100,"SUCCESS",0,0,"",""
"B-G1.040-C3",47556,"promotion-2810",3,3455.0738322884,5604,5700,12672,111,104,111,104,111,110,0.9090909090909038,84.0909090909091,"FAILED_OVERTIME",18.16216216219982,22.162162162200275,3551.0738322884,3573.2359944506
"B-G1.040-C3",55475,"promotion-486",0,387.7431462574,564,660,2304,21,14,21,14,15.12,20,-24.4,80.99218749999999,"FAILED_OVERTIME",20.854285714299976,24.854285714300033,483.7431462574,508.5974319717
"B-G1.040-C3",55475,"promotion-780",0,740.5487779368,1104,1200,2304,28,20,28,20,28,20,39.99999999999999,100,"SUCCESS",0,0,"",""
"B-G1.040-C3",55475,"promotion-888",1,955.5604922225,1464,1560,4032,35,28,35,28,31.5,35,-9.999999999999998,80.72916666666666,"FAILED_OVERTIME",22.200000000000045,26.200000000000045,1051.5604922225,1077.7604922225
"B-G1.040-C3",55475,"promotion-1134",1,1306.2848600755,2004,2100,4032,46,38,46,38,37.720000000000006,35,7.771428571428585,100,"SUCCESS",0,0,"",""
"B-G1.040-C3",55475,"promotion-1473",2,1734.3373144445,2724,2820,7488,65,58,65,58,65,65,0,83.33333333333334,"FAILED_OVERTIME",19.199999999999818,23.200000000000045,1830.3373144445,1853.5373144445
"B-G1.040-C3",55475,"promotion-1732",2,2072.2040461071,3264,3360,7488,74,68,74,68,60.68000000000001,65,-6.646153846153835,84.73237179487192,"FAILED_OVERTIME",15.449189189199842,19.449189189199842,2168.2040461071,2187.6532352963
"B-G1.040-C3",55475,"promotion-1964",2,2408.0725332871,3804,3900,7488,81,74,81,74,66.42,65,2.184615384615385,100,"SUCCESS",0,0,"",""
"B-G1.040-C3",55475,"promotion-2704",3,3161.0265023426,5064,5160,12672,111,105,111,105,79.92,110,-27.34545454545454,73.7372159090909,"FAILED_OVERTIME",29.98216216220044,33.982162162199984,3257.0265023426,3291.0086645048
"B-G1.040-C3",55475,"promotion-2973",3,3515.7300611504,5604,5700,12672,118,111,118,111,118,110,7.272727272727275,"","",0,0,"",""
"B-G1.040-C3",63394,"promotion-295",0,268.019339385,384,480,2304,20,13,20,13,17.6,20,-11.99999999999999,82.70833333333334,"FAILED_OVERTIME",19.920000000000016,23.91999999999996,364.019339385,387.939339385
"B-G1.040-C3",63394,"promotion-580",0,614.5295957953,924,1020,2304,27,20,27,20,24.3,20,21.500000000000007,100,"SUCCESS",0,0,"",""
"B-G1.040-C3",63394,"promotion-863",1,956.2609855753,1464,1560,4032,35,28,35,28,27.3,35,-21.999999999999996,75.41666666666667,"FAILED_OVERTIME",28.319999999999936,32.319999999999936,1052.2609855753,1084.5809855753
"B-G1.040-C3",63394,"promotion-1098",1,1315.6503091858,2004,2100,4032,42,35,42,35,34.440000000000005,35,-1.5999999999999903,96.06250000000001,"FAILED_OVERTIME",3.7800000000002,7.779999999999973,1411.6503091858,1419.4303091858
"B-G1.040-C3",63394,"promotion-1399",1,1641.6294994413,2544,2640,4032,50,42,50,42,50,35,42.85714285714286,100,"SUCCESS",0,0,"",""
"B-G1.040-C3",63394,"promotion-1764",2,2072.4618537395,3264,3360,7488,67,60,67,60,67,65,3.076923076923066,85.8974358974359,"FAILED_OVERTIME",15.761194029899798,19.761194029900253,2168.4618537395,2188.2230477694
"B-G1.040-C3",63394,"promotion-2010",2,2417.3285883388,3804,3900,7488,76,70,76,70,76,65,16.92307692307693,97.43589743589743,"FAILED_OVERTIME",2.5263157895001314,6.526315789500131,2513.3285883388,2519.8549041283
"B-G1.040-C3",63394,"promotion-2226",2,2749.9521191389,4344,4440,7488,83,76,83,76,83,65,27.692307692307683,100,"SUCCESS",0,0,"",""
"B-G1.040-C3",71313,"promotion-518",0,383.8114278308,564,660,2304,22,14,22,14,19.8,20,-1.0000000000000009,85.3645833333336,"FAILED_OVERTIME",15.327272727300056,19.3272727273,479.8114278308,499.1387005581
"B-G1.040-C3",71313,"promotion-789",0,732.4385465323,1104,1200,2304,28,21,28,21,22.96,20,14.800000000000013,100,"SUCCESS",0,0,"",""
"B-G1.040-C3",71313,"promotion-1084",1,1064.8093988999,1644,1740,4032,38,30,38,30,38,35,8.571428571428562,90.47619047619048,"FAILED_OVERTIME",10.105263157900026,14.105263157899799,1160.8093988999,1174.9146620578
"B-G1.040-C3",71313,"promotion-1364",1,1401.860942141,2184,2280,4032,46,39,46,39,46,35,31.428571428571427,100,"SUCCESS",0,0,"",""
"B-G1.040-C3",71313,"promotion-1693",2,1826.4515248138,2904,3000,7488,67,60,67,60,58.96,65,-9.292307692307688,83.32051282051283,"FAILED_OVERTIME",18.641194029899907,22.641194029899907,1922.4515248138,1945.0927188437
"B-G1.040-C3",71313,"promotion-1933",2,2165.2516489037,3444,3540,7488,77,70,77,70,69.3,65,6.615384615384601,93.78205128205117,"FAILED_OVERTIME",6.046753246800108,10.046753246800108,2261.2516489037,2271.2984021505
"B-G1.040-C3",71313,"promotion-2176",2,2487.7097688811,3984,4080,7488,84,78,84,78,84,65,29.230769230769237,100,"SUCCESS",0,0,"",""
"B-G1.040-C3",71313,"promotion-2929",3,3353.3236115065,5424,5520,12672,110,103,110,103,90.2,110,-17.999999999999993,82.86458333333334,"FAILED_OVERTIME",19.73999999999978,23.73999999999978,3449.3236115065,3473.0636115065
"B-G1.042-C2",42,"promotion-496",0,383.7942246107,564,660,2304,21,14,21,14,21,20,5.000000000000004,87.5,"FAILED_OVERTIME",13.71428571429999,17.71428571429999,479.7942246107,497.508510325
"B-G1.042-C2",42,"promotion-618",0,621.0433286666,924,1020,2304,26,19,26,19,23.400000000000002,20,17.000000000000014,100,"SUCCESS",0,0,"",""
"B-G1.042-C2",42,"promotion-972",1,1061.4093702415,1644,1740,4032,39,31,39,31,39,35,11.428571428571432,92.85714285714286,"FAILED_OVERTIME",7.384615384600011,11.38461538460001,1157.4093702415,1168.7939856261
"B-G1.042-C2",42,"promotion-1097",1,1291.7066229888,2004,2100,4032,45,38,45,38,40.5,35,15.714285714285726,100,"SUCCESS",0,0,"",""
"B-G1.042-C2",42,"promotion-1464",2,1713.1348652301,2724,2820,7488,69,61,69,61,69,65,6.153846153846154,88.46153846153845,"FAILED_OVERTIME",12.521739130399965,16.521739130399965,1809.1348652301,1825.6566043605
"B-G1.042-C2",42,"promotion-1596",2,1939.8782798804,3084,3180,7488,72,65,72,65,72,65,10.769230769230775,92.3076923076923,"FAILED_OVERTIME",8,12,2035.8782798804,2047.8782798804
"B-G1.042-C2",42,"promotion-1734",2,2158.0093663834,3444,3540,7488,77,70,77,70,69.3,65,6.615384615384601,93.78205128205116,"FAILED_OVERTIME",6.046753246800108,10.046753246800108,2254.0093663834,2264.0561196302
"B-G1.042-C2",42,"promotion-1884",2,2378.3331774069,3804,3900,7488,81,75,81,75,58.32,65,-10.276923076923072,85.6081730769229,"FAILED_OVERTIME",13.304444444399905,17.304444444399905,2474.3331774069,2491.6376218513
"B-G1.042-C2",42,"promotion-2048",2,2612.4833008583,4164,4260,7488,84,77,84,77,75.60000000000001,65,16.307692307692314,100,"SUCCESS",0,0,"",""
"B-G1.042-C2",42,"promotion-2905",3,3569.5094961193,5784,5880,12672,111,105,111,105,99.9,110,-9.18181818181818,"","",0,0,"",""
"B-G1.042-C2",7961,"promotion-548",0,383.5598632481,564,660,2304,21,13,21,13,21,20,5.000000000000004,87.5,"FAILED_OVERTIME",13.71428571429999,17.71428571429999,479.5598632481,497.2741489624
"B-G1.042-C2",7961,"promotion-731",0,625.672216934,924,1020,2304,23,16,23,16,23,20,14.999999999999991,95.83333333333334,"FAILED_OVERTIME",4.173913043500079,8.173913043500079,721.672216934,729.8461299775
"B-G1.042-C2",7961,"promotion-836",0,853.5848980934,1284,1380,2304,27,20,27,20,24.3,20,21.500000000000007,100,"SUCCESS",0,0,"",""
"B-G1.042-C2",7961,"promotion-1032",1,1180.9060384911,1824,1920,4032,36,29,36,29,36,35,2.857142857142847,85.71428571428571,"FAILED_OVERTIME",16,20,1276.9060384911,1296.9060384911
"B-G1.042-C2",7961,"promotion-1134",1,1413.2083373417,2184,2280,4032,40,32,40,32,32.800000000000004,35,-6.285714285714272,94.70238095238096,"FAILED_OVERTIME",5.3400000000001455,9.340000000000146,1509.2083373417,1518.5483373417
"B-G1.042-C2",7961,"promotion-1286",1,1636.7890099338,2544,2640,4032,43,35,43,35,43,35,22.857142857142865,100,"SUCCESS",0,0,"",""
"B-G1.042-C2",7961,"promotion-1727",2,2176.5179180144,3444,3540,7488,65,58,65,58,46.8,65,-28.000000000000004,73.07291666666671,"FAILED_OVERTIME",31.019999999999982,35.01999999999998,2272.5179180144,2307.5379180144
"B-G1.042-C2",7961,"promotion-1856",2,2420.1726888661,3804,3900,7488,69,62,69,62,56.580000000000005,65,-12.953846153846149,79.00721153846149,"FAILED_OVERTIME",22.781739130400183,26.78173913039973,2516.1726888661,2542.9544279965
"B-G1.042-C2",7961,"promotion-2021",2,2656.2614099035,4164,4260,7488,73,66,73,66,65.7,65,1.0769230769230864,90.66506410256406,"FAILED_OVERTIME",9.575342465799622,13.575342465800077,2752.2614099035,2765.8367523693
"B-G1.042-C2",7961,"promotion-2154",2,2882.6542129954,4524,4620,7488,78,71,78,71,78,65,19.999999999999996,100,"SUCCESS",0,0,"",""
"B-G1.042-C2",15880,"promotion-460",0,381.4300379335,564,660,2304,21,14,21,14,17.220000000000002,20,-13.89999999999999,87.00781249999999,"FAILED_OVERTIME",14.254285714299954,18.25428571430001,477.4300379335,495.6843236478
"B-G1.042-C2",15880,"promotion-697",0,620.9003080171,924,1020,2304,23,16,23,16,23,20,14.999999999999991,95.83333333333334,"FAILED_OVERTIME",4.173913043500079,8.173913043500079,716.9003080171,725.0742210606
"B-G1.042-C2",15880,"promotion-885",0,853.0868026965,1284,1380,2304,26,18,26,18,21.32,20,6.600000000000006,100,"SUCCESS",0,0,"",""
"B-G1.042-C2",15880,"promotion-1161",1,1184.125938686,1824,1920,4032,36,29,36,29,31.68,35,-9.485714285714286,83.14285714285712,"FAILED_OVERTIME",18.88000000000011,22.88000000000011,1280.125938686,1303.005938686
"B-G1.042-C2",15880,"promotion-1300",1,1418.8361435195,2184,2280,4032,40,33,40,33,36,35,2.857142857142847,94.04761904761905,"FAILED_OVERTIME",6,10,1514.8361435195,1524.8361435195
"B-G1.042-C2",15880,"promotion-1478",1,1641.219732457,2544,2640,4032,43,35,43,35,38.7,35,10.571428571428587,99.18154761904756,"FAILED_OVERTIME",0.7674418605001847,4.767441860499957,1737.219732457,1741.9871743175
"B-G1.042-C2",15880,"promotion-1619",1,1861.2841052823,2904,3000,4032,47,39,47,39,41.36,35,18.17142857142857,100,"SUCCESS",0,0,"",""
"B-G1.042-C2",15880,"promotion-1954",2,2294.2987295416,3624,3720,7488,67,60,67,60,60.300000000000004,65,-7.23076923076923,83.21314102564108,"FAILED_OVERTIME",18.761194029899798,22.761194029899798,2390.2987295416,2413.0599235715
"B-G1.042-C2",15880,"promotion-2073",2,2533.3446713014,3984,4080,7488,71,64,71,64,62.48,65,-3.876923076923078,88.29487179487175,"FAILED_OVERTIME",12.344788732400048,16.344788732400048,2629.3446713014,2645.6894600338
"B-G1.042-C2",15880,"promotion-2207",2,2760.863365865,4344,4440,7488,76,70,76,70,62.32000000000001,65,-4.123076923076907,87.02243589743576,"FAILED_OVERTIME",12.786315789499895,16.786315789499895,2856.863365865,2873.6496816545
"B-G1.042-C2",15880,"promotion-2352",2,2995.4085284448,4704,4800,7488,79,73,79,73,79,65,21.53846153846153,100,"SUCCESS",0,0,"",""
"B-G1.042-C2",23799,"promotion-507",0,386.4889870233,564,660,2304,21,13,21,13,17.220000000000002,20,-13.89999999999999,87.00781249999999,"FAILED_OVERTIME",14.254285714299954,18.25428571430001,482.4889870233,500.7432727376
"B-G1.042-C2",23799,"promotion-708",0,626.6882416812,924,1020,2304,23,15,23,15,20.7,20,3.499999999999992,92.83854166666666,"FAILED_OVERTIME",7.173913043500079,11.173913043499965,722.6882416812,733.8621547247
"B-G1.042-C2",23799,"promotion-904",0,861.5005895408,1284,1380,2304,25,18,25,18,25,20,25,100,"SUCCESS",0,0,"",""
"B-G1.042-C2",23799,"promotion-1148",1,1205.5564770918,1824,1920,4032,36,29,36,29,36,35,2.857142857142847,85.71428571428571,"FAILED_OVERTIME",16,20,1301.5564770918,1321.5564770918
"B-G1.042-C2",23799,"promotion-1273",1,1440.3522335432,2184,2280,4032,42,35,42,35,30.24,35,-13.600000000000001,92.56249999999994,"FAILED_OVERTIME",7.139999999999873,11.139999999999873,1536.3522335432,1547.4922335432
"B-G1.042-C2",23799,"promotion-1425",1,1666.8280785476,2544,2640,4032,46,39,46,39,46,35,31.428571428571427,100,"SUCCESS",0,0,"",""
"B-G1.042-C2",23799,"promotion-1856",2,2208.9792425087,3444,3540,7488,71,64,71,64,71,65,9.23076923076922,91.02564102564102,"FAILED_OVERTIME",9.464788732399938,13.464788732400393,2304.9792425087,2318.4440312411
"B-G1.042-C2",23799,"promotion-2006",2,2430.7723926191,3804,3900,7488,73,66,73,66,73,65,12.307692307692308,93.58974358974359,"FAILED_OVERTIME",6.575342465800077,10.575342465799622,2526.7723926191,2537.3477350849
"B-G1.042-C2",23799,"promotion-2145",2,2656.2964560345,4164,4260,7488,77,71,77,71,69.3,65,6.615384615384601,90.08012820512774,"FAILED_OVERTIME",9.646753246799562,13.646753246800017,2752.2964560345,2765.9432092813
"B-G1.042-C2",23799,"promotion-2276",2,2878.1211182163,4524,4620,7488,80,74,80,74,80,65,23.076923076923084,100,"SUCCESS",0,0,"",""
"B-G1.042-C2",31718,"promotion-490",0,377.3603788926,564,660,2304,22,15,22,15,15.84,20,-20.799999999999997,75.5677083333335,"FAILED_OVERTIME",25.587272727300046,29.58727272729999,473.3603788926,502.9476516199
"B-G1.042-C2",31718,"promotion-735",0,620.4699133867,924,1020,2304,24,16,24,16,21.6,20,8.000000000000007,91.25000000000045,"FAILED_OVERTIME",8.400000000000091,12.399999999999977,716.4699133867,728.8699133867
"B-G1.042-C2",31718,"promotion-932",0,855.7340382818,1284,1380,2304,26,19,26,19,26,20,30.000000000000004,100,"SUCCESS",0,0,"",""
"B-G1.042-C2",31718,"promotion-1220",1,1179.643212183,1824,1920,4032,39,32,39,32,39,35,11.428571428571432,92.85714285714286,"FAILED_OVERTIME",7.384615384600011,11.38461538460001,1275.643212183,1287.0278275676
"B-G1.042-C2",31718,"promotion-1377",1,1405.2768920179,2184,2280,4032,44,36,44,36,44,35,25.71428571428571,100,"SUCCESS",0,0,"",""
"B-G1.042-C2",31718,"promotion-1843",2,1947.0662876722,3084,3180,7488,70,63,70,63,63,65,-3.076923076923077,86.93910256410257,"FAILED_OVERTIME",13.971428571399883,17.971428571399883,2043.0662876722,2061.0377162436
"B-G1.042-C2",31718,"promotion-1979",2,2179.1563860196,3444,3540,7488,75,69,75,69,75,65,15.384615384615374,96.15384615384616,"FAILED_OVERTIME",3.8400000000001455,7.839999999999691,2275.1563860196,2282.9963860196
"B-G1.042-C2",31718,"promotion-2095",2,2405.53681091,3804,3900,7488,78,72,78,72,70.2,65,8.000000000000007,93.12500000000031,"FAILED_OVERTIME",6.599999999999909,10.599999999999909,2501.53681091,2512.13681091
"B-G1.042-C2",31718,"promotion-2231",2,2626.5188891716,4164,4260,7488,82,75,82,75,82,65,26.15384615384615,100,"SUCCESS",0,0,"",""
"B-G1.042-C2",39637,"promotion-485",0,374.8684306658,564,660,2304,21,14,21,14,18.900000000000002,20,-5.499999999999994,81.48437499999997,"FAILED_OVERTIME",20.314285714300013,24.314285714299956,470.8684306658,495.1827163801
"B-G1.042-C2",39637,"promotion-676",0,614.445217591,924,1020,2304,23,16,23,16,23,20,14.999999999999991,95.83333333333334,"FAILED_OVERTIME",4.173913043500079,8.173913043500079,710.445217591,718.6191306345
"B-G1.042-C2",39637,"promotion-877",0,842.6550599226,1284,1380,2304,26,19,26,19,21.32,20,6.600000000000006,100,"SUCCESS",0,0,"",""
"B-G1.042-C2",39637,"promotion-1107",1,1170.5905664568,1824,1920,4032,38,31,38,31,31.160000000000004,35,-10.971428571428564,83.86011904761898,"FAILED_OVERTIME",17.125263157900008,21.125263157900008,1266.5905664568,1287.7158296147
"B-G1.042-C2",39637,"promotion-1274",1,1408.0587473489,2184,2280,4032,42,35,42,35,42,35,19.999999999999996,100,"SUCCESS",0,0,"",""
"B-G1.042-C2",39637,"promotion-1702",2,1941.9713189043,3084,3180,7488,68,61,68,61,68,65,4.615384615384621,87.17948717948718,"FAILED_OVERTIME",14.117647058799776,18.117647058799776,2037.9713189043,2056.0889659631
"B-G1.042-C2",39637,"promotion-1837",2,2172.0484022376,3444,3540,7488,73,67,73,67,65.7,65,1.0769230769230864,88.91025641025652,"FAILED_OVERTIME",11.375342465799804,15.375342465800259,2268.0484022376,2283.4237447034
"B-G1.042-C2",39637,"promotion-1937",2,2395.4722658509,3804,3900,7488,76,70,76,70,62.32000000000001,65,-4.123076923076907,87.02243589743574,"FAILED_OVERTIME",12.786315789499895,16.786315789499895,2491.4722658509,2508.2585816404
"B-G1.042-C2",39637,"promotion-2085",2,2619.5933988022,4164,4260,7488,82,75,82,75,82,65,26.15384615384615,100,"SUCCESS",0,0,"",""
"B-G1.042-C2",47556,"promotion-337",0,257.8213591272,384,480,2304,20,13,20,13,20,20,0,83.33333333333334,"FAILED_OVERTIME",19.19999999999999,23.19999999999999,353.8213591272,377.0213591272
"B-G1.042-C2",47556,"promotion-490",0,494.4832638891,744,840,2304,25,17,25,17,20.5,20,2.499999999999991,96.54947916666666,"FAILED_OVERTIME",3.17999999999995,7.17999999999995,590.4832638891,597.6632638891
"B-G1.042-C2",47556,"promotion-627",0,724.5173646801,1104,1200,2304,26,19,26,19,21.32,20,6.600000000000006,96.75520833333337,"FAILED_OVERTIME",2.8753846153999802,6.875384615400094,820.5173646801,827.3927492955
"B-G1.042-C2",47556,"promotion-757",0,951.4404572308,1464,1560,2304,30,23,30,23,27,20,35.00000000000001,100,"SUCCESS",0,0,"",""
"B-G1.042-C2",47556,"promotion-1011",1,1278.6759424172,2004,2100,4032,38,31,38,31,34.2,35,-2.28571428571428,82.55952380952404,"FAILED_OVERTIME",18.505263157900117,22.50526315789989,1374.6759424172,1397.1812055751
"B-G1.042-C2",47556,"promotion-1159",1,1513.1008906746,2364,2460,4032,42,35,42,35,42,35,19.999999999999996,100,"SUCCESS",0,0,"",""
"B-G1.042-C2",47556,"promotion-1608",2,2057.8715591841,3264,3360,7488,68,61,68,61,68,65,4.615384615384621,87.17948717948718,"FAILED_OVERTIME",14.117647058799776,18.117647058799776,2153.8715591841,2171.9892062429
"B-G1.042-C2",47556,"promotion-1766",2,2291.8521113097,3624,3720,7488,74,67,74,67,65.12,65,0.18461538461538307,94.16025641025641,"FAILED_OVERTIME",5.9091891891998785,9.909189189199878,2387.8521113097,2397.7613004989
"B-G1.042-C2",47556,"promotion-1915",2,2513.7515762058,3984,4080,7488,77,71,77,71,55.44,65,-14.70769230769231,86.56330128205111,"FAILED_OVERTIME",13.066753246799635,17.06675324680009,2609.7515762058,2626.8183294526
"B-G1.042-C2",47556,"promotion-2057",2,2746.0268666562,4344,4440,7488,81,75,81,75,72.9,65,12.15384615384616,96.70673076923077,"FAILED_OVERTIME",3.044444444400142,7.044444444399687,2842.0268666562,2849.0713111006
"B-G1.042-C2",47556,"promotion-2196",2,2962.0576884067,4704,4800,7488,84,78,84,78,75.60000000000001,65,16.307692307692314,100,"SUCCESS",0,0,"",""
"B-G1.042-C2",55475,"promotion-476",0,386.2170987344,564,660,2304,20,13,20,13,20,20,0,83.33333333333334,"FAILED_OVERTIME",19.200000000000045,23.19999999999999,482.2170987344,505.4170987344
"B-G1.042-C2",55475,"promotion-662",0,626.426261079,924,1020,2304,22,15,22,15,22,20,10.000000000000009,91.66666666666666,"FAILED_OVERTIME",8.727272727300033,12.727272727299919,722.426261079,735.1535338063
"B-G1.042-C2",55475,"promotion-772",0,858.8164125941,1284,1380,2304,27,19,27,19,27,20,35.00000000000001,100,"SUCCESS",0,0,"",""
"B-G1.042-C2",55475,"promotion-1129",1,1306.1991303171,2004,2100,4032,38,30,38,30,34.2,35,-2.28571428571428,87.64880952380946,"FAILED_OVERTIME",13.105263157900026,17.105263157900026,1402.1991303171,1419.304393475
"B-G1.042-C2",55475,"promotion-1281",1,1540.3999553576,2364,2460,4032,41,34,41,34,41,35,17.14285714285715,97.61904761904762,"FAILED_OVERTIME",2.3414634146001845,6.341463414599957,1636.3999553576,1642.7414187722
"B-G1.042-C2",55475,"promotion-1466",1,1762.7801379211,2724,2820,4032,45,38,45,38,45,35,28.57142857142858,100,"SUCCESS",0,0,"",""
"B-G1.042-C2",55475,"promotion-1786",2,2193.8134499712,3444,3540,7488,66,58,66,58,66,65,1.538461538461533,84.61538461538461,"FAILED_OVERTIME",17.45454545450002,21.45454545450002,2289.8134499712,2311.2679954257
"B-G1.042-C2",55475,"promotion-1914",2,2424.0812660631,3804,3900,7488,69,62,69,62,69,65,6.153846153846154,88.46153846153845,"FAILED_OVERTIME",12.521739130399965,16.521739130399965,2520.0812660631,2536.6030051935
"B-G1.042-C2",55475,"promotion-2085",2,2646.8166710878,4164,4260,7488,75,69,75,69,67.5,65,3.8461538461538547,93.14903846153845,"FAILED_OVERTIME",6.8400000000001455,10.840000000000146,2742.8166710878,2753.6566710878
"B-G1.042-C2",55475,"promotion-2230",2,2863.6162641615,4524,4620,7488,79,73,79,73,64.78,65,-0.33846153846153193,93.8758012820513,"FAILED_OVERTIME",5.804810126600387,9.804810126599932,2959.6162641615,2969.4210742881
"B-G1.042-C2",55475,"promotion-2376",2,3082.5926069599,4884,4980,7488,83,77,83,77,74.7,65,14.923076923076927,99.0945512820516,"FAILED_OVERTIME",0.8168674698999894,4.816867469899989,3178.5926069599,3183.4094744298
"B-G1.042-C2",55475,"promotion-2521",2,3296.0656764427,5244,5340,7488,86,79,86,79,77.4,65,19.07692307692308,100,"SUCCESS",0,0,"",""
"B-G1.042-C2",63394,"promotion-295",0,269.2309465276,384,480,2304,20,13,20,13,17.6,20,-11.99999999999999,82.70833333333334,"FAILED_OVERTIME",19.920000000000016,23.920000000000016,365.2309465276,389.1509465276
"B-G1.042-C2",63394,"promotion-413",0,509.7577821293,744,840,2304,25,17,25,17,22,20,10.000000000000009,100,"SUCCESS",0,0,"",""
"B-G1.042-C2",63394,"promotion-850",1,1058.2081693834,1644,1740,4032,38,31,38,31,31.160000000000004,35,-10.971428571428564,80.80654761904749,"FAILED_OVERTIME",20.365263157900017,24.365263157900017,1154.2081693834,1178.5734325413
"B-G1.042-C2",63394,"promotion-997",1,1292.8674188186,2004,2100,4032,41,33,41,33,36.08,35,3.0857142857142916,96.88690476190476,"FAILED_OVERTIME",3.0614634145999844,7.061463414599984,1388.8674188186,1395.9288822332
"B-G1.042-C2",63394,"promotion-1130",1,1509.7826197478,2364,2460,4032,46,39,46,39,46,35,31.428571428571427,100,"SUCCESS",0,0,"",""
"B-G1.042-C2",63394,"promotion-1434",2,1928.9437586,3084,3180,7488,65,58,65,58,50.7,65,-21.999999999999996,80.10416666666667,"FAILED_OVERTIME",22.920000000000073,26.920000000000073,2024.9437586,2051.8637586
"B-G1.042-C2",63394,"promotion-1564",2,2166.8609079001,3444,3540,7488,71,63,71,63,71,65,9.23076923076922,91.02564102564102,"FAILED_OVERTIME",9.464788732399938,13.464788732399938,2262.8609079001,2276.3256966325
"B-G1.042-C2",63394,"promotion-1721",2,2391.9456446997,3804,3900,7488,75,69,75,69,75,65,15.384615384615374,96.15384615384616,"FAILED_OVERTIME",3.8400000000001455,7.839999999999691,2487.9456446997,2495.7856446997
"B-G1.042-C2",63394,"promotion-1856",2,2613.2613977217,4164,4260,7488,79,72,79,72,79,65,21.53846153846153,100,"SUCCESS",0,0,"",""
"B-G1.042-C2",63394,"promotion-2672",3,3584.8900240362,5784,5880,12672,111,105,111,105,99.9,110,-9.18181818181818,"","",0,0,"",""
"B-G1.042-C2",71313,"promotion-503",0,384.0626361098,564,660,2304,21,14,21,14,21,20,5.000000000000004,87.5,"FAILED_OVERTIME",13.71428571429999,17.71428571429999,480.0626361098,497.7769218241
"B-G1.042-C2",71313,"promotion-733",0,623.5512680294,924,1020,2304,23,16,23,16,23,20,14.999999999999991,95.83333333333334,"FAILED_OVERTIME",4.173913043500079,8.173913043499965,719.5512680294,727.7251810729
"B-G1.042-C2",71313,"promotion-860",0,854.2285206743,1284,1380,2304,28,21,28,21,28,20,39.99999999999999,100,"SUCCESS",0,0,"",""
"B-G1.042-C2",71313,"promotion-1086",1,1175.6773161925,1824,1920,4032,38,31,38,31,38,35,8.571428571428562,90.47619047619048,"FAILED_OVERTIME",10.105263157900026,14.105263157900026,1271.6773161925,1285.7825793504
"B-G1.042-C2",71313,"promotion-1251",1,1412.3160630635,2184,2280,4032,41,34,41,34,41,35,17.14285714285715,97.61904761904762,"FAILED_OVERTIME",2.3414634146001845,6.341463414599957,1508.3160630635,1514.6575264781
"B-G1.042-C2",71313,"promotion-1380",1,1628.5232639927,2544,2640,4032,46,39,46,39,41.4,35,18.285714285714285,99.9404761904757,"FAILED_OVERTIME",0.052173912999933236,4.052173912999933,1724.5232639927,1728.5754379057
"B-G1.042-C2",71313,"promotion-1531",1,1846.0114838103,2904,3000,4032,49,42,49,42,49,35,39.99999999999999,100,"SUCCESS",0,0,"",""
"B-G1.042-C2",71313,"promotion-1890",2,2276.9997549168,3624,3720,7488,68,61,68,61,53.04,65,-18.400000000000006,78.89743589743628,"FAILED_OVERTIME",23.23764705880012,27.237647058799666,2372.9997549168,2400.2374019756
"B-G1.042-C2",71313,"promotion-2024",2,2508.323123731,3984,4080,7488,73,67,73,67,73,65,12.307692307692308,93.58974358974359,"FAILED_OVERTIME",6.575342465800077,10.575342465800077,2604.323123731,2614.8984661968
"B-G1.042-C2",71313,"promotion-2165",2,2725.0497718166,4344,4440,7488,75,69,75,69,75,65,15.384615384615374,96.15384615384616,"FAILED_OVERTIME",3.8400000000001455,7.8400000000001455,2821.0497718166,2828.8897718166
"B-G1.042-C2",71313,"promotion-2300",2,2945.6277642483,4704,4800,7488,79,73,79,73,79,65,21.53846153846153,100,"SUCCESS",0,0,"",""
"B-G1.042-C3",42,"promotion-496",0,383.7942246107,564,660,2304,21,14,21,14,21,20,5.000000000000004,87.5,"FAILED_OVERTIME",13.71428571429999,17.71428571429999,479.7942246107,497.508510325
"B-G1.042-C3",42,"promotion-752",0,729.3178384705,1104,1200,2304,27,20,27,20,24.3,20,21.500000000000007,100,"SUCCESS",0,0,"",""
"B-G1.042-C3",42,"promotion-1127",1,1167.2579671306,1824,1920,4032,41,34,41,34,41,35,17.14285714285715,97.61904761904762,"FAILED_OVERTIME",2.341463414599957,6.341463414599957,1263.2579671306,1269.5994305452
"B-G1.042-C3",42,"promotion-1394",1,1493.1961047912,2364,2460,4032,47,40,47,40,47,35,34.28571428571428,100,"SUCCESS",0,0,"",""
"B-G1.042-C3",42,"promotion-1775",2,1924.167192185,3084,3180,7488,69,61,69,61,69,65,6.153846153846154,88.46153846153845,"FAILED_OVERTIME",12.521739130399965,16.521739130399965,2020.167192185,2036.6889313154
"B-G1.042-C3",42,"promotion-2030",2,2260.222405684,3624,3720,7488,75,69,75,69,67.5,65,3.8461538461538547,93.14903846153845,"FAILED_OVERTIME",6.8400000000001455,10.840000000000146,2356.222405684,2367.062405684
"B-G1.042-C3",42,"promotion-2265",2,2593.578342034,4164,4260,7488,81,75,81,75,81,65,24.615384615384617,100,"SUCCESS",0,0,"",""
"B-G1.042-C3",7961,"promotion-548",0,383.5598632481,564,660,2304,21,13,21,13,21,20,5.000000000000004,87.5,"FAILED_OVERTIME",13.71428571429999,17.71428571429999,479.5598632481,497.2741489624
"B-G1.042-C3",7961,"promotion-916",0,739.0142375793,1104,1200,2304,26,18,26,18,23.400000000000002,20,17.000000000000014,100,"SUCCESS",0,0,"",""
"B-G1.042-C3",7961,"promotion-1139",1,1071.3501210778,1644,1740,4032,40,32,40,32,28.799999999999997,35,-17.714285714285726,88.1547619047619,"FAILED_OVERTIME",11.940000000000055,15.940000000000055,1167.3501210778,1183.2901210778
"B-G1.042-C3",7961,"promotion-1450",1,1415.574063759,2184,2280,4032,51,43,51,43,51,35,45.71428571428571,100,"SUCCESS",0,0,"",""
"B-G1.042-C3",7961,"promotion-1651",2,1634.943019629,2544,2640,7488,65,58,65,58,58.5,65,-9.999999999999998,76.04166666666666,"FAILED_OVERTIME",27.59999999999991,31.59999999999991,1730.943019629,1762.543019629
"B-G1.042-C3",7961,"promotion-1929",2,1987.0916757429,3084,3180,7488,78,72,78,72,78,65,19.999999999999996,100,"SUCCESS",0,0,"",""
"B-G1.042-C3",7961,"promotion-3012",3,3251.656698449,5244,5340,12672,111,104,111,104,99.9,110,-9.18181818181818,76.73295454545497,"FAILED_OVERTIME",26.562162162200366,30.56216216219991,3347.656698449,3378.2188606112
"B-G1.042-C3",7961,"promotion-3226",3,3594.0728727205,5784,5880,12672,115,108,115,108,103.5,110,-5.909090909090908,"","",0,0,"",""
"B-G1.042-C3",15880,"promotion-460",0,381.4300379335,564,660,2304,21,14,21,14,17.220000000000002,20,-13.89999999999999,87.00781249999999,"FAILED_OVERTIME",14.254285714299954,18.25428571430001,477.4300379335,495.6843236478
"B-G1.042-C3",15880,"promotion-894",0,735.7360363032,1104,1200,2304,26,19,26,19,18.72,20,-6.400000000000006,100,"SUCCESS",0,0,"",""
"B-G1.042-C3",15880,"promotion-1017",1,954.878831175,1464,1560,4032,35,28,35,28,31.5,35,-9.999999999999998,76.04166666666666,"FAILED_OVERTIME",27.59999999999991,31.600000000000136,1050.878831175,1082.478831175
"B-G1.042-C3",15880,"promotion-1284",1,1306.0572633533,2004,2100,4032,46,39,46,39,46,35,31.428571428571427,100,"SUCCESS",0,0,"",""
"B-G1.042-C3",15880,"promotion-1753",2,1854.7520036924,2904,3000,7488,66,59,66,59,58.08,65,-10.64615384615385,82.07692307692307,"FAILED_OVERTIME",20.33454545450013,24.33454545450013,1950.7520036924,1975.0865491469
"B-G1.042-C3",15880,"promotion-2015",2,2200.2993468741,3444,3540,7488,75,69,75,69,75,65,15.384615384615374,96.15384615384616,"FAILED_OVERTIME",3.8400000000001455,7.839999999999691,2296.2993468741,2304.1393468741
"B-G1.042-C3",15880,"promotion-2304",2,2521.2911421511,3984,4080,7488,83,77,83,77,83,65,27.692307692307683,100,"SUCCESS",0,0,"",""
"B-G1.042-C3",23799,"promotion-507",0,386.4889870233,564,660,2304,21,13,21,13,17.220000000000002,20,-13.89999999999999,87.00781249999999,"FAILED_OVERTIME",14.254285714299954,18.25428571430001,482.4889870233,500.7432727376
"B-G1.042-C3",23799,"promotion-879",0,739.7106789607,1104,1200,2304,26,19,26,19,26,20,30.000000000000004,100,"SUCCESS",0,0,"",""
"B-G1.042-C3",23799,"promotion-1266",1,1182.4952110557,1824,1920,4032,37,30,37,30,37,35,5.714285714285716,88.09523809523809,"FAILED_OVERTIME",12.972972972999969,16.97297297299997,1278.4952110557,1295.4681840287
"B-G1.042-C3",23799,"promotion-1561",1,1516.6240436868,2364,2460,4032,47,40,47,40,47,35,34.28571428571428,100,"SUCCESS",0,0,"",""
"B-G1.042-C3",23799,"promotion-2041",2,2062.6384130078,3264,3360,7488,69,62,69,62,69,65,6.153846153846154,88.46153846153845,"FAILED_OVERTIME",12.521739130399965,16.521739130399965,2158.6384130078,2175.1601521382
"B-G1.042-C3",23799,"promotion-2311",2,2394.8249898666,3804,3900,7488,77,71,77,71,69.3,65,6.615384615384601,91.93108974358945,"FAILED_OVERTIME",7.846753246799835,11.84675324680029,2490.8249898666,2502.6717431134
"B-G1.042-C3",23799,"promotion-2559",2,2723.1851307505,4344,4440,7488,86,80,86,80,86,65,32.30769230769231,100,"SUCCESS",0,0,"",""
"B-G1.042-C3",31718,"promotion-490",0,377.3603788926,564,660,2304,22,15,22,15,15.84,20,-20.799999999999997,75.5677083333335,"FAILED_OVERTIME",25.587272727300046,29.58727272729999,473.3603788926,502.9476516199
"B-G1.042-C3",31718,"promotion-914",0,732.4200299724,1104,1200,2304,26,19,26,19,26,20,30.000000000000004,100,"SUCCESS",0,0,"",""
"B-G1.042-C3",31718,"promotion-1340",1,1180.8979497335,1824,1920,4032,39,32,39,32,39,35,11.428571428571432,92.85714285714286,"FAILED_OVERTIME",7.384615384600011,11.38461538460001,1276.8979497335,1288.2825651181
"B-G1.042-C3",31718,"promotion-1629",1,1523.1067483161,2364,2460,4032,47,39,47,39,47,35,34.28571428571428,100,"SUCCESS",0,0,"",""
"B-G1.042-C3",31718,"promotion-1971",2,1942.6965395142,3084,3180,7488,67,60,67,60,67,65,3.076923076923066,85.8974358974359,"FAILED_OVERTIME",15.761194029899798,19.761194029900025,2038.6965395142,2058.4577335441
"B-G1.042-C3",31718,"promotion-2195",2,2282.153598716,3624,3720,7488,74,68,74,68,74,65,13.846153846153841,94.87179487179486,"FAILED_OVERTIME",5.1891891892000785,9.189189189200079,2378.153598716,2387.3427879052
"B-G1.042-C3",31718,"promotion-2456",2,2609.5318137814,4164,4260,7488,82,76,82,76,73.8,65,13.538461538461544,100,"SUCCESS",0,0,"",""
"B-G1.042-C3",39637,"promotion-485",0,374.8684306658,564,660,2304,21,14,21,14,18.900000000000002,20,-5.499999999999994,81.48437499999997,"FAILED_OVERTIME",20.314285714300013,24.314285714299956,470.8684306658,495.1827163801
"B-G1.042-C3",39637,"promotion-846",0,726.4154804257,1104,1200,2304,26,19,26,19,21.32,20,6.600000000000006,100,"SUCCESS",0,0,"",""
"B-G1.042-C3",39637,"promotion-1256",1,1167.4383407175,1824,1920,4032,42,35,42,35,42,35,19.999999999999996,100,"SUCCESS",0,0,"",""
"B-G1.042-C3",39637,"promotion-1562",2,1601.9925808307,2544,2640,7488,66,59,66,59,66,65,1.538461538461533,84.61538461538461,"FAILED_OVERTIME",17.45454545450002,21.45454545450002,1697.9925808307,1719.4471262852
"B-G1.042-C3",39637,"promotion-1797",2,1949.9297636698,3084,3180,7488,74,68,74,68,66.60000000000001,65,2.4615384615384706,86.57051282051256,"FAILED_OVERTIME",13.58918918920017,17.589189189199942,2045.9297636698,2063.518952859
"B-G1.042-C3",39637,"promotion-2051",2,2287.8171308743,3624,3720,7488,82,75,82,75,82,65,26.15384615384615,100,"SUCCESS",0,0,"",""
"B-G1.042-C3",39637,"promotion-2899",3,3342.5593098942,5424,5520,12672,111,104,111,104,91.02000000000001,110,-17.254545454545443,83.61789772727273,"FAILED_OVERTIME",18.702162162199784,22.70216216220024,3438.5593098942,3461.2614720564
"B-G1.042-C3",47556,"promotion-337",0,257.8213591272,384,480,2304,20,13,20,13,20,20,0,83.33333333333334,"FAILED_OVERTIME",19.19999999999999,23.19999999999999,353.8213591272,377.0213591272
"B-G1.042-C3",47556,"promotion-603",0,606.4296104259,924,1020,2304,27,19,27,19,27,20,35.00000000000001,100,"SUCCESS",0,0,"",""
"B-G1.042-C3",47556,"promotion-968",1,1043.0237350007,1644,1740,4032,37,30,37,30,26.64,35,-23.885714285714286,81.54315476190489,"FAILED_OVERTIME",20.11297297300007,24.11297297299984,1139.0237350007,1163.1367079737
"B-G1.042-C3",47556,"promotion-1264",1,1386.9103077836,2184,2280,4032,44,36,44,36,39.6,35,13.142857142857146,97.55952380952411,"FAILED_OVERTIME",2.236363636399801,6.2363636364000286,1482.9103077836,1489.14667142
"B-G1.042-C3",47556,"promotion-1566",1,1712.3900349276,2724,2820,4032,52,45,52,45,42.64,35,21.82857142857142,100,"SUCCESS",0,0,"",""
"B-G1.042-C3",47556,"promotion-1924",2,2135.9644785824,3444,3540,7488,67,60,67,60,67,65,3.076923076923066,85.8974358974359,"FAILED_OVERTIME",15.761194029899798,19.761194029900253,2231.9644785824,2251.7256726123
"B-G1.042-C3",47556,"promotion-2147",2,2473.4774609941,3984,4080,7488,74,67,74,67,65.12,65,0.18461538461538307,92.02564102564101,"FAILED_OVERTIME",8.069189189200188,12.069189189199733,2569.4774609941,2581.5466501833
"B-G1.042-C3",47556,"promotion-2432",2,2810.4730008586,4524,4620,7488,82,76,82,76,82,65,26.15384615384615,100,"SUCCESS",0,0,"",""
"B-G1.042-C3",55475,"promotion-476",0,386.2170987344,564,660,2304,20,13,20,13,20,20,0,83.33333333333334,"FAILED_OVERTIME",19.200000000000045,23.19999999999999,482.2170987344,505.4170987344
"B-G1.042-C3",55475,"promotion-838",0,738.5155562426,1104,1200,2304,26,19,26,19,23.400000000000002,20,17.000000000000014,100,"SUCCESS",0,0,"",""
"B-G1.042-C3",55475,"promotion-1204",1,1177.5916515998,1824,1920,4032,36,28,36,28,36,35,2.857142857142847,85.71428571428571,"FAILED_OVERTIME",16,20,1273.5916515998,1293.5916515998
"B-G1.042-C3",55475,"promotion-1492",1,1524.1914616264,2364,2460,4032,44,37,44,37,44,35,25.71428571428571,100,"SUCCESS",0,0,"",""
"B-G1.042-C3",55475,"promotion-1796",2,1940.7299814399,3084,3180,7488,65,58,65,58,65,65,0,83.33333333333334,"FAILED_OVERTIME",19.199999999999818,23.200000000000045,2036.7299814399,2059.9299814399
"B-G1.042-C3",55475,"promotion-2064",2,2284.1186881346,3624,3720,7488,72,65,72,65,64.8,65,-0.3076923076923088,84.23076923076877,"FAILED_OVERTIME",16.40000000000009,20.40000000000009,2380.1186881346,2400.5186881346
"B-G1.042-C3",55475,"promotion-2317",2,2625.57075229,4164,4260,7488,80,74,80,74,72,65,10.769230769230775,93.58974358974359,"FAILED_OVERTIME",6,10,2721.57075229,2731.57075229
"B-G1.042-C3",55475,"promotion-2587",2,2950.8808552061,4704,4800,7488,86,79,86,79,86,65,32.30769230769231,100,"SUCCESS",0,0,"",""
"B-G1.042-C3",63394,"promotion-295",0,269.2309465276,384,480,2304,20,13,20,13,17.6,20,-11.99999999999999,82.70833333333334,"FAILED_OVERTIME",19.920000000000016,23.920000000000016,365.2309465276,389.1509465276
"B-G1.042-C3",63394,"promotion-566",0,627.8077821293,924,1020,2304,26,19,26,19,26,20,30.000000000000004,100,"SUCCESS",0,0,"",""
"B-G1.042-C3",63394,"promotion-934",1,1058.9688620383,1644,1740,4032,37,30,37,30,26.64,35,-23.885714285714286,81.54315476190487,"FAILED_OVERTIME",20.11297297300007,24.11297297300007,1154.9688620383,1179.0818350113
"B-G1.042-C3",63394,"promotion-1208",1,1400.161098206,2184,2280,4032,44,37,44,37,31.68,35,-9.485714285714286,100,"SUCCESS",0,0,"",""
"B-G1.042-C3",63394,"promotion-1566",2,1829.826663803,2904,3000,7488,65,58,65,58,65,65,0,83.33333333333334,"FAILED_OVERTIME",19.199999999999818,23.200000000000045,1925.826663803,1949.026663803
"B-G1.042-C3",63394,"promotion-1781",2,2172.5296962515,3444,3540,7488,73,66,73,66,73,65,12.307692307692308,93.58974358974359,"FAILED_OVERTIME",6.575342465800077,10.575342465800077,2268.5296962515,2279.1050387173
"B-G1.042-C3",63394,"promotion-2048",2,2497.1465376823,3984,4080,7488,83,77,83,77,83,65,27.692307692307683,100,"SUCCESS",0,0,"",""
"B-G1.042-C3",71313,"promotion-503",0,384.0626361098,564,660,2304,21,14,21,14,21,20,5.000000000000004,87.5,"FAILED_OVERTIME",13.71428571429999,17.71428571429999,480.0626361098,497.7769218241
"B-G1.042-C3",71313,"promotion-833",0,731.8257778333,1104,1200,2304,27,20,27,20,24.3,20,21.500000000000007,100,"SUCCESS",0,0,"",""
"B-G1.042-C3",71313,"promotion-1266",1,1172.9906297194,1824,1920,4032,37,30,37,30,33.300000000000004,35,-4.857142857142849,83.69047619047633,"FAILED_OVERTIME",17.772972972999924,21.772972972999924,1268.9906297194,1290.7636026924
"B-G1.042-C3",71313,"promotion-1505",1,1509.3500595439,2364,2460,4032,48,41,48,41,39.36,35,12.457142857142856,100,"SUCCESS",0,0,"",""
"B-G1.042-C3",71313,"promotion-1784",2,1841.2550641833,2904,3000,7488,68,60,68,60,68,65,4.615384615384621,87.17948717948718,"FAILED_OVERTIME",14.117647058799776,18.117647058800003,1937.2550641833,1955.3727112421
"B-G1.042-C3",71313,"promotion-2047",2,2177.1991940448,3444,3540,7488,77,71,77,71,77,65,18.461538461538463,98.71794871794873,"FAILED_OVERTIME",1.2467532467999263,5.246753246799926,2273.1991940448,2278.4459472916
"B-G1.042-C3",71313,"promotion-2300",2,2494.5175498388,3984,4080,7488,84,77,84,77,84,65,29.230769230769237,100,"SUCCESS",0,0,"",""
"B-G1.042-C3",71313,"promotion-3262",3,3564.8029514199,5784,5880,12672,111,104,111,104,99.9,110,-9.18181818181818,"","",0,0,"",""
"B-G1.045-C2",42,"promotion-462",0,382.4977492673,564,660,2304,20,13,20,13,16.400000000000002,20,-17.999999999999993,82.86458333333333,"FAILED_OVERTIME",19.74000000000001,23.74000000000001,478.4977492673,502.2377492673
"B-G1.045-C2",42,"promotion-650",0,626.5988946571,924,1020,2304,23,16,23,16,23,20,14.999999999999991,95.83333333333334,"FAILED_OVERTIME",4.173913043500079,8.173913043499965,722.5988946571,730.7728077006
"B-G1.045-C2",42,"promotion-854",0,856.4451865709,1284,1380,2304,25,18,25,18,25,20,25,100,"SUCCESS",0,0,"",""
"B-G1.045-C2",42,"promotion-1275",1,1287.0624198258,2004,2100,4032,41,34,41,34,41,35,17.14285714285715,97.61904761904762,"FAILED_OVERTIME",2.3414634146001845,6.3414634146001845,1383.0624198258,1389.4038832404
"B-G1.045-C2",42,"promotion-1414",1,1505.6685329797,2364,2460,4032,43,36,43,36,43,35,22.857142857142865,100,"SUCCESS",0,0,"",""
"B-G1.045-C2",42,"promotion-1849",2,2034.6159894073,3264,3360,7488,68,61,68,61,61.2,65,-5.846153846153845,81.18589743589769,"FAILED_OVERTIME",20.71764705880014,24.71764705880014,2130.6159894073,2155.3336364661
"B-G1.045-C2",42,"promotion-1964",2,2276.7743876258,3624,3720,7488,71,64,71,64,62.48,65,-3.876923076923078,90.34294871794873,"FAILED_OVERTIME",10.184788732400193,14.184788732399738,2372.7743876258,2386.9591763582
"B-G1.045-C2",42,"promotion-2095",2,2502.9225108253,3984,4080,7488,74,68,74,68,74,65,13.846153846153841,94.87179487179486,"FAILED_OVERTIME",5.1891891892000785,9.189189189200079,2598.9225108253,2608.1117000145
"B-G1.045-C2",42,"promotion-2225",2,2727.0542576457,4344,4440,7488,78,71,78,71,56.16,65,-13.600000000000001,92.5625000000003,"FAILED_OVERTIME",7.140000000000327,11.139999999999873,2823.0542576457,2834.1942576457
"B-G1.045-C2",42,"promotion-2390",2,2948.3720839515,4704,4800,7488,82,76,82,76,73.8,65,13.538461538461544,100,"SUCCESS",0,0,"",""
"B-G1.045-C2",7961,"promotion-493",0,387.5227457562,564,660,2304,20,13,20,13,18,20,-9.999999999999998,77.60416666666666,"FAILED_OVERTIME",25.799999999999955,29.80000000000001,483.5227457562,513.3227457562
"B-G1.045-C2",7961,"promotion-601",0,627.9213171848,924,1020,2304,24,17,24,17,24,20,19.999999999999996,100,"SUCCESS",0,0,"",""
"B-G1.045-C2",7961,"promotion-1009",1,1179.1423035434,1824,1920,4032,36,30,36,30,31.68,35,-9.485714285714286,83.14285714285712,"FAILED_OVERTIME",18.88000000000011,22.88000000000011,1275.1423035434,1298.0223035434
"B-G1.045-C2",7961,"promotion-1145",1,1420.294602394,2184,2280,4032,40,33,40,33,40,35,14.28571428571428,95.23809523809523,"FAILED_OVERTIME",4.800000000000182,8.799999999999955,1516.294602394,1525.094602394
"B-G1.045-C2",7961,"promotion-1270",1,1641.342915692,2544,2640,4032,43,37,43,37,43,35,22.857142857142865,100,"SUCCESS",0,0,"",""
"B-G1.045-C2",7961,"promotion-1586",2,2089.7283335789,3264,3360,7488,65,58,65,58,65,65,0,83.33333333333334,"FAILED_OVERTIME",19.199999999999818,23.199999999999818,2185.7283335789,2208.9283335789
"B-G1.045-C2",7961,"promotion-1704",2,2320.0318423508,3624,3720,7488,68,61,68,61,68,65,4.615384615384621,87.17948717948718,"FAILED_OVERTIME",14.117647058799776,18.117647058799776,2416.0318423508,2434.1494894096
"B-G1.045-C2",7961,"promotion-1848",2,2554.7448774693,3984,4080,7488,71,65,71,65,63.9,65,-1.692307692307693,86.47435897435884,"FAILED_OVERTIME",14.26478873240012,18.26478873240012,2650.7448774693,2669.0096662017
"B-G1.045-C2",7961,"promotion-1996",2,2788.0875496281,4344,4440,7488,74,68,74,68,74,65,13.846153846153841,94.87179487179486,"FAILED_OVERTIME",5.1891891892000785,9.189189189200079,2884.0875496281,2893.2767388173
"B-G1.045-C2",7961,"promotion-2148",2,3015.5219376067,4704,4800,7488,77,71,77,71,69.3,65,6.615384615384601,90.08012820512774,"FAILED_OVERTIME",9.646753246799562,13.646753246800017,3111.5219376067,3125.1686908535
"B-G1.045-C2",7961,"promotion-2311",2,3240.2528521271,5064,5160,7488,82,76,82,76,82,65,26.15384615384615,100,"SUCCESS",0,0,"",""
"B-G1.045-C2",15880,"promotion-471",0,379.7462661335,564,660,2304,22,14,22,14,22,20,10.000000000000009,91.66666666666666,"FAILED_OVERTIME",8.727272727300033,12.727272727299976,475.7462661335,488.4735388608
"B-G1.045-C2",15880,"promotion-684",0,618.0512989494,924,1020,2304,24,17,24,17,21.12,20,5.600000000000005,99.25000000000001,"FAILED_OVERTIME",0.7200000000000273,4.720000000000027,714.0512989494,718.7712989494
"B-G1.045-C2",15880,"promotion-877",0,844.2956857137,1284,1380,2304,25,18,25,18,25,20,25,100,"SUCCESS",0,0,"",""
"B-G1.045-C2",15880,"promotion-1264",1,1280.5965007646,2004,2100,4032,39,32,39,32,35.1,35,0.28571428571428914,89.9553571428571,"FAILED_OVERTIME",10.384615384599783,14.38461538460001,1376.5965007646,1390.9811161492
"B-G1.045-C2",15880,"promotion-1432",1,1507.8029228645,2364,2460,4032,43,36,43,36,43,35,22.857142857142865,100,"SUCCESS",0,0,"",""
"B-G1.045-C2",15880,"promotion-1892",2,2056.3480463515,3264,3360,7488,67,60,67,60,67,65,3.076923076923066,85.8974358974359,"FAILED_OVERTIME",15.761194029899798,19.761194029899798,2152.3480463515,2172.1092403814
"B-G1.045-C2",15880,"promotion-2008",2,2286.5480463515,3624,3720,7488,70,63,70,63,63,65,-3.076923076923077,81.89102564102564,"FAILED_OVERTIME",19.371428571399974,23.371428571399974,2382.5480463515,2405.9194749229
"B-G1.045-C2",15880,"promotion-2145",2,2519.8134089012,3984,4080,7488,74,68,74,68,74,65,13.846153846153841,94.87179487179486,"FAILED_OVERTIME",5.1891891892000785,9.189189189200079,2615.8134089012,2625.0025980904
"B-G1.045-C2",15880,"promotion-2290",2,2741.680516995,4344,4440,7488,78,72,78,72,70.2,65,8.000000000000007,98.75,"FAILED_OVERTIME",1.199999999999818,5.200000000000273,2837.680516995,2842.880516995
"B-G1.045-C2",15880,"promotion-2438",2,2955.8829749239,4704,4800,7488,82,75,82,75,82,65,26.15384615384615,100,"SUCCESS",0,0,"",""
"B-G1.045-C2",23799,"promotion-463",0,385.6858405536,564,660,2304,21,13,21,13,21,20,5.000000000000004,87.5,"FAILED_OVERTIME",13.71428571429999,17.714285714300047,481.6858405536,499.4001262679
"B-G1.045-C2",23799,"promotion-672",0,625.7202662014,924,1020,2304,23,15,23,15,20.7,20,3.499999999999992,87.44791666666623,"FAILED_OVERTIME",12.573913043499942,16.573913043499942,721.7202662014,738.2941792449
"B-G1.045-C2",23799,"promotion-802",0,861.3285995347,1284,1380,2304,27,20,27,20,27,20,35.00000000000001,100,"SUCCESS",0,0,"",""
"B-G1.045-C2",23799,"promotion-1044",1,1195.17189968,1824,1920,4032,39,32,39,32,30.42,35,-13.085714285714278,85.42857142857156,"FAILED_OVERTIME",15.064615384600074,19.064615384600074,1291.17189968,1310.2365150646
"B-G1.045-C2",23799,"promotion-1203",1,1430.834960187,2184,2280,4032,45,39,45,39,40.5,35,15.714285714285726,99.77678571428571,"FAILED_OVERTIME",0.1999999999998181,4.2000000000000455,1526.834960187,1531.034960187
"B-G1.045-C2",23799,"promotion-1372",1,1647.6918838238,2544,2640,4032,49,42,49,42,49,35,39.99999999999999,100,"SUCCESS",0,0,"",""
"B-G1.045-C2",23799,"promotion-1720",2,2065.609469877,3264,3360,7488,65,58,65,58,53.300000000000004,65,-17.999999999999993,82.86458333333333,"FAILED_OVERTIME",19.73999999999978,23.740000000000236,2161.609469877,2185.349469877
"B-G1.045-C2",23799,"promotion-1871",2,2310.3755052253,3624,3720,7488,72,65,72,65,72,65,10.769230769230775,92.3076923076923,"FAILED_OVERTIME",8,12,2406.3755052253,2418.3755052253
"B-G1.045-C2",23799,"promotion-2020",2,2531.6103834532,3984,4080,7488,75,69,75,69,67.5,65,3.8461538461538547,91.34615384615384,"FAILED_OVERTIME",8.639999999999873,12.639999999999873,2627.6103834532,2640.2503834532
"B-G1.045-C2",23799,"promotion-2180",2,2750.2044071687,4344,4440,7488,78,71,78,71,78,65,19.999999999999996,100,"SUCCESS",0,0,"",""
"B-G1.045-C2",31718,"promotion-464",0,383.3095353378,564,660,2304,21,14,21,14,17.220000000000002,20,-13.89999999999999,78.14843749999977,"FAILED_OVERTIME",23.97428571429998,27.97428571429998,479.3095353378,507.2838210521
"B-G1.045-C2",31718,"promotion-583",0,621.3509162902,924,1020,2304,25,19,25,19,22.5,20,12.5,95.05208333333334,"FAILED_OVERTIME",4.559999999999945,8.56000000000006,717.3509162902,725.9109162902
"B-G1.045-C2",31718,"promotion-735",0,850.0397816946,1284,1380,2304,27,20,27,20,27,20,35.00000000000001,100,"SUCCESS",0,0,"",""
"B-G1.045-C2",31718,"promotion-1151",1,1292.1716185279,2004,2100,4032,40,33,40,33,40,35,14.28571428571428,95.23809523809523,"FAILED_OVERTIME",4.800000000000182,8.800000000000182,1388.1716185279,1396.9716185279
"B-G1.045-C2",31718,"promotion-1308",1,1513.266754242,2364,2460,4032,43,37,43,37,43,35,22.857142857142865,100,"SUCCESS",0,0,"",""
"B-G1.045-C2",31718,"promotion-1661",2,1933.5005387451,3084,3180,7488,68,62,68,62,68,65,4.615384615384621,87.17948717948718,"FAILED_OVERTIME",14.117647058799776,18.117647058800003,2029.5005387451,2047.6181858039
"B-G1.045-C2",31718,"promotion-1789",2,2169.5084077305,3444,3540,7488,71,64,71,64,62.48,65,-3.876923076923078,88.29487179487175,"FAILED_OVERTIME",12.344788732400048,16.344788732400048,2265.5084077305,2281.8531964629
"B-G1.045-C2",31718,"promotion-1951",2,2404.8929217731,3804,3900,7488,74,68,74,68,53.28,65,-18.030769230769227,78.20993589743605,"FAILED_OVERTIME",22.049189189200206,26.04918918919975,2500.8929217731,2526.9421109623
"B-G1.045-C2",31718,"promotion-2100",2,2645.8796558568,4164,4260,7488,77,71,77,71,77,65,18.461538461538463,98.71794871794873,"FAILED_OVERTIME",1.2467532467999263,5.246753246799926,2741.8796558568,2747.1264091036
"B-G1.045-C2",31718,"promotion-2213",2,2858.8676306422,4524,4620,7488,80,73,80,73,80,65,23.076923076923084,100,"SUCCESS",0,0,"",""
"B-G1.045-C2",39637,"promotion-258",0,262.0666666667,384,480,2304,23,16,23,16,20.7,20,3.499999999999992,87.44791666666623,"FAILED_OVERTIME",12.5739130435,16.5739130435,358.0666666667,374.6405797102
"B-G1.045-C2",39637,"promotion-382",0,505.0651453015,744,840,2304,24,17,24,17,21.6,20,8.000000000000007,94.99999999999989,"FAILED_OVERTIME",4.7999999999999545,8.799999999999955,601.0651453015,609.8651453015
"B-G1.045-C2",39637,"promotion-546",0,731.7548932006,1104,1200,2304,28,21,28,21,28,20,39.99999999999999,100,"SUCCESS",0,0,"",""
"B-G1.045-C2",39637,"promotion-713",1,949.0947916162,1464,1560,4032,35,29,35,29,31.5,35,-9.999999999999998,80.72916666666666,"FAILED_OVERTIME",22.200000000000045,26.200000000000045,1045.0947916162,1071.2947916162
"B-G1.045-C2",39637,"promotion-869",1,1181.8951619866,1824,1920,4032,38,31,38,31,38,35,8.571428571428562,90.47619047619048,"FAILED_OVERTIME",10.105263157900026,14.105263157900026,1277.8951619866,1292.0004251445
"B-G1.045-C2",39637,"promotion-998",1,1406.378132038,2184,2280,4032,43,37,43,37,30.959999999999997,35,-11.542857142857155,94.76636904761911,"FAILED_OVERTIME",4.907441860500057,8.90744186049983,1502.378132038,1511.2855738985
"B-G1.045-C2",39637,"promotion-1148",1,1628.359249167,2544,2640,4032,48,41,48,41,43.2,35,23.428571428571445,100,"SUCCESS",0,0,"",""
"B-G1.045-C2",39637,"promotion-1456",2,2050.3613870135,3264,3360,7488,68,61,68,61,55.760000000000005,65,-14.215384615384608,77.86217948717963,"FAILED_OVERTIME",24.377647058799994,28.377647058799994,2146.3613870135,2174.7390340723
"B-G1.045-C2",39637,"promotion-1589",2,2285.3656876247,3624,3720,7488,72,66,72,66,63.36,65,-2.523076923076928,91.61538461538461,"FAILED_OVERTIME",8.7199999999998,12.7199999999998,2381.3656876247,2394.0856876247
"B-G1.045-C2",39637,"promotion-1753",2,2507.4113310513,3984,4080,7488,78,72,78,72,78,65,19.999999999999996,100,"SUCCESS",0,0,"",""
"B-G1.045-C2",47556,"promotion-321",0,263.8217702465,384,480,2304,20,13,20,13,18,20,-9.999999999999998,80.72916666666666,"FAILED_OVERTIME",22.19999999999999,26.19999999999999,359.8217702465,386.0217702465
"B-G1.045-C2",47556,"promotion-516",0,506.2860892143,744,840,2304,22,15,22,15,22,20,10.000000000000009,91.66666666666666,"FAILED_OVERTIME",8.727272727300033,12.727272727300033,602.2860892143,615.0133619416
"B-G1.045-C2",47556,"promotion-640",0,744.78356797,1104,1200,2304,24,17,24,17,21.6,20,8.000000000000007,93.12500000000017,"FAILED_OVERTIME",6.599999999999909,10.599999999999909,840.78356797,851.38356797
"B-G1.045-C2",47556,"promotion-746",0,977.7504377669,1464,1560,2304,26,19,26,19,23.400000000000002,20,17.000000000000014,100,"SUCCESS",0,0,"",""
"B-G1.045-C2",47556,"promotion-944",1,1304.4711849882,2004,2100,4032,39,32,39,32,39,35,11.428571428571432,92.85714285714286,"FAILED_OVERTIME",7.384615384599783,11.38461538460001,1400.4711849882,1411.8558003728
"B-G1.045-C2",47556,"promotion-1091",1,1526.1227667398,2364,2460,4032,44,37,44,37,44,35,25.71428571428571,100,"SUCCESS",0,0,"",""
"B-G1.045-C2",47556,"promotion-1433",2,1960.5140959593,3084,3180,7488,65,58,65,58,58.5,65,-9.999999999999998,76.04166666666666,"FAILED_OVERTIME",27.59999999999991,31.59999999999991,2056.5140959593,2088.1140959593
"B-G1.045-C2",47556,"promotion-1574",2,2200.8903267046,3444,3540,7488,69,62,69,62,69,65,6.153846153846154,88.46153846153845,"FAILED_OVERTIME",12.521739130399965,16.521739130399965,2296.8903267046,2313.412065835
"B-G1.045-C2",47556,"promotion-1711",2,2423.6816029414,3804,3900,7488,74,67,74,67,66.60000000000001,65,2.4615384615384706,88.3493589743591,"FAILED_OVERTIME",11.789189189199988,15.789189189199988,2519.6816029414,2535.4707921306
"B-G1.045-C2",47556,"promotion-1835",2,2652.0326719569,4164,4260,7488,77,70,77,70,69.3,65,6.615384615384601,95.63301282051286,"FAILED_OVERTIME",4.246753246799926,8.246753246800381,2748.0326719569,2756.2794252037
"B-G1.045-C2",47556,"promotion-1990",2,2871.1193797999,4524,4620,7488,80,73,80,73,80,65,23.076923076923084,100,"SUCCESS",0,0,"",""
"B-G1.045-C2",55475,"promotion-366",0,371.4935897436,564,660,2304,23,16,23,16,16.56,20,-17.200000000000003,79.0026041666665,"FAILED_OVERTIME",21.03391304349998,25.03391304349998,467.4935897436,492.5275027871
"B-G1.045-C2",55475,"promotion-464",0,611.6351143522,924,1020,2304,24,17,24,17,19.68,20,-1.6000000000000014,96.0625,"FAILED_OVERTIME",3.7799999999999727,7.779999999999973,707.6351143522,715.4151143522
"B-G1.045-C2",55475,"promotion-603",0,837.5845929847,1284,1380,2304,28,21,28,21,20.16,20,0.8000000000000007,100,"SUCCESS",0,0,"",""
"B-G1.045-C2",55475,"promotion-862",1,1168.7784180583,1824,1920,4032,36,29,36,29,32.4,35,-7.428571428571429,81.42857142857135,"FAILED_OVERTIME",20.799999999999955,24.799999999999955,1264.7784180583,1289.5784180583
"B-G1.045-C2",55475,"promotion-978",1,1400.8182030045,2184,2280,4032,41,34,41,34,41,35,17.14285714285715,97.61904761904762,"FAILED_OVERTIME",2.3414634146001845,6.341463414599957,1496.8182030045,1503.1596664191
"B-G1.045-C2",55475,"promotion-1138",1,1616.8048714195,2544,2640,4032,47,40,47,40,42.300000000000004,35,20.85714285714286,100,"SUCCESS",0,0,"",""
"B-G1.045-C2",55475,"promotion-1551",2,2160.1833628142,3444,3540,7488,65,58,65,58,65,65,0,83.33333333333334,"FAILED_OVERTIME",19.199999999999818,23.200000000000273,2256.1833628142,2279.3833628142
"B-G1.045-C2",55475,"promotion-1678",2,2390.4511789061,3804,3900,7488,69,62,69,62,62.1,65,-4.461538461538462,87.35576923076923,"FAILED_OVERTIME",13.721739130399783,17.721739130400238,2486.4511789061,2504.1729180365
"B-G1.045-C2",55475,"promotion-1804",2,2629.4377380459,4164,4260,7488,72,65,72,65,72,65,10.769230769230775,92.3076923076923,"FAILED_OVERTIME",8,12,2725.4377380459,2737.4377380459
"B-G1.045-C2",55475,"promotion-1916",2,2849.7402450061,4524,4620,7488,76,69,76,69,76,65,16.92307692307693,97.43589743589743,"FAILED_OVERTIME",2.5263157894996766,6.526315789500131,2945.7402450061,2952.2665607956
"B-G1.045-C2",55475,"promotion-2069",2,3062.271363848,4884,4980,7488,79,73,79,73,79,65,21.53846153846153,100,"SUCCESS",0,0,"",""
"B-G1.045-C2",63394,"promotion-222",0,262.0332863429,384,480,2304,22,15,22,15,22,20,10.000000000000009,91.66666666666666,"FAILED_OVERTIME",8.727272727299976,12.727272727299976,358.0332863429,370.7605590702
"B-G1.045-C2",63394,"promotion-339",0,499.0944045047,744,840,2304,23,16,23,16,23,20,14.999999999999991,95.83333333333334,"FAILED_OVERTIME",4.173913043499965,8.173913043499965,595.0944045047,603.2683175482
"B-G1.045-C2",63394,"promotion-570",0,729.2790802196,1104,1200,2304,25,18,25,18,25,20,25,100,"SUCCESS",0,0,"",""
"B-G1.045-C2",63394,"promotion-811",1,1057.1930290168,1644,1740,4032,37,30,37,30,37,35,5.714285714285716,88.09523809523809,"FAILED_OVERTIME",12.972972972999969,16.97297297299997,1153.1930290168,1170.1660019898
"B-G1.045-C2",63394,"promotion-962",1,1289.4402325964,2004,2100,4032,42,35,42,35,37.800000000000004,35,8.000000000000007,96.87500000000007,"FAILED_OVERTIME",3,7,1385.4402325964,1392.4402325964
"B-G1.045-C2",63394,"promotion-1117",1,1510.1412318407,2364,2460,4032,47,40,47,40,38.540000000000006,35,10.114285714285742,100,"SUCCESS",0,0,"",""
"B-G1.045-C2",63394,"promotion-1546",2,2045.3728222292,3264,3360,7488,65,58,65,58,53.300000000000004,65,-17.999999999999993,82.86458333333334,"FAILED_OVERTIME",19.73999999999978,23.73999999999978,2141.3728222292,2165.1128222292
"B-G1.045-C2",63394,"promotion-1669",2,2278.1729708876,3624,3720,7488,68,61,68,61,68,65,4.615384615384621,87.17948717948718,"FAILED_OVERTIME",14.117647058799776,18.117647058799776,2374.1729708876,2392.2906179464
"B-G1.045-C2",63394,"promotion-1785",2,2512.6196543876,3984,4080,7488,71,65,71,65,62.48,65,-3.876923076923078,88.29487179487175,"FAILED_OVERTIME",12.344788732400048,16.344788732400048,2608.6196543876,2624.96444312
"B-G1.045-C2",63394,"promotion-1938",2,2738.479442531,4344,4440,7488,75,69,75,69,67.5,65,3.8461538461538547,89.54326923076923,"FAILED_OVERTIME",10.4399999999996,14.440000000000055,2834.479442531,2848.919442531
"B-G1.045-C2",63394,"promotion-2075",2,2964.4835384901,4704,4800,7488,80,73,80,73,80,65,23.076923076923084,100,"SUCCESS",0,0,"",""
"B-G1.045-C2",71313,"promotion-494",0,391.1293649324,564,660,2304,21,14,21,14,15.12,20,-24.4,80.99218749999999,"FAILED_OVERTIME",20.854285714299976,24.854285714300033,487.1293649324,511.9836506467
"B-G1.045-C2",71313,"promotion-711",0,631.7094818251,924,1020,2304,23,16,23,16,23,20,14.999999999999991,95.83333333333334,"FAILED_OVERTIME",4.173913043500079,8.173913043499965,727.7094818251,735.8833948686
"B-G1.045-C2",71313,"promotion-815",0,859.1883394551,1284,1380,2304,27,20,27,20,22.14,20,10.7,100,"SUCCESS",0,0,"",""
"B-G1.045-C2",71313,"promotion-1059",1,1190.2512128629,1824,1920,4032,36,30,36,30,36,35,2.857142857142847,85.71428571428571,"FAILED_OVERTIME",16,20,1286.2512128629,1306.2512128629
"B-G1.045-C2",71313,"promotion-1195",1,1424.9115185099,2184,2280,4032,40,33,40,33,36,35,2.857142857142847,88.69047619047619,"FAILED_OVERTIME",11.400000000000091,15.400000000000091,1520.9115185099,1536.3115185099
"B-G1.045-C2",71313,"promotion-1343",1,1650.0262804147,2544,2640,4032,46,39,46,39,46,35,31.428571428571427,100,"SUCCESS",0,0,"",""
"B-G1.045-C2",71313,"promotion-1798",2,2191.1743573349,3444,3540,7488,70,63,70,63,57.400000000000006,65,-11.69230769230768,83.18108974358967,"FAILED_OVERTIME",17.991428571399865,21.991428571399865,2287.1743573349,2309.1657859063
"B-G1.045-C2",71313,"promotion-1914",2,2421.2514406682,3804,3900,7488,74,68,74,68,74,65,13.846153846153841,94.87179487179486,"FAILED_OVERTIME",5.1891891892000785,9.189189189200079,2517.2514406682,2526.4406298574
"B-G1.045-C2",71313,"promotion-2067",2,2640.2089148766,4164,4260,7488,78,71,78,71,70.2,65,8.000000000000007,91.25000000000047,"FAILED_OVERTIME",8.399999999999636,12.400000000000091,2736.2089148766,2748.6089148766
"B-G1.045-C2",71313,"promotion-2228",2,2862.7235864121,4524,4620,7488,83,77,83,77,83,65,27.692307692307683,100,"SUCCESS",0,0,"",""
"B-G1.045-C3",42,"promotion-462",0,382.4977492673,564,660,2304,20,13,20,13,16.400000000000002,20,-17.999999999999993,82.86458333333333,"FAILED_OVERTIME",19.74000000000001,23.74000000000001,478.4977492673,502.2377492673
"B-G1.045-C3",42,"promotion-853",0,739.7422112941,1104,1200,2304,25,18,25,18,25,20,25,100,"SUCCESS",0,0,"",""
"B-G1.045-C3",42,"promotion-1360",1,1288.3501840227,2004,2100,4032,37,30,37,30,33.300000000000004,35,-4.857142857142849,85.34226190476197,"FAILED_OVERTIME",15.972972973000196,19.97297297299997,1384.3501840227,1404.3231569957
"B-G1.045-C3",42,"promotion-1647",1,1630.5994273857,2544,2640,4032,44,37,44,37,39.6,35,13.142857142857146,95.59523809523857,"FAILED_OVERTIME",4.036363636399983,8.036363636399983,1726.5994273857,1734.6357910221
"B-G1.045-C3",42,"promotion-1929",1,1967.9127603129,3084,3180,4032,49,43,49,43,49,35,39.99999999999999,100,"SUCCESS",0,0,"",""
"B-G1.045-C3",42,"promotion-2179",2,2283.1644076606,3624,3720,7488,66,59,66,59,66,65,1.538461538461533,84.61538461538461,"FAILED_OVERTIME",17.45454545450002,21.45454545450002,2379.1644076606,2400.6189531151
"B-G1.045-C3",42,"promotion-2428",2,2621.4008527086,4164,4260,7488,72,66,72,66,72,65,10.769230769230775,92.3076923076923,"FAILED_OVERTIME",8,12,2717.4008527086,2729.4008527086
"B-G1.045-C3",42,"promotion-2657",2,2958.1794925652,4704,4800,7488,77,71,77,71,77,65,18.461538461538463,98.71794871794873,"FAILED_OVERTIME",1.2467532467999263,5.246753246800381,3054.1794925652,3059.426245812
"B-G1.045-C3",42,"promotion-2930",2,3289.7487172281,5244,5340,7488,83,77,83,77,83,65,27.692307692307683,100,"SUCCESS",0,0,"",""
"B-G1.045-C3",7961,"promotion-493",0,387.5227457562,564,660,2304,20,13,20,13,18,20,-9.999999999999998,77.60416666666666,"FAILED_OVERTIME",25.799999999999955,29.80000000000001,483.5227457562,513.3227457562
"B-G1.045-C3",7961,"promotion-746",0,737.1213171848,1104,1200,2304,26,19,26,19,21.32,20,6.600000000000006,96.75520833333337,"FAILED_OVERTIME",2.8753846153999802,6.87538461539998,833.1213171848,839.9967018002
"B-G1.045-C3",7961,"promotion-1119",0,1074.1684504783,1644,1740,2304,32,24,32,24,32,20,60.00000000000001,100,"SUCCESS",0,0,"",""
"B-G1.045-C3",7961,"promotion-1349",1,1286.9187535085,2004,2100,4032,35,29,35,29,35,35,0,83.33333333333334,"FAILED_OVERTIME",19.199999999999818,23.200000000000045,1382.9187535085,1406.1187535085
"B-G1.045-C3",7961,"promotion-1617",1,1629.9679683271,2544,2640,4032,45,39,45,39,40.5,35,15.714285714285726,100,"SUCCESS",0,0,"",""
"B-G1.045-C3",7961,"promotion-2045",2,2174.7352803429,3444,3540,7488,66,60,66,60,59.4,65,-8.615384615384613,80.38461538461524,"FAILED_OVERTIME",22.254545454500203,26.254545454500203,2270.7352803429,2296.9898257974
"B-G1.045-C3",7961,"promotion-2278",2,2511.0540423685,3984,4080,7488,72,66,72,66,72,65,10.769230769230775,92.3076923076923,"FAILED_OVERTIME",8,12,2607.0540423685,2619.0540423685
"B-G1.045-C3",7961,"promotion-2517",2,2836.6366895665,4524,4620,7488,79,72,79,72,79,65,21.53846153846153,100,"SUCCESS",0,0,"",""
"B-G1.045-C3",15880,"promotion-471",0,379.7462661335,564,660,2304,22,14,22,14,22,20,10.000000000000009,91.66666666666666,"FAILED_OVERTIME",8.727272727300033,12.727272727299976,475.7462661335,488.4735388608
"B-G1.045-C3",15880,"promotion-806",0,729.7405318385,1104,1200,2304,27,21,27,21,22.14,20,10.7,100,"SUCCESS",0,0,"",""
"B-G1.045-C3",15880,"promotion-1028",1,1057.0972258139,1644,1740,4032,37,31,37,31,30.340000000000003,35,-13.3142857142857,78.68005952380966,"FAILED_OVERTIME",23.23297297299996,27.23297297299996,1153.0972258139,1180.3301987869
"B-G1.045-C3",15880,"promotion-1327",1,1403.2820765333,2184,2280,4032,45,38,45,38,40.5,35,15.714285714285726,99.77678571428571,"FAILED_OVERTIME",0.1999999999998181,4.2000000000000455,1499.2820765333,1503.4820765333
"B-G1.045-C3",15880,"promotion-1651",1,1729.3586497225,2724,2820,4032,52,45,52,45,52,35,48.57142857142858,100,"SUCCESS",0,0,"",""
"B-G1.045-C3",15880,"promotion-2039",2,2148.8034175512,3444,3540,7488,68,61,68,61,68,65,4.615384615384621,87.17948717948718,"FAILED_OVERTIME",14.117647058799776,18.11764705880023,2244.8034175512,2262.92106461
"B-G1.045-C3",15880,"promotion-2275",2,2488.5798486216,3984,4080,7488,77,70,77,70,77,65,18.461538461538463,98.71794871794873,"FAILED_OVERTIME",1.2467532467999263,5.246753246799926,2584.5798486216,2589.8266018684
"B-G1.045-C3",15880,"promotion-2548",2,2804.6422207926,4524,4620,7488,83,76,83,76,83,65,27.692307692307683,100,"SUCCESS",0,0,"",""
"B-G1.045-C3",23799,"promotion-463",0,385.6858405536,564,660,2304,21,13,21,13,21,20,5.000000000000004,87.5,"FAILED_OVERTIME",13.71428571429999,17.714285714300047,481.6858405536,499.4001262679
"B-G1.045-C3",23799,"promotion-773",0,734.4285995347,1104,1200,2304,27,20,27,20,27,20,35.00000000000001,100,"SUCCESS",0,0,"",""
"B-G1.045-C3",23799,"promotion-1137",1,1169.1032092724,1824,1920,4032,35,28,35,28,28.700000000000003,35,-17.999999999999993,77.23958333333326,"FAILED_OVERTIME",26.220000000000027,30.220000000000027,1265.1032092724,1295.3232092724
"B-G1.045-C3",23799,"promotion-1424",1,1515.6115845179,2364,2460,4032,43,36,43,36,43,35,22.857142857142865,100,"SUCCESS",0,0,"",""
"B-G1.045-C3",23799,"promotion-1857",2,2065.8390310335,3264,3360,7488,71,64,71,64,58.220000000000006,65,-10.430769230769222,90.5136217948718,"FAILED_OVERTIME",10.004788732399902,14.004788732400357,2161.8390310335,2175.8438197659
"B-G1.045-C3",23799,"promotion-2091",2,2402.1628291283,3804,3900,7488,77,71,77,71,63.14000000000001,65,-2.8615384615384487,98.16266025641026,"FAILED_OVERTIME",1.78675324679989,5.78675324679989,2498.1628291283,2503.9495823751
"B-G1.045-C3",23799,"promotion-2329",2,2733.9457195767,4344,4440,7488,82,76,82,76,59.04,65,-9.169230769230774,97.30929487179456,"FAILED_OVERTIME",2.457073170699914,6.457073170699914,2829.9457195767,2836.4027927474
"B-G1.045-C3",23799,"promotion-2603",2,3056.3535464996,4884,4980,7488,87,81,87,81,71.34,65,9.753846153846158,100,"SUCCESS",0,0,"",""
"B-G1.045-C3",31718,"promotion-464",0,383.3095353378,564,660,2304,21,14,21,14,17.220000000000002,20,-13.89999999999999,78.14843749999977,"FAILED_OVERTIME",23.97428571429998,27.97428571429998,479.3095353378,507.2838210521
"B-G1.045-C3",31718,"promotion-714",0,733.2089003007,1104,1200,2304,27,20,27,20,22.14,20,10.7,100,"SUCCESS",0,0,"",""
"B-G1.045-C3",31718,"promotion-968",1,1075.0001514513,1644,1740,4032,37,30,37,30,33.300000000000004,35,-4.857142857142849,82.03869047619058,"FAILED_OVERTIME",19.572972973000105,23.572972972999878,1171.0001514513,1194.5731244243
"B-G1.045-C3",31718,"promotion-1233",1,1417.8374520422,2184,2280,4032,47,40,47,40,47,35,34.28571428571428,100,"SUCCESS",0,0,"",""
"B-G1.045-C3",31718,"promotion-1568",2,1838.2870807961,2904,3000,7488,66,59,66,59,66,65,1.538461538461533,84.61538461538461,"FAILED_OVERTIME",17.45454545450002,21.454545454499794,1934.2870807961,1955.7416262506
"B-G1.045-C3",31718,"promotion-1818",2,2178.0052296949,3444,3540,7488,76,70,76,70,76,65,16.92307692307693,97.43589743589743,"FAILED_OVERTIME",2.5263157895001314,6.526315789499677,2274.0052296949,2280.5315454844
"B-G1.045-C3",31718,"promotion-2097",2,2502.9637891861,3984,4080,7488,83,77,83,77,83,65,27.692307692307683,100,"SUCCESS",0,0,"",""
"B-G1.045-C3",39637,"promotion-258",0,262.0666666667,384,480,2304,23,16,23,16,20.7,20,3.499999999999992,87.44791666666623,"FAILED_OVERTIME",12.5739130435,16.5739130435,358.0666666667,374.6405797102
"B-G1.045-C3",39637,"promotion-523",0,615.9765871543,924,1020,2304,28,21,28,21,28,20,39.99999999999999,100,"SUCCESS",0,0,"",""
"B-G1.045-C3",39637,"promotion-687",1,838.6326622541,1284,1380,4032,35,28,35,28,31.5,35,-9.999999999999998,79.16666666666666,"FAILED_OVERTIME",24,28,934.6326622541,962.6326622541
"B-G1.045-C3",39637,"promotion-980",1,1190.0346986341,1824,1920,4032,44,37,44,37,44,35,25.71428571428571,100,"SUCCESS",0,0,"",""
"B-G1.045-C3",39637,"promotion-1410",2,1722.9500716636,2724,2820,7488,65,58,65,58,65,65,0,83.33333333333334,"FAILED_OVERTIME",19.199999999999818,23.200000000000045,1818.9500716636,1842.1500716636
"B-G1.045-C3",39637,"promotion-1639",2,2069.3914541389,3264,3360,7488,71,64,71,64,58.220000000000006,65,-10.430769230769222,90.5136217948718,"FAILED_OVERTIME",10.004788732399902,14.004788732399902,2165.3914541389,2179.3962428713
"B-G1.045-C3",39637,"promotion-1867",2,2402.5037539099,3804,3900,7488,77,70,77,70,63.14000000000001,65,-2.8615384615384487,98.16266025641026,"FAILED_OVERTIME",1.78675324679989,5.786753246800345,2498.5037539099,2504.2905071567
"B-G1.045-C3",39637,"promotion-2134",2,2720.6009851628,4344,4440,7488,82,76,82,76,67.24000000000001,65,3.4461538461538543,100,"SUCCESS",0,0,"",""
"B-G1.045-C3",47556,"promotion-321",0,263.8217702465,384,480,2304,20,13,20,13,18,20,-9.999999999999998,80.72916666666666,"FAILED_OVERTIME",22.19999999999999,26.19999999999999,359.8217702465,386.0217702465
"B-G1.045-C3",47556,"promotion-604",0,615.4860892143,924,1020,2304,26,19,26,19,23.400000000000002,20,17.000000000000014,100,"SUCCESS",0,0,"",""
"B-G1.045-C3",47556,"promotion-977",1,1058.5200329289,1644,1740,4032,35,29,35,29,31.5,35,-9.999999999999998,77.60416666666666,"FAILED_OVERTIME",25.799999999999955,29.799999999999955,1154.5200329289,1184.3200329289
"B-G1.045-C3",47556,"promotion-1265",1,1408.9172208765,2184,2280,4032,46,40,46,40,46,35,31.428571428571427,100,"SUCCESS",0,0,"",""
"B-G1.045-C3",47556,"promotion-1614",2,1849.7552439726,2904,3000,7488,65,59,65,59,58.5,65,-9.999999999999998,79.16666666666666,"FAILED_OVERTIME",24,28,1945.7552439726,1973.7552439726
"B-G1.045-C3",47556,"promotion-1818",2,2195.6081469087,3444,3540,7488,73,66,73,66,73,65,12.307692307692308,93.58974358974359,"FAILED_OVERTIME",6.575342465800077,10.575342465800077,2291.6081469087,2302.1834893745
"B-G1.045-C3",47556,"promotion-2063",2,2529.9344613562,3984,4080,7488,79,72,79,72,71.10000000000001,65,9.38461538461539,96.21794871794887,"FAILED_OVERTIME",3.584810126600132,7.584810126600132,2625.9344613562,2633.5192714828
"B-G1.045-C3",47556,"promotion-2369",2,2854.9795457969,4524,4620,7488,86,79,86,79,86,65,32.30769230769231,100,"SUCCESS",0,0,"",""
"B-G1.045-C3",55475,"promotion-366",0,371.4935897436,564,660,2304,23,16,23,16,16.56,20,-17.200000000000003,79.0026041666665,"FAILED_OVERTIME",21.03391304349998,25.03391304349998,467.4935897436,492.5275027871
"B-G1.045-C3",55475,"promotion-601",0,719.9096241561,1104,1200,2304,28,21,28,21,25.2,20,26,100,"SUCCESS",0,0,"",""
"B-G1.045-C3",55475,"promotion-864",1,1042.4532820648,1644,1740,4032,40,34,40,34,40,35,14.28571428571428,95.23809523809523,"FAILED_OVERTIME",4.7999999999999545,8.799999999999955,1138.4532820648,1147.2532820648
"B-G1.045-C3",55475,"promotion-1180",1,1374.8859812537,2184,2280,4032,50,43,50,43,50,35,42.85714285714286,100,"SUCCESS",0,0,"",""
"B-G1.045-C3",55475,"promotion-1572",2,1802.0051932161,2904,3000,7488,71,64,71,64,71,65,9.23076923076922,91.02564102564102,"FAILED_OVERTIME",9.464788732399938,13.464788732399938,1898.0051932161,1911.4699819485
"B-G1.045-C3",55475,"promotion-1843",2,2137.8984655464,3444,3540,7488,78,72,78,72,78,65,19.999999999999996,100,"SUCCESS",0,0,"",""
"B-G1.045-C3",55475,"promotion-3058",3,3535.8958183272,5784,5880,12672,110,103,110,103,110,110,0,"","",0,0,"",""
"B-G1.045-C3",63394,"promotion-222",0,262.0332863429,384,480,2304,22,15,22,15,22,20,10.000000000000009,91.66666666666666,"FAILED_OVERTIME",8.727272727299976,12.727272727299976,358.0332863429,370.7605590702
"B-G1.045-C3",63394,"promotion-560",0,614.4669776804,924,1020,2304,26,19,26,19,23.400000000000002,20,17.000000000000014,100,"SUCCESS",0,0,"",""
"B-G1.045-C3",63394,"promotion-870",1,946.8792081415,1464,1560,4032,37,30,37,30,37,35,5.714285714285716,88.09523809523809,"FAILED_OVERTIME",12.972972972999969,16.97297297299997,1042.8792081415,1059.8521811145
"B-G1.045-C3",63394,"promotion-1129",1,1280.9296617013,2004,2100,4032,48,41,48,41,42.24,35,20.685714285714283,100,"SUCCESS",0,0,"",""
"B-G1.045-C3",63394,"promotion-1484",2,1709.9515252473,2724,2820,7488,66,59,66,59,66,65,1.538461538461533,84.61538461538461,"FAILED_OVERTIME",17.45454545450002,21.45454545450002,1805.9515252473,1827.4060707018
"B-G1.045-C3",63394,"promotion-1729",2,2058.3718323759,3264,3360,7488,72,66,72,66,59.040000000000006,65,-9.169230769230763,82.44230769230792,"FAILED_OVERTIME",18.26000000000022,22.26000000000022,2154.3718323759,2176.6318323759
"B-G1.045-C3",63394,"promotion-1991",2,2404.4053797683,3804,3900,7488,80,73,80,73,65.60000000000001,65,0.9230769230769376,91.60256410256429,"FAILED_OVERTIME",7.860000000000127,11.860000000000127,2500.4053797683,2512.2653797683
"B-G1.045-C3",63394,"promotion-2235",2,2735.2172892284,4344,4440,7488,86,79,86,79,70.52000000000001,65,8.49230769230771,100,"SUCCESS",0,0,"",""
"B-G1.045-C3",71313,"promotion-494",0,391.1293649324,564,660,2304,21,14,21,14,15.12,20,-24.4,80.99218749999999,"FAILED_OVERTIME",20.854285714299976,24.854285714300033,487.1293649324,511.9836506467
"B-G1.045-C3",71313,"promotion-809",0,740.4178151584,1104,1200,2304,27,20,27,20,27,20,35.00000000000001,100,"SUCCESS",0,0,"",""
"B-G1.045-C3",71313,"promotion-1046",1,1069.6468157972,1644,1740,4032,39,33,39,33,39,35,11.428571428571432,92.85714285714286,"FAILED_OVERTIME",7.384615384600011,11.38461538460001,1165.6468157972,1177.0314311818
"B-G1.045-C3",71313,"promotion-1337",1,1400.2610586466,2184,2280,4032,46,39,46,39,46,35,31.428571428571427,100,"SUCCESS",0,0,"",""
"B-G1.045-C3",71313,"promotion-1757",2,1941.2933943225,3084,3180,7488,67,60,67,60,67,65,3.076923076923066,85.8974358974359,"FAILED_OVERTIME",15.761194029899798,19.761194029900025,2037.2933943225,2057.0545883524
"B-G1.045-C3",71313,"promotion-2030",2,2282.207465971,3624,3720,7488,75,68,75,68,75,65,15.384615384615374,96.15384615384616,"FAILED_OVERTIME",3.8400000000001455,7.839999999999691,2378.207465971,2386.047465971
"B-G1.045-C3",71313,"promotion-2287",2,2611.0681489081,4164,4260,7488,80,74,80,74,72,65,10.769230769230775,93.58974358974359,"FAILED_OVERTIME",6,10,2707.0681489081,2717.0681489081
"B-G1.045-C3",71313,"promotion-2612",2,2945.5924357385,4704,4800,7488,87,80,87,80,87,65,33.84615384615384,100,"SUCCESS",0,0,"",""
"A-G1.040-C3",79232,"promotion-317",0,263.7709881944,384,480,2304,20,13,20,13,18,20,-9.999999999999998,80.72916666666666,"FAILED_OVERTIME",22.19999999999999,26.19999999999999,359.7709881944,385.9709881944
"A-G1.040-C3",79232,"promotion-653",0,620.5224171398,924,1020,2304,25,17,25,17,25,20,25,100,"SUCCESS",0,0,"",""
"A-G1.040-C3",79232,"promotion-920",1,945.956983001,1464,1560,4032,38,30,38,30,34.2,35,-2.28571428571428,82.55952380952405,"FAILED_OVERTIME",18.50526315789989,22.50526315789989,1041.956983001,1064.4622461589
"A-G1.040-C3",79232,"promotion-1239",1,1285.4800023414,2004,2100,4032,51,43,51,43,51,35,45.71428571428571,100,"SUCCESS",0,0,"",""
"A-G1.040-C3",79232,"promotion-1515",2,1610.1762623927,2544,2640,6912,64,56,64,56,57.6,60,-3.9999999999999925,86.11111111111116,"FAILED_OVERTIME",15,19,1706.1762623927,1725.1762623927
"A-G1.040-C3",79232,"promotion-1756",2,1957.4675192308,3084,3180,6912,74,68,74,68,74,60,23.33333333333334,100,"SUCCESS",0,0,"",""
"A-G1.040-C3",79232,"promotion-2299",3,2593.9967339758,4164,4260,11520,101,95,101,95,101,100,1.0000000000000009,84.16666666666667,"FAILED_OVERTIME",18.0594059406003,22.059405940599845,2689.9967339758,2712.0561399164
"A-G1.040-C3",79232,"promotion-2497",3,2929.9540457307,4704,4800,11520,105,98,105,98,105,100,5.000000000000004,87.5,"FAILED_OVERTIME",13.714285714299876,17.71428571430033,3025.9540457307,3043.668331445
"A-G1.040-C3",79232,"promotion-2764",3,3272.2313357081,5244,5340,11520,111,105,111,105,99.9,100,-0.09999999999998899,89.60937499999993,"FAILED_OVERTIME",10.783783783799663,14.783783783800118,3368.2313357081,3383.0151194919
"A-G1.040-C3",79232,"promotion-3031",3,3598.306600084,5784,5880,11520,115,109,115,109,115,100,14.999999999999991,"","",0,0,"",""
"A-G1.040-C3",87151,"promotion-71",0,137.1333333333,204,300,2304,22,15,22,15,22,20,10.000000000000009,91.66666666666666,"FAILED_OVERTIME",8.727272727299976,12.727272727300004,233.1333333333,245.8606060606
"A-G1.040-C3",87151,"promotion-435",0,496.6777181989,744,840,2304,26,19,26,19,26,20,30.000000000000004,100,"SUCCESS",0,0,"",""
"A-G1.040-C3",87151,"promotion-723",1,826.0735549672,1284,1380,4032,38,31,38,31,38,35,8.571428571428562,90.47619047619048,"FAILED_OVERTIME",10.105263157900026,14.105263157899913,922.0735549672,936.1788181251
"A-G1.040-C3",87151,"promotion-1049",1,1162.9989992439,1824,1920,4032,46,39,46,39,46,35,31.428571428571427,100,"SUCCESS",0,0,"",""
"A-G1.040-C3",87151,"promotion-1313",2,1482.6152988936,2364,2460,6912,62,54,62,54,62,60,3.3333333333333437,86.11111111111111,"FAILED_OVERTIME",15.483870967700113,19.483870967699886,1578.6152988936,1598.0991698613
"A-G1.040-C3",87151,"promotion-1585",2,1824.521441779,2904,3000,6912,77,70,77,70,77,60,28.333333333333343,100,"SUCCESS",0,0,"",""
"A-G1.040-C3",87151,"promotion-2021",3,2355.3493532529,3804,3900,11520,102,96,102,96,83.64,100,-16.359999999999996,84.52187500000001,"FAILED_OVERTIME",17.481176470600076,21.481176470600076,2451.3493532529,2472.8305297235
"A-G1.040-C3",87151,"promotion-2268",3,2699.3409982479,4344,4440,11520,108,101,108,101,97.2,100,-2.8000000000000025,83.81250000000026,"FAILED_OVERTIME",17.266666666700075,21.26666666669962,2795.3409982479,2816.6076649146
"A-G1.040-C3",87151,"promotion-2481",3,3038.8309032209,4884,4980,11520,112,105,112,105,80.64,100,-19.36,86.39166666666641,"FAILED_OVERTIME",13.997142857099789,17.997142857100243,3134.8309032209,3152.828046078
"A-G1.040-C3",87151,"promotion-2684",3,3373.6570637169,5424,5520,11520,115,109,115,109,82.8,100,-17.200000000000003,79.0026041666665,"FAILED_OVERTIME",21.033913043500434,25.03391304349998,3469.6570637169,3494.6909767604
"A-G1.040-C3",95070,"promotion-72",0,137.1333333333,204,300,2304,22,15,22,15,22,20,10.000000000000009,91.66666666666666,"FAILED_OVERTIME",8.727272727299976,12.727272727300004,233.1333333333,245.8606060606
"A-G1.040-C3",95070,"promotion-425",0,488.5241761984,744,840,2304,26,19,26,19,23.400000000000002,20,17.000000000000014,100,"SUCCESS",0,0,"",""
"A-G1.040-C3",95070,"promotion-660",1,820.3542607909,1284,1380,4032,37,30,37,30,37,35,5.714285714285716,88.09523809523809,"FAILED_OVERTIME",12.972972972999969,16.972972973000083,916.3542607909,933.3272337639
"A-G1.040-C3",95070,"promotion-939",1,1160.6932103875,1824,1920,4032,48,40,48,40,48,35,37.142857142857146,100,"SUCCESS",0,0,"",""
"A-G1.040-C3",95070,"promotion-1231",2,1489.1731202387,2364,2460,6912,67,59,67,59,60.300000000000004,60,0.5000000000000115,88.4027777777777,"FAILED_OVERTIME",11.96417910450009,15.96417910450009,1585.1731202387,1601.1372993432
"A-G1.040-C3",95070,"promotion-1468",2,1827.6016990893,2904,3000,6912,76,70,76,70,62.32000000000001,60,3.866666666666685,97.83680555555547,"FAILED_OVERTIME",1.9673684211002183,5.967368421099991,1923.6016990893,1929.5690675104
"A-G1.040-C3",95070,"promotion-1747",2,2147.5640202184,3444,3540,6912,84,78,84,78,75.60000000000001,60,26.00000000000002,100,"SUCCESS",0,0,"",""
"A-G1.040-C3",95070,"promotion-2098",3,2573.5834793547,4164,4260,11520,102,96,102,96,102,100,2.0000000000000018,85,"FAILED_OVERTIME",16.941176470600112,20.941176470600112,2669.5834793547,2690.5246558253
"A-G1.040-C3",95070,"promotion-2328",3,2908.86924984,4704,4800,11520,108,102,108,102,95.04,100,-4.959999999999997,89.325,"FAILED_OVERTIME",11.386666666699966,15.386666666699966,3004.86924984,3020.2559165067
"A-G1.040-C3",95070,"promotion-2600",3,3245.0105020043,5244,5340,11520,115,108,115,108,115,100,14.999999999999991,95.83333333333334,"FAILED_OVERTIME",4.1739130434998515,8.173913043499851,3341.0105020043,3349.1844150478
"A-G1.040-C3",95070,"promotion-2887",3,3576.8165854168,5784,5880,11520,118,112,118,112,118,100,17.999999999999993,"","",0,0,"",""
"A-G1.040-C3",102989,"promotion-69",0,137.1333333333,204,300,2304,22,14,22,14,22,20,10.000000000000009,91.66666666666666,"FAILED_OVERTIME",8.727272727299976,12.727272727300004,233.1333333333,245.8606060606
"A-G1.040-C3",102989,"promotion-303",0,487.3580976548,744,840,2304,27,20,27,20,19.439999999999998,20,-2.8000000000000136,98.64843750000014,"FAILED_OVERTIME",1.1533333332999973,5.153333333299997,583.3580976548,588.5114309881
"A-G1.040-C3",102989,"promotion-776",0,821.4220870308,1284,1380,2304,33,26,33,26,29.7,20,48.499999999999986,100,"SUCCESS",0,0,"",""
"A-G1.040-C3",102989,"promotion-967",1,1037.8695523585,1644,1740,4032,38,31,38,31,38,35,8.571428571428562,90.47619047619048,"FAILED_OVERTIME",10.105263157900026,14.105263157900026,1133.8695523585,1147.9748155164
"A-G1.040-C3",102989,"promotion-1264",1,1369.0204667072,2184,2280,4032,50,43,50,43,50,35,42.85714285714286,100,"SUCCESS",0,0,"",""
"A-G1.040-C3",102989,"promotion-1543",2,1695.684493925,2724,2820,6912,67,59,67,59,60.300000000000004,60,0.5000000000000115,86.65798611111084,"FAILED_OVERTIME",13.764179104499817,17.764179104500045,1791.684493925,1809.4486730295
"A-G1.040-C3",102989,"promotion-1803",2,2037.2666211933,3264,3360,6912,74,67,74,67,74,60,23.33333333333334,100,"SUCCESS",0,0,"",""
"A-G1.040-C3",102989,"promotion-2328",3,2560.2051758079,4164,4260,11520,102,95,102,95,83.64,100,-16.359999999999996,81.65312500000002,"FAILED_OVERTIME",20.721176470599858,24.721176470599858,2656.2051758079,2680.9263522785
"A-G1.040-C3",102989,"promotion-2573",3,2901.0680293704,4704,4800,11520,108,101,108,101,108,100,8.000000000000007,90,"FAILED_OVERTIME",10.666666666699712,14.666666666700166,2997.0680293704,3011.7346960371
"A-G1.040-C3",102989,"promotion-2778",3,3225.9654005008,5244,5340,11520,111,105,111,105,97.68,100,-2.3199999999999887,91.80625,"FAILED_OVERTIME",8.503783783799918,12.503783783799918,3321.9654005008,3334.4691842846
"A-G1.040-C3",102989,"promotion-3007",3,3554.5260755417,5784,5880,11520,115,108,115,108,103.5,100,3.499999999999992,"","",0,0,"",""
"A-G1.040-C3",110908,"promotion-495",0,382.7008937064,564,660,2304,22,15,22,15,22,20,10.000000000000009,91.66666666666666,"FAILED_OVERTIME",8.727272727300033,12.727272727300033,478.7008937064,491.4281664337
"A-G1.040-C3",110908,"promotion-761",0,729.1925459627,1104,1200,2304,29,21,29,21,29,20,44.99999999999999,100,"SUCCESS",0,0,"",""
"A-G1.040-C3",110908,"promotion-928",1,942.9532297234,1464,1560,4032,37,30,37,30,32.56,35,-6.971428571428562,87.4345238095238,"FAILED_OVERTIME",13.692972972999996,17.692972972999996,1038.9532297234,1056.6462026964
"A-G1.040-C3",110908,"promotion-1212",1,1290.9211175199,2004,2100,4032,49,42,49,42,49,35,39.99999999999999,100,"SUCCESS",0,0,"",""
"A-G1.040-C3",110908,"promotion-1395",2,1501.1429313022,2364,2460,6912,62,54,62,54,62,60,3.3333333333333437,86.11111111111111,"FAILED_OVERTIME",15.483870967700113,19.483870967700113,1597.1429313022,1616.6268022699
"A-G1.040-C3",110908,"promotion-1634",2,1843.5491411817,2904,3000,6912,74,68,74,68,66.60000000000001,60,11.00000000000001,97.63888888888904,"FAILED_OVERTIME",2.2054054054001426,6.205405405400143,1939.5491411817,1945.7545465871
"A-G1.040-C3",110908,"promotion-1895",2,2169.9052830323,3444,3540,6912,83,76,83,76,73.04,60,21.733333333333338,100,"SUCCESS",0,0,"",""
"A-G1.040-C3",110908,"promotion-2308",3,2687.3490992508,4344,4440,11520,101,94,101,94,101,100,1.0000000000000009,84.16666666666667,"FAILED_OVERTIME",18.0594059406003,22.059405940599845,2783.3490992508,2805.4085051914
"A-G1.040-C3",110908,"promotion-2490",3,3040.2505852744,4884,4980,11520,105,99,105,99,105,100,5.000000000000004,87.5,"FAILED_OVERTIME",13.714285714299876,17.71428571430033,3136.2505852744,3153.9648709887
"A-G1.040-C3",110908,"promotion-2707",3,3376.6623663514,5424,5520,11520,110,103,110,103,99,100,-1.0000000000000009,85.36458333333333,"FAILED_OVERTIME",15.327272727299714,19.327272727299714,3472.6623663514,3491.9896390787
"A-G1.040-C3",118827,"promotion-323",0,263.17171748,384,480,2304,20,12,20,12,20,20,0,83.33333333333334,"FAILED_OVERTIME",19.19999999999999,23.19999999999999,359.17171748,382.37171748
"A-G1.040-C3",118827,"promotion-602",0,616.5910038398,924,1020,2304,26,19,26,19,26,20,30.000000000000004,100,"SUCCESS",0,0,"",""
"A-G1.040-C3",118827,"promotion-799",1,950.6610789712,1464,1560,4032,38,30,38,30,29.64,35,-15.314285714285713,81.88095238095264,"FAILED_OVERTIME",19.225263157899917,23.225263157900145,1046.6610789712,1069.8863421291
"A-G1.040-C3",118827,"promotion-1050",1,1290.6139256965,2004,2100,4032,46,38,46,38,37.720000000000006,35,7.771428571428585,100,"SUCCESS",0,0,"",""
"A-G1.040-C3",118827,"promotion-1278",2,1611.1704410189,2544,2640,6912,64,57,64,57,56.32,60,-6.133333333333335,88.22222222222223,"FAILED_OVERTIME",12.7199999999998,16.720000000000027,1707.1704410189,1723.8904410189
"A-G1.040-C3",118827,"promotion-1518",2,1946.4603557825,3084,3180,6912,76,70,76,70,76,60,26.66666666666666,100,"SUCCESS",0,0,"",""
"A-G1.040-C3",118827,"promotion-2094",3,2582.4688528109,4164,4260,11520,101,95,101,95,101,100,1.0000000000000009,84.16666666666667,"FAILED_OVERTIME",18.0594059406003,22.059405940599845,2678.4688528109,2700.5282587515
"A-G1.040-C3",118827,"promotion-2295",3,2914.5067914074,4704,4800,11520,106,100,106,100,95.4,100,-4.5999999999999925,85.57291666666661,"FAILED_OVERTIME",15.679245282999545,19.679245283,3010.5067914074,3030.1860366904
"A-G1.040-C3",118827,"promotion-2484",3,3250.6664297479,5244,5340,11520,110,103,110,103,99,100,-1.0000000000000009,88.80208333333334,"FAILED_OVERTIME",11.72727272730026,15.727272727299805,3346.6664297479,3362.3937024752
"A-G1.040-C3",118827,"promotion-2721",3,3581.6673728882,5784,5880,11520,114,108,114,108,102.60000000000001,100,2.6000000000000023,"","",0,0,"",""
"A-G1.040-C3",126746,"promotion-326",0,262.0611726644,384,480,2304,20,12,20,12,15.600000000000001,20,-21.999999999999996,80.10416666666667,"FAILED_OVERTIME",22.920000000000016,26.920000000000016,358.0611726644,384.9811726644
"A-G1.040-C3",126746,"promotion-558",0,618.0353490273,924,1020,2304,26,19,26,19,22.88,20,14.399999999999991,100,"SUCCESS",0,0,"",""
"A-G1.040-C3",126746,"promotion-775",1,956.8086238212,1464,1560,4032,35,28,35,28,35,35,0,83.33333333333334,"FAILED_OVERTIME",19.200000000000045,23.200000000000045,1052.8086238212,1076.0086238212
"A-G1.040-C3",126746,"promotion-1081",1,1303.9200761401,2004,2100,4032,43,36,43,36,38.7,35,10.571428571428587,99.18154761904755,"FAILED_OVERTIME",0.7674418605001847,4.767441860499957,1399.9200761401,1404.6875180006
"A-G1.040-C3",126746,"promotion-1404",1,1635.5815645662,2544,2640,4032,55,48,55,48,55,35,57.14285714285714,100,"SUCCESS",0,0,"",""
"A-G1.040-C3",126746,"promotion-1568",2,1843.0968685495,2904,3000,6912,65,57,65,57,65,60,8.333333333333325,90.27777777777779,"FAILED_OVERTIME",10.338461538499814,14.338461538500042,1939.0968685495,1953.435330088
"A-G1.040-C3",126746,"promotion-1809",2,2175.6391742337,3444,3540,6912,77,71,77,71,77,60,28.333333333333343,100,"SUCCESS",0,0,"",""
"A-G1.040-C3",126746,"promotion-2311",3,2808.7166879481,4524,4620,11520,100,93,100,93,100,100,0,83.33333333333334,"FAILED_OVERTIME",19.199999999999818,23.199999999999818,2904.7166879481,2927.9166879481
"A-G1.040-C3",126746,"promotion-2532",3,3150.0534904707,5064,5160,11520,106,99,106,99,106,100,6.000000000000005,88.33333333333333,"FAILED_OVERTIME",12.679245282999545,16.679245283,3246.0534904707,3262.7327357537
"A-G1.040-C3",126746,"promotion-2735",3,3479.7123227174,5604,5700,11520,110,104,110,104,110,100,10.000000000000009,91.66666666666666,"FAILED_OVERTIME",8.72727272730026,12.727272727299805,3575.7123227174,3588.4395954447
"A-G1.040-C3",134665,"promotion-440",0,383.9102362515,564,660,2304,21,13,21,13,15.12,20,-24.4,80.99218749999999,"FAILED_OVERTIME",20.854285714299976,24.854285714299976,479.9102362515,504.7645219658
"A-G1.040-C3",134665,"promotion-704",0,729.7721410134,1104,1200,2304,27,20,27,20,27,20,35.00000000000001,100,"SUCCESS",0,0,"",""
"A-G1.040-C3",134665,"promotion-1017",1,1058.4174774219,1644,1740,4032,39,32,39,32,31.980000000000004,35,-8.62857142857142,92.33482142857143,"FAILED_OVERTIME",7.924615384599974,11.924615384599974,1154.4174774219,1166.3420928065
"A-G1.040-C3",134665,"promotion-1311",1,1387.2078559011,2184,2280,4032,49,41,49,41,40.18,35,14.79999999999999,100,"SUCCESS",0,0,"",""
"A-G1.040-C3",134665,"promotion-1469",2,1595.3879489909,2544,2640,6912,60,53,60,53,54,60,-9.999999999999998,76.04166666666666,"FAILED_OVERTIME",27.59999999999991,31.59999999999991,1691.3879489909,1722.9879489909
"A-G1.040-C3",134665,"promotion-1748",2,1948.9541764822,3084,3180,6912,72,66,72,66,72,60,19.999999999999996,100,"SUCCESS",0,0,"",""
"A-G1.040-C3",134665,"promotion-2407",3,2800.1240194217,4524,4620,11520,100,94,100,94,88,100,-12,80.83333333333333,"FAILED_OVERTIME",22.079999999999927,26.080000000000382,2896.1240194217,2922.2040194217
"A-G1.040-C3",134665,"promotion-2664",3,3137.9372777482,5064,5160,11520,108,101,108,101,97.2,100,-2.8000000000000025,85.50000000000014,"FAILED_OVERTIME",15.466666666699894,19.466666666699894,3233.9372777482,3253.4039444149
"A-G1.040-C3",134665,"promotion-2861",3,3474.125160014,5604,5700,11520,112,105,112,105,112,100,12.00000000000001,93.33333333333333,"FAILED_OVERTIME",6.857142857100371,10.857142857099916,3570.125160014,3580.9823028711
"A-G1.040-C3",142584,"promotion-511",0,381.2567996571,564,660,2304,22,15,22,15,18.040000000000003,20,-9.799999999999986,91.15104166666667,"FAILED_OVERTIME",9.267272727299996,13.267272727299996,477.2567996571,490.5240723844
"A-G1.040-C3",142584,"promotion-877",0,732.0868238892,1104,1200,2304,27,20,27,20,19.439999999999998,20,-2.8000000000000136,92.7421875000001,"FAILED_OVERTIME",6.193333333299961,10.193333333299961,828.0868238892,838.2801572225
"A-G1.040-C3",142584,"promotion-1273",0,1072.6086242649,1644,1740,2304,31,24,31,24,25.42,20,27.100000000000012,100,"SUCCESS",0,0,"",""
"A-G1.040-C3",142584,"promotion-1502",1,1288.2572882852,2004,2100,4032,37,29,37,29,33.300000000000004,35,-4.857142857142849,85.34226190476197,"FAILED_OVERTIME",15.972972973000196,19.97297297299997,1384.2572882852,1404.2302612582
"A-G1.040-C3",142584,"promotion-1765",1,1633.2140312126,2544,2640,4032,45,38,45,38,45,35,28.57142857142858,100,"SUCCESS",0,0,"",""
"A-G1.040-C3",142584,"promotion-2019",2,1951.0600418706,3084,3180,6912,61,54,61,54,50.02,60,-16.633333333333333,81.38628472222223,"FAILED_OVERTIME",21.09147540979984,25.091475409800296,2047.0600418706,2072.1515172804
"A-G1.040-C3",142584,"promotion-2296",2,2300.893261024,3624,3720,6912,77,71,77,71,69.3,60,15.500000000000004,97.58680555555505,"FAILED_OVERTIME",2.1662337662000937,6.166233766200094,2396.893261024,2403.0594947902
"A-G1.040-C3",142584,"promotion-2582",2,2624.6210097524,4164,4260,6912,88,82,88,82,88,60,46.66666666666666,100,"SUCCESS",0,0,"",""
"A-G1.040-C3",142584,"promotion-2945",3,3147.7282691593,5064,5160,11520,101,95,101,95,101,100,1.0000000000000009,84.16666666666667,"FAILED_OVERTIME",18.0594059406003,22.059405940599845,3243.7282691593,3265.7876750999
"A-G1.040-C3",142584,"promotion-3130",3,3482.1348512875,5604,5700,11520,105,99,105,99,86.10000000000001,100,-13.89999999999999,81.10156250000009,"FAILED_OVERTIME",17.86514871249983,0,3578.1348512875,""
"A-G1.040-C3",150503,"promotion-337",0,259.0296630841,384,480,2304,22,15,22,15,22,20,10.000000000000009,91.66666666666666,"FAILED_OVERTIME",8.727272727299976,12.727272727300033,355.0296630841,367.7569358114
"A-G1.040-C3",150503,"promotion-715",0,610.7038224921,924,1020,2304,28,20,28,20,22.96,20,14.800000000000013,100,"SUCCESS",0,0,"",""
"A-G1.040-C3",150503,"promotion-998",1,947.6135749496,1464,1560,4032,35,28,35,28,35,35,0,83.33333333333334,"FAILED_OVERTIME",19.200000000000045,23.200000000000045,1043.6135749496,1066.8135749496
"A-G1.040-C3",150503,"promotion-1273",1,1290.2139953516,2004,2100,4032,47,39,47,39,42.300000000000004,35,20.85714285714286,100,"SUCCESS",0,0,"",""
"A-G1.040-C3",150503,"promotion-1521",2,1608.6844727384,2544,2640,6912,64,57,64,57,64,60,6.666666666666665,88.88888888888889,"FAILED_OVERTIME",12,16,1704.6844727384,1720.6844727384
"A-G1.040-C3",150503,"promotion-1784",2,1943.2487666206,3084,3180,6912,75,69,75,69,75,60,25,100,"SUCCESS",0,0,"",""
"A-G1.040-C3",150503,"promotion-2282",3,2585.0055178737,4164,4260,11520,104,97,104,97,93.60000000000001,100,-6.399999999999995,79.08333333333292,"FAILED_OVERTIME",23.169230769200112,27.169230769200112,2681.0055178737,2708.1747486429
"A-G1.040-C3",150503,"promotion-2480",3,2938.8243287579,4704,4800,11520,107,101,107,101,87.74000000000001,100,-12.259999999999993,85.65572916666665,"FAILED_OVERTIME",15.44355140189964,19.443551401900095,3034.8243287579,3054.2678801598
"A-G1.040-C3",150503,"promotion-2697",3,3286.2622308004,5244,5340,11520,111,105,111,105,111,100,11.00000000000001,92.5,"FAILED_OVERTIME",7.783783783799663,11.783783783799663,3382.2622308004,3394.0460145842
"A-G1.040-C3",158422,"promotion-239",0,258.5870324073,384,480,2304,23,16,23,16,23,20,14.999999999999991,95.83333333333334,"FAILED_OVERTIME",4.173913043500022,8.173913043500022,354.5870324073,362.7609454508
"A-G1.040-C3",158422,"promotion-574",0,599.6991425301,924,1020,2304,28,21,28,21,25.2,20,26,100,"SUCCESS",0,0,"",""
"A-G1.040-C3",158422,"promotion-862",1,929.3225592879,1464,1560,4032,36,29,36,29,32.4,35,-7.428571428571429,83.03571428571433,"FAILED_OVERTIME",19,23,1025.3225592879,1048.3225592879
"A-G1.040-C3",158422,"promotion-1146",1,1282.5588746369,2004,2100,4032,44,36,44,36,44,35,25.71428571428571,100,"SUCCESS",0,0,"",""
"A-G1.040-C3",158422,"promotion-1408",2,1713.1626603808,2724,2820,6912,60,53,60,53,49.2,60,-17.999999999999993,82.86458333333334,"FAILED_OVERTIME",19.73999999999978,23.74000000000001,1809.1626603808,1832.9026603808
"A-G1.040-C3",158422,"promotion-1623",2,2049.0425695966,3264,3360,6912,69,62,69,62,62.1,60,3.499999999999992,89.24479166666691,"FAILED_OVERTIME",10.773913043500215,14.77391304349976,2145.0425695966,2159.8164826401
"A-G1.040-C3",158422,"promotion-1900",2,2379.3048284988,3804,3900,6912,80,74,80,74,72,60,19.999999999999996,100,"SUCCESS",0,0,"",""
"A-G1.040-C3",158422,"promotion-2326",3,2905.0723363563,4704,4800,11520,100,94,100,94,100,100,0,83.33333333333334,"FAILED_OVERTIME",19.199999999999818,23.199999999999818,3001.0723363563,3024.2723363563
"A-G1.040-C3",158422,"promotion-2567",3,3249.7788619616,5244,5340,11520,106,100,106,100,95.4,100,-4.5999999999999925,85.5729166666666,"FAILED_OVERTIME",15.679245282999545,19.679245283,3345.7788619616,3365.4581072446
"A-G1.040-C3",158422,"promotion-2844",3,3594.6009304031,5784,5880,11520,111,105,111,105,111,100,11.00000000000001,"","",0,0,"",""
"A-G1.040-C3",166341,"promotion-364",0,263.6999218752,384,480,2304,20,12,20,12,20,20,0,83.33333333333334,"FAILED_OVERTIME",19.19999999999999,23.19999999999999,359.6999218752,382.8999218752
"A-G1.040-C3",166341,"promotion-718",0,621.2357825257,924,1020,2304,24,17,24,17,24,20,19.999999999999996,100,"SUCCESS",0,0,"",""
"A-G1.040-C3",166341,"promotion-950",1,954.2193544349,1464,1560,4032,35,28,35,28,31.5,35,-9.999999999999998,80.72916666666666,"FAILED_OVERTIME",22.200000000000045,26.200000000000045,1050.2193544349,1076.4193544349
"A-G1.040-C3",166341,"promotion-1183",1,1294.3909593217,2004,2100,4032,42,35,42,35,37.800000000000004,35,8.000000000000007,96.87500000000007,"FAILED_OVERTIME",3,7,1390.3909593217,1397.3909593217
"A-G1.040-C3",166341,"promotion-1519",1,1623.7926569267,2544,2640,4032,51,44,51,44,45.9,35,31.14285714285714,100,"SUCCESS",0,0,"",""
"A-G1.040-C3",166341,"promotion-1678",2,1831.7230490836,2904,3000,6912,62,55,62,55,62,60,3.3333333333333437,86.11111111111111,"FAILED_OVERTIME",15.483870967700113,19.483870967699886,1927.7230490836,1947.2069200513
"A-G1.040-C3",166341,"promotion-1912",2,2173.9834657502,3444,3540,6912,74,68,74,68,74,60,23.33333333333334,100,"SUCCESS",0,0,"",""
"A-G1.040-C3",166341,"promotion-2455",3,2940.837544494,4704,4800,11520,103,96,103,96,80.34,100,-19.66,82.5072916666667,"FAILED_OVERTIME",19.56466019419986,23.56466019419986,3036.837544494,3060.4022046882
"A-G1.040-C3",166341,"promotion-2728",3,3279.8545452413,5244,5340,11520,110,104,110,104,110,100,10.000000000000009,91.66666666666666,"FAILED_OVERTIME",8.72727272730026,12.727272727299805,3375.8545452413,3388.5818179686
"A-G1.040-C3",174260,"promotion-530",0,383.6118408259,564,660,2304,21,14,21,14,21,20,5.000000000000004,87.5,"FAILED_OVERTIME",13.71428571429999,17.71428571429999,479.6118408259,497.3261265402
"A-G1.040-C3",174260,"promotion-804",0,732.0742078413,1104,1200,2304,28,20,28,20,28,20,39.99999999999999,100,"SUCCESS",0,0,"",""
"A-G1.040-C3",174260,"promotion-949",1,955.678395027,1464,1560,4032,35,27,35,27,28.700000000000003,35,-17.999999999999993,80.05208333333333,"FAILED_OVERTIME",22.980000000000018,26.980000000000018,1051.678395027,1078.658395027
"A-G1.040-C3",174260,"promotion-1181",1,1293.5134902652,2004,2100,4032,47,39,47,39,47,35,34.28571428571428,100,"SUCCESS",0,0,"",""
"A-G1.040-C3",174260,"promotion-1417",2,1607.8955299456,2544,2640,6912,63,56,63,56,63,60,5.000000000000004,87.5,"FAILED_OVERTIME",13.714285714299876,17.714285714300104,1703.8955299456,1721.6098156599
"A-G1.040-C3",174260,"promotion-1662",2,1942.9529049047,3084,3180,6912,76,69,76,69,68.4,60,14.000000000000012,100,"SUCCESS",0,0,"",""
"A-G1.040-C3",174260,"promotion-2077",3,2472.6971440196,3984,4080,11520,101,94,101,94,82.82000000000001,100,-17.179999999999996,78.0119791666666,"FAILED_OVERTIME",25.079405940599827,29.07940594060028,2568.6971440196,2597.7765499602
"A-G1.040-C3",174260,"promotion-2256",3,2816.8871257383,4524,4620,11520,108,101,108,101,108,100,8.000000000000007,90,"FAILED_OVERTIME",10.666666666699712,14.666666666700166,2912.8871257383,2927.553792405
"A-G1.040-C3",174260,"promotion-2440",3,3147.9774110641,5064,5160,11520,111,105,111,105,111,100,11.00000000000001,92.5,"FAILED_OVERTIME",7.783783783799663,11.783783783799663,3243.9774110641,3255.7611948479
"A-G1.040-C3",174260,"promotion-2707",3,3469.8110181371,5604,5700,11520,116,110,116,110,116,100,15.999999999999993,96.66666666666667,"FAILED_OVERTIME",3.3103448275996925,7.310344827600147,3565.8110181371,3573.1213629647
"A-G1.040-C3",182179,"promotion-258",0,257.0606060606,384,480,2304,23,16,23,16,23,20,14.999999999999991,95.83333333333334,"FAILED_OVERTIME",4.173913043500022,8.173913043500022,353.0606060606,361.2345191041
"A-G1.040-C3",182179,"promotion-625",0,602.5157644137,924,1020,2304,28,20,28,20,28,20,39.99999999999999,100,"SUCCESS",0,0,"",""
"A-G1.040-C3",182179,"promotion-899",1,939.5322269829,1464,1560,4032,37,30,37,30,26.64,35,-23.885714285714286,81.87351190476195,"FAILED_OVERTIME",19.75297297299994,23.75297297299994,1035.5322269829,1059.2851999559
"A-G1.040-C3",182179,"promotion-1182",1,1283.9277525534,2004,2100,4032,47,39,47,39,47,35,34.28571428571428,100,"SUCCESS",0,0,"",""
"A-G1.040-C3",182179,"promotion-1416",2,1610.9133497159,2544,2640,6912,65,57,65,57,65,60,8.333333333333325,90.27777777777779,"FAILED_OVERTIME",10.338461538499814,14.338461538500042,1706.9133497159,1721.2518112544
"A-G1.040-C3",182179,"promotion-1653",2,1936.8711712723,3084,3180,6912,75,69,75,69,75,60,25,100,"SUCCESS",0,0,"",""
"A-G1.040-C3",182179,"promotion-2175",3,2575.818770938,4164,4260,11520,103,96,103,96,92.7,100,-7.299999999999995,83.1510416666667,"FAILED_OVERTIME",18.844660194199605,22.84466019420006,2671.818770938,2694.6634311322
"A-G1.040-C3",182179,"promotion-2416",3,2919.1578731285,4704,4800,11520,109,103,109,103,109,100,9.000000000000007,90.83333333333333,"FAILED_OVERTIME",9.688073394499952,13.688073394499952,3015.1578731285,3028.845946523
"A-G1.040-C3",182179,"promotion-2650",3,3248.8091874122,5244,5340,11520,113,107,113,107,113,100,12.99999999999999,94.16666666666667,"FAILED_OVERTIME",5.946902654900441,9.946902654899986,3344.8091874122,3354.7560900671
"A-G1.040-C3",182179,"promotion-2891",3,3577.9304314119,5784,5880,11520,118,111,118,111,118,100,17.999999999999993,"","",0,0,"",""
"A-G1.040-C3",190098,"promotion-274",0,257.0606060606,384,480,2304,23,16,23,16,20.7,20,3.499999999999992,92.83854166666666,"FAILED_OVERTIME",7.173913043500022,11.173913043500022,353.0606060606,364.2345191041
"A-G1.040-C3",190098,"promotion-630",0,602.6934880928,924,1020,2304,27,20,27,20,27,20,35.00000000000001,100,"SUCCESS",0,0,"",""
"A-G1.040-C3",190098,"promotion-798",1,820.0957545453,1284,1380,4032,36,29,36,29,36,35,2.857142857142847,85.71428571428571,"FAILED_OVERTIME",16,20,916.0957545453,936.0957545453
"A-G1.040-C3",190098,"promotion-1079",1,1164.4366454031,1824,1920,4032,43,35,43,35,43,35,22.857142857142865,100,"SUCCESS",0,0,"",""
"A-G1.040-C3",190098,"promotion-1335",2,1483.4586657266,2364,2460,6912,62,55,62,55,55.800000000000004,60,-6.999999999999995,81.8055555555555,"FAILED_OVERTIME",20.28387096769984,24.283870967700068,1579.4586657266,1603.7425366943
"A-G1.040-C3",190098,"promotion-1562",2,1824.361218924,2904,3000,6912,74,67,74,67,66.60000000000001,60,11.00000000000001,97.63888888888906,"FAILED_OVERTIME",2.2054054054001426,6.205405405399915,1920.361218924,1926.5666243294
"A-G1.040-C3",190098,"promotion-1847",2,2139.6091035479,3444,3540,6912,83,76,83,76,83,60,38.33333333333333,100,"SUCCESS",0,0,"",""
"A-G1.040-C3",190098,"promotion-2343",3,2678.1290353245,4344,4440,11520,103,97,103,97,84.46000000000001,100,-15.539999999999987,85.35052083333332,"FAILED_OVERTIME",16.38466019419957,20.384660194200023,2774.1290353245,2794.5136955187
"A-G1.040-C3",190098,"promotion-2541",3,3010.0917028157,4884,4980,11520,109,103,109,103,98.10000000000001,100,-1.8999999999999906,84.58854166666644,"FAILED_OVERTIME",16.288073394500316,20.28807339449986,3106.0917028157,3126.3797762102
"A-G1.040-C3",190098,"promotion-2775",3,3348.8426287701,5424,5520,11520,114,107,114,107,93.48,100,-6.5199999999999925,94.465625,"FAILED_OVERTIME",5.592631578900182,9.592631578900182,3444.8426287701,3454.435260349
"A-G1.040-C3",198017,"promotion-297",0,261.8658224404,384,480,2304,20,12,20,12,18,20,-9.999999999999998,80.72916666666666,"FAILED_OVERTIME",22.19999999999999,26.19999999999999,357.8658224404,384.0658224404
"A-G1.040-C3",198017,"promotion-561",0,612.7218695365,924,1020,2304,27,20,27,20,24.3,20,21.500000000000007,100,"SUCCESS",0,0,"",""
"A-G1.040-C3",198017,"promotion-819",1,942.4338220263,1464,1560,4032,38,30,38,30,38,35,8.571428571428562,90.47619047619048,"FAILED_OVERTIME",10.105263157900026,14.105263157900026,1038.4338220263,1052.5390851842
"A-G1.040-C3",198017,"promotion-1102",1,1277.5964804448,2004,2100,4032,52,44,52,44,46.800000000000004,35,33.71428571428572,100,"SUCCESS",0,0,"",""
"A-G1.040-C3",198017,"promotion-1352",2,1596.2310829011,2544,2640,6912,62,55,62,55,50.84,60,-15.266666666666662,82.72048611111113,"FAILED_OVERTIME",19.26387096769986,23.26387096769986,1692.2310829011,1715.4949538688
"A-G1.040-C3",198017,"promotion-1616",2,1949.5844285271,3084,3180,6912,74,67,74,67,66.60000000000001,60,11.00000000000001,99.56597222222229,"FAILED_OVERTIME",0.4054054053999607,4.405405405399961,2045.5844285271,2049.9898339325
"A-G1.040-C3",198017,"promotion-1860",2,2280.4456750264,3624,3720,6912,82,76,82,76,59.04,60,-1.6000000000000014,99.4392361111106,"FAILED_OVERTIME",0.4726829268001893,4.472682926800189,2376.4456750264,2380.9183579532
"A-G1.040-C3",198017,"promotion-2120",2,2601.6446862704,4164,4260,6912,87,81,87,81,67.86,60,13.100000000000001,100,"SUCCESS",0,0,"",""
"A-G1.040-C3",198017,"promotion-2508",3,3132.8243885559,5064,5160,11520,100,94,100,94,100,100,0,83.33333333333334,"FAILED_OVERTIME",19.199999999999818,23.199999999999818,3228.8243885559,3252.0243885559
"A-G1.040-C3",198017,"promotion-2710",3,3469.9923057012,5604,5700,11520,107,100,107,100,107,100,7.000000000000006,89.16666666666667,"FAILED_OVERTIME",11.663551401899895,15.663551401899895,3565.9923057012,3581.6558571031
"A-G1.040-C3",205936,"promotion-82",0,139.4210055097,204,300,2304,22,15,22,15,22,20,10.000000000000009,91.66666666666666,"FAILED_OVERTIME",8.727272727299976,12.727272727300004,235.4210055097,248.148278237
"A-G1.040-C3",205936,"promotion-486",0,489.4772323087,744,840,2304,27,20,27,20,27,20,35.00000000000001,100,"SUCCESS",0,0,"",""
"A-G1.040-C3",205936,"promotion-722",1,811.4331289948,1284,1380,4032,38,31,38,31,38,35,8.571428571428562,90.47619047619048,"FAILED_OVERTIME",10.105263157900026,14.105263157900026,907.4331289948,921.5383921527
"A-G1.040-C3",205936,"promotion-954",1,1149.1250734052,1824,1920,4032,50,43,50,43,50,35,42.85714285714286,100,"SUCCESS",0,0,"",""
"A-G1.040-C3",205936,"promotion-1169",2,1463.3031931962,2364,2460,6912,62,55,62,55,62,60,3.3333333333333437,86.11111111111111,"FAILED_OVERTIME",15.483870967700113,19.483870967699886,1559.3031931962,1578.7870641639
"A-G1.040-C3",205936,"promotion-1404",2,1804.3259922553,2904,3000,6912,73,67,73,67,73,60,21.666666666666657,100,"SUCCESS",0,0,"",""
"A-G1.040-C3",205936,"promotion-1879",3,2451.2457563213,3984,4080,11520,101,94,101,94,90.9,100,-9.099999999999998,79.95833333333327,"FAILED_OVERTIME",22.859405940599572,26.859405940600027,2547.2457563213,2574.1051622619
"A-G1.040-C3",205936,"promotion-2092",3,2787.9206038776,4524,4620,11520,106,99,106,99,106,100,6.000000000000005,88.33333333333333,"FAILED_OVERTIME",12.679245282999545,16.679245283,2883.9206038776,2900.5998491606
"A-G1.040-C3",205936,"promotion-2316",3,3124.0390422072,5064,5160,11520,111,104,111,104,111,100,11.00000000000001,92.5,"FAILED_OVERTIME",7.783783783799663,11.783783783800118,3220.0390422072,3231.822825991
"A-G1.040-C3",205936,"promotion-2553",3,3443.042569358,5604,5700,11520,116,109,116,109,102.08,100,2.079999999999993,93.76666666666665,"FAILED_OVERTIME",6.190344827599802,10.190344827599802,3539.042569358,3549.2329141856
"A-G1.040-C3",213855,"promotion-70",0,137.1333333333,204,300,2304,22,14,22,14,22,20,10.000000000000009,91.66666666666666,"FAILED_OVERTIME",8.727272727299976,12.727272727300004,233.1333333333,245.8606060606
"A-G1.040-C3",213855,"promotion-403",0,489.7692208587,744,840,2304,26,19,26,19,26,20,30.000000000000004,100,"SUCCESS",0,0,"",""
"A-G1.040-C3",213855,"promotion-691",1,817.3185260004,1284,1380,4032,40,32,40,32,36,35,2.857142857142847,90.47619047619048,"FAILED_OVERTIME",9.599999999999909,13.600000000000023,913.3185260004,926.9185260004
"A-G1.040-C3",213855,"promotion-1013",1,1152.4418962787,1824,1920,4032,51,44,51,44,51,35,45.71428571428571,100,"SUCCESS",0,0,"",""
"A-G1.040-C3",213855,"promotion-1204",2,1365.1495492755,2184,2280,6912,65,58,65,58,65,60,8.333333333333325,90.27777777777779,"FAILED_OVERTIME",10.338461538499814,14.338461538500042,1461.1495492755,1475.488010814
"A-G1.040-C3",213855,"promotion-1506",2,1698.5132611765,2724,2820,6912,77,71,77,71,77,60,28.333333333333343,100,"SUCCESS",0,0,"",""
"A-G1.040-C3",213855,"promotion-2066",3,2357.2743640862,3804,3900,11520,102,96,102,96,102,100,2.0000000000000018,85,"FAILED_OVERTIME",16.941176470600112,20.941176470600112,2453.2743640862,2474.2155405568
"A-G1.040-C3",213855,"promotion-2282",3,2712.5405063288,4344,4440,11520,108,101,108,101,88.56,100,-11.439999999999994,80.38125000000007,"FAILED_OVERTIME",20.92666666669993,24.92666666669993,2808.5405063288,2833.4671729955
"A-G1.040-C3",213855,"promotion-2517",3,3053.2940357405,4884,4980,11520,111,105,111,105,91.02000000000001,100,-8.979999999999988,91.97968750000001,"FAILED_OVERTIME",8.323783783799627,12.323783783800081,3149.2940357405,3161.6178195243
"A-G1.040-C3",213855,"promotion-2787",3,3387.7613812685,5424,5520,11520,116,109,116,109,116,100,15.999999999999993,96.66666666666667,"FAILED_OVERTIME",3.3103448275996925,7.310344827600147,3483.7613812685,3491.0717260961
"A-G1.040-C3",221774,"promotion-259",0,263.3110940016,384,480,2304,23,16,23,16,23,20,14.999999999999991,95.83333333333334,"FAILED_OVERTIME",4.173913043500022,8.173913043500022,359.3110940016,367.4850070451
"A-G1.040-C3",221774,"promotion-603",0,607.6081756823,924,1020,2304,28,21,28,21,25.2,20,26,100,"SUCCESS",0,0,"",""
"A-G1.040-C3",221774,"promotion-758",1,825.6783694171,1284,1380,4032,37,29,37,29,33.300000000000004,35,-4.857142857142849,83.69047619047632,"FAILED_OVERTIME",17.772972972999924,21.772972972999924,921.6783694171,943.4513423901
"A-G1.040-C3",221774,"promotion-1018",1,1172.0139172036,1824,1920,4032,45,37,45,37,45,35,28.57142857142858,100,"SUCCESS",0,0,"",""
"A-G1.040-C3",221774,"promotion-1329",2,1594.9690279148,2544,2640,6912,64,57,64,57,57.6,60,-3.9999999999999925,86.11111111111116,"FAILED_OVERTIME",15,19,1690.9690279148,1709.9690279148
"A-G1.040-C3",221774,"promotion-1559",2,1936.4920000731,3084,3180,6912,75,68,75,68,67.5,60,12.5,100,"SUCCESS",0,0,"",""
"A-G1.040-C3",221774,"promotion-2014",3,2478.6609140816,3984,4080,11520,102,95,102,95,102,100,2.0000000000000018,85,"FAILED_OVERTIME",16.941176470600112,20.941176470600112,2574.6609140816,2595.6020905522
"A-G1.040-C3",221774,"promotion-2255",3,2821.8645286707,4524,4620,11520,108,102,108,102,97.2,100,-2.8000000000000025,85.50000000000014,"FAILED_OVERTIME",15.466666666699894,19.466666666699894,2917.8645286707,2937.3311953374
"A-G1.040-C3",221774,"promotion-2484",3,3159.2882643143,5064,5160,11520,113,106,113,106,113,100,12.99999999999999,94.16666666666667,"FAILED_OVERTIME",5.946902654900441,9.946902654899986,3255.2882643143,3265.2351669692
"A-G1.040-C3",221774,"promotion-2758",3,3480.4747856724,5604,5700,11520,116,110,116,110,116,100,15.999999999999993,96.66666666666667,"FAILED_OVERTIME",3.3103448275996925,7.310344827600147,3576.4747856724,3583.7851305
"A-G1.040-C3",229693,"promotion-430",0,387,564,660,2304,24,17,24,17,24,20,19.999999999999996,100,"SUCCESS",0,0,"",""
"A-G1.040-C3",229693,"promotion-888",1,945.5949092781,1464,1560,4032,37,30,37,30,33.300000000000004,35,-4.857142857142849,85.34226190476195,"FAILED_OVERTIME",15.972972972999969,19.97297297299997,1041.5949092781,1061.5678822511
"A-G1.040-C3",229693,"promotion-1154",1,1289.2188934205,2004,2100,4032,45,37,45,37,45,35,28.57142857142858,100,"SUCCESS",0,0,"",""
"A-G1.040-C3",229693,"promotion-1429",2,1605.5388028487,2544,2640,6912,65,58,65,58,58.5,60,-2.500000000000002,87.45659722222221,"FAILED_OVERTIME",13.338461538499814,17.33846153850004,1701.5388028487,1718.8772643872
"A-G1.040-C3",229693,"promotion-1655",2,1949.4436196032,3084,3180,6912,75,69,75,69,75,60,25,100,"SUCCESS",0,0,"",""
"A-G1.040-C3",229693,"promotion-2106",3,2474.5835935799,3984,4080,11520,101,94,101,94,101,100,1.0000000000000009,84.16666666666667,"FAILED_OVERTIME",18.0594059406003,22.059405940599845,2570.5835935799,2592.6429995205
"A-G1.040-C3",229693,"promotion-2328",3,2818.8832468057,4524,4620,11520,106,100,106,100,106,100,6.000000000000005,88.33333333333333,"FAILED_OVERTIME",12.679245282999545,16.679245283,2914.8832468057,2931.5624920887
"A-G1.040-C3",229693,"promotion-2586",3,3162.9831531038,5064,5160,11520,110,104,110,104,110,100,10.000000000000009,91.66666666666666,"FAILED_OVERTIME",8.72727272730026,12.72727272730026,3258.9831531038,3271.7104258311
"A-G1.040-C3",229693,"promotion-2813",3,3482.9580995803,5604,5700,11520,114,107,114,107,93.48,100,-6.5199999999999925,88.0531249999999,"FAILED_OVERTIME",12.072631578899745,16.0726315789002,3578.9580995803,3595.0307311592
"A-G1.042-C3",79232,"promotion-382",0,374.5747325117,564,660,2304,24,17,24,17,21.6,20,8.000000000000007,93.12500000000017,"FAILED_OVERTIME",6.600000000000023,10.599999999999966,470.5747325117,481.1747325117
"A-G1.042-C3",79232,"promotion-729",0,722.6622369029,1104,1200,2304,29,21,29,21,26.1,20,30.500000000000014,100,"SUCCESS",0,0,"",""
"A-G1.042-C3",79232,"promotion-997",1,1043.3040141863,1644,1740,4032,41,34,41,34,33.620000000000005,35,-3.9428571428571257,97.06994047619047,"FAILED_OVERTIME",2.8814634145999207,6.881463414599921,1139.3040141863,1146.1854776009
"A-G1.042-C3",79232,"promotion-1304",1,1370.8110583419,2184,2280,4032,54,46,54,46,44.28,35,26.514285714285712,100,"SUCCESS",0,0,"",""
"A-G1.042-C3",79232,"promotion-1470",2,1580.4531702807,2544,2640,6912,63,55,63,55,63,60,5.000000000000004,87.5,"FAILED_OVERTIME",13.714285714299876,17.714285714299876,1676.4531702807,1694.167455995
"A-G1.042-C3",79232,"promotion-1747",2,1926.7077618296,3084,3180,6912,73,66,73,66,65.7,60,9.499999999999996,98.22048611111106,"FAILED_OVERTIME",1.684931506799785,5.684931506800012,2022.7077618295,2028.3926933363
"A-G1.042-C3",79232,"promotion-2020",2,2247.182005535,3624,3720,6912,82,76,82,76,72.16,60,20.266666666666655,100,"SUCCESS",0,0,"",""
"A-G1.042-C3",79232,"promotion-2482",3,2775.9871026607,4524,4620,11520,100,94,100,94,90,100,-9.999999999999998,79.16666666666666,"FAILED_OVERTIME",24,28,2871.9871026607,2899.9871026607
"A-G1.042-C3",79232,"promotion-2733",3,3124.6737432359,5064,5160,11520,106,99,106,99,86.92,100,-13.080000000000002,81.87395833333336,"FAILED_OVERTIME",19.699245282999982,23.699245282999982,3220.6737432359,3244.3729885189
"A-G1.042-C3",79232,"promotion-2991",3,3465.9494241436,5604,5700,11520,110,104,110,104,110,100,10.000000000000009,91.66666666666666,"FAILED_OVERTIME",8.72727272730026,12.727272727299805,3561.9494241436,3574.6766968709
"A-G1.042-C3",87151,"promotion-73",0,136.0606060606,204,300,2304,21,14,21,14,21,20,5.000000000000004,87.5,"FAILED_OVERTIME",13.71428571429999,17.71428571429999,232.0606060606,249.7748917749
"A-G1.042-C3",87151,"promotion-296",0,491.1352709782,744,840,2304,27,20,27,20,27,20,35.00000000000001,100,"SUCCESS",0,0,"",""
"A-G1.042-C3",87151,"promotion-601",1,821.3499772407,1284,1380,4032,38,31,38,31,38,35,8.571428571428562,90.47619047619048,"FAILED_OVERTIME",10.105263157900026,14.105263157900026,917.3499772407,931.4552403986
"A-G1.042-C3",87151,"promotion-898",1,1157.3884228732,1824,1920,4032,48,40,48,40,48,35,37.142857142857146,100,"SUCCESS",0,0,"",""
"A-G1.042-C3",87151,"promotion-1127",2,1475.0628437422,2364,2460,6912,63,56,63,56,51.660000000000004,60,-13.89999999999999,81.10156249999994,"FAILED_OVERTIME",20.73428571429986,24.734285714300086,1571.0628437422,1595.7971294565
"A-G1.042-C3",87151,"promotion-1384",2,1818.9691392136,2904,3000,6912,73,67,73,67,73,60,21.666666666666657,100,"SUCCESS",0,0,"",""
"A-G1.042-C3",87151,"promotion-1974",3,2552.4553387642,4164,4260,11520,100,93,100,93,100,100,0,83.33333333333334,"FAILED_OVERTIME",19.199999999999818,23.200000000000273,2648.4553387642,2671.6553387642
"A-G1.042-C3",87151,"promotion-2205",3,2897.7876727137,4704,4800,11520,106,99,106,99,106,100,6.000000000000005,88.33333333333333,"FAILED_OVERTIME",12.679245282999545,16.679245283,2993.7876727137,3010.4669179967
"A-G1.042-C3",87151,"promotion-2443",3,3235.9240175506,5244,5340,11520,111,104,111,104,99.9,100,-0.09999999999998899,84.40625000000045,"FAILED_OVERTIME",16.18378378380021,20.183783783799754,3331.9240175506,3352.1078013344
"A-G1.042-C3",87151,"promotion-2652",3,3573.7043893416,5784,5880,11520,113,107,113,107,101.7,100,1.7000000000000126,"","",0,0,"",""
"A-G1.042-C3",95070,"promotion-72",0,137.1333333333,204,300,2304,21,14,21,14,21,20,5.000000000000004,87.49999999999999,"FAILED_OVERTIME",13.71428571429999,17.71428571430002,233.1333333333,250.8476190476
"A-G1.042-C3",95070,"promotion-395",0,489.9278926367,744,840,2304,25,18,25,18,22.5,20,12.5,98.95833333333334,"FAILED_OVERTIME",0.9600000000000364,4.960000000000036,585.9278926367,590.8878926367
"A-G1.042-C3",95070,"promotion-801",0,825.2525969415,1284,1380,2304,30,23,30,23,30,20,50,100,"SUCCESS",0,0,"",""
"A-G1.042-C3",95070,"promotion-987",1,1045.5133882882,1644,1740,4032,35,27,35,27,25.2,35,-28.000000000000004,77.13541666666667,"FAILED_OVERTIME",26.339999999999918,30.339999999999918,1141.5133882882,1171.8533882882
"A-G1.042-C3",95070,"promotion-1230",1,1390.553102268,2184,2280,4032,45,38,45,38,36.900000000000006,35,5.428571428571449,100,"SUCCESS",0,0,"",""
"A-G1.042-C3",95070,"promotion-1456",2,1707.8188564142,2724,2820,6912,63,56,63,56,56.7,60,-5.499999999999994,86.40625,"FAILED_OVERTIME",14.91428571430015,18.91428571430015,1803.8188564142,1822.7331421285
"A-G1.042-C3",95070,"promotion-1691",2,2048.138054049,3264,3360,6912,74,68,74,68,66.60000000000001,60,11.00000000000001,95.71180555555569,"FAILED_OVERTIME",4.00540540539987,8.00540540539987,2144.138054049,2152.1434594544
"A-G1.042-C3",95070,"promotion-1938",2,2365.0872695145,3804,3900,6912,84,77,84,77,84,60,39.99999999999999,100,"SUCCESS",0,0,"",""
"A-G1.042-C3",95070,"promotion-2523",3,3106.3354676424,5064,5160,11520,102,96,102,96,83.64,100,-16.359999999999996,78.78437499999997,"FAILED_OVERTIME",23.96117647059964,27.961176470600094,3202.3354676424,3230.296644113
"A-G1.042-C3",95070,"promotion-2756",3,3447.9061288122,5604,5700,11520,109,102,109,102,109,100,9.000000000000007,90.83333333333333,"FAILED_OVERTIME",9.688073394499952,13.688073394499952,3543.9061288122,3557.5942022067
"A-G1.042-C3",102989,"promotion-78",0,137.1333333333,204,300,2304,21,14,21,14,21,20,5.000000000000004,87.49999999999999,"FAILED_OVERTIME",13.71428571429999,17.71428571430002,233.1333333333,250.8476190476
"A-G1.042-C3",102989,"promotion-387",0,491.2584986105,744,840,2304,25,17,25,17,25,20,25,100,"SUCCESS",0,0,"",""
"A-G1.042-C3",102989,"promotion-626",1,821.4583283097,1284,1380,4032,36,28,36,28,25.919999999999998,35,-25.942857142857147,75.16071428571425,"FAILED_OVERTIME",27.819999999999936,31.819999999999936,917.4583283097,949.2783283097
"A-G1.042-C3",102989,"promotion-930",1,1175.6278473961,1824,1920,4032,45,38,45,38,45,35,28.57142857142858,100,"SUCCESS",0,0,"",""
"A-G1.042-C3",102989,"promotion-1162",2,1496.6979132842,2364,2460,6912,63,56,63,56,55.44,60,-7.600000000000007,84.87499999999997,"FAILED_OVERTIME",16.594285714299986,20.594285714299986,1592.6979132842,1613.2921989985
"A-G1.042-C3",102989,"promotion-1395",2,1833.1771114772,2904,3000,6912,73,66,73,66,65.7,60,9.499999999999996,96.31944444444456,"FAILED_OVERTIME",3.484931506799967,7.484931506799967,1929.1771114772,1936.662042984
"A-G1.042-C3",102989,"promotion-1647",2,2153.3012037309,3444,3540,6912,82,75,82,75,63.96,60,6.600000000000006,100,"SUCCESS",0,0,"",""
"A-G1.042-C3",102989,"promotion-2196",3,2795.0451931416,4524,4620,11520,100,93,100,93,90,100,-9.999999999999998,79.16666666666666,"FAILED_OVERTIME",24,28,2891.0451931416,2919.0451931416
"A-G1.042-C3",102989,"promotion-2463",3,3133.9529606867,5064,5160,11520,106,100,106,100,95.4,100,-4.5999999999999925,83.91666666666664,"FAILED_OVERTIME",17.479245282999727,21.479245283000182,3229.9529606867,3251.4322059697
"A-G1.042-C3",102989,"promotion-2679",3,3474.6971387406,5604,5700,11520,110,103,110,103,110,100,10.000000000000009,91.66666666666666,"FAILED_OVERTIME",8.72727272730026,12.727272727299805,3570.6971387406,3583.4244114679
"A-G1.042-C3",110908,"promotion-468",0,381.5444828774,564,660,2304,21,14,21,14,21,20,5.000000000000004,87.5,"FAILED_OVERTIME",13.71428571429999,17.71428571429999,477.5444828774,495.2587685917
"A-G1.042-C3",110908,"promotion-878",0,733.832987947,1104,1200,2304,25,18,25,18,25,20,25,100,"SUCCESS",0,0,"",""
"A-G1.042-C3",110908,"promotion-1195",1,1067.5385525428,1644,1740,4032,36,28,36,28,25.919999999999998,35,-25.942857142857147,79.33928571428545,"FAILED_OVERTIME",23.1400000000001,27.139999999999873,1163.5385525428,1190.6785525428
"A-G1.042-C3",110908,"promotion-1514",1,1418.4797532764,2184,2280,4032,49,41,49,41,49,35,39.99999999999999,100,"SUCCESS",0,0,"",""
"A-G1.042-C3",110908,"promotion-1746",2,1741.0538489068,2724,2820,6912,63,55,63,55,51.660000000000004,60,-13.89999999999999,78.1484374999999,"FAILED_OVERTIME",23.974285714300095,27.974285714300095,1837.0538489069,1865.0281346212
"A-G1.042-C3",110908,"promotion-2011",2,2087.7080314822,3264,3360,6912,74,68,74,68,53.28,60,-11.2,95.13368055555573,"FAILED_OVERTIME",4.545405405399833,8.545405405399833,2183.7080314822,2192.2534368876
"A-G1.042-C3",110908,"promotion-2277",2,2412.5334912862,3804,3900,6912,81,75,81,75,66.42,60,10.7,100,"SUCCESS",0,0,"",""
"A-G1.042-C3",110908,"promotion-2750",3,2947.865726345,4704,4800,11520,101,95,101,95,90.9,100,-9.099999999999998,76.8020833333337,"FAILED_OVERTIME",26.459405940599936,30.459405940599936,3043.865726345,3074.3251322856
"A-G1.042-C3",110908,"promotion-2922",3,3293.1648999321,5244,5340,11520,105,98,105,98,75.6,100,-24.40000000000001,81.32031250000001,"FAILED_OVERTIME",20.49428571429962,24.494285714300077,3389.1648999321,3413.6591856464
"A-G1.042-C3",118827,"promotion-490",0,387.0088148809,564,660,2304,21,14,21,14,18.900000000000002,20,-5.499999999999994,81.48437499999996,"FAILED_OVERTIME",20.314285714300013,24.314285714300013,483.0088148809,507.3231005952
"A-G1.042-C3",118827,"promotion-748",0,738.5070318481,1104,1200,2304,27,20,27,20,27,20,35.00000000000001,100,"SUCCESS",0,0,"",""
"A-G1.042-C3",118827,"promotion-898",1,957.1027289603,1464,1560,4032,35,28,35,28,28.700000000000003,35,-17.999999999999993,80.05208333333333,"FAILED_OVERTIME",22.980000000000018,26.980000000000018,1053.1027289603,1080.0827289603
"A-G1.042-C3",118827,"promotion-1202",1,1303.6736021429,2004,2100,4032,45,38,45,38,45,35,28.57142857142858,100,"SUCCESS",0,0,"",""
"A-G1.042-C3",118827,"promotion-1439",2,1626.2591883152,2544,2640,6912,62,55,62,55,54.56,60,-9.066666666666666,85.46527777777777,"FAILED_OVERTIME",16.203870967699913,20.20387096770014,1722.2591883152,1742.4630592829
"A-G1.042-C3",118827,"promotion-1692",2,1968.3132474546,3084,3180,6912,74,68,74,68,74,60,23.33333333333334,100,"SUCCESS",0,0,"",""
"A-G1.042-C3",118827,"promotion-2314",3,2719.2166742181,4344,4440,11520,101,95,101,95,82.82000000000001,100,-17.179999999999996,75.17135416666659,"FAILED_OVERTIME",28.31940594059961,32.31940594060006,2815.2166742181,2847.5360801587
"A-G1.042-C3",118827,"promotion-2538",3,3061.2107700942,4884,4980,11520,105,99,105,99,94.5,100,-5.500000000000005,86.40625,"FAILED_OVERTIME",14.914285714299695,18.914285714299695,3157.2107700942,3176.1250558085
"A-G1.042-C3",118827,"promotion-2744",3,3407.5766774437,5424,5520,11520,109,103,109,103,78.48,100,-21.519999999999996,74.88072916666641,"FAILED_OVERTIME",26.548073394499625,30.548073394499625,3503.5766774437,3534.1247508382
"A-G1.042-C3",126746,"promotion-313",0,263.9872201755,384,480,2304,21,13,21,13,18.900000000000002,20,-5.499999999999994,84.76562500000004,"FAILED_OVERTIME",16.71428571429999,20.71428571429999,359.9872201755,380.7015058898
"A-G1.042-C3",126746,"promotion-695",0,615.0401841974,924,1020,2304,27,20,27,20,24.3,20,21.500000000000007,100,"SUCCESS",0,0,"",""
"A-G1.042-C3",126746,"promotion-926",1,937.1833967577,1464,1560,4032,40,33,40,33,36,35,2.857142857142847,92.26190476190477,"FAILED_OVERTIME",7.7999999999999545,11.799999999999955,1033.1833967577,1044.9833967577
"A-G1.042-C3",126746,"promotion-1150",1,1266.4310341909,2004,2100,4032,50,42,50,42,45,35,28.57142857142858,100,"SUCCESS",0,0,"",""
"A-G1.042-C3",126746,"promotion-1383",2,1594.4337053994,2544,2640,6912,60,53,60,53,52.8,60,-12,82.70833333333333,"FAILED_OVERTIME",19.920000000000073,23.920000000000073,1690.4337053994,1714.3537053994
"A-G1.042-C3",126746,"promotion-1591",2,1935.8638279123,3084,3180,6912,70,62,70,62,63,60,5.000000000000004,88.71527777777779,"FAILED_OVERTIME",11.142857142900084,15.142857142900084,2031.8638279123,2047.0066850552
"A-G1.042-C3",126746,"promotion-1854",2,2271.0062348761,3624,3720,6912,79,73,79,73,71.10000000000001,60,18.500000000000007,100,"SUCCESS",0,0,"",""
"A-G1.042-C3",126746,"promotion-2447",3,2997.6810581127,4884,4980,11520,102,96,102,96,102,100,2.0000000000000018,85,"FAILED_OVERTIME",16.941176470600112,20.941176470599657,3093.6810581127,3114.6222345833
"A-G1.042-C3",126746,"promotion-2672",3,3332.609561581,5424,5520,11520,106,100,106,100,106,100,6.000000000000005,88.33333333333333,"FAILED_OVERTIME",12.679245282999545,16.679245283,3428.609561581,3445.288806864
"A-G1.042-C3",134665,"promotion-470",0,386.0185745584,564,660,2304,20,13,20,13,20,20,0,83.33333333333334,"FAILED_OVERTIME",19.200000000000045,23.19999999999999,482.0185745584,505.2185745584
"A-G1.042-C3",134665,"promotion-825",0,740.4750181588,1104,1200,2304,25,17,25,17,20.5,20,2.499999999999991,93.03385416666666,"FAILED_OVERTIME",6.420000000000073,10.419999999999959,836.4750181588,846.8950181588
"A-G1.042-C3",134665,"promotion-1246",0,1082.9177095413,1644,1740,2304,30,23,30,23,21.599999999999998,20,7.999999999999985,100,"SUCCESS",0,0,"",""
"A-G1.042-C3",134665,"promotion-1537",1,1406.4866636687,2184,2280,4032,41,34,41,34,36.08,35,3.0857142857142916,92.49404761904758,"FAILED_OVERTIME",7.381463414600148,11.38146341459992,1502.4866636687,1513.8681270833
"A-G1.042-C3",134665,"promotion-1847",1,1733.776638942,2724,2820,4032,52,45,52,45,37.44,35,6.971428571428562,100,"SUCCESS",0,0,"",""
"A-G1.042-C3",134665,"promotion-2120",2,2053.7051940151,3264,3360,6912,63,55,63,55,56.7,60,-5.499999999999994,81.48437500000024,"FAILED_OVERTIME",20.314285714299785,24.314285714299785,2149.7051940151,2174.0194797294
"A-G1.042-C3",134665,"promotion-2350",2,2393.6061109521,3804,3900,6912,71,64,71,64,51.12,60,-14.800000000000002,91.276909722222,"FAILED_OVERTIME",8.492112676100078,12.492112676099623,2489.6061109521,2502.0982236282
"A-G1.042-C3",134665,"promotion-2586",2,2729.6524831627,4344,4440,6912,78,72,78,72,78,60,30.000000000000004,100,"SUCCESS",0,0,"",""
"A-G1.042-C3",134665,"promotion-3245",3,3463.3382639153,5604,5700,11520,102,95,102,95,102,100,2.0000000000000018,85,"FAILED_OVERTIME",16.941176470600112,20.941176470600112,3559.3382639153,3580.2794403859
"A-G1.042-C3",142584,"promotion-533",0,384.3430651207,564,660,2304,22,15,22,15,22,20,10.000000000000009,91.66666666666666,"FAILED_OVERTIME",8.727272727300033,12.727272727300033,480.3430651207,493.070337848
"A-G1.042-C3",142584,"promotion-852",0,732.3512591027,1104,1200,2304,27,20,27,20,27,20,35.00000000000001,100,"SUCCESS",0,0,"",""
"A-G1.042-C3",142584,"promotion-1016",1,953.9789692803,1464,1560,4032,35,28,35,28,31.5,35,-9.999999999999998,80.72916666666666,"FAILED_OVERTIME",22.200000000000045,26.200000000000045,1049.9789692803,1076.1789692803
"A-G1.042-C3",142584,"promotion-1334",1,1295.3911066632,2004,2100,4032,48,41,48,41,43.2,35,23.428571428571445,100,"SUCCESS",0,0,"",""
"A-G1.042-C3",142584,"promotion-1521",2,1507.3117697456,2364,2460,6912,65,57,65,57,65,60,8.333333333333325,90.27777777777779,"FAILED_OVERTIME",10.338461538499814,14.338461538500042,1603.3117697456,1617.6502312841
"A-G1.042-C3",142584,"promotion-1751",2,1837.0758363146,2904,3000,6912,73,66,73,66,73,60,21.666666666666657,100,"SUCCESS",0,0,"",""
"A-G1.042-C3",142584,"promotion-2376",3,2569.1934531853,4164,4260,11520,102,95,102,95,91.8,100,-8.200000000000006,77.56249999999964,"FAILED_OVERTIME",25.34117647059975,29.341176470600203,2665.1934531853,2694.5346296559
"A-G1.042-C3",142584,"promotion-2574",3,2916.4155309114,4704,4800,11520,107,100,107,100,107,100,7.000000000000006,89.16666666666667,"FAILED_OVERTIME",11.663551401899895,15.66355140190035,3012.4155309114,3028.0790823133
"A-G1.042-C3",142584,"promotion-2770",3,3248.8314464167,5244,5340,11520,110,104,110,104,110,100,10.000000000000009,91.66666666666666,"FAILED_OVERTIME",8.72727272730026,12.727272727299805,3344.8314464167,3357.558719144
"A-G1.042-C3",142584,"promotion-2951",3,3572.9383725405,5784,5880,11520,112,106,112,106,112,100,12.00000000000001,"","",0,0,"",""
"A-G1.042-C3",150503,"promotion-337",0,258.7255739881,384,480,2304,22,15,22,15,22,20,10.000000000000009,91.66666666666666,"FAILED_OVERTIME",8.727272727299976,12.727272727300033,354.7255739881,367.4528467154
"A-G1.042-C3",150503,"promotion-776",0,609.9407776862,924,1020,2304,27,19,27,19,24.3,20,21.500000000000007,100,"SUCCESS",0,0,"",""
"A-G1.042-C3",150503,"promotion-1030",1,944.4758372801,1464,1560,4032,36,28,36,28,36,35,2.857142857142847,85.71428571428571,"FAILED_OVERTIME",16,20,1040.4758372801,1060.4758372801
"A-G1.042-C3",150503,"promotion-1306",1,1285.1990727851,2004,2100,4032,43,36,43,36,43,35,22.857142857142865,100,"SUCCESS",0,0,"",""
"A-G1.042-C3",150503,"promotion-1583",2,1711.8132449371,2724,2820,6912,60,53,60,53,60,60,0,83.33333333333334,"FAILED_OVERTIME",19.199999999999818,23.199999999999818,1807.8132449371,1831.0132449371
"A-G1.042-C3",150503,"promotion-1848",2,2055.1321595535,3264,3360,6912,74,68,74,68,74,60,23.33333333333334,100,"SUCCESS",0,0,"",""
"A-G1.042-C3",150503,"promotion-2419",3,2806.969264521,4524,4620,11520,101,94,101,94,101,100,1.0000000000000009,84.16666666666667,"FAILED_OVERTIME",18.0594059406003,22.0594059406003,2902.969264521,2925.0286704616
"A-G1.042-C3",150503,"promotion-2630",3,3145.2195513736,5064,5160,11520,107,100,107,100,107,100,7.000000000000006,89.16666666666667,"FAILED_OVERTIME",11.663551401899895,15.663551401899895,3241.2195513736,3256.8831027755
"A-G1.042-C3",150503,"promotion-2833",3,3471.3316389074,5604,5700,11520,109,103,109,103,89.38000000000001,100,-10.619999999999985,84.19114583333324,"FAILED_OVERTIME",16.70807339450039,20.70807339450039,3567.3316389074,3588.0397123019
"A-G1.042-C3",158422,"promotion-239",0,256.3577556021,384,480,2304,23,16,23,16,23,20,14.999999999999991,95.83333333333334,"FAILED_OVERTIME",4.173913043500022,8.173913043500022,352.3577556021,360.5316686456
"A-G1.042-C3",158422,"promotion-575",0,602.2294409616,924,1020,2304,27,20,27,20,27,20,35.00000000000001,100,"SUCCESS",0,0,"",""
"A-G1.042-C3",158422,"promotion-835",1,929.0240049719,1464,1560,4032,36,28,36,28,36,35,2.857142857142847,85.71428571428571,"FAILED_OVERTIME",16,20,1025.0240049719,1045.0240049719
"A-G1.042-C3",158422,"promotion-1077",1,1272.0983058282,2004,2100,4032,46,39,46,39,41.4,35,18.285714285714285,99.94047619047569,"FAILED_OVERTIME",0.052173912999933236,4.052173912999933,1368.0983058282,1372.1504797412
"A-G1.042-C3",158422,"promotion-1362",1,1592.1471177756,2544,2640,4032,54,47,54,47,54,35,54.28571428571429,100,"SUCCESS",0,0,"",""
"A-G1.042-C3",158422,"promotion-1588",2,1906.5191268557,3084,3180,6912,66,59,66,59,66,60,10.000000000000009,91.66666666666666,"FAILED_OVERTIME",8.727272727299805,12.727272727300033,2002.5191268557,2015.246399583
"A-G1.042-C3",158422,"promotion-1837",2,2231.0463083257,3624,3720,6912,74,68,74,68,60.68000000000001,60,1.1333333333333417,98.73090277777779,"FAILED_OVERTIME",1.1854054054001608,5.185405405400161,2327.0463083257,2332.2317137311
"A-G1.042-C3",158422,"promotion-2092",2,2545.4122061685,4164,4260,6912,81,74,81,74,72.9,60,21.500000000000007,100,"SUCCESS",0,0,"",""
"A-G1.042-C3",158422,"promotion-2539",3,3078.1750741952,5064,5160,11520,101,95,101,95,101,100,1.0000000000000009,84.16666666666667,"FAILED_OVERTIME",18.0594059406003,22.059405940599845,3174.1750741952,3196.2344801358
"A-G1.042-C3",158422,"promotion-2768",3,3416.4689998613,5604,5700,11520,108,101,108,101,108,100,8.000000000000007,90,"FAILED_OVERTIME",10.666666666699712,14.666666666700166,3512.4689998613,3527.135666528
"A-G1.042-C3",166341,"promotion-511",0,371.505050505,564,660,2304,22,14,22,14,22,20,10.000000000000009,91.66666666666666,"FAILED_OVERTIME",8.727272727300033,12.727272727300033,467.505050505,480.2323232323
"A-G1.042-C3",166341,"promotion-886",0,730.6345740211,1104,1200,2304,27,19,27,19,19.439999999999998,20,-2.8000000000000136,100,"SUCCESS",0,0,"",""
"A-G1.042-C3",166341,"promotion-1136",1,1053.2240063197,1644,1740,4032,37,30,37,30,37,35,5.714285714285716,88.09523809523809,"FAILED_OVERTIME",12.972972972999969,16.97297297299997,1149.2240063197,1166.1969792927
"A-G1.042-C3",166341,"promotion-1412",1,1393.9835786819,2184,2280,4032,49,42,49,42,49,35,39.99999999999999,100,"SUCCESS",0,0,"",""
"A-G1.042-C3",166341,"promotion-1760",2,1821.7111528608,2904,3000,6912,64,57,64,57,64,60,6.666666666666665,88.88888888888889,"FAILED_OVERTIME",12,16,1917.7111528608,1933.7111528608
"A-G1.042-C3",166341,"promotion-2031",2,2152.9838732631,3444,3540,6912,77,70,77,70,69.3,60,15.500000000000004,100,"SUCCESS",0,0,"",""
"A-G1.042-C3",166341,"promotion-2686",3,3027.3895281985,4884,4980,11520,102,96,102,96,102,100,2.0000000000000018,85,"FAILED_OVERTIME",16.941176470600112,20.941176470600112,3123.3895281985,3144.3307046691
"A-G1.042-C3",166341,"promotion-2982",3,3371.3359365116,5424,5520,11520,108,102,108,102,97.2,100,-2.8000000000000025,88.87499999999999,"FAILED_OVERTIME",11.86666666670044,15.866666666699984,3467.3359365116,3483.2026031783
"A-G1.042-C3",174260,"promotion-453",0,392.5270266406,564,660,2304,23,16,23,16,18.860000000000003,20,-5.699999999999983,85.5911458333334,"FAILED_OVERTIME",14.433913043499956,18.433913043500013,488.5270266406,506.9609396841
"A-G1.042-C3",174260,"promotion-775",0,741.3520293885,1104,1200,2304,27,20,27,20,22.14,20,10.7,100,"SUCCESS",0,0,"",""
"A-G1.042-C3",174260,"promotion-1171",1,1175.2752431189,1824,1920,4032,39,32,39,32,28.08,35,-19.771428571428572,81.42410714285717,"FAILED_OVERTIME",19.204615384599947,23.204615384599947,1271.2752431189,1294.4798585035
"A-G1.042-C3",174260,"promotion-1431",1,1514.1284135103,2364,2460,4032,45,38,45,38,45,35,28.57142857142858,100,"SUCCESS",0,0,"",""
"A-G1.042-C3",174260,"promotion-1660",2,1831.3414618256,2904,3000,6912,62,55,62,55,62,60,3.3333333333333437,86.11111111111111,"FAILED_OVERTIME",15.483870967700113,19.483870967700113,1927.3414618256,1946.8253327933
"A-G1.042-C3",174260,"promotion-1937",2,2178.9100285983,3444,3540,6912,72,65,72,65,72,60,19.999999999999996,100,"SUCCESS",0,0,"",""
"A-G1.042-C3",174260,"promotion-2574",3,2919.6938888311,4704,4800,11520,101,94,101,94,101,100,1.0000000000000009,84.16666666666667,"FAILED_OVERTIME",18.0594059406003,22.059405940599845,3015.6938888311,3037.7532947717
"A-G1.042-C3",174260,"promotion-2820",3,3260.7189597864,5244,5340,11520,107,100,107,100,107,100,7.000000000000006,89.16666666666667,"FAILED_OVERTIME",11.663551401899895,15.66355140190035,3356.7189597864,3372.3825111883
"A-G1.042-C3",174260,"promotion-3037",3,3594.0510027594,5784,5880,11520,111,104,111,104,111,100,11.00000000000001,"","",0,0,"",""
"A-G1.042-C3",182179,"promotion-505",0,383.7462254825,564,660,2304,21,14,21,14,21,20,5.000000000000004,87.5,"FAILED_OVERTIME",13.71428571429999,17.71428571429999,479.7462254825,497.4605111968
"A-G1.042-C3",182179,"promotion-859",0,741.2957957277,1104,1200,2304,27,19,27,19,22.14,20,10.7,100,"SUCCESS",0,0,"",""
"A-G1.042-C3",182179,"promotion-1110",1,1069.0561210231,1644,1740,4032,37,29,37,29,26.64,35,-23.885714285714286,81.54315476190487,"FAILED_OVERTIME",20.11297297300007,24.11297297299984,1165.0561210231,1189.1690939961
"A-G1.042-C3",182179,"promotion-1417",1,1416.6906395955,2184,2280,4032,47,40,47,40,33.839999999999996,35,-3.314285714285725,100,"SUCCESS",0,0,"",""
"A-G1.042-C3",182179,"promotion-1627",2,1736.7328605087,2724,2820,6912,61,54,61,54,50.02,60,-16.633333333333333,84.24565972222221,"FAILED_OVERTIME",17.85147540980006,21.85147540980006,1832.7328605087,1854.5843359185
"A-G1.042-C3",182179,"promotion-1884",2,2088.4780683048,3264,3360,6912,74,68,74,68,53.28,60,-11.2,84.72743055555576,"FAILED_OVERTIME",14.265405405400088,18.265405405399633,2184.4780683048,2202.7434737102
"A-G1.042-C3",182179,"promotion-2148",2,2430.1402069963,3804,3900,6912,83,76,83,76,74.7,60,24.50000000000001,100,"SUCCESS",0,0,"",""
"A-G1.042-C3",182179,"promotion-2649",3,3088.5373073787,4884,4980,11520,100,93,100,93,100,100,0,83.33333333333334,"FAILED_OVERTIME",19.199999999999818,23.199999999999818,3184.5373073787,3207.7373073787
"A-G1.042-C3",182179,"promotion-2841",3,3430.1797286237,5424,5520,11520,104,97,104,97,93.60000000000001,100,-6.399999999999995,80.70833333333313,"FAILED_OVERTIME",21.36923076919993,25.36923076919993,3526.1797286237,3551.5489593929
"A-G1.042-C3",190098,"promotion-270",0,256.1666666667,384,480,2304,22,15,22,15,22,20,10.000000000000009,91.66666666666666,"FAILED_OVERTIME",8.727272727299976,12.727272727299976,352.1666666667,364.893939394
"A-G1.042-C3",190098,"promotion-486",0,602.695729619,924,1020,2304,27,20,27,20,23.76,20,18.80000000000002,100,"SUCCESS",0,0,"",""
"A-G1.042-C3",190098,"promotion-725",1,927.6823505026,1464,1560,4032,41,33,41,33,41,35,17.14285714285715,97.61904761904762,"FAILED_OVERTIME",2.341463414599957,6.341463414599957,1023.6823505026,1030.0238139172
"A-G1.042-C3",190098,"promotion-1010",1,1252.2709720026,2004,2100,4032,51,44,51,44,45.9,35,31.14285714285714,100,"SUCCESS",0,0,"",""
"A-G1.042-C3",190098,"promotion-1259",2,1574.0563905731,2544,2640,6912,63,55,63,55,51.660000000000004,60,-13.89999999999999,84.05468749999999,"FAILED_OVERTIME",17.494285714300077,21.49428571429985,1670.056390573,1691.5506762873
"A-G1.042-C3",190098,"promotion-1487",2,1915.3146514312,3084,3180,6912,73,67,73,67,59.86000000000001,60,-0.23333333333331874,97.39670138888889,"FAILED_OVERTIME",2.464931506799985,6.464931506799985,2011.3146514312,2017.779582938
"A-G1.042-C3",190098,"promotion-1757",2,2238.2094643962,3624,3720,6912,81,75,81,75,66.42,60,10.7,100,"SUCCESS",0,0,"",""
"A-G1.042-C3",190098,"promotion-2240",3,2874.4606737603,4704,4800,11520,100,93,100,93,72,100,-28.000000000000004,77.44791666666667,"FAILED_OVERTIME",25.979999999999563,29.980000000000018,2970.4606737603,3000.4406737603
"A-G1.042-C3",190098,"promotion-2450",3,3218.4925107968,5244,5340,11520,104,98,104,98,85.28,100,-14.719999999999999,83.25416666666666,"FAILED_OVERTIME",18.54923076920022,22.549230769199767,3314.4925107968,3337.041741566
"A-G1.042-C3",190098,"promotion-2656",3,3553.9396861415,5784,5880,11520,108,101,108,101,108,100,8.000000000000007,"","",0,0,"",""
"A-G1.042-C3",198017,"promotion-291",0,264.9711996984,384,480,2304,20,12,20,12,18,20,-9.999999999999998,76.04166666666666,"FAILED_OVERTIME",27.600000000000023,31.599999999999966,360.9711996984,392.5711996984
"A-G1.042-C3",198017,"promotion-634",0,625.6048650769,924,1020,2304,24,17,24,17,24,20,19.999999999999996,100,"SUCCESS",0,0,"",""
"A-G1.042-C3",198017,"promotion-976",1,1074.9196512547,1644,1740,4032,45,37,45,37,45,35,28.57142857142858,100,"SUCCESS",0,0,"",""
"A-G1.042-C3",198017,"promotion-1256",2,1406.0034909369,2184,2280,6912,63,55,63,55,63,60,5.000000000000004,87.5,"FAILED_OVERTIME",13.714285714299876,17.714285714299876,1502.0034909369,1519.7177766512
"A-G1.042-C3",198017,"promotion-1482",2,1743.4535550084,2724,2820,6912,72,66,72,66,72,60,19.999999999999996,100,"SUCCESS",0,0,"",""
"A-G1.042-C3",198017,"promotion-2154",3,2606.0421200288,4164,4260,11520,100,93,100,93,100,100,0,83.33333333333334,"FAILED_OVERTIME",19.199999999999818,23.199999999999818,2702.0421200288,2725.2421200288
"A-G1.042-C3",198017,"promotion-2323",3,2948.377930238,4704,4800,11520,104,97,104,97,104,100,4.0000000000000036,86.66666666666667,"FAILED_OVERTIME",14.769230769199567,18.76923076920002,3044.377930238,3063.1471610072
"A-G1.042-C3",198017,"promotion-2576",3,3283.9458137551,5244,5340,11520,108,101,108,101,97.2,100,-2.8000000000000025,87.18750000000003,"FAILED_OVERTIME",13.666666666699712,17.66666666669971,3379.9458137551,3397.6124804218
"A-G1.042-C3",205936,"promotion-82",0,139.5884740259,204,300,2304,22,15,22,15,22,20,10.000000000000009,91.66666666666666,"FAILED_OVERTIME",8.727272727299976,12.727272727299976,235.5884740259,248.3157467532
"A-G1.042-C3",205936,"promotion-486",0,488.5111315777,744,840,2304,29,21,29,21,26.1,20,30.500000000000014,100,"SUCCESS",0,0,"",""
"A-G1.042-C3",205936,"promotion-605",1,706.8036594059,1104,1200,4032,36,28,36,28,29.520000000000003,35,-15.657142857142848,85.23214285714286,"FAILED_OVERTIME",16.539999999999964,20.539999999999964,802.8036594059,823.3436594059
"A-G1.042-C3",205936,"promotion-868",1,1051.4054592635,1644,1740,4032,41,34,41,34,33.620000000000005,35,-3.9428571428571257,97.06994047619047,"FAILED_OVERTIME",2.8814634145999207,6.881463414599921,1147.4054592635,1154.2869226781
"A-G1.042-C3",205936,"promotion-1130",1,1383.6737222851,2184,2280,4032,50,43,50,43,41,35,17.14285714285715,100,"SUCCESS",0,0,"",""
"A-G1.042-C3",205936,"promotion-1319",2,1593.7001740619,2544,2640,6912,61,54,61,54,61,60,1.6666666666666607,84.72222222222221,"FAILED_OVERTIME",17.311475409800096,21.31147540979987,1689.7001740619,1711.0116494717
"A-G1.042-C3",205936,"promotion-1571",2,1931.0070878956,3084,3180,6912,73,66,73,66,73,60,21.666666666666657,100,"SUCCESS",0,0,"",""
"A-G1.042-C3",205936,"promotion-2274",3,2776.3571392258,4524,4620,11520,102,95,102,95,102,100,2.0000000000000018,85,"FAILED_OVERTIME",16.941176470600112,20.941176470600112,2872.3571392258,2893.2983156964
"A-G1.042-C3",205936,"promotion-2436",3,3116.8573174413,5064,5160,11520,106,99,106,99,106,100,6.000000000000005,88.33333333333333,"FAILED_OVERTIME",12.679245282999545,16.679245283,3212.8573174413,3229.5365627243
"A-G1.042-C3",205936,"promotion-2682",3,3453.631238094,5604,5700,11520,111,104,111,104,111,100,11.00000000000001,92.5,"FAILED_OVERTIME",7.783783783799663,11.783783783800118,3549.631238094,3561.4150218778
"A-G1.042-C3",213855,"promotion-72",0,137.1333333333,204,300,2304,21,14,21,14,21,20,5.000000000000004,87.49999999999999,"FAILED_OVERTIME",13.71428571429999,17.71428571430002,233.1333333333,250.8476190476
"A-G1.042-C3",213855,"promotion-409",0,491.7067212112,744,840,2304,26,18,26,18,23.400000000000002,20,17.000000000000014,100,"SUCCESS",0,0,"",""
"A-G1.042-C3",213855,"promotion-621",1,818.4102536011,1284,1380,4032,36,28,36,28,32.4,35,-7.428571428571429,81.42857142857135,"FAILED_OVERTIME",20.799999999999955,24.800000000000068,914.4102536011,939.2102536011
"A-G1.042-C3",213855,"promotion-870",1,1170.4773717342,1824,1920,4032,42,35,42,35,42,35,19.999999999999996,100,"SUCCESS",0,0,"",""
"A-G1.042-C3",213855,"promotion-1106",2,1492.1886869095,2364,2460,6912,61,54,61,54,61,60,1.6666666666666607,84.72222222222221,"FAILED_OVERTIME",17.311475409800096,21.311475409800096,1588.1886869095,1609.5001623193
"A-G1.042-C3",213855,"promotion-1335",2,1834.5542426215,2904,3000,6912,72,66,72,66,72,60,19.999999999999996,100,"SUCCESS",0,0,"",""
"A-G1.042-C3",213855,"promotion-1996",3,2692.2398645555,4344,4440,11520,102,95,102,95,102,100,2.0000000000000018,85,"FAILED_OVERTIME",16.941176470600112,20.941176470600112,2788.2398645555,2809.1810410261
"A-G1.042-C3",213855,"promotion-2190",3,3034.8909419032,4884,4980,11520,106,100,106,100,106,100,6.000000000000005,88.33333333333333,"FAILED_OVERTIME",12.679245282999545,16.679245283,3130.8909419032,3147.5701871862
"A-G1.042-C3",213855,"promotion-2445",3,3361.6538434836,5424,5520,11520,110,103,110,103,90.2,100,-9.799999999999997,81.86979166666684,"FAILED_OVERTIME",18.98727272729957,22.98727272729957,3457.6538434836,3480.6411162109
"A-G1.042-C3",221774,"promotion-248",0,260.9939393939,384,480,2304,22,15,22,15,22,20,10.000000000000009,91.66666666666666,"FAILED_OVERTIME",8.727272727299976,12.727272727299976,356.9939393939,369.7212121212
"A-G1.042-C3",221774,"promotion-479",0,617.024827305,924,1020,2304,29,21,29,21,29,20,44.99999999999999,100,"SUCCESS",0,0,"",""
"A-G1.042-C3",221774,"promotion-811",1,941.8368760715,1464,1560,4032,37,29,37,29,33.300000000000004,35,-4.857142857142849,80.38690476190456,"FAILED_OVERTIME",21.37297297300006,25.37297297300006,1037.8368760715,1063.2098490445
"A-G1.042-C3",221774,"promotion-1077",1,1288.0317659608,2004,2100,4032,52,45,52,45,52,35,48.57142857142858,100,"SUCCESS",0,0,"",""
"A-G1.042-C3",221774,"promotion-1331",2,1602.3401864699,2544,2640,6912,62,55,62,55,62,60,3.3333333333333437,86.11111111111111,"FAILED_OVERTIME",15.483870967700113,19.483870967700113,1698.3401864699,1717.8240574376
"A-G1.042-C3",221774,"promotion-1564",2,1942.7967022179,3084,3180,6912,72,65,72,65,72,60,19.999999999999996,100,"SUCCESS",0,0,"",""
"A-G1.042-C3",221774,"promotion-2135",3,2695.797448189,4344,4440,11520,100,94,100,94,90,100,-9.999999999999998,77.60416666666666,"FAILED_OVERTIME",25.800000000000182,29.799999999999727,2791.797448189,2821.597448189
"A-G1.042-C3",221774,"promotion-2394",3,3031.585267338,4884,4980,11520,106,99,106,99,86.92,100,-13.080000000000002,87.83645833333334,"FAILED_OVERTIME",13.219245283000419,17.219245282999964,3127.585267338,3144.804512621
"A-G1.042-C3",221774,"promotion-2648",3,3369.4667996579,5424,5520,11520,111,104,111,104,99.9,100,-0.09999999999998899,86.1406250000002,"FAILED_OVERTIME",14.383783783800027,18.383783783800027,3465.4667996579,3483.8505834417
"A-G1.042-C3",229693,"promotion-443",0,378.4329558253,564,660,2304,24,16,24,16,19.68,20,-1.6000000000000014,89.3124999999999,"FAILED_OVERTIME",10.259999999999991,14.259999999999991,474.4329558253,488.6929558253
"A-G1.042-C3",229693,"promotion-670",0,733.9536879193,1104,1200,2304,29,21,29,21,23.78,20,18.900000000000006,100,"SUCCESS",0,0,"",""
"A-G1.042-C3",229693,"promotion-770",1,951.592047265,1464,1560,4032,35,28,35,28,35,35,0,83.33333333333334,"FAILED_OVERTIME",19.200000000000045,23.200000000000045,1047.592047265,1070.792047265
"A-G1.042-C3",229693,"promotion-1068",1,1307.0686607958,2004,2100,4032,46,39,46,39,46,35,31.428571428571427,100,"SUCCESS",0,0,"",""
"A-G1.042-C3",229693,"promotion-1313",2,1625.1274086418,2544,2640,6912,61,54,61,54,43.92,60,-26.8,73.97309027777762,"FAILED_OVERTIME",29.491475409799932,33.49147540979993,1721.1274086418,1754.6188840516
"A-G1.042-C3",229693,"promotion-1557",2,1973.1708503413,3084,3180,6912,71,64,71,64,71,60,18.333333333333336,98.61111111111111,"FAILED_OVERTIME",1.3521126761002051,5.35211267609975,2069.1708503412,2074.5229630173
"A-G1.042-C3",229693,"promotion-1819",2,2303.3409513867,3624,3720,6912,78,72,78,72,68.64,60,14.399999999999991,100,"SUCCESS",0,0,"",""
"A-G1.042-C3",229693,"promotion-2342",3,2955.59155422,4704,4800,11520,100,94,100,94,90,100,-9.999999999999998,80.72916666666666,"FAILED_OVERTIME",22.199999999999818,26.199999999999818,3051.59155422,3077.79155422
"A-G1.042-C3",229693,"promotion-2548",3,3290.0152298221,5244,5340,11520,105,99,105,99,94.5,100,-5.500000000000005,79.84375,"FAILED_OVERTIME",22.114285714300422,26.114285714299967,3386.0152298221,3412.1295155364
"A-G1.045-C3",79232,"promotion-493",0,376.7725826261,564,660,2304,22,14,22,14,22,20,10.000000000000009,91.66666666666666,"FAILED_OVERTIME",8.727272727300033,12.727272727299976,472.7725826261,485.4998553534
"A-G1.045-C3",79232,"promotion-745",0,722.046000145,1104,1200,2304,27,20,27,20,19.439999999999998,20,-2.8000000000000136,100,"SUCCESS",0,0,"",""
"A-G1.045-C3",79232,"promotion-1057",1,1046.1567791567,1644,1740,4032,37,31,37,31,37,35,5.714285714285716,88.09523809523809,"FAILED_OVERTIME",12.972972972999969,16.97297297299997,1142.1567791567,1159.1297521297
"A-G1.045-C3",79232,"promotion-1321",1,1389.2460375185,2184,2280,4032,46,39,46,39,33.12,35,-5.3714285714285825,90.28869047619025,"FAILED_OVERTIME",8.51217391299997,12.51217391299997,1485.2460375185,1497.7582114315
"A-G1.045-C3",79232,"promotion-1664",1,1723.0545777183,2724,2820,4032,55,48,55,48,49.5,35,41.42857142857144,100,"SUCCESS",0,0,"",""
"A-G1.045-C3",79232,"promotion-1845",2,1932.715690224,3084,3180,6912,64,57,64,57,57.6,60,-3.9999999999999925,81.1111111111111,"FAILED_OVERTIME",20.40000000000009,24.40000000000009,2028.715690224,2053.115690224
"A-G1.045-C3",79232,"promotion-2051",2,2270.5626059545,3624,3720,6912,72,66,72,66,64.8,60,7.999999999999985,96.87500000000006,"FAILED_OVERTIME",3,7,2366.5626059545,2373.5626059545
"A-G1.045-C3",79232,"promotion-2308",2,2599.3014097958,4164,4260,6912,79,73,79,73,69.52,60,15.866666666666651,100,"SUCCESS",0,0,"",""
"A-G1.045-C3",79232,"promotion-2873",3,3224.2843989314,5244,5340,11520,100,93,100,93,90,100,-9.999999999999998,80.72916666666666,"FAILED_OVERTIME",22.199999999999818,26.199999999999818,3320.2843989314,3346.4843989314
"A-G1.045-C3",79232,"promotion-3063",3,3565.5047903869,5784,5880,11520,103,97,103,97,92.7,100,-7.299999999999995,"","",0,0,"",""
"A-G1.045-C3",87151,"promotion-71",0,137.1333333333,204,300,2304,21,14,21,14,21,20,5.000000000000004,87.49999999999999,"FAILED_OVERTIME",13.71428571429999,17.71428571430002,233.1333333333,250.8476190476
"A-G1.045-C3",87151,"promotion-426",0,500.7994885547,744,840,2304,25,18,25,18,25,20,25,100,"SUCCESS",0,0,"",""
"A-G1.045-C3",87151,"promotion-686",1,825.7784762104,1284,1380,4032,37,30,37,30,37,35,5.714285714285716,88.09523809523809,"FAILED_OVERTIME",12.972972972999969,16.972972973000083,921.7784762104,938.7514491834
"A-G1.045-C3",87151,"promotion-970",1,1169.7524268231,1824,1920,4032,48,41,48,41,48,35,37.142857142857146,100,"SUCCESS",0,0,"",""
"A-G1.045-C3",87151,"promotion-1232",2,1489.5157141723,2364,2460,6912,63,56,63,56,63,60,5.000000000000004,87.5,"FAILED_OVERTIME",13.714285714299876,17.714285714299876,1585.5157141723,1603.2299998866
"A-G1.045-C3",87151,"promotion-1478",2,1833.3516055546,2904,3000,6912,72,66,72,66,64.8,60,7.999999999999985,94.99999999999989,"FAILED_OVERTIME",4.800000000000182,8.800000000000182,1929.3516055546,1938.1516055546
"A-G1.045-C3",87151,"promotion-1753",2,2158.0512542917,3444,3540,6912,81,74,81,74,81,60,35.00000000000001,100,"SUCCESS",0,0,"",""
"A-G1.045-C3",87151,"promotion-2341",3,2893.6567593495,4704,4800,11520,102,95,102,95,102,100,2.0000000000000018,85,"FAILED_OVERTIME",16.941176470600112,20.941176470599657,2989.6567593495,3010.5979358201
"A-G1.045-C3",87151,"promotion-2525",3,3230.420608257,5244,5340,11520,104,98,104,98,93.60000000000001,100,-6.399999999999995,83.95833333333339,"FAILED_OVERTIME",17.769230769199567,21.76923076920002,3326.420608257,3348.1898390262
"A-G1.045-C3",87151,"promotion-2794",3,3578.2755417386,5784,5880,11520,109,102,109,102,98.10000000000001,100,-1.8999999999999906,"","",0,0,"",""
"A-G1.045-C3",95070,"promotion-72",0,137.1333333333,204,300,2304,21,14,21,14,21,20,5.000000000000004,87.49999999999999,"FAILED_OVERTIME",13.71428571429999,17.71428571430002,233.1333333333,250.8476190476
"A-G1.045-C3",95070,"promotion-403",0,499.672290226,744,840,2304,25,17,25,17,25,20,25,100,"SUCCESS",0,0,"",""
"A-G1.045-C3",95070,"promotion-648",1,829.1183631645,1284,1380,4032,36,29,36,29,36,35,2.857142857142847,85.71428571428571,"FAILED_OVERTIME",16,20,925.1183631645,945.1183631645
"A-G1.045-C3",95070,"promotion-920",1,1169.4419781419,1824,1920,4032,41,34,41,34,33.620000000000005,35,-3.9428571428571257,90.48065476190467,"FAILED_OVERTIME",9.361463414599939,13.361463414599939,1265.4419781419,1278.8034415565
"A-G1.045-C3",95070,"promotion-1225",1,1520.8599552266,2364,2460,4032,51,45,51,45,36.72,35,4.9142857142857155,100,"SUCCESS",0,0,"",""
"A-G1.045-C3",95070,"promotion-1361",2,1734.7869944867,2724,2820,6912,61,54,61,54,50.02,60,-16.633333333333333,84.24565972222221,"FAILED_OVERTIME",17.85147540980006,21.85147540980006,1830.7869944867,1852.6384698965
"A-G1.045-C3",95070,"promotion-1565",2,2077.1079356497,3264,3360,6912,69,62,69,62,69,60,14.999999999999991,95.83333333333334,"FAILED_OVERTIME",4.1739130434998515,8.173913043500306,2173.1079356497,2181.2818486932
"A-G1.045-C3",95070,"promotion-1794",2,2406.9607612447,3804,3900,6912,78,71,78,71,63.96000000000001,60,6.600000000000006,96.75520833333303,"FAILED_OVERTIME",2.8753846153999802,6.87538461539998,2502.9607612447,2509.8361458601
"A-G1.045-C3",95070,"promotion-2071",2,2736.207160961,4344,4440,6912,85,78,85,78,76.5,60,27.499999999999993,100,"SUCCESS",0,0,"",""
"A-G1.045-C3",95070,"promotion-2607",3,3381.2717674253,5424,5520,11520,101,94,101,94,78.78,100,-21.219999999999995,73.96145833333357,"FAILED_OVERTIME",29.699405940599718,33.69940594060017,3477.2717674253,3510.9711733659
"A-G1.045-C3",102989,"promotion-72",0,137.1333333333,204,300,2304,21,14,21,14,21,20,5.000000000000004,87.49999999999999,"FAILED_OVERTIME",13.71428571429999,17.71428571430002,233.1333333333,250.8476190476
"A-G1.045-C3",102989,"promotion-401",0,490.1644644789,744,840,2304,25,18,25,18,25,20,25,100,"SUCCESS",0,0,"",""
"A-G1.045-C3",102989,"promotion-567",1,712.8671464805,1104,1200,4032,35,28,35,28,31.5,35,-9.999999999999998,77.60416666666666,"FAILED_OVERTIME",25.799999999999955,29.800000000000068,808.8671464805,838.6671464805
"A-G1.045-C3",102989,"promotion-820",1,1064.4016940522,1644,1740,4032,45,38,45,38,36.900000000000006,35,5.428571428571449,100,"SUCCESS",0,0,"",""
"A-G1.045-C3",102989,"promotion-1053",2,1382.8861695137,2184,2280,6912,61,54,61,54,54.9,60,-8.500000000000007,78.89756944444423,"FAILED_OVERTIME",23.911475409800005,27.911475409800005,1478.8861695137,1506.7976449235
"A-G1.045-C3",102989,"promotion-1314",2,1729.9570474408,2724,2820,6912,71,64,71,64,71,60,18.333333333333336,98.61111111111111,"FAILED_OVERTIME",1.3521126761002051,5.352112676100205,1825.9570474408,1831.3091601169
"A-G1.045-C3",102989,"promotion-1614",2,2046.259461819,3264,3360,6912,80,73,80,73,80,60,33.33333333333333,100,"SUCCESS",0,0,"",""
"A-G1.045-C3",102989,"promotion-2248",3,2791.7663079337,4524,4620,11520,102,95,102,95,102,100,2.0000000000000018,85,"FAILED_OVERTIME",16.941176470600112,20.941176470600112,2887.7663079337,2908.7074844043
"A-G1.045-C3",102989,"promotion-2474",3,3129.7095111441,5064,5160,11520,106,99,106,99,106,100,6.000000000000005,88.33333333333333,"FAILED_OVERTIME",12.679245282999545,16.679245283,3225.7095111441,3242.3887564271
"A-G1.045-C3",102989,"promotion-2710",3,3460.2412456379,5604,5700,11520,108,102,108,102,108,100,8.000000000000007,90,"FAILED_OVERTIME",10.666666666699712,14.666666666699712,3556.2412456379,3570.9079123046
"A-G1.045-C3",110908,"promotion-470",0,383.7914576324,564,660,2304,20,13,20,13,20,20,0,83.33333333333334,"FAILED_OVERTIME",19.200000000000045,23.19999999999999,479.7914576324,502.9914576324
"A-G1.045-C3",110908,"promotion-705",0,731.8328885002,1104,1200,2304,27,19,27,19,24.3,20,21.500000000000007,100,"SUCCESS",0,0,"",""
"A-G1.045-C3",110908,"promotion-943",1,1060.8563028423,1644,1740,4032,40,33,40,33,28.799999999999997,35,-17.714285714285726,93.51190476190476,"FAILED_OVERTIME",6.539999999999964,10.539999999999964,1156.8563028423,1167.3963028423
"A-G1.045-C3",110908,"promotion-1203",1,1391.9258053603,2184,2280,4032,47,40,47,40,38.540000000000006,35,10.114285714285742,100,"SUCCESS",0,0,"",""
"A-G1.045-C3",110908,"promotion-1461",2,1713.5697647415,2724,2820,6912,62,55,62,55,50.84,60,-15.266666666666662,85.62673611111111,"FAILED_OVERTIME",16.023870967700077,20.023870967700077,1809.5697647415,1829.5936357092
"A-G1.045-C3",110908,"promotion-1762",2,2051.9702843816,3264,3360,6912,74,68,74,68,60.68000000000001,60,1.1333333333333417,100,"SUCCESS",0,0,"",""
"A-G1.045-C3",110908,"promotion-2549",3,3009.9615143473,4884,4980,11520,102,95,102,95,73.44,100,-26.560000000000006,78.67812499999975,"FAILED_OVERTIME",24.08117647060044,28.081176470599985,3105.9615143473,3134.0426908179
"A-G1.045-C3",110908,"promotion-2786",3,3353.681140573,5424,5520,11520,105,99,105,99,105,100,5.000000000000004,87.5,"FAILED_OVERTIME",13.714285714299876,17.714285714299876,3449.681140573,3467.3954262873
"A-G1.045-C3",118827,"promotion-497",0,376.6301316027,564,660,2304,22,15,22,15,19.8,20,-1.0000000000000009,85.3645833333336,"FAILED_OVERTIME",15.327272727300056,19.3272727273,472.6301316027,491.95740433
"A-G1.045-C3",118827,"promotion-848",0,729.3537190042,1104,1200,2304,26,19,26,19,21.32,20,6.600000000000006,100,"SUCCESS",0,0,"",""
"A-G1.045-C3",118827,"promotion-1100",1,1062.0838713813,1644,1740,4032,37,30,37,30,30.340000000000003,35,-13.3142857142857,87.59970238095238,"FAILED_OVERTIME",13.512972972999933,17.512972972999933,1158.0838713813,1175.5968443543
"A-G1.045-C3",118827,"promotion-1344",1,1406.7400508398,2184,2280,4032,44,37,44,37,39.6,35,13.142857142857146,97.55952380952412,"FAILED_OVERTIME",2.236363636399801,6.2363636364000286,1502.7400508398,1508.9764144762
"A-G1.045-C3",118827,"promotion-1637",1,1733.0390991304,2724,2820,4032,51,44,51,44,36.72,35,4.9142857142857155,100,"SUCCESS",0,0,"",""
"A-G1.045-C3",118827,"promotion-1856",2,2049.853640513,3264,3360,6912,63,56,63,56,45.36,60,-24.4,80.99218750000024,"FAILED_OVERTIME",20.854285714300204,24.854285714300204,2145.853640513,2170.7079262273
"A-G1.045-C3",118827,"promotion-2130",2,2387.8213078993,3804,3900,6912,75,68,75,68,61.50000000000001,60,2.5000000000000133,100,"SUCCESS",0,0,"",""
"A-G1.045-C3",118827,"promotion-2766",3,3126.6193075914,5064,5160,11520,100,93,100,93,88,100,-12,80.83333333333333,"FAILED_OVERTIME",22.079999999999927,26.080000000000382,3222.6193075914,3248.6993075914
"A-G1.045-C3",118827,"promotion-3016",3,3474.7390801624,5604,5700,11520,103,96,103,96,90.64,100,-9.360000000000001,83.25833333333337,"FAILED_OVERTIME",18.724660194199714,22.724660194199714,3570.7390801624,3593.4637403566
"A-G1.045-C3",126746,"promotion-495",0,379.3349588132,564,660,2304,21,14,21,14,17.220000000000002,20,-13.89999999999999,87.00781249999999,"FAILED_OVERTIME",14.254285714299954,18.25428571430001,475.3349588132,493.5892445275
"A-G1.045-C3",126746,"promotion-869",0,732.6429436232,1104,1200,2304,25,18,25,18,20.5,20,2.499999999999991,100,"SUCCESS",0,0,"",""
"A-G1.045-C3",126746,"promotion-1234",1,1173.2624841199,1824,1920,4032,36,29,36,29,36,35,2.857142857142847,85.71428571428571,"FAILED_OVERTIME",16,20,1269.2624841199,1289.2624841199
"A-G1.045-C3",126746,"promotion-1494",1,1527.1517083892,2364,2460,4032,46,39,46,39,46,35,31.428571428571427,100,"SUCCESS",0,0,"",""
"A-G1.045-C3",126746,"promotion-1794",2,1950.6598395764,3084,3180,6912,63,56,63,56,51.660000000000004,60,-13.89999999999999,84.05468749999999,"FAILED_OVERTIME",17.494285714300077,21.494285714300077,2046.6598395764,2068.1541252907
"A-G1.045-C3",126746,"promotion-2023",2,2297.7764077635,3624,3720,6912,71,65,71,65,62.48,60,4.133333333333322,97.87152777777777,"FAILED_OVERTIME",2.072112676100005,6.072112676100005,2393.7764077635,2399.8485204396
"A-G1.045-C3",126746,"promotion-2258",2,2615.7572174221,4164,4260,6912,77,71,77,71,67.76,60,12.933333333333351,100,"SUCCESS",0,0,"",""
"A-G1.045-C3",126746,"promotion-2967",3,3563.3710213798,5784,5880,11520,100,93,100,93,100,100,0,"","",0,0,"",""
"A-G1.045-C3",134665,"promotion-243",0,263.6764842283,384,480,2304,22,15,22,15,22,20,10.000000000000009,91.66666666666666,"FAILED_OVERTIME",8.727272727299976,12.727272727299976,359.6764842283,372.4037569556
"A-G1.045-C3",134665,"promotion-436",0,616.7186903795,924,1020,2304,29,22,29,22,26.1,20,30.500000000000014,100,"SUCCESS",0,0,"",""
"A-G1.045-C3",134665,"promotion-705",1,942.5973368161,1464,1560,4032,36,29,36,29,36,35,2.857142857142847,85.71428571428571,"FAILED_OVERTIME",16,20,1038.5973368161,1058.5973368161
"A-G1.045-C3",134665,"promotion-983",1,1284.3811814962,2004,2100,4032,42,35,42,35,37.800000000000004,35,8.000000000000007,91.24999999999966,"FAILED_OVERTIME",8.400000000000091,12.399999999999864,1380.3811814962,1392.7811814962
"A-G1.045-C3",134665,"promotion-1274",1,1625.3763109735,2544,2640,4032,51,44,51,44,45.9,35,31.14285714285714,100,"SUCCESS",0,0,"",""
"A-G1.045-C3",134665,"promotion-1430",2,1836.3017504496,2904,3000,6912,61,54,61,54,61,60,1.6666666666666607,84.72222222222221,"FAILED_OVERTIME",17.311475409800096,21.311475409800096,1932.3017504496,1953.6132258594
"A-G1.045-C3",134665,"promotion-1694",2,2175.0584402712,3444,3540,6912,74,68,74,68,74,60,23.33333333333334,100,"SUCCESS",0,0,"",""
"A-G1.045-C3",134665,"promotion-2505",3,3137.1988582014,5064,5160,11520,101,94,101,94,90.9,100,-9.099999999999998,79.95833333333326,"FAILED_OVERTIME",22.859405940599572,26.859405940600027,3233.1988582014,3260.058264142
"A-G1.045-C3",134665,"promotion-2751",3,3485.2917760364,5604,5700,11520,107,100,107,100,107,100,7.000000000000006,89.16666666666667,"FAILED_OVERTIME",11.663551401899895,15.66355140190035,3581.2917760364,3596.9553274383
"A-G1.045-C3",142584,"promotion-534",0,381.6019391146,564,660,2304,21,14,21,14,21,20,5.000000000000004,87.5,"FAILED_OVERTIME",13.71428571429999,17.71428571429999,477.6019391146,495.3162248289
"A-G1.045-C3",142584,"promotion-885",0,734.0278037745,1104,1200,2304,26,19,26,19,18.72,20,-6.400000000000006,89.30729166666634,"FAILED_OVERTIME",9.47538461539989,13.475384615400003,830.0278037745,843.5031883899
"A-G1.045-C3",142584,"promotion-1299",0,1076.4634058267,1644,1740,2304,30,23,30,23,24.6,20,23,100,"SUCCESS",0,0,"",""
"A-G1.045-C3",142584,"promotion-1508",1,1292.2624284208,2004,2100,4032,35,28,35,28,35,35,0,83.33333333333334,"FAILED_OVERTIME",19.199999999999818,23.200000000000045,1388.2624284208,1411.4624284208
"A-G1.045-C3",142584,"promotion-1760",1,1639.5501551915,2544,2640,4032,43,36,43,36,43,35,22.857142857142865,100,"SUCCESS",0,0,"",""
"A-G1.045-C3",142584,"promotion-2073",2,2063.0549223175,3264,3360,6912,60,53,60,53,49.2,60,-17.999999999999993,82.86458333333334,"FAILED_OVERTIME",19.73999999999978,23.740000000000236,2159.0549223175,2182.7949223175
"A-G1.045-C3",142584,"promotion-2312",2,2398.8977716288,3804,3900,6912,66,60,66,60,54.120000000000005,60,-9.799999999999997,81.86979166666684,"FAILED_OVERTIME",18.987272727300024,22.987272727300024,2494.8977716288,2517.8850443561
"A-G1.045-C3",142584,"promotion-2504",2,2738.5611686791,4344,4440,6912,72,66,72,66,59.040000000000006,60,-1.5999999999999903,99.4375,"FAILED_OVERTIME",0.5399999999999636,4.539999999999964,2834.5611686791,2839.1011686791
"A-G1.045-C3",142584,"promotion-2821",2,3058.8192743541,4884,4980,6912,81,75,81,75,66.42,60,10.7,100,"SUCCESS",0,0,"",""
"A-G1.045-C3",150503,"promotion-337",0,258.8891648972,384,480,2304,22,14,22,14,22,20,10.000000000000009,91.66666666666666,"FAILED_OVERTIME",8.727272727299976,12.727272727300033,354.8891648972,367.6164376245
"A-G1.045-C3",150503,"promotion-760",0,609.5301330225,924,1020,2304,26,19,26,19,26,20,30.000000000000004,100,"SUCCESS",0,0,"",""
"A-G1.045-C3",150503,"promotion-1010",1,939.2669750617,1464,1560,4032,37,30,37,30,37,35,5.714285714285716,88.09523809523809,"FAILED_OVERTIME",12.972972972999969,16.972972973000196,1035.2669750617,1052.2399480347
"A-G1.045-C3",150503,"promotion-1332",1,1281.2803370066,2004,2100,4032,47,40,47,40,42.300000000000004,35,20.85714285714286,100,"SUCCESS",0,0,"",""
"A-G1.045-C3",150503,"promotion-1667",2,1727.2911389656,2724,2820,6912,63,57,63,57,56.7,60,-5.499999999999994,81.48437500000024,"FAILED_OVERTIME",20.314285714299785,24.314285714300013,1823.2911389657,1847.60542468
"A-G1.045-C3",150503,"promotion-1927",2,2086.3201330531,3264,3360,6912,72,65,72,65,72,60,19.999999999999996,100,"SUCCESS",0,0,"",""
"A-G1.045-C3",150503,"promotion-2585",3,2963.7750048746,4704,4800,11520,100,94,100,94,100,100,0,83.33333333333334,"FAILED_OVERTIME",19.199999999999818,23.199999999999818,3059.7750048746,3082.9750048746
"A-G1.045-C3",150503,"promotion-2819",3,3312.463395516,5244,5340,11520,104,97,104,97,91.52,100,-8.479999999999999,86.01666666666665,"FAILED_OVERTIME",15.489230769199821,19.48923076919982,3408.463395516,3427.9526262852
"A-G1.045-C3",158422,"promotion-358",0,271.6009566939,384,480,2304,20,13,20,13,20,20,0,83.33333333333334,"FAILED_OVERTIME",19.19999999999999,23.19999999999999,367.6009566939,390.8009566939
"A-G1.045-C3",158422,"promotion-622",0,621.1119230989,924,1020,2304,27,20,27,20,22.14,20,10.7,100,"SUCCESS",0,0,"",""
"A-G1.045-C3",158422,"promotion-779",1,839.3234314983,1284,1380,4032,35,28,35,28,35,35,0,83.33333333333334,"FAILED_OVERTIME",19.200000000000045,23.200000000000045,935.3234314983,958.5234314983
"A-G1.045-C3",158422,"promotion-1013",1,1179.9775834802,1824,1920,4032,43,37,43,37,37.84,35,8.114285714285717,99.30952380952382,"FAILED_OVERTIME",0.6474418605000665,4.647441860499839,1275.9775834802,1280.6250253407
"A-G1.045-C3",158422,"promotion-1317",1,1513.0661263169,2364,2460,4032,50,43,50,43,39,35,11.428571428571432,100,"SUCCESS",0,0,"",""
"A-G1.045-C3",158422,"promotion-1560",2,1846.0497564276,2904,3000,6912,63,56,63,56,55.44,60,-7.600000000000007,84.87499999999997,"FAILED_OVERTIME",16.594285714299986,20.594285714299986,1942.0497564276,1962.6440421419
"A-G1.045-C3",158422,"promotion-1816",2,2187.6321297733,3444,3540,6912,73,67,73,67,65.7,60,9.499999999999996,96.31944444444457,"FAILED_OVERTIME",3.484931506799967,7.484931506799967,2283.6321297733,2291.1170612801
"A-G1.045-C3",158422,"promotion-2046",2,2520.9975891744,3984,4080,6912,77,71,77,71,77,60,28.333333333333343,100,"SUCCESS",0,0,"",""
"A-G1.045-C3",158422,"promotion-2804",3,3502.0751541998,5604,5700,11520,102,96,102,96,102,100,2.0000000000000018,85,"FAILED_OVERTIME",0,0,3598.0751541998,""
"A-G1.045-C3",166341,"promotion-456",0,376.2420961257,564,660,2304,21,14,21,14,17.220000000000002,20,-13.89999999999999,87.00781249999999,"FAILED_OVERTIME",14.254285714299954,18.25428571430001,472.2420961257,490.49638184
"A-G1.045-C3",166341,"promotion-825",0,739.7637755139,1104,1200,2304,26,19,26,19,26,20,30.000000000000004,100,"SUCCESS",0,0,"",""
"A-G1.045-C3",166341,"promotion-1220",1,1174.7206638886,1824,1920,4032,35,28,35,28,35,35,0,83.33333333333334,"FAILED_OVERTIME",19.200000000000045,23.200000000000045,1270.7206638886,1293.9206638886
"A-G1.045-C3",166341,"promotion-1479",1,1521.5274836653,2364,2460,4032,42,35,42,35,32.76,35,-6.400000000000006,92.00000000000014,"FAILED_OVERTIME",7.679999999999836,11.680000000000064,1617.5274836653,1629.2074836653
"A-G1.045-C3",166341,"promotion-1802",1,1856.3656501178,2904,3000,4032,50,43,50,43,50,35,42.85714285714286,100,"SUCCESS",0,0,"",""
"A-G1.045-C3",166341,"promotion-2048",2,2177.1651351874,3444,3540,6912,62,55,62,55,62,60,3.3333333333333437,86.11111111111111,"FAILED_OVERTIME",15.483870967700113,19.48387096769966,2273.1651351874,2292.6490061551
"A-G1.045-C3",166341,"promotion-2267",2,2515.5493465704,3984,4080,6912,72,65,72,65,64.8,60,7.999999999999985,94.99999999999989,"FAILED_OVERTIME",4.800000000000182,8.800000000000182,2611.5493465704,2620.3493465704
"A-G1.045-C3",166341,"promotion-2519",2,2839.5126795541,4524,4620,6912,80,73,80,73,72,60,19.999999999999996,100,"SUCCESS",0,0,"",""
"A-G1.045-C3",166341,"promotion-3125",3,3578.3707706291,5784,5880,11520,100,93,100,93,100,100,0,"","",0,0,"",""
"A-G1.045-C3",174260,"promotion-533",0,379.8103740518,564,660,2304,21,14,21,14,17.220000000000002,20,-13.89999999999999,87.00781249999999,"FAILED_OVERTIME",14.254285714299954,18.25428571430001,475.8103740518,494.0646597661
"A-G1.045-C3",174260,"promotion-942",0,733.6653041988,1104,1200,2304,25,18,25,18,25,20,25,100,"SUCCESS",0,0,"",""
"A-G1.045-C3",174260,"promotion-1215",1,1058.3567399307,1644,1740,4032,36,29,36,29,36,35,2.857142857142847,85.71428571428571,"FAILED_OVERTIME",16,20,1154.3567399307,1174.3567399307
"A-G1.045-C3",174260,"promotion-1508",1,1401.793987508,2184,2280,4032,42,35,42,35,37.800000000000004,35,8.000000000000007,93.12499999999997,"FAILED_OVERTIME",6.599999999999909,10.599999999999909,1497.793987508,1508.393987508
"A-G1.045-C3",174260,"promotion-1812",1,1734.343789799,2724,2820,4032,49,43,49,43,44.1,35,26,100,"SUCCESS",0,0,"",""
"A-G1.045-C3",174260,"promotion-2089",2,2059.249145713,3264,3360,6912,66,59,66,59,66,60,10.000000000000009,91.66666666666666,"FAILED_OVERTIME",8.727272727299805,12.72727272730026,2155.249145713,2167.9764184403
"A-G1.045-C3",174260,"promotion-2342",2,2392.4523894788,3804,3900,6912,76,69,76,69,76,60,26.66666666666666,100,"SUCCESS",0,0,"",""
"A-G1.045-C3",174260,"promotion-2973",3,3146.9460391896,5064,5160,11520,102,95,102,95,102,100,2.0000000000000018,85,"FAILED_OVERTIME",16.941176470600112,20.941176470600112,3242.9460391896,3263.8872156602
"A-G1.045-C3",174260,"promotion-3233",3,3487.4984750648,5604,5700,11520,106,100,106,100,106,100,6.000000000000005,88.33333333333333,"FAILED_OVERTIME",12.501524935199996,0,3583.4984750648,""
"A-G1.045-C3",182179,"promotion-505",0,380.5248747157,564,660,2304,21,14,21,14,21,20,5.000000000000004,87.5,"FAILED_OVERTIME",13.71428571429999,17.714285714300047,476.5248747157,494.23916043
"A-G1.045-C3",182179,"promotion-860",0,739.6238773628,1104,1200,2304,25,18,25,18,20.5,20,2.499999999999991,100,"SUCCESS",0,0,"",""
"A-G1.045-C3",182179,"promotion-1237",1,1179.242304265,1824,1920,4032,35,28,35,28,35,35,0,83.33333333333334,"FAILED_OVERTIME",19.200000000000045,23.200000000000045,1275.242304265,1298.442304265
"A-G1.045-C3",182179,"promotion-1492",1,1534.1779681438,2364,2460,4032,45,38,45,38,45,35,28.57142857142858,100,"SUCCESS",0,0,"",""
"A-G1.045-C3",182179,"promotion-1719",2,1856.3473078912,2904,3000,6912,63,57,63,57,55.44,60,-7.600000000000007,84.87499999999997,"FAILED_OVERTIME",16.594285714299986,20.594285714299986,1952.3473078912,1972.9415936055
"A-G1.045-C3",182179,"promotion-1980",2,2206.0827035524,3444,3540,6912,76,69,76,69,76,60,26.66666666666666,100,"SUCCESS",0,0,"",""
"A-G1.045-C3",182179,"promotion-2695",3,3046.4124501092,4884,4980,11520,100,93,100,93,82,100,-18.000000000000004,74.42708333333333,"FAILED_OVERTIME",29.460000000000036,33.460000000000036,3142.4124501092,3175.8724501092
"A-G1.045-C3",182179,"promotion-2948",3,3402.8100685485,5424,5520,11520,103,97,103,97,92.7,100,-7.299999999999995,79.9322916666669,"FAILED_OVERTIME",22.44466019419997,26.44466019419997,3498.8100685485,3525.2547287427
"A-G1.045-C3",190098,"promotion-377",0,262.5563128797,384,480,2304,21,14,21,14,21,20,5.000000000000004,87.5,"FAILED_OVERTIME",13.71428571429999,17.71428571429999,358.5563128797,376.270598594
"A-G1.045-C3",190098,"promotion-610",0,619.2252724812,924,1020,2304,27,20,27,20,27,20,35.00000000000001,100,"SUCCESS",0,0,"",""
"A-G1.045-C3",190098,"promotion-861",1,944.4142747422,1464,1560,4032,39,33,39,33,39,35,11.428571428571432,92.85714285714286,"FAILED_OVERTIME",7.384615384600011,11.38461538460001,1040.4142747422,1051.7988901268
"A-G1.045-C3",190098,"promotion-1125",1,1283.0274942713,2004,2100,4032,48,42,48,42,48,35,37.142857142857146,100,"SUCCESS",0,0,"",""
"A-G1.045-C3",190098,"promotion-1286",2,1497.5807858056,2364,2460,6912,61,54,61,54,61,60,1.6666666666666607,84.72222222222221,"FAILED_OVERTIME",17.311475409800096,21.31147540979987,1593.5807858056,1614.8922612154
"A-G1.045-C3",190098,"promotion-1508",2,1839.584033506,2904,3000,6912,69,62,69,62,69,60,14.999999999999991,95.83333333333334,"FAILED_OVERTIME",4.1739130434998515,8.173913043500079,1935.584033506,1943.7579465495
"A-G1.045-C3",190098,"promotion-1764",2,2171.6503059713,3444,3540,6912,77,70,77,70,77,60,28.333333333333343,100,"SUCCESS",0,0,"",""
"A-G1.045-C3",190098,"promotion-2401",3,3022.0912503962,4884,4980,11520,100,93,100,93,100,100,0,83.33333333333334,"FAILED_OVERTIME",19.199999999999818,23.200000000000273,3118.0912503962,3141.2912503962
"A-G1.045-C3",190098,"promotion-2629",3,3354.1820534161,5424,5520,11520,104,97,104,97,93.60000000000001,100,-6.399999999999995,85.58333333333334,"FAILED_OVERTIME",15.969230769200294,19.96923076919984,3450.1820534161,3470.1512841853
"A-G1.045-C3",198017,"promotion-473",0,384.9212306413,564,660,2304,22,14,22,14,19.8,20,-1.0000000000000009,85.3645833333336,"FAILED_OVERTIME",15.327272727300056,19.3272727273,480.9212306413,500.2485033686
"A-G1.045-C3",198017,"promotion-839",0,744.512468078,1104,1200,2304,26,19,26,19,21.32,20,6.600000000000006,96.75520833333337,"FAILED_OVERTIME",2.8753846153999802,6.87538461539998,840.512468078,847.3878526934
"A-G1.045-C3",198017,"promotion-1278",0,1083.6764239133,1644,1740,2304,31,24,31,24,25.42,20,27.100000000000012,100,"SUCCESS",0,0,"",""
"A-G1.045-C3",198017,"promotion-1474",1,1296.682138199,2004,2100,4032,35,28,35,28,35,35,0,83.33333333333334,"FAILED_OVERTIME",19.199999999999818,23.200000000000045,1392.682138199,1415.882138199
"A-G1.045-C3",198017,"promotion-1733",1,1640.8037865714,2544,2640,4032,43,36,43,36,43,35,22.857142857142865,100,"SUCCESS",0,0,"",""
"A-G1.045-C3",198017,"promotion-2138",2,2184.6260287463,3444,3540,6912,64,57,64,57,52.480000000000004,60,-12.53333333333333,82.38888888888877,"FAILED_OVERTIME",19.019999999999982,23.019999999999982,2280.6260287463,2303.6460287463
"A-G1.045-C3",198017,"promotion-2414",2,2533.0636371573,3984,4080,6912,74,68,74,68,74,60,23.33333333333334,100,"SUCCESS",0,0,"",""
"A-G1.045-C3",198017,"promotion-3205",3,3485.9796207274,5604,5700,11520,100,94,100,94,90,100,-9.999999999999998,79.16666666666666,"FAILED_OVERTIME",14.020379272599712,0,3581.9796207274,""
"A-G1.045-C3",205936,"promotion-82",0,139.5884740259,204,300,2304,22,15,22,15,22,20,10.000000000000009,91.66666666666666,"FAILED_OVERTIME",8.727272727299976,12.727272727299976,235.5884740259,248.3157467532
"A-G1.045-C3",205936,"promotion-471",0,487.6916584221,744,840,2304,28,21,28,21,28,20,39.99999999999999,100,"SUCCESS",0,0,"",""
"A-G1.045-C3",205936,"promotion-624",1,702.0195015593,1104,1200,4032,35,28,35,28,35,35,0,83.33333333333334,"FAILED_OVERTIME",19.200000000000045,23.200000000000045,798.0195015593,821.2195015593
"A-G1.045-C3",205936,"promotion-902",1,1043.8392754048,1644,1740,4032,49,43,49,43,49,35,39.99999999999999,100,"SUCCESS",0,0,"",""
"A-G1.045-C3",205936,"promotion-1122",2,1363.7825197028,2184,2280,6912,64,57,64,57,64,60,6.666666666666665,88.88888888888889,"FAILED_OVERTIME",12,16,1459.7825197028,1475.7825197028
"A-G1.045-C3",205936,"promotion-1370",2,1689.67669436,2724,2820,6912,71,65,71,65,71,60,18.333333333333336,98.61111111111111,"FAILED_OVERTIME",1.3521126761002051,5.352112676099978,1785.67669436,1791.0288070361
"A-G1.045-C3",205936,"promotion-1612",2,2022.9004011487,3264,3360,6912,77,71,77,71,55.44,60,-7.600000000000007,98.99045138888857,"FAILED_OVERTIME",0.9062337661998754,4.906233766199875,2118.9004011487,2123.8066349149
"A-G1.045-C3",205936,"promotion-1857",2,2353.2369426071,3804,3900,6912,82,75,82,75,67.24000000000001,60,12.066666666666691,100,"SUCCESS",0,0,"",""
"A-G1.045-C3",205936,"promotion-2460",3,3106.5952146832,5064,5160,11520,100,94,100,94,88,100,-12,80.83333333333333,"FAILED_OVERTIME",22.079999999999927,26.079999999999927,3202.5952146832,3228.6752146832
"A-G1.045-C3",205936,"promotion-2708",3,3447.116222808,5604,5700,11520,105,98,105,98,94.5,100,-5.500000000000005,83.125,"FAILED_OVERTIME",18.51428571430006,22.514285714299604,3543.116222808,3565.6305085223
"A-G1.045-C3",213855,"promotion-70",0,137.1333333333,204,300,2304,21,14,21,14,21,20,5.000000000000004,87.49999999999999,"FAILED_OVERTIME",13.71428571429999,17.71428571430002,233.1333333333,250.8476190476
"A-G1.045-C3",213855,"promotion-386",0,491.2160268945,744,840,2304,25,17,25,17,25,20,25,100,"SUCCESS",0,0,"",""
"A-G1.045-C3",213855,"promotion-626",1,822.6074980382,1284,1380,4032,36,29,36,29,31.68,35,-9.485714285714286,83.14285714285712,"FAILED_OVERTIME",18.88000000000011,22.879999999999995,918.6074980382,941.4874980382
"A-G1.045-C3",213855,"promotion-887",1,1177.2196031681,1824,1920,4032,45,38,45,38,40.5,35,15.714285714285726,100,"SUCCESS",0,0,"",""
"A-G1.045-C3",213855,"promotion-1127",2,1508.5332498338,2364,2460,6912,61,55,61,55,54.9,60,-8.500000000000007,80.48611111111096,"FAILED_OVERTIME",22.111475409799823,26.11147540980005,1604.5332498338,1630.6447252436
"A-G1.045-C3",213855,"promotion-1395",2,1849.9870063541,2904,3000,6912,73,66,73,66,73,60,21.666666666666657,100,"SUCCESS",0,0,"",""
"A-G1.045-C3",213855,"promotion-2234",3,2896.4333744526,4704,4800,11520,100,94,100,94,100,100,0,83.33333333333334,"FAILED_OVERTIME",19.199999999999818,23.199999999999818,2992.4333744526,3015.6333744526
"A-G1.045-C3",213855,"promotion-2405",3,3237.3879689639,5244,5340,11520,103,96,103,96,92.7,100,-7.299999999999995,78.32291666666704,"FAILED_OVERTIME",24.24466019420015,28.244660194199696,3333.3879689639,3361.6326291581
"A-G1.045-C3",213855,"promotion-2588",3,3581.2383666635,5784,5880,11520,105,98,105,98,105,100,5.000000000000004,"","",0,0,"",""
"A-G1.045-C3",221774,"promotion-486",0,381.4666631823,564,660,2304,21,14,21,14,17.220000000000002,20,-13.89999999999999,87.0078125,"FAILED_OVERTIME",14.254285714299954,18.25428571430001,477.4666631823,495.7209488966
"A-G1.045-C3",221774,"promotion-886",0,734.9662471551,1104,1200,2304,25,17,25,17,22.5,20,12.5,97.00520833333334,"FAILED_OVERTIME",2.759999999999991,6.760000000000105,830.9662471551,837.7262471551
"A-G1.045-C3",221774,"promotion-1261",0,1074.1583025677,1644,1740,2304,29,22,29,22,20.88,20,4.400000000000004,100,"SUCCESS",0,0,"",""
"A-G1.045-C3",221774,"promotion-1421",1,1290.7463061982,2004,2100,4032,39,32,39,32,39,35,11.428571428571432,92.85714285714286,"FAILED_OVERTIME",7.384615384599783,11.38461538460001,1386.7463061982,1398.1309215828
"A-G1.045-C3",221774,"promotion-1688",1,1628.0363969343,2544,2640,4032,49,42,49,42,44.1,35,26,100,"SUCCESS",0,0,"",""
"A-G1.045-C3",221774,"promotion-2002",2,2056.8707965432,3264,3360,6912,64,57,64,57,64,60,6.666666666666665,88.88888888888889,"FAILED_OVERTIME",12,16,2152.8707965432,2168.8707965432
"A-G1.045-C3",221774,"promotion-2248",2,2387.070694539,3804,3900,6912,74,68,74,68,74,60,23.33333333333334,100,"SUCCESS",0,0,"",""
"A-G1.045-C3",221774,"promotion-2941",3,3232.3767264443,5244,5340,11520,100,93,100,93,100,100,0,83.33333333333334,"FAILED_OVERTIME",19.199999999999818,23.200000000000273,3328.3767264443,3351.5767264443
"A-G1.045-C3",221774,"promotion-3171",3,3571.5662995137,5784,5880,11520,104,97,104,97,93.60000000000001,100,-6.399999999999995,"","",0,0,"",""
"A-G1.045-C3",229693,"promotion-426",0,378.7205472993,564,660,2304,23,16,23,16,18.860000000000003,20,-5.699999999999983,95.29427083333333,"FAILED_OVERTIME",4.7139130435000425,8.713913043499986,474.7205472993,483.4344603428
"A-G1.045-C3",229693,"promotion-639",0,720.471736317,1104,1200,2304,28,21,28,21,20.16,20,0.8000000000000007,100,"SUCCESS",0,0,"",""
"A-G1.045-C3",229693,"promotion-869",1,1045.8706046314,1644,1740,4032,38,31,38,31,38,35,8.571428571428562,90.47619047619048,"FAILED_OVERTIME",10.105263157900026,14.105263157900026,1141.8706046314,1155.9758677893
"A-G1.045-C3",229693,"promotion-1144",1,1379.6849058336,2184,2280,4032,44,37,44,37,44,35,25.71428571428571,100,"SUCCESS",0,0,"",""
"A-G1.045-C3",229693,"promotion-1546",2,1908.9428584212,3084,3180,6912,66,59,66,59,66,60,10.000000000000009,91.66666666666666,"FAILED_OVERTIME",8.727272727299805,12.727272727300033,2004.9428584212,2017.6701311485
"A-G1.045-C3",229693,"promotion-1800",2,2246.3106782728,3624,3720,6912,76,69,76,69,76,60,26.66666666666666,100,"SUCCESS",0,0,"",""
"A-G1.045-C3",229693,"promotion-2358",3,2892.5507412853,4704,4800,11520,101,94,101,94,101,100,1.0000000000000009,84.16666666666667,"FAILED_OVERTIME",18.0594059406003,22.0594059406003,2988.5507412853,3010.6101472259
"A-G1.045-C3",229693,"promotion-2606",3,3228.1245583677,5244,5340,11520,105,98,105,98,105,100,5.000000000000004,87.5,"FAILED_OVERTIME",13.714285714299876,17.714285714299876,3324.1245583677,3341.838844082
"A-G1.045-C3",229693,"promotion-2843",3,3565.8140134328,5784,5880,11520,109,103,109,103,109,100,9.000000000000007,"","",0,0,"",""
