version,seed,worldTime,realSeconds,rank,efficiency,quality,evaluatedEfficiency,evaluatedQuality,eqQualified,overdue,overdueQualified,cooldownEnded,unfinishedPromotion,mandatoryBoss,bossMeeting,blockingReasons,assigned
"A-G1.040-C2",42,24,24,0,14,7,14,7,false,0,true,true,false,false,false,"EQ",false
"A-G1.040-C2",42,204,148.9333333333,0,16,9,16,9,false,0,true,true,false,false,false,"EQ",false
"A-G1.040-C2",42,384,269.2018214391,0,19,12,19,12,false,0,true,true,false,false,false,"EQ",false
"A-G1.040-C2",42,564,388.0504668337,0,23,16,23,16,true,0,true,true,false,false,false,"",true
"A-G1.040-C2",42,744,514.6387540538,0,23,16,23,16,true,0,true,false,false,false,false,"COOLDOWN",false
"A-G1.040-C2",42,924,626.8496115295,0,26,19,26,19,true,0,true,true,false,false,false,"",true
"A-G1.040-C2",42,1104,736.6115162914,1,26,19,26,19,false,0,true,true,false,false,false,"EQ",false
"A-G1.040-C2",42,1284,844.5004051803,1,30,23,30,23,false,0,true,true,false,false,false,"EQ",false
"A-G1.040-C2",42,1464,954.2773996051,1,34,27,34,27,false,0,true,true,false,false,false,"EQ",false
"A-G1.040-C2",42,1644,1062.0355949222,1,38,31,38,31,true,0,true,true,false,false,false,"",true
"A-G1.040-C2",42,1824,1182.1404740645,1,38,31,38,31,true,0,true,false,false,false,false,"COOLDOWN",false
"A-G1.040-C2",42,2004,1291.2084230983,1,42,35,42,35,true,0,true,true,false,false,false,"",true
"A-G1.040-C2",42,2184,1400.2815413778,2,42,35,42,35,false,0,true,true,false,false,false,"EQ",false
"A-G1.040-C2",42,2364,1513.2090607576,2,54,47,54,47,false,0,true,true,false,false,false,"EQ",false
"A-G1.040-C2",42,2544,1618.7286980737,2,65,57,65,57,true,0,true,true,false,false,false,"",true
"A-G1.040-C2",42,2724,1736.3879336809,2,65,57,65,57,true,2,false,false,false,false,false,"OVERDUE|COOLDOWN",false
"A-G1.040-C2",42,2904,1852.3335777798,2,71,64,71,64,true,0,true,true,false,false,false,"",true
"A-G1.040-C2",42,3084,1960.896488578,2,71,64,71,64,true,3,false,false,false,false,false,"OVERDUE|COOLDOWN",false
"A-G1.040-C2",42,3264,2064.0735719113,2,74,67,74,67,true,0,true,true,false,false,false,"",true
"A-G1.040-C2",42,3444,2170.3436372266,3,74,67,74,67,false,0,true,true,false,false,false,"EQ",false
"A-G1.040-C2",42,3624,2273.2715651545,3,83,77,83,77,false,0,true,true,false,false,false,"EQ",false
"A-G1.040-C2",42,3804,2378.9474832797,3,90,83,90,83,false,0,true,true,false,false,false,"EQ",false
"A-G1.040-C2",42,3984,2481.6690519072,3,95,88,95,88,false,0,true,true,false,false,false,"EQ",false
"A-G1.040-C2",42,4164,2584.3282279371,3,99,93,99,93,false,0,true,true,false,false,false,"EQ",false
"A-G1.040-C2",42,4344,2692.9541197276,3,102,96,102,96,true,0,true,true,false,false,false,"",true
"A-G1.040-C2",42,4524,2821.3696099237,3,102,96,102,96,true,0,true,false,false,false,false,"COOLDOWN",false
"A-G1.040-C2",42,4704,2923.9194381024,3,107,101,107,101,true,0,true,true,false,false,false,"",true
"A-G1.040-C2",42,4884,3041.871758493,3,107,101,107,101,true,2,false,false,false,false,false,"OVERDUE|COOLDOWN",false
"A-G1.040-C2",42,5064,3144.3850918263,3,110,104,110,104,true,0,true,true,false,false,false,"",true
"A-G1.040-C2",42,5244,3259.4135766748,3,110,104,110,104,true,0,true,false,false,false,false,"COOLDOWN",false
"A-G1.040-C2",42,5424,3365.5803564013,3,112,106,112,106,true,0,true,true,false,false,false,"",true
"A-G1.040-C2",42,5604,3492.4803564013,3,112,106,112,106,true,2,false,false,false,false,false,"OVERDUE|COOLDOWN",false
"A-G1.040-C2",42,5784,3597.7592383889,3,115,109,115,109,true,0,true,true,false,false,false,"",true
"A-G1.040-C2",7961,24,24,0,14,7,14,7,false,0,true,true,false,false,false,"EQ",false
"A-G1.040-C2",7961,204,148.9333333333,0,17,9,17,9,false,0,true,true,false,false,false,"EQ",false
"A-G1.040-C2",7961,384,270.6678291142,0,19,12,19,12,false,0,true,true,false,false,false,"EQ",false
"A-G1.040-C2",7961,564,387.948951706,0,22,15,22,15,true,0,true,true,false,false,false,"",true
"A-G1.040-C2",7961,744,514.848951706,0,22,15,22,15,true,0,true,false,false,false,false,"COOLDOWN",false
"A-G1.040-C2",7961,924,630.4062665374,0,24,17,24,17,true,0,true,true,false,false,false,"",true
"A-G1.040-C2",7961,1104,745.5062665374,1,24,17,24,17,false,0,true,true,false,false,false,"EQ",false
"A-G1.040-C2",7961,1284,857.5158087696,1,28,21,28,21,false,0,true,true,false,false,false,"EQ",false
"A-G1.040-C2",7961,1464,969.1454881942,1,31,24,31,24,false,0,true,true,false,false,false,"EQ",false
"A-G1.040-C2",7961,1644,1077.9251511726,1,34,27,34,27,false,0,true,true,false,false,false,"EQ",false
"A-G1.040-C2",7961,1824,1192.0418178393,1,41,33,41,33,true,0,true,true,false,false,false,"",true
"A-G1.040-C2",7961,2004,1308.2642568637,1,41,33,41,33,true,9,false,false,false,false,false,"OVERDUE|COOLDOWN",false
"A-G1.040-C2",7961,2184,1412.9690187685,1,47,39,47,39,true,0,true,true,false,false,false,"",true
"A-G1.040-C2",7961,2364,1518.3765636952,2,47,39,47,39,false,4,false,true,false,false,false,"EQ|OVERDUE",false
"A-G1.040-C2",7961,2544,1626.9973192055,2,59,52,59,52,false,0,true,true,false,false,false,"EQ",false
"A-G1.040-C2",7961,2724,1730.4008279774,2,68,61,68,61,true,0,true,true,false,false,false,"",true
"A-G1.040-C2",7961,2904,1845.0016112591,2,68,61,68,61,true,8,false,false,false,false,false,"OVERDUE|COOLDOWN",false
"A-G1.040-C2",7961,3084,1957.7589710205,2,73,67,73,67,true,0,true,true,false,false,false,"",true
"A-G1.040-C2",7961,3264,2066.5555028752,2,73,67,73,67,true,2,false,false,false,false,false,"OVERDUE|COOLDOWN",false
"A-G1.040-C2",7961,3444,2175.5657289577,2,79,72,79,72,true,0,true,true,false,false,false,"",true
"A-G1.040-C2",7961,3624,2278.621654476,3,79,73,79,73,false,0,true,true,false,false,false,"EQ",false
"A-G1.040-C2",7961,3804,2394.516766526,3,87,81,87,81,false,0,true,true,false,false,false,"EQ",false
"A-G1.040-C2",7961,3984,2504.5431628098,3,91,85,91,85,false,0,true,true,false,false,false,"EQ",false
"A-G1.040-C2",7961,4164,2607.2647314373,3,94,88,94,88,false,0,true,true,false,false,false,"EQ",false
"A-G1.040-C2",7961,4344,2718.7739074672,3,98,92,98,92,false,0,true,true,false,false,false,"EQ",false
"A-G1.040-C2",7961,4524,2823.0103797408,3,101,95,101,95,true,0,true,true,false,false,false,"",true
"A-G1.040-C2",7961,4704,2950.7554622491,3,101,95,101,95,true,1,false,false,false,false,false,"OVERDUE|COOLDOWN",false
"A-G1.040-C2",7961,4884,3055.8352898501,3,104,98,104,98,true,0,true,true,false,false,false,"",true
"A-G1.040-C2",7961,5064,3182.7352898501,3,104,98,104,98,true,5,false,false,false,false,false,"OVERDUE|COOLDOWN",false
"A-G1.040-C2",7961,5244,3289.0184360224,3,107,101,107,101,true,0,true,true,false,false,false,"",true
"A-G1.040-C2",7961,5424,3415.9184360224,3,107,101,107,101,true,11,false,false,false,false,false,"OVERDUE|COOLDOWN",false
"A-G1.040-C2",7961,5604,3525.7105602107,3,109,103,109,103,true,0,true,true,false,false,false,"",true
"A-G1.040-C2",15880,24,24,0,14,6,14,6,false,0,true,true,false,false,false,"EQ",false
"A-G1.040-C2",15880,204,148.1106753817,0,17,10,17,10,false,0,true,true,false,false,false,"EQ",false
"A-G1.040-C2",15880,384,267.7976979667,0,20,12,20,12,true,0,true,true,false,false,false,"",true
"A-G1.040-C2",15880,564,394.6976979667,0,20,12,20,12,true,4,false,false,false,false,false,"OVERDUE|COOLDOWN",false
"A-G1.040-C2",15880,744,510.2077394064,0,22,15,22,15,true,0,true,true,false,false,false,"",true
"A-G1.040-C2",15880,924,635.8562242549,0,22,15,22,15,true,4,false,false,false,false,false,"OVERDUE|COOLDOWN",false
"A-G1.040-C2",15880,1104,747.0228909216,0,24,16,24,16,true,0,true,true,false,false,false,"",true
"A-G1.040-C2",15880,1284,862.6538909216,0,24,16,24,16,true,0,true,false,false,false,false,"COOLDOWN",false
"A-G1.040-C2",15880,1464,975.8030932154,0,26,19,26,19,true,0,true,true,false,false,false,"",true
"A-G1.040-C2",15880,1644,1085.9537928491,1,26,19,26,19,false,0,true,true,false,false,false,"EQ",false
"A-G1.040-C2",15880,1824,1208.4341313525,1,31,23,31,23,false,0,true,true,false,false,false,"EQ",false
"A-G1.040-C2",15880,2004,1316.8037961945,1,42,34,42,34,true,0,true,true,false,false,false,"",true
"A-G1.040-C2",15880,2184,1428.9537961945,1,42,34,42,34,true,0,true,false,false,false,false,"COOLDOWN",false
"A-G1.040-C2",15880,2364,1537.652096939,1,45,38,45,38,true,0,true,true,false,false,false,"",true
"A-G1.040-C2",15880,2544,1642.4560185076,2,45,38,45,38,false,0,true,true,false,false,false,"EQ",false
"A-G1.040-C2",15880,2724,1749.0592684346,2,53,45,53,45,false,0,true,true,false,false,false,"EQ",false
"A-G1.040-C2",15880,2904,1856.9879929462,2,59,52,59,52,false,0,true,true,false,false,false,"EQ",false
"A-G1.040-C2",15880,3084,1964.0520885808,2,67,59,67,59,true,0,true,true,false,false,false,"",true
"A-G1.040-C2",15880,3264,2090.9520885808,2,67,59,67,59,true,2,false,false,false,false,false,"OVERDUE|COOLDOWN",false
"A-G1.040-C2",15880,3444,2206.0612311274,2,73,67,73,67,true,0,true,true,false,false,false,"",true
"A-G1.040-C2",15880,3624,2316.6277629821,2,73,67,73,67,true,0,true,false,false,false,false,"COOLDOWN",false
"A-G1.040-C2",15880,3804,2422.332047416,2,76,70,76,70,true,0,true,true,false,false,false,"",true
"A-G1.040-C2",15880,3984,2530.8814870599,2,76,70,76,70,true,1,true,false,false,false,false,"COOLDOWN",false
"A-G1.040-C2",15880,4164,2637.4864448731,2,81,74,81,74,true,0,true,true,false,false,false,"",true
"A-G1.040-C2",15880,4344,2740.4817500374,3,81,75,81,75,false,0,true,true,false,false,false,"EQ",false
"A-G1.040-C2",15880,4524,2843.2718734942,3,90,84,90,84,false,0,true,true,false,false,false,"EQ",false
"A-G1.040-C2",15880,4704,2945.9934421217,3,95,89,95,89,false,0,true,true,false,false,false,"EQ",false
"A-G1.040-C2",15880,4884,3055.8182076077,3,100,94,100,94,true,0,true,true,false,false,false,"",true
"A-G1.040-C2",15880,5064,3196.5438742744,3,100,94,100,94,true,2,false,false,false,false,false,"OVERDUE|COOLDOWN",false
"A-G1.040-C2",15880,5244,3311.3953055545,3,104,98,104,98,true,0,true,true,false,false,false,"",true
"A-G1.040-C2",15880,5424,3438.2953055545,3,104,98,104,98,true,0,true,false,false,false,false,"COOLDOWN",false
"A-G1.040-C2",15880,5604,3540.8327205205,3,107,101,107,101,true,0,true,true,false,false,false,"",true
"A-G1.040-C2",23799,24,24,0,14,7,14,7,false,0,true,true,false,false,false,"EQ",false
"A-G1.040-C2",23799,204,150.9,0,17,9,17,9,false,0,true,true,false,false,false,"EQ",false
"A-G1.040-C2",23799,384,273.3899875836,0,19,11,19,11,false,0,true,true,false,false,false,"EQ",false
"A-G1.040-C2",23799,564,393.4066542503,0,24,16,24,16,true,0,true,true,false,false,false,"",true
"A-G1.040-C2",23799,744,508.5066542503,1,24,16,24,16,false,13,false,true,false,false,false,"EQ|OVERDUE",false
"A-G1.040-C2",23799,924,630.8646983534,1,27,19,27,19,false,0,true,true,false,false,false,"EQ",false
"A-G1.040-C2",23799,1104,757.7646983534,1,37,30,37,30,true,0,true,true,false,false,false,"",true
"A-G1.040-C2",23799,1284,880.3265833153,1,37,30,37,30,true,15,false,false,false,false,false,"OVERDUE|COOLDOWN",false
"A-G1.040-C2",23799,1464,985.7288821659,1,40,33,40,33,true,0,true,true,false,false,false,"",true
"A-G1.040-C2",23799,1644,1099.7845143498,1,40,33,40,33,true,1,true,false,false,false,false,"COOLDOWN",false
"A-G1.040-C2",23799,1824,1204.4892762546,1,46,38,46,38,true,0,true,true,false,false,false,"",true
"A-G1.040-C2",23799,2004,1310.1185852608,2,46,39,46,39,false,0,true,true,false,false,false,"EQ",false
"A-G1.040-C2",23799,2184,1416.6408480072,2,55,48,55,48,false,0,true,true,false,false,false,"EQ",false
"A-G1.040-C2",23799,2364,1522.1204808096,2,65,58,65,58,true,0,true,true,false,false,false,"",true
"A-G1.040-C2",23799,2544,1639.7384865076,2,65,58,65,58,true,1,true,false,false,false,false,"COOLDOWN",false
"A-G1.040-C2",23799,2724,1746.4587070119,2,71,64,71,64,true,0,true,true,false,false,false,"",true
"A-G1.040-C2",23799,2904,1861.5116178101,2,71,64,71,64,true,0,true,false,false,false,false,"COOLDOWN",false
"A-G1.040-C2",23799,3084,1964.6328299313,2,76,70,76,70,true,0,true,true,false,false,false,"",true
"A-G1.040-C2",23799,3264,2067.7540420525,3,76,70,76,70,false,0,true,true,false,false,false,"EQ",false
"A-G1.040-C2",23799,3444,2173.2613801605,3,84,78,84,78,false,0,true,true,false,false,false,"EQ",false
"A-G1.040-C2",23799,3624,2287.3365601322,3,87,81,87,81,false,0,true,true,false,false,false,"EQ",false
"A-G1.040-C2",23799,3804,2391.8930871104,3,92,85,92,85,false,0,true,true,false,false,false,"EQ",false
"A-G1.040-C2",23799,3984,2497.1251755447,3,96,90,96,90,false,0,true,true,false,false,false,"EQ",false
"A-G1.040-C2",23799,4164,2602.2529382522,3,99,92,99,92,false,0,true,true,false,false,false,"EQ",false
"A-G1.040-C2",23799,4344,2712.5457802788,3,103,96,103,96,true,0,true,true,false,false,false,"",true
"A-G1.040-C2",23799,4524,2839.4457802788,3,103,96,103,96,true,3,false,false,false,false,false,"OVERDUE|COOLDOWN",false
"A-G1.040-C2",23799,4704,2942.0082802788,3,106,99,106,99,true,0,true,true,false,false,false,"",true
"A-G1.040-C2",23799,4884,3060.9720381404,3,106,99,106,99,true,0,true,false,false,false,false,"COOLDOWN",false
"A-G1.040-C2",23799,5064,3172.3472906656,3,108,102,108,102,true,0,true,true,false,false,false,"",true
"A-G1.040-C2",23799,5244,3289.2947654131,3,108,102,108,102,true,1,false,false,false,false,false,"OVERDUE|COOLDOWN",false
"A-G1.040-C2",23799,5424,3395.4919370471,3,110,103,110,103,true,0,true,true,false,false,false,"",true
"A-G1.040-C2",23799,5604,3522.3919370471,3,110,103,110,103,true,0,true,false,false,false,false,"COOLDOWN",false
"A-G1.040-C2",31718,24,24,0,14,7,14,7,false,0,true,true,false,false,false,"EQ",false
"A-G1.040-C2",31718,204,148.9333333333,0,17,9,17,9,false,0,true,true,false,false,false,"EQ",false
"A-G1.040-C2",31718,384,265.8519755557,0,20,12,20,12,true,0,true,true,false,false,false,"",true
"A-G1.040-C2",31718,564,392.7519755557,0,20,12,20,12,true,0,true,false,false,false,false,"COOLDOWN",false
"A-G1.040-C2",31718,744,509.8280366157,0,22,15,22,15,true,0,true,true,false,false,false,"",true
"A-G1.040-C2",31718,924,635.4765214642,0,22,15,22,15,true,0,true,false,false,false,false,"COOLDOWN",false
"A-G1.040-C2",31718,1104,748.9154310113,0,24,16,24,16,true,0,true,true,false,false,false,"",true
"A-G1.040-C2",31718,1284,864.5464310113,0,24,16,24,16,true,2,true,false,false,false,false,"COOLDOWN",false
"A-G1.040-C2",31718,1464,976.9272893887,0,26,19,26,19,true,0,true,true,false,false,false,"",true
"A-G1.040-C2",31718,1644,1087.0189890224,1,26,19,26,19,false,0,true,true,false,false,false,"EQ",false
"A-G1.040-C2",31718,1824,1193.2689890224,1,35,27,35,27,true,0,true,true,false,false,false,"",true
"A-G1.040-C2",31718,2004,1320.1689890224,1,35,27,35,27,true,5,false,false,false,false,false,"OVERDUE|COOLDOWN",false
"A-G1.040-C2",31718,2184,1427.5369746939,1,42,35,42,35,true,0,true,true,false,false,false,"",true
"A-G1.040-C2",31718,2364,1541.5660929734,1,42,35,42,35,true,0,true,false,false,false,false,"COOLDOWN",false
"A-G1.040-C2",31718,2544,1648.9018080741,1,49,42,49,42,true,0,true,true,false,false,false,"",true
"A-G1.040-C2",31718,2724,1753.2607824331,2,50,42,50,42,false,0,true,true,false,false,false,"EQ",false
"A-G1.040-C2",31718,2904,1859.2157645035,2,59,51,59,51,false,0,true,true,false,false,false,"EQ",false
"A-G1.040-C2",31718,3084,1971.5445523823,2,66,59,66,59,true,0,true,true,false,false,false,"",true
"A-G1.040-C2",31718,3264,2098.4445523823,2,66,59,66,59,true,5,false,false,false,false,false,"OVERDUE|COOLDOWN",false
"A-G1.040-C2",31718,3444,2204.4083362488,2,71,63,71,63,true,0,true,true,false,false,false,"",true
"A-G1.040-C2",31718,3624,2317.691247047,2,71,63,71,63,true,0,true,false,false,false,false,"COOLDOWN",false
"A-G1.040-C2",31718,3804,2424.9205692727,2,73,67,73,67,true,0,true,true,false,false,false,"",true
"A-G1.040-C2",31718,3984,2530.7671011274,3,73,67,73,67,false,1,false,true,false,false,false,"EQ|OVERDUE",false
"A-G1.040-C2",31718,4164,2639.7079802104,3,78,72,78,72,false,0,true,true,false,false,false,"EQ",false
"A-G1.040-C2",31718,4344,2742.7032853747,3,80,74,80,74,false,0,true,true,false,false,false,"EQ",false
"A-G1.040-C2",31718,4524,2850.0151070783,3,84,78,84,78,false,0,true,true,false,false,false,"EQ",false
"A-G1.040-C2",31718,4704,2961.6552305351,3,90,84,90,84,false,0,true,true,false,false,false,"EQ",false
"A-G1.040-C2",31718,4884,3071.3280763103,3,95,89,95,89,false,0,true,true,false,false,false,"EQ",false
"A-G1.040-C2",31718,5064,3177.3328326122,3,98,92,98,92,false,0,true,true,false,false,false,"EQ",false
"A-G1.040-C2",31718,5244,3283.6380613941,3,101,95,101,95,true,0,true,true,false,false,false,"",true
"A-G1.040-C2",31718,5424,3410.5380613941,3,101,95,101,95,true,0,true,false,false,false,false,"COOLDOWN",false
"A-G1.040-C2",31718,5604,3513.1267138764,3,103,97,103,97,true,0,true,true,false,false,false,"",true
"A-G1.040-C2",39637,24,24,0,14,7,14,7,false,0,true,true,false,false,false,"EQ",false
"A-G1.040-C2",39637,384,263.6729621525,0,20,13,20,13,true,0,true,true,false,false,false,"",true
"A-G1.040-C2",39637,564,390.5729621525,0,20,13,20,13,true,0,true,false,false,false,false,"COOLDOWN",false
"A-G1.040-C2",39637,744,506.6406824294,0,23,16,23,16,true,0,true,true,false,false,false,"",true
"A-G1.040-C2",39637,924,626.7389696495,0,23,16,23,16,true,0,true,false,false,false,false,"COOLDOWN",false
"A-G1.040-C2",39637,1104,735.4473029828,0,27,20,27,20,true,0,true,true,false,false,false,"",true
"A-G1.040-C2",39637,1284,844.4469943409,1,27,20,27,20,false,6,false,true,false,false,false,"EQ|OVERDUE",false
"A-G1.040-C2",39637,1464,950.9107624568,1,35,27,35,27,true,0,true,true,false,false,false,"",true
"A-G1.040-C2",39637,1644,1078.0074291235,1,35,27,35,27,true,7,false,false,false,false,false,"OVERDUE|COOLDOWN",false
"A-G1.040-C2",39637,1824,1186.5056585045,1,38,30,38,30,true,0,true,true,false,false,false,"",true
"A-G1.040-C2",39637,2004,1306.0795376468,1,38,30,38,30,true,0,true,false,false,false,false,"COOLDOWN",false
"A-G1.040-C2",39637,2184,1413.8547361888,1,42,35,42,35,true,0,true,true,false,false,false,"",true
"A-G1.040-C2",39637,2364,1533.0168544683,1,42,35,42,35,true,0,true,false,false,false,false,"COOLDOWN",false
"A-G1.040-C2",39637,2544,1641.8114508508,1,47,39,47,39,true,0,true,true,false,false,false,"",true
"A-G1.040-C2",39637,2724,1748.5733421038,2,47,39,47,39,false,2,false,true,false,false,false,"EQ|OVERDUE",false
"A-G1.040-C2",39637,2904,1858.4173785481,2,61,53,61,53,true,0,true,true,false,false,false,"",true
"A-G1.040-C2",39637,3084,1988.2589960344,2,61,53,61,53,true,15,false,false,false,false,false,"OVERDUE|COOLDOWN",false
"A-G1.040-C2",39637,3264,2091.7377839132,2,66,58,66,58,true,0,true,true,false,false,false,"",true
"A-G1.040-C2",39637,3444,2207.7317233071,2,66,58,66,58,true,1,true,false,false,false,false,"COOLDOWN",false
"A-G1.040-C2",39637,3624,2313.091842745,2,73,66,73,66,true,0,true,true,false,false,false,"",true
"A-G1.040-C2",39637,3804,2422.6855845332,2,73,66,73,66,true,3,false,false,false,false,false,"OVERDUE|COOLDOWN",false
"A-G1.040-C2",39637,3984,2531.199118243,2,79,72,79,72,true,0,true,true,false,false,false,"",true
"A-G1.040-C2",39637,4164,2634.5313728752,3,79,72,79,72,false,1,false,true,false,false,false,"EQ|OVERDUE",false
"A-G1.040-C2",39637,4344,2749.9149383389,3,88,81,88,81,false,0,true,true,false,false,false,"EQ",false
"A-G1.040-C2",39637,4524,2856.572496053,3,93,87,93,87,false,0,true,true,false,false,false,"EQ",false
"A-G1.040-C2",39637,4704,2963.1020454074,3,96,89,96,89,false,0,true,true,false,false,false,"EQ",false
"A-G1.040-C2",39637,4884,3065.7464898518,3,99,93,99,93,false,0,true,true,false,false,false,"EQ",false
"A-G1.040-C2",39637,5064,3168.3624318808,3,102,96,102,96,true,0,true,true,false,false,false,"",true
"A-G1.040-C2",39637,5244,3295.2624318808,3,102,96,102,96,true,1,false,false,false,false,false,"OVERDUE|COOLDOWN",false
"A-G1.040-C2",39637,5424,3397.8378704773,3,105,99,105,99,true,0,true,true,false,false,false,"",true
"A-G1.040-C2",39637,5604,3524.7378704773,3,105,99,105,99,true,4,false,false,false,false,false,"OVERDUE|COOLDOWN",false
"A-G1.040-C2",47556,24,24,0,14,6,14,6,false,0,true,true,false,false,false,"EQ",false
"A-G1.040-C2",47556,204,145,0,18,11,18,11,false,0,true,true,false,false,false,"EQ",false
"A-G1.040-C2",47556,384,260.2175317461,0,21,14,21,14,true,0,true,true,false,false,false,"",true
"A-G1.040-C2",47556,564,387.1175317461,0,21,14,21,14,true,0,true,false,false,false,false,"COOLDOWN",false
"A-G1.040-C2",47556,744,501.053205706,0,23,16,23,16,true,0,true,true,false,false,false,"",true
"A-G1.040-C2",47556,924,620.2575535321,0,23,16,23,16,true,2,true,false,false,false,false,"COOLDOWN",false
"A-G1.040-C2",47556,1104,731.1659919075,0,29,21,29,21,true,0,true,true,false,false,false,"",true
"A-G1.040-C2",47556,1284,839.0548807964,1,30,23,30,23,false,0,true,true,false,false,false,"EQ",false
"A-G1.040-C2",47556,1464,944.7585845001,1,38,31,38,31,true,0,true,true,false,false,false,"",true
"A-G1.040-C2",47556,1644,1064.3324636424,1,38,31,38,31,true,0,true,false,false,false,false,"COOLDOWN",false
"A-G1.040-C2",47556,1824,1177.986385211,1,46,38,46,38,true,0,true,true,false,false,false,"",true
"A-G1.040-C2",47556,2004,1285.4179444607,2,46,38,46,38,false,2,false,true,false,false,false,"EQ|OVERDUE",false
"A-G1.040-C2",47556,2184,1391.4634695496,2,58,51,58,51,false,0,true,true,false,false,false,"EQ",false
"A-G1.040-C2",47556,2364,1506.0980979107,2,65,57,65,57,true,0,true,true,false,false,false,"",true
"A-G1.040-C2",47556,2544,1632.9980979107,2,65,57,65,57,true,1,true,false,false,false,false,"COOLDOWN",false
"A-G1.040-C2",47556,2724,1747.9475510629,2,71,64,71,64,true,0,true,true,false,false,false,"",true
"A-G1.040-C2",47556,2904,1856.5104618611,2,71,64,71,64,true,0,true,false,false,false,false,"COOLDOWN",false
"A-G1.040-C2",47556,3084,1968.3364100215,2,75,69,75,69,true,0,true,true,false,false,false,"",true
"A-G1.040-C2",47556,3264,2075.3319554761,3,75,69,75,69,false,0,true,true,false,false,false,"EQ",false
"A-G1.040-C2",47556,3444,2187.1541776984,3,81,75,81,75,false,0,true,true,false,false,false,"EQ",false
"A-G1.040-C2",47556,3624,2297.2306325183,3,87,81,87,81,false,0,true,true,false,false,false,"EQ",false
"A-G1.040-C2",47556,3804,2403.3460861867,3,90,84,90,84,false,0,true,true,false,false,false,"EQ",false
"A-G1.040-C2",47556,3984,2506.101106267,3,93,86,93,86,false,0,true,true,false,false,false,"EQ",false
"A-G1.040-C2",47556,4164,2608.8065326236,3,96,90,96,90,false,0,true,true,false,false,false,"EQ",false
"A-G1.040-C2",47556,4344,2715.7270642488,3,99,92,99,92,false,0,true,true,false,false,false,"EQ",false
"A-G1.040-C2",47556,4524,2818.3571008789,3,100,94,100,94,true,0,true,true,false,false,false,"",true
"A-G1.040-C2",47556,4704,2945.2571008789,3,100,94,100,94,true,0,true,false,false,false,false,"COOLDOWN",false
"A-G1.040-C2",47556,4884,3060.4404063933,3,103,96,103,96,true,0,true,true,false,false,false,"",true
"A-G1.040-C2",47556,5064,3187.7776555843,3,103,96,103,96,true,0,true,false,false,false,false,"COOLDOWN",false
"A-G1.040-C2",47556,5244,3290.3530941808,3,105,98,105,98,true,0,true,true,false,false,false,"",true
"A-G1.040-C2",47556,5424,3417.2530941808,3,105,98,105,98,true,0,true,false,false,false,false,"COOLDOWN",false
"A-G1.040-C2",47556,5604,3519.7905091468,3,107,101,107,101,true,0,true,true,false,false,false,"",true
"A-G1.040-C2",55475,24,24,0,14,6,14,6,false,0,true,true,false,false,false,"EQ",false
"A-G1.040-C2",55475,204,148.9333333333,0,16,9,16,9,false,0,true,true,false,false,false,"EQ",false
"A-G1.040-C2",55475,384,270.5749299919,0,19,12,19,12,false,0,true,true,false,false,false,"EQ",false
"A-G1.040-C2",55475,564,387.7431462574,0,21,14,21,14,true,0,true,true,false,false,false,"",true
"A-G1.040-C2",55475,744,514.6431462574,0,21,14,21,14,true,0,true,false,false,false,false,"COOLDOWN",false
"A-G1.040-C2",55475,924,629.108963122,0,23,16,23,16,true,0,true,true,false,false,false,"",true
"A-G1.040-C2",55475,1104,756.008963122,0,23,16,23,16,true,2,true,false,false,false,false,"COOLDOWN",false
"A-G1.040-C2",55475,1284,873.1352171511,0,28,20,28,20,true,0,true,true,false,false,false,"",true
"A-G1.040-C2",55475,1464,982.1401492682,1,28,21,28,21,false,11,false,true,false,false,false,"EQ|OVERDUE",false
"A-G1.040-C2",55475,1644,1088.8371189651,1,33,26,33,26,false,0,true,true,false,false,false,"EQ",false
"A-G1.040-C2",55475,1824,1194.7089138369,1,37,30,37,30,true,0,true,true,false,false,false,"",true
"A-G1.040-C2",55475,2004,1321.6089138369,1,37,30,37,30,true,0,true,false,false,false,false,"COOLDOWN",false
"A-G1.040-C2",55475,2184,1429.5278043916,1,41,33,41,33,true,0,true,true,false,false,false,"",true
"A-G1.040-C2",55475,2364,1541.030243416,1,41,33,41,33,true,0,true,false,false,false,false,"COOLDOWN",false
"A-G1.040-C2",55475,2544,1657.3093193254,1,44,37,44,37,true,0,true,true,false,false,false,"",true
"A-G1.040-C2",55475,2724,1773.837834477,1,44,37,44,37,true,3,false,false,false,false,false,"OVERDUE|COOLDOWN",false
"A-G1.040-C2",55475,2904,1880.5092616343,1,48,40,48,40,true,0,true,true,false,false,false,"",true
"A-G1.040-C2",55475,3084,1985.0317841568,2,49,41,49,41,false,0,true,true,false,false,false,"EQ",false
"A-G1.040-C2",55475,3264,2091.2831186817,2,60,52,60,52,true,0,true,true,false,false,false,"",true
"A-G1.040-C2",55475,3444,2225.5187853484,2,60,52,60,52,true,7,false,false,false,false,false,"OVERDUE|COOLDOWN",false
"A-G1.040-C2",55475,3624,2333.2333473743,2,64,57,64,57,true,0,true,true,false,false,false,"",true
"A-G1.040-C2",55475,3804,2460.1333473743,2,64,57,64,57,true,2,false,false,false,false,false,"OVERDUE|COOLDOWN",false
"A-G1.040-C2",55475,3984,2563.4333473743,2,71,64,71,64,true,0,true,true,false,false,false,"",true
"A-G1.040-C2",55475,4164,2671.9962581725,2,71,64,71,64,true,0,true,false,false,false,false,"COOLDOWN",false
"A-G1.040-C2",55475,4344,2777.3382246532,2,74,67,74,67,true,0,true,true,false,false,false,"",true
"A-G1.040-C2",55475,4524,2881.8972899685,3,74,67,74,67,false,1,false,true,false,false,false,"EQ|OVERDUE",false
"A-G1.040-C2",55475,4704,2988.7236766949,3,80,73,80,73,false,0,true,true,false,false,false,"EQ",false
"A-G1.040-C2",55475,4884,3091.5894775607,3,87,81,87,81,false,0,true,true,false,false,false,"EQ",false
"A-G1.040-C2",55475,5064,3200.9963495098,3,93,87,93,87,false,0,true,true,false,false,false,"EQ",false
"A-G1.040-C2",55475,5244,3303.7017758664,3,96,89,96,89,false,0,true,true,false,false,false,"EQ",false
"A-G1.040-C2",55475,5424,3406.3462203108,3,100,93,100,93,true,0,true,true,false,false,false,"",true
"A-G1.040-C2",55475,5604,3536.9828869775,3,100,93,100,93,true,2,false,false,false,false,false,"OVERDUE|COOLDOWN",false
"A-G1.040-C2",63394,24,24,0,14,6,14,6,false,0,true,true,false,false,false,"EQ",false
"A-G1.040-C2",63394,204,150.8999999998,0,18,11,18,11,false,0,true,true,false,false,false,"EQ",false
"A-G1.040-C2",63394,384,268.019339385,0,20,13,20,13,true,0,true,true,false,false,false,"",true
"A-G1.040-C2",63394,564,394.919339385,0,20,13,20,13,true,1,true,false,false,false,false,"COOLDOWN",false
"A-G1.040-C2",63394,744,505.3295957953,0,25,18,25,18,true,0,true,true,false,false,false,"",true
"A-G1.040-C2",63394,924,620.6171855389,0,25,18,25,18,true,14,false,false,false,false,false,"OVERDUE|COOLDOWN",false
"A-G1.040-C2",63394,1104,733.559212727,0,26,19,26,19,true,0,true,true,false,false,false,"",true
"A-G1.040-C2",63394,1284,842.759212727,1,26,19,26,19,false,0,true,true,false,false,false,"EQ",false
"A-G1.040-C2",63394,1464,953.4759504233,1,29,22,29,22,false,0,true,true,false,false,false,"EQ",false
"A-G1.040-C2",63394,1644,1063.3147582906,1,32,25,32,25,false,0,true,true,false,false,false,"EQ",false
"A-G1.040-C2",63394,1824,1172.0022825597,1,36,29,36,29,true,0,true,true,false,false,false,"",true
"A-G1.040-C2",63394,2004,1298.9022825597,1,36,29,36,29,true,1,true,false,false,false,false,"COOLDOWN",false
"A-G1.040-C2",63394,2184,1410.0856226331,1,41,34,41,34,true,0,true,true,false,false,false,"",true
"A-G1.040-C2",63394,2364,1521.5880616575,1,41,34,41,34,true,0,true,false,false,false,false,"COOLDOWN",false
"A-G1.040-C2",63394,2544,1629.0887230941,1,45,37,45,37,true,0,true,true,false,false,false,"",true
"A-G1.040-C2",63394,2724,1736.3520705886,2,45,38,45,38,false,0,true,true,false,false,false,"EQ",false
"A-G1.040-C2",63394,2904,1844.2438559267,2,60,52,60,52,true,0,true,true,false,false,false,"",true
"A-G1.040-C2",63394,3084,1971.2225225934,2,60,52,60,52,true,10,false,false,false,false,false,"OVERDUE|COOLDOWN",false
"A-G1.040-C2",63394,3264,2086.6441136161,2,64,57,64,57,true,0,true,true,false,false,false,"",true
"A-G1.040-C2",63394,3444,2213.7997802828,2,64,57,64,57,true,0,true,false,false,false,false,"COOLDOWN",false
"A-G1.040-C2",63394,3624,2318.8383870844,2,71,65,71,65,true,0,true,true,false,false,false,"",true
"A-G1.040-C2",63394,3804,2427.3690574455,2,71,65,71,65,true,3,false,false,false,false,false,"OVERDUE|COOLDOWN",false
"A-G1.040-C2",63394,3984,2533.7633038006,2,77,71,77,71,true,0,true,true,false,false,false,"",true
"A-G1.040-C2",63394,4164,2636.8319312516,3,78,72,78,72,false,0,true,true,false,false,false,"EQ",false
"A-G1.040-C2",63394,4344,2747.8664515994,3,87,81,87,81,false,0,true,true,false,false,false,"EQ",false
"A-G1.040-C2",63394,4524,2850.6388093229,3,91,85,91,85,false,0,true,true,false,false,false,"EQ",false
"A-G1.040-C2",63394,4704,2956.1835368847,3,94,87,94,87,false,0,true,true,false,false,false,"EQ",false
"A-G1.040-C2",63394,4884,3062.2251406709,3,96,90,96,90,false,0,true,true,false,false,false,"EQ",false
"A-G1.040-C2",63394,5064,3164.8843167008,3,99,92,99,92,false,0,true,true,false,false,false,"EQ",false
"A-G1.040-C2",63394,5244,3276.3364672384,3,103,96,103,96,true,0,true,true,false,false,false,"",true
"A-G1.040-C2",63394,5424,3405.4437164294,3,103,96,103,96,true,2,false,false,false,false,false,"OVERDUE|COOLDOWN",false
"A-G1.040-C2",63394,5604,3514.3706484923,3,106,100,106,100,true,0,true,true,false,false,false,"",true
"A-G1.040-C2",71313,24,24,0,14,7,14,7,false,0,true,true,false,false,false,"EQ",false
"A-G1.040-C2",71313,204,148.9333333333,0,16,9,16,9,false,0,true,true,false,false,false,"EQ",false
"A-G1.040-C2",71313,384,267.4221501462,0,19,12,19,12,false,0,true,true,false,false,false,"EQ",false
"A-G1.040-C2",71313,564,383.8114278308,0,22,14,22,14,true,0,true,true,false,false,false,"",true
"A-G1.040-C2",71313,744,510.7114278308,0,22,14,22,14,true,1,true,false,false,false,false,"COOLDOWN",false
"A-G1.040-C2",71313,924,623.730213199,0,26,19,26,19,true,0,true,true,false,false,false,"",true
"A-G1.040-C2",71313,1104,733.5082997375,1,26,19,26,19,false,18,false,true,false,false,false,"EQ|OVERDUE",false
"A-G1.040-C2",71313,1284,841.7828095414,1,29,21,29,21,false,0,true,true,false,false,false,"EQ",false
"A-G1.040-C2",71313,1464,960.5654943063,1,33,25,33,25,false,0,true,true,false,false,false,"EQ",false
"A-G1.040-C2",71313,1644,1070.4962064256,1,35,28,35,28,true,0,true,true,false,false,false,"",true
"A-G1.040-C2",71313,1824,1197.3962064256,1,35,28,35,28,true,3,false,false,false,false,false,"OVERDUE|COOLDOWN",false
"A-G1.040-C2",71313,2004,1302.9438254732,1,39,32,39,32,true,0,true,true,false,false,false,"",true
"A-G1.040-C2",71313,2184,1419.6863163157,1,39,32,39,32,true,0,true,false,false,false,false,"COOLDOWN",false
"A-G1.040-C2",71313,2364,1527.296892807,1,42,35,42,35,true,0,true,true,false,false,false,"",true
"A-G1.040-C2",71313,2544,1641.216892807,1,42,35,42,35,true,0,true,false,false,false,false,"COOLDOWN",false
"A-G1.040-C2",71313,2724,1745.8280039181,1,47,40,47,40,true,0,true,true,false,false,false,"",true
"A-G1.040-C2",71313,2904,1850.8198951711,2,47,40,47,40,false,4,false,true,false,false,false,"EQ|OVERDUE",false
"A-G1.040-C2",71313,3084,1960.182354985,2,54,47,54,47,false,0,true,true,false,false,false,"EQ",false
"A-G1.040-C2",71313,3264,2063.7849190876,2,63,56,63,56,true,0,true,true,false,false,false,"",true
"A-G1.040-C2",71313,3444,2190.6849190876,2,63,56,63,56,true,3,false,false,false,false,false,"OVERDUE|COOLDOWN",false
"A-G1.040-C2",71313,3624,2297.6076950765,2,70,63,70,63,true,0,true,true,false,false,false,"",true
"A-G1.040-C2",71313,3804,2408.2795046004,2,70,63,70,63,true,0,true,false,false,false,false,"COOLDOWN",false
"A-G1.040-C2",71313,3984,2514.7183999309,2,76,70,76,70,true,0,true,true,false,false,false,"",true
"A-G1.040-C2",71313,4164,2617.8129272941,3,76,70,76,70,false,0,true,true,false,false,false,"EQ",false
"A-G1.040-C2",71313,4344,2724.732552877,3,83,76,83,76,false,0,true,true,false,false,false,"EQ",false
"A-G1.040-C2",71313,4524,2836.3726763337,3,91,84,91,84,false,0,true,true,false,false,false,"EQ",false
"A-G1.040-C2",71313,4704,2939.0942449612,3,95,88,95,88,false,0,true,true,false,false,false,"EQ",false
"A-G1.040-C2",71313,4884,3048.6983065141,3,99,92,99,92,false,0,true,true,false,false,false,"EQ",false
"A-G1.040-C2",71313,5064,3164.4396007422,3,100,94,100,94,true,0,true,true,false,false,false,"",true
"A-G1.040-C2",71313,5244,3291.4182674089,3,100,94,100,94,true,0,true,false,false,false,false,"COOLDOWN",false
"A-G1.040-C2",71313,5424,3402.0466562502,3,104,98,104,98,true,0,true,true,false,false,false,"",true
"A-G1.040-C2",71313,5604,3528.9466562502,3,104,98,104,98,true,7,false,false,false,false,false,"OVERDUE|COOLDOWN",false
"A-G1.040-C3",42,24,24,0,14,7,14,7,false,0,true,true,false,false,false,"EQ",false
"A-G1.040-C3",42,204,148.9333333333,0,16,9,16,9,false,0,true,true,false,false,false,"EQ",false
"A-G1.040-C3",42,384,269.2018214391,0,19,12,19,12,false,0,true,true,false,false,false,"EQ",false
"A-G1.040-C3",42,564,388.0504668337,0,23,16,23,16,true,0,true,true,false,false,false,"",true
"A-G1.040-C3",42,744,514.6387540538,0,23,16,23,16,true,0,true,false,false,false,false,"COOLDOWN",false
"A-G1.040-C3",42,924,626.8496115295,0,26,19,26,19,true,0,true,false,false,false,false,"COOLDOWN",false
"A-G1.040-C3",42,1104,738.0827158051,0,28,21,28,21,true,0,true,true,false,false,false,"",true
"A-G1.040-C3",42,1284,846.357225609,1,28,21,28,21,false,0,true,true,false,false,false,"EQ",false
"A-G1.040-C3",42,1464,952.4105589423,1,37,29,37,29,true,0,true,true,false,false,false,"",true
"A-G1.040-C3",42,1644,1079.3105589423,1,37,29,37,29,true,1,true,false,false,false,false,"COOLDOWN",false
"A-G1.040-C3",42,1824,1187.8894212761,1,41,33,41,33,true,0,true,false,false,false,false,"COOLDOWN",false
"A-G1.040-C3",42,2004,1297.2416698445,1,45,38,45,38,true,0,true,true,false,false,false,"",true
"A-G1.040-C3",42,2184,1402.0455914131,2,45,38,45,38,false,0,true,true,false,false,false,"EQ",false
"A-G1.040-C3",42,2364,1508.782558421,2,56,49,56,49,false,0,true,true,false,false,false,"EQ",false
"A-G1.040-C3",42,2544,1621.3258917543,2,61,53,61,53,true,0,true,true,false,false,false,"",true
"A-G1.040-C3",42,2724,1748.2258917543,2,61,53,61,53,true,1,true,false,false,false,false,"COOLDOWN",false
"A-G1.040-C3",42,2904,1856.0553073535,2,69,61,69,61,true,0,true,false,false,false,false,"COOLDOWN",false
"A-G1.040-C3",42,3084,1964.1456886228,2,75,69,75,69,true,0,true,true,false,false,false,"",true
"A-G1.040-C3",42,3264,2074.1187399049,2,75,69,75,69,true,1,true,false,false,false,false,"COOLDOWN",false
"A-G1.040-C3",42,3444,2182.5919418981,2,81,75,81,75,true,0,true,false,false,false,false,"COOLDOWN",false
"A-G1.040-C3",42,3624,2289.5452813429,2,84,78,84,78,true,0,true,true,false,false,false,"",true
"A-G1.040-C3",42,3804,2394.0440115017,3,85,78,85,78,false,0,true,true,false,false,false,"EQ",false
"A-G1.040-C3",42,3984,2498.6369127363,3,91,85,91,85,false,0,true,true,false,false,false,"EQ",false
"A-G1.040-C3",42,4164,2605.2429427126,3,96,90,96,90,false,0,true,true,false,false,false,"EQ",false
"A-G1.040-C3",42,4344,2712.6395974248,3,99,93,99,93,false,0,true,true,false,false,false,"EQ",false
"A-G1.040-C3",42,4524,2817.4952490591,3,103,96,103,96,true,0,true,true,false,false,false,"",true
"A-G1.040-C3",42,4704,2944.3952490591,3,103,96,103,96,true,5,false,false,false,false,false,"OVERDUE|COOLDOWN",false
"A-G1.040-C3",42,4884,3048.8117362347,3,106,100,106,100,true,0,true,false,false,false,false,"COOLDOWN",false
"A-G1.040-C3",42,5064,3157.7875514066,3,109,103,109,103,true,0,true,true,false,false,false,"",true
"A-G1.040-C3",42,5244,3273.7608235779,3,109,103,109,103,true,1,false,false,false,false,false,"OVERDUE|COOLDOWN",false
"A-G1.040-C3",42,5424,3379.9904409379,3,112,106,112,106,true,0,true,false,false,false,false,"COOLDOWN",false
"A-G1.040-C3",42,5604,3486.1165863941,3,114,108,114,108,true,0,true,true,false,false,false,"",true
"A-G1.040-C3",42,5784,3597.4754836372,3,114,108,114,108,true,4,false,false,false,false,false,"OVERDUE|COOLDOWN",false
"A-G1.040-C3",7961,24,24,0,14,7,14,7,false,0,true,true,false,false,false,"EQ",false
"A-G1.040-C3",7961,204,148.9333333333,0,17,9,17,9,false,0,true,true,false,false,false,"EQ",false
"A-G1.040-C3",7961,384,270.6678291142,0,19,12,19,12,false,0,true,true,false,false,false,"EQ",false
"A-G1.040-C3",7961,564,387.948951706,0,22,15,22,15,true,0,true,true,false,false,false,"",true
"A-G1.040-C3",7961,744,514.848951706,0,22,15,22,15,true,0,true,false,false,false,false,"COOLDOWN",false
"A-G1.040-C3",7961,924,630.4062665374,0,24,17,24,17,true,0,true,false,false,false,false,"COOLDOWN",false
"A-G1.040-C3",7961,1104,741.804352439,0,26,19,26,19,true,0,true,true,false,false,false,"",true
"A-G1.040-C3",7961,1284,851.004352439,1,26,19,26,19,false,0,true,true,false,false,false,"EQ",false
"A-G1.040-C3",7961,1464,961.7207279353,1,32,24,32,24,false,0,true,true,false,false,false,"EQ",false
"A-G1.040-C3",7961,1644,1068.1844960512,1,34,27,34,27,false,0,true,true,false,false,false,"EQ",false
"A-G1.040-C3",7961,1824,1176.1836107314,1,38,30,38,30,true,0,true,true,false,false,false,"",true
"A-G1.040-C3",7961,2004,1303.0836107314,1,38,30,38,30,true,0,true,false,false,false,false,"COOLDOWN",false
"A-G1.040-C3",7961,2184,1415.1794058196,1,41,33,41,33,true,0,true,false,false,false,false,"COOLDOWN",false
"A-G1.040-C3",7961,2364,1525.3869308433,1,47,39,47,39,true,0,true,true,false,false,false,"",true
"A-G1.040-C3",7961,2544,1632.7388220963,2,47,39,47,39,false,0,true,true,false,false,false,"EQ",false
"A-G1.040-C3",7961,2724,1745.0179376916,2,58,50,58,50,false,0,true,true,false,false,false,"EQ",false
"A-G1.040-C3",7961,2904,1848.3857537835,2,69,61,69,61,true,0,true,true,false,false,false,"",true
"A-G1.040-C3",7961,3084,1967.3432510349,2,69,61,69,61,true,1,true,false,false,false,false,"COOLDOWN",false
"A-G1.040-C3",7961,3264,2076.0494630412,2,76,70,76,70,true,0,true,false,false,false,false,"COOLDOWN",false
"A-G1.040-C3",7961,3444,2180.5301602175,2,83,76,83,76,true,0,true,true,false,false,false,"",true
"A-G1.040-C3",7961,3624,2284.5495283805,3,83,77,83,77,false,0,true,true,false,false,false,"EQ",false
"A-G1.040-C3",7961,3804,2387.321886104,3,91,85,91,85,false,0,true,true,false,false,false,"EQ",false
"A-G1.040-C3",7961,3984,2498.9099813421,3,94,88,94,88,false,0,true,true,false,false,false,"EQ",false
"A-G1.040-C3",7961,4164,2608.1982719845,3,97,91,97,91,false,0,true,true,false,false,false,"EQ",false
"A-G1.040-C3",7961,4344,2710.8427164289,3,99,93,99,93,false,0,true,true,false,false,false,"EQ",false
"A-G1.040-C3",7961,4524,2816.5838269844,3,101,95,101,95,true,0,true,true,false,false,false,"",true
"A-G1.040-C3",7961,4704,2943.4838269844,3,101,95,101,95,true,0,true,false,false,false,false,"COOLDOWN",false
"A-G1.040-C3",7961,4884,3046.0724794667,3,103,97,103,97,true,0,true,false,false,false,false,"COOLDOWN",false
"A-G1.040-C3",7961,5064,3152.9054235822,3,106,99,106,99,true,0,true,true,false,false,false,"",true
"A-G1.040-C3",7961,5244,3271.8691814438,3,106,99,106,99,true,1,false,false,false,false,false,"OVERDUE|COOLDOWN",false
"A-G1.040-C3",7961,5424,3374.4065964098,3,108,101,108,101,true,0,true,false,false,false,false,"COOLDOWN",false
"A-G1.040-C3",7961,5604,3480.2277788767,3,110,103,110,103,true,0,true,true,false,false,false,"",true
"A-G1.040-C3",7961,5784,3595.2562637252,3,110,103,110,103,true,1,false,false,false,false,false,"OVERDUE|COOLDOWN",false
"A-G1.040-C3",15880,24,24,0,14,6,14,6,false,0,true,true,false,false,false,"EQ",false
"A-G1.040-C3",15880,204,148.1106753817,0,17,10,17,10,false,0,true,true,false,false,false,"EQ",false
"A-G1.040-C3",15880,384,267.7976979667,0,20,12,20,12,true,0,true,true,false,false,false,"",true
"A-G1.040-C3",15880,564,394.6976979667,0,20,12,20,12,true,4,false,false,false,false,false,"OVERDUE|COOLDOWN",false
"A-G1.040-C3",15880,744,510.2077394064,0,22,15,22,15,true,0,true,false,false,false,false,"COOLDOWN",false
"A-G1.040-C3",15880,924,623.2106282249,0,24,17,24,17,true,0,true,true,false,false,false,"",true
"A-G1.040-C3",15880,1104,745.8142179685,0,24,17,24,17,true,0,true,false,false,false,false,"COOLDOWN",false
"A-G1.040-C3",15880,1284,865.9558215846,0,26,19,26,19,true,0,true,false,false,false,false,"COOLDOWN",false
"A-G1.040-C3",15880,1464,982.3496812337,0,30,23,30,23,true,0,true,true,false,false,false,"",true
"A-G1.040-C3",15880,1644,1089.583014567,1,31,23,31,23,false,0,true,true,false,false,false,"EQ",false
"A-G1.040-C3",15880,1824,1201.9898361508,1,34,27,34,27,false,0,true,true,false,false,false,"EQ",false
"A-G1.040-C3",15880,2004,1307.3921350014,1,41,33,41,33,true,0,true,true,false,false,false,"",true
"A-G1.040-C3",15880,2184,1421.9802062097,1,41,33,41,33,true,2,true,false,false,false,false,"COOLDOWN",false
"A-G1.040-C3",15880,2364,1526.5913173208,1,47,39,47,39,true,0,true,false,false,false,false,"COOLDOWN",false
"A-G1.040-C3",15880,2544,1635.0900356365,1,51,43,51,43,true,0,true,true,false,false,false,"",true
"A-G1.040-C3",15880,2724,1739.3733689698,2,51,44,51,44,false,0,true,true,false,false,false,"EQ",false
"A-G1.040-C3",15880,2904,1849.7529215275,2,63,55,63,55,true,0,true,true,false,false,false,"",true
"A-G1.040-C3",15880,3084,1976.6529215275,2,63,55,63,55,true,0,true,false,false,false,false,"COOLDOWN",false
"A-G1.040-C3",15880,3264,2081.931047351,2,68,61,68,61,true,0,true,false,false,false,false,"COOLDOWN",false
"A-G1.040-C3",15880,3444,2189.1886304031,2,73,67,73,67,true,0,true,true,false,false,false,"",true
"A-G1.040-C3",15880,3624,2295.0351622578,3,73,67,73,67,false,3,false,true,false,false,false,"EQ|OVERDUE",false
"A-G1.040-C3",15880,3804,2406.8349339473,3,83,76,83,76,false,0,true,true,false,false,false,"EQ",false
"A-G1.040-C3",15880,3984,2515.9684799909,3,88,82,88,82,false,0,true,true,false,false,false,"EQ",false
"A-G1.040-C3",15880,4164,2618.706575229,3,93,87,93,87,false,0,true,true,false,false,false,"EQ",false
"A-G1.040-C3",15880,4344,2721.3962304014,3,96,90,96,90,false,0,true,true,false,false,false,"EQ",false
"A-G1.040-C3",15880,4524,2829.4933797493,3,101,94,101,94,true,0,true,true,false,false,false,"",true
"A-G1.040-C3",15880,4704,2957.2384622576,3,101,94,101,94,true,1,false,false,false,false,false,"OVERDUE|COOLDOWN",false
"A-G1.040-C3",15880,4884,3067.2292446948,3,105,99,105,99,true,0,true,false,false,false,false,"COOLDOWN",false
"A-G1.040-C3",15880,5064,3173.2130827141,3,108,101,108,101,true,0,true,true,false,false,false,"",true
"A-G1.040-C3",15880,5244,3300.1130827141,3,108,101,108,101,true,0,true,false,false,false,false,"COOLDOWN",false
"A-G1.040-C3",15880,5424,3405.6423358192,3,109,103,109,103,true,0,true,false,false,false,false,"COOLDOWN",false
"A-G1.040-C3",15880,5604,3513.8956857266,3,112,105,112,105,true,0,true,true,false,false,false,"",true
"A-G1.040-C3",23799,24,24,0,14,7,14,7,false,0,true,true,false,false,false,"EQ",false
"A-G1.040-C3",23799,204,150.9,0,17,9,17,9,false,0,true,true,false,false,false,"EQ",false
"A-G1.040-C3",23799,384,273.3899875836,0,19,11,19,11,false,0,true,true,false,false,false,"EQ",false
"A-G1.040-C3",23799,564,393.4066542503,0,24,16,24,16,true,0,true,true,false,false,false,"",true
"A-G1.040-C3",23799,744,508.5066542503,1,24,16,24,16,false,13,false,true,false,false,false,"EQ|OVERDUE",false
"A-G1.040-C3",23799,924,630.8646983534,1,27,19,27,19,false,0,true,true,false,false,false,"EQ",false
"A-G1.040-C3",23799,1104,757.7646983534,1,37,30,37,30,true,0,true,true,false,false,false,"",true
"A-G1.040-C3",23799,1284,880.3265833153,1,37,30,37,30,true,15,false,false,false,false,false,"OVERDUE|COOLDOWN",false
"A-G1.040-C3",23799,1464,985.7288821659,1,40,33,40,33,true,0,true,false,false,false,false,"COOLDOWN",false
"A-G1.040-C3",23799,1644,1090.4336440707,1,46,39,46,39,true,0,true,true,false,false,false,"",true
"A-G1.040-C3",23799,1824,1195.1384059755,2,46,39,46,39,false,0,true,true,false,false,false,"EQ",false
"A-G1.040-C3",23799,2004,1299.2812631183,2,53,45,53,45,false,0,true,true,false,false,false,"EQ",false
"A-G1.040-C3",23799,2184,1405.8813841844,2,62,55,62,55,true,0,true,true,false,false,false,"",true
"A-G1.040-C3",23799,2364,1532.7813841844,2,62,55,62,55,true,2,false,false,false,false,false,"OVERDUE|COOLDOWN",false
"A-G1.040-C3",23799,2544,1638.1815034071,2,70,62,70,62,true,0,true,false,false,false,false,"COOLDOWN",false
"A-G1.040-C3",23799,2724,1745.2800379196,2,73,66,73,66,true,0,true,true,false,false,false,"",true
"A-G1.040-C3",23799,2904,1851.1265697743,3,73,66,73,66,false,2,false,true,false,false,false,"EQ|OVERDUE",false
"A-G1.040-C3",23799,3084,1956.9579425765,3,82,76,82,76,false,0,true,true,false,false,false,"EQ",false
"A-G1.040-C3",23799,3264,2059.7662759098,3,89,83,89,83,false,0,true,true,false,false,false,"EQ",false
"A-G1.040-C3",23799,3444,2162.5212959901,3,93,87,93,87,false,0,true,true,false,false,false,"EQ",false
"A-G1.040-C3",23799,3624,2272.3668360339,3,97,91,97,91,false,0,true,true,false,false,false,"EQ",false
"A-G1.040-C3",23799,3804,2378.3919992082,3,101,95,101,95,true,0,true,true,false,false,false,"",true
"A-G1.040-C3",23799,3984,2505.2919992082,3,101,95,101,95,true,2,false,false,false,false,false,"OVERDUE|COOLDOWN",false
"A-G1.040-C3",23799,4164,2614.1201285344,3,104,98,104,98,true,0,true,false,false,false,false,"COOLDOWN",false
"A-G1.040-C3",23799,4344,2719.4529387805,3,107,101,107,101,true,0,true,true,false,false,false,"",true
"A-G1.040-C3",23799,4524,2837.9238459583,3,107,101,107,101,true,0,true,false,false,false,false,"COOLDOWN",false
"A-G1.040-C3",23799,4704,2940.4490984835,3,109,103,109,103,true,0,true,false,false,false,false,"COOLDOWN",false
"A-G1.040-C3",23799,4884,3046.674185012,3,110,104,110,104,true,0,true,true,false,false,false,"",true
"A-G1.040-C3",23799,5064,3161.6909866922,3,110,104,110,104,true,0,true,false,false,false,false,"COOLDOWN",false
"A-G1.040-C3",23799,5244,3267.663327064,3,113,107,113,107,true,0,true,false,false,false,false,"COOLDOWN",false
"A-G1.040-C3",23799,5424,3377.3388814212,3,116,109,116,109,true,0,true,true,false,false,false,"",true
"A-G1.040-C3",23799,5604,3487.5049280488,3,116,109,116,109,true,2,false,false,false,false,false,"OVERDUE|COOLDOWN",false
"A-G1.040-C3",23799,5784,3592.8502063179,3,117,111,117,111,true,0,true,false,false,false,false,"COOLDOWN",false
"A-G1.040-C3",31718,24,24,0,14,7,14,7,false,0,true,true,false,false,false,"EQ",false
"A-G1.040-C3",31718,204,148.9333333333,0,17,9,17,9,false,0,true,true,false,false,false,"EQ",false
"A-G1.040-C3",31718,384,265.8519755557,0,20,12,20,12,true,0,true,true,false,false,false,"",true
"A-G1.040-C3",31718,564,392.7519755557,0,20,12,20,12,true,0,true,false,false,false,false,"COOLDOWN",false
"A-G1.040-C3",31718,744,509.8280366157,0,22,15,22,15,true,0,true,false,false,false,false,"COOLDOWN",false
"A-G1.040-C3",31718,924,624.0308271748,0,24,17,24,17,true,0,true,true,false,false,false,"",true
"A-G1.040-C3",31718,1104,746.6344169184,0,24,17,24,17,true,3,true,false,false,false,false,"COOLDOWN",false
"A-G1.040-C3",31718,1284,857.0680140657,0,29,22,29,22,true,0,true,false,false,false,false,"COOLDOWN",false
"A-G1.040-C3",31718,1464,967.3964402517,0,32,25,32,25,true,0,true,true,false,false,false,"",true
"A-G1.040-C3",31718,1644,1074.0934099486,1,33,26,33,26,false,0,true,true,false,false,false,"EQ",false
"A-G1.040-C3",31718,1824,1184.2495575627,1,37,30,37,30,true,0,true,true,false,false,false,"",true
"A-G1.040-C3",31718,2004,1306.9929809862,1,37,30,37,30,true,0,true,false,false,false,false,"COOLDOWN",false
"A-G1.040-C3",31718,2184,1416.2283733001,1,44,36,44,36,true,0,true,false,false,false,false,"COOLDOWN",false
"A-G1.040-C3",31718,2364,1524.5196810157,1,50,43,50,43,true,0,true,true,false,false,false,"",true
"A-G1.040-C3",31718,2544,1628.803014349,2,51,43,51,43,false,0,true,true,false,false,false,"EQ",false
"A-G1.040-C3",31718,2724,1735.4948111057,2,59,52,59,52,false,0,true,true,false,false,false,"EQ",false
"A-G1.040-C3",31718,2904,1844.298704064,2,65,57,65,57,true,0,true,true,false,false,false,"",true
"A-G1.040-C3",31718,3084,1961.9579396712,2,65,57,65,57,true,1,true,false,false,false,false,"COOLDOWN",false
"A-G1.040-C3",31718,3264,2065.2256992341,2,71,65,71,65,true,0,true,false,false,false,false,"COOLDOWN",false
"A-G1.040-C3",31718,3444,2171.8889321985,2,74,68,74,68,true,0,true,true,false,false,false,"",true
"A-G1.040-C3",31718,3624,2276.4196321292,3,74,68,74,68,false,0,true,true,false,false,false,"EQ",false
"A-G1.040-C3",31718,3804,2387.0448478634,3,83,77,83,77,false,0,true,true,false,false,false,"EQ",false
"A-G1.040-C3",31718,3984,2494.8000719729,3,93,87,93,87,false,0,true,true,false,false,false,"EQ",false
"A-G1.040-C3",31718,4164,2606.3243143971,3,98,91,98,91,false,0,true,true,false,false,false,"EQ",false
"A-G1.040-C3",31718,4344,2720.7376570189,3,100,93,100,93,true,0,true,true,false,false,false,"",true
"A-G1.040-C3",31718,4524,2847.6376570189,3,100,93,100,93,true,3,false,false,false,false,false,"OVERDUE|COOLDOWN",false
"A-G1.040-C3",31718,4704,2953.9323618739,3,102,95,102,95,true,0,true,false,false,false,false,"COOLDOWN",false
"A-G1.040-C3",31718,4884,3068.1304460781,3,104,98,104,98,true,0,true,true,false,false,false,"",true
"A-G1.040-C3",31718,5064,3195.0304460781,3,104,98,104,98,true,0,true,false,false,false,false,"COOLDOWN",false
"A-G1.040-C3",31718,5244,3300.7784369173,3,108,102,108,102,true,0,true,false,false,false,false,"COOLDOWN",false
"A-G1.040-C3",31718,5424,3409.5274217218,3,111,105,111,105,true,0,true,true,false,false,false,"",true
"A-G1.040-C3",31718,5604,3536.4274217218,3,111,105,111,105,true,5,false,false,false,false,false,"OVERDUE|COOLDOWN",false
"A-G1.040-C3",39637,24,24,0,14,7,14,7,false,0,true,true,false,false,false,"EQ",false
"A-G1.040-C3",39637,384,263.6729621525,0,20,13,20,13,true,0,true,true,false,false,false,"",true
"A-G1.040-C3",39637,564,390.5729621525,0,20,13,20,13,true,0,true,false,false,false,false,"COOLDOWN",false
"A-G1.040-C3",39637,744,506.6406824294,0,23,16,23,16,true,0,true,false,false,false,false,"COOLDOWN",false
"A-G1.040-C3",39637,924,615.3490157627,0,27,20,27,20,true,0,true,true,false,false,false,"",true
"A-G1.040-C3",39637,1104,724.6036453923,1,27,20,27,20,false,8,false,true,false,false,false,"EQ|OVERDUE",false
"A-G1.040-C3",39637,1284,836.97934704,1,32,25,32,25,false,0,true,true,false,false,false,"EQ",false
"A-G1.040-C3",39637,1464,942.2460137067,1,41,34,41,34,true,0,true,true,false,false,false,"",true
"A-G1.040-C3",39637,1644,1056.6984527311,1,41,34,41,34,true,0,true,false,false,false,false,"COOLDOWN",false
"A-G1.040-C3",39637,1824,1163.7457023533,1,45,38,45,38,true,0,true,false,false,false,false,"COOLDOWN",false
"A-G1.040-C3",39637,2004,1270.3486486148,1,51,43,51,43,true,0,true,true,false,false,false,"",true
"A-G1.040-C3",39637,2184,1376.8562862481,2,51,44,51,44,false,0,true,true,false,false,false,"EQ",false
"A-G1.040-C3",39637,2364,1483.7503864667,2,61,53,61,53,true,0,true,true,false,false,false,"",true
"A-G1.040-C3",39637,2544,1610.6503864667,2,61,53,61,53,true,2,false,false,false,false,false,"OVERDUE|COOLDOWN",false
"A-G1.040-C3",39637,2724,1718.7032678363,2,66,59,66,59,true,0,true,false,false,false,false,"COOLDOWN",false
"A-G1.040-C3",39637,2904,1825.5679062516,2,70,62,70,62,true,0,true,true,false,false,false,"",true
"A-G1.040-C3",39637,3084,1935.5317157755,2,70,62,70,62,true,0,true,false,false,false,false,"COOLDOWN",false
"A-G1.040-C3",39637,3264,2040.4296713269,2,74,67,74,67,true,0,true,false,false,false,false,"COOLDOWN",false
"A-G1.040-C3",39637,3444,2143.448718946,2,79,73,79,73,true,0,true,true,false,false,false,"",true
"A-G1.040-C3",39637,3624,2248.9395429364,3,79,73,79,73,false,0,true,true,false,false,false,"EQ",false
"A-G1.040-C3",39637,3804,2356.7650582386,3,88,82,88,82,false,0,true,true,false,false,false,"EQ",false
"A-G1.040-C3",39637,3984,2468.3874159621,3,92,86,92,86,false,0,true,true,false,false,false,"EQ",false
"A-G1.040-C3",39637,4164,2571.1089845896,3,95,88,95,88,false,0,true,true,false,false,false,"EQ",false
"A-G1.040-C3",39637,4344,2682.603429034,3,99,93,99,93,false,0,true,true,false,false,false,"EQ",false
"A-G1.040-C3",39637,4524,2785.2055795716,3,103,96,103,96,true,0,true,true,false,false,false,"",true
"A-G1.040-C3",39637,4704,2912.1055795716,3,103,96,103,96,true,3,false,false,false,false,false,"OVERDUE|COOLDOWN",false
"A-G1.040-C3",39637,4884,3018.0814560168,3,106,99,106,99,true,0,true,false,false,false,false,"COOLDOWN",false
"A-G1.040-C3",39637,5064,3123.6515812631,3,108,101,108,101,true,0,true,true,false,false,false,"",true
"A-G1.040-C3",39637,5244,3240.6112184513,3,108,101,108,101,true,1,false,false,false,false,false,"OVERDUE|COOLDOWN",false
"A-G1.040-C3",39637,5424,3343.1128686163,3,110,104,110,104,true,0,true,false,false,false,false,"COOLDOWN",false
"A-G1.040-C3",39637,5604,3449.4729405453,3,112,106,112,106,true,0,true,true,false,false,false,"",true
"A-G1.040-C3",39637,5784,3562.6393270998,3,112,106,112,106,true,1,false,false,false,false,false,"OVERDUE|COOLDOWN",false
"A-G1.040-C3",47556,24,24,0,14,6,14,6,false,0,true,true,false,false,false,"EQ",false
"A-G1.040-C3",47556,204,145,0,18,11,18,11,false,0,true,true,false,false,false,"EQ",false
"A-G1.040-C3",47556,384,260.2175317461,0,21,14,21,14,true,0,true,true,false,false,false,"",true
"A-G1.040-C3",47556,564,387.1175317461,0,21,14,21,14,true,0,true,false,false,false,false,"COOLDOWN",false
"A-G1.040-C3",47556,744,501.053205706,0,23,16,23,16,true,0,true,false,false,false,false,"COOLDOWN",false
"A-G1.040-C3",47556,924,609.7615390393,0,27,20,27,20,true,0,true,true,false,false,false,"",true
"A-G1.040-C3",47556,1104,720.174316817,1,27,20,27,20,false,2,true,true,false,false,false,"EQ",false
"A-G1.040-C3",47556,1284,831.2107503793,1,30,23,30,23,false,0,true,true,false,false,false,"EQ",false
"A-G1.040-C3",47556,1464,938.1631313317,1,32,25,32,25,false,0,true,true,false,false,false,"EQ",false
"A-G1.040-C3",47556,1644,1043.8668350354,1,39,31,39,31,true,0,true,true,false,false,false,"",true
"A-G1.040-C3",47556,1824,1161.2964105339,1,39,31,39,31,true,8,false,false,false,false,false,"OVERDUE|COOLDOWN",false
"A-G1.040-C3",47556,2004,1268.6584604851,1,45,38,45,38,true,0,true,false,false,false,false,"COOLDOWN",false
"A-G1.040-C3",47556,2184,1377.678945552,1,51,44,51,44,true,0,true,true,false,false,false,"",true
"A-G1.040-C3",47556,2364,1481.9622788853,2,51,44,51,44,false,0,true,true,false,false,false,"EQ",false
"A-G1.040-C3",47556,2544,1587.6684746867,2,63,55,63,55,true,0,true,true,false,false,false,"",true
"A-G1.040-C3",47556,2724,1714.5684746867,2,63,55,63,55,true,1,true,false,false,false,false,"COOLDOWN",false
"A-G1.040-C3",47556,2904,1817.90180802,2,71,63,71,63,true,0,true,false,false,false,false,"COOLDOWN",false
"A-G1.040-C3",47556,3084,1921.0230201412,2,76,69,76,69,true,0,true,true,false,false,false,"",true
"A-G1.040-C3",47556,3264,2025.9938046309,3,76,69,76,69,false,0,true,true,false,false,false,"EQ",false
"A-G1.040-C3",47556,3444,2129.01285225,3,80,73,80,73,false,0,true,true,false,false,false,"EQ",false
"A-G1.040-C3",47556,3624,2236.3680346465,3,85,79,85,79,false,0,true,true,false,false,false,"EQ",false
"A-G1.040-C3",47556,3804,2339.2141884927,3,88,81,88,81,false,0,true,true,false,false,false,"EQ",false
"A-G1.040-C3",47556,3984,2443.7695132492,3,92,86,92,86,false,0,true,true,false,false,false,"EQ",false
"A-G1.040-C3",47556,4164,2550.7832811816,3,94,88,94,88,false,0,true,true,false,false,false,"EQ",false
"A-G1.040-C3",47556,4344,2657.9774887457,3,98,91,98,91,false,0,true,true,false,false,false,"EQ",false
"A-G1.040-C3",47556,4524,2767.7989092048,3,101,95,101,95,true,0,true,true,false,false,false,"",true
"A-G1.040-C3",47556,4704,2894.6989092048,3,101,95,101,95,true,1,false,false,false,false,false,"OVERDUE|COOLDOWN",false
"A-G1.040-C3",47556,4884,3000.8498883789,3,106,99,106,99,true,0,true,false,false,false,false,"COOLDOWN",false
"A-G1.040-C3",47556,5064,3103.3873033449,3,108,101,108,101,true,0,true,true,false,false,false,"",true
"A-G1.040-C3",47556,5244,3220.3469405331,3,108,101,108,101,true,1,false,false,false,false,false,"OVERDUE|COOLDOWN",false
"A-G1.040-C3",47556,5424,3331.7102738664,3,110,103,110,103,true,0,true,false,false,false,false,"COOLDOWN",false
"A-G1.040-C3",47556,5604,3440.5509770331,3,112,105,112,105,true,0,true,true,false,false,false,"",true
"A-G1.040-C3",47556,5784,3553.7173635876,3,112,105,112,105,true,0,true,false,false,false,false,"COOLDOWN",false
"A-G1.040-C3",55475,24,24,0,14,6,14,6,false,0,true,true,false,false,false,"EQ",false
"A-G1.040-C3",55475,204,148.9333333333,0,16,9,16,9,false,0,true,true,false,false,false,"EQ",false
"A-G1.040-C3",55475,384,270.5749299919,0,19,12,19,12,false,0,true,true,false,false,false,"EQ",false
"A-G1.040-C3",55475,564,387.7431462574,0,21,14,21,14,true,0,true,true,false,false,false,"",true
"A-G1.040-C3",55475,744,514.6431462574,0,21,14,21,14,true,0,true,false,false,false,false,"COOLDOWN",false
"A-G1.040-C3",55475,924,629.108963122,0,23,16,23,16,true,0,true,false,false,false,false,"COOLDOWN",false
"A-G1.040-C3",55475,1104,740.5487779368,0,28,20,28,20,true,0,true,true,false,false,false,"",true
"A-G1.040-C3",55475,1284,849.3104922225,1,28,21,28,21,false,6,false,true,false,false,false,"EQ|OVERDUE",false
"A-G1.040-C3",55475,1464,955.5604922225,1,35,28,35,28,true,0,true,true,false,false,false,"",true
"A-G1.040-C3",55475,1644,1082.6571588892,1,35,28,35,28,true,8,false,false,false,false,false,"OVERDUE|COOLDOWN",false
"A-G1.040-C3",55475,1824,1195.5332933407,1,38,31,38,31,true,0,true,false,false,false,false,"COOLDOWN",false
"A-G1.040-C3",55475,2004,1306.2848600755,1,46,38,46,38,true,0,true,true,false,false,false,"",true
"A-G1.040-C3",55475,2184,1414.3218393715,2,46,39,46,39,false,0,true,true,false,false,false,"EQ",false
"A-G1.040-C3",55475,2364,1520.65777852,2,57,49,57,49,false,0,true,true,false,false,false,"EQ",false
"A-G1.040-C3",55475,2544,1627.4513527842,2,61,53,61,53,true,0,true,true,false,false,false,"",true
"A-G1.040-C3",55475,2724,1754.3513527842,2,61,53,61,53,true,2,false,false,false,false,false,"OVERDUE|COOLDOWN",false
"A-G1.040-C3",55475,2904,1861.8769824148,2,66,58,66,58,true,0,true,false,false,false,false,"COOLDOWN",false
"A-G1.040-C3",55475,3084,1966.854860999,2,73,66,73,66,true,0,true,true,false,false,false,"",true
"A-G1.040-C3",55475,3264,2072.7316027872,3,73,66,73,66,false,0,true,true,false,false,false,"EQ",false
"A-G1.040-C3",55475,3444,2180.5583120224,3,80,73,80,73,false,0,true,true,false,false,false,"EQ",false
"A-G1.040-C3",55475,3624,2285.6400530649,3,84,78,84,78,false,0,true,true,false,false,false,"EQ",false
"A-G1.040-C3",55475,3804,2388.4670572843,3,89,82,89,82,false,0,true,true,false,false,false,"EQ",false
"A-G1.040-C3",55475,3984,2491.1886259118,3,94,88,94,88,false,0,true,true,false,false,false,"EQ",false
"A-G1.040-C3",55475,4164,2597.986406718,3,97,91,97,91,false,0,true,true,false,false,false,"EQ",false
"A-G1.040-C3",55475,4344,2713.297051477,3,100,93,100,93,true,0,true,true,false,false,false,"",true
"A-G1.040-C3",55475,4524,2840.197051477,3,100,93,100,93,true,0,true,false,false,false,false,"COOLDOWN",false
"A-G1.040-C3",55475,4704,2942.7857039593,3,103,97,103,97,true,0,true,false,false,false,false,"COOLDOWN",false
"A-G1.040-C3",55475,4884,3052.9896583852,3,107,101,107,101,true,0,true,true,false,false,false,"",true
"A-G1.040-C3",55475,5064,3171.4729787758,3,107,101,107,101,true,0,true,false,false,false,false,"COOLDOWN",false
"A-G1.040-C3",55475,5244,3282.8246289408,3,110,104,110,104,true,0,true,false,false,false,false,"COOLDOWN",false
"A-G1.040-C3",55475,5424,3385.3148250192,3,112,106,112,106,true,0,true,true,false,false,false,"",true
"A-G1.040-C3",55475,5604,3498.4812115737,3,112,106,112,106,true,2,false,false,false,false,false,"OVERDUE|COOLDOWN",false
"A-G1.040-C3",63394,24,24,0,14,6,14,6,false,0,true,true,false,false,false,"EQ",false
"A-G1.040-C3",63394,204,150.8999999998,0,18,11,18,11,false,0,true,true,false,false,false,"EQ",false
"A-G1.040-C3",63394,384,268.019339385,0,20,13,20,13,true,0,true,true,false,false,false,"",true
"A-G1.040-C3",63394,564,394.919339385,0,20,13,20,13,true,1,true,false,false,false,false,"COOLDOWN",false
"A-G1.040-C3",63394,744,505.3295957953,0,25,18,25,18,true,0,true,false,false,false,false,"COOLDOWN",false
"A-G1.040-C3",63394,924,614.5295957953,0,27,20,27,20,true,0,true,true,false,false,false,"",true
"A-G1.040-C3",63394,1104,725.4340402397,1,27,20,27,20,false,1,true,true,false,false,false,"EQ",false
"A-G1.040-C3",63394,1284,843.7314461975,1,31,23,31,23,false,0,true,true,false,false,false,"EQ",false
"A-G1.040-C3",63394,1464,956.2609855753,1,35,28,35,28,true,0,true,true,false,false,false,"",true
"A-G1.040-C3",63394,1644,1089.375652242,1,35,28,35,28,true,1,true,false,false,false,false,"COOLDOWN",false
"A-G1.040-C3",63394,1824,1206.3516717202,1,39,31,39,31,true,0,true,false,false,false,false,"COOLDOWN",false
"A-G1.040-C3",63394,2004,1315.6503091858,1,42,35,42,35,true,0,true,true,false,false,false,"",true
"A-G1.040-C3",63394,2184,1428.4404274653,1,42,35,42,35,true,1,true,false,false,false,false,"COOLDOWN",false
"A-G1.040-C3",63394,2364,1533.2443490339,1,45,38,45,38,true,0,true,false,false,false,false,"COOLDOWN",false
"A-G1.040-C3",63394,2544,1641.6294994413,1,50,42,50,42,true,0,true,true,false,false,false,"",true
"A-G1.040-C3",63394,2724,1745.9884738003,2,50,42,50,42,false,0,true,true,false,false,false,"EQ",false
"A-G1.040-C3",63394,2904,1852.3795781132,2,57,50,57,50,false,0,true,true,false,false,false,"EQ",false
"A-G1.040-C3",63394,3084,1969.021377549,2,61,54,61,54,true,0,true,true,false,false,false,"",true
"A-G1.040-C3",63394,3264,2099.5709950353,2,61,54,61,54,true,0,true,false,false,false,false,"COOLDOWN",false
"A-G1.040-C3",63394,3444,2211.8997829141,2,66,59,66,59,true,0,true,false,false,false,false,"COOLDOWN",false
"A-G1.040-C3",63394,3624,2315.2331162474,2,71,63,71,63,true,0,true,true,false,false,false,"",true
"A-G1.040-C3",63394,3804,2426.7793603789,2,71,63,71,63,true,0,true,false,false,false,false,"COOLDOWN",false
"A-G1.040-C3",63394,3984,2529.9280783277,2,75,69,75,69,true,0,true,false,false,false,false,"COOLDOWN",false
"A-G1.040-C3",63394,4164,2636.7537558606,2,79,73,79,73,true,0,true,true,false,false,false,"",true
"A-G1.040-C3",63394,4344,2743.6260104928,3,79,73,79,73,false,0,true,true,false,false,false,"EQ",false
"A-G1.040-C3",63394,4524,2855.3418113586,3,87,81,87,81,false,0,true,true,false,false,false,"EQ",false
"A-G1.040-C3",63394,4704,2960.9557146615,3,90,83,90,83,false,0,true,true,false,false,false,"EQ",false
"A-G1.040-C3",63394,4884,3065.8874032529,3,93,86,93,86,false,0,true,true,false,false,false,"EQ",false
"A-G1.040-C3",63394,5064,3168.5616456771,3,97,91,97,91,false,0,true,true,false,false,false,"EQ",false
"A-G1.040-C3",63394,5244,3271.2060901215,3,100,93,100,93,true,0,true,true,false,false,false,"",true
"A-G1.040-C3",63394,5424,3398.1060901215,3,100,93,100,93,true,0,true,false,false,false,false,"COOLDOWN",false
"A-G1.040-C3",63394,5604,3505.0596756846,3,102,95,102,95,true,0,true,false,false,false,false,"COOLDOWN",false
"A-G1.040-C3",71313,24,24,0,14,7,14,7,false,0,true,true,false,false,false,"EQ",false
"A-G1.040-C3",71313,204,148.9333333333,0,16,9,16,9,false,0,true,true,false,false,false,"EQ",false
"A-G1.040-C3",71313,384,267.4221501462,0,19,12,19,12,false,0,true,true,false,false,false,"EQ",false
"A-G1.040-C3",71313,564,383.8114278308,0,22,14,22,14,true,0,true,true,false,false,false,"",true
"A-G1.040-C3",71313,744,510.7114278308,0,22,14,22,14,true,1,true,false,false,false,false,"COOLDOWN",false
"A-G1.040-C3",71313,924,623.730213199,0,26,19,26,19,true,0,true,false,false,false,false,"COOLDOWN",false
"A-G1.040-C3",71313,1104,732.4385465323,0,28,21,28,21,true,0,true,true,false,false,false,"",true
"A-G1.040-C3",71313,1284,840.8341978323,1,28,21,28,21,false,0,true,true,false,false,false,"EQ",false
"A-G1.040-C3",71313,1464,947.2979659482,1,34,27,34,27,false,0,true,true,false,false,false,"EQ",false
"A-G1.040-C3",71313,1644,1064.8093988999,1,38,30,38,30,true,0,true,true,false,false,false,"",true
"A-G1.040-C3",71313,1824,1184.5513692103,1,38,30,38,30,true,1,true,false,false,false,false,"COOLDOWN",false
"A-G1.040-C3",71313,2004,1294.2750368695,1,42,35,42,35,true,0,true,false,false,false,false,"COOLDOWN",false
"A-G1.040-C3",71313,2184,1401.860942141,1,46,39,46,39,true,0,true,true,false,false,false,"",true
"A-G1.040-C3",71313,2364,1506.5657040458,2,47,39,47,39,false,0,true,true,false,false,false,"EQ",false
"A-G1.040-C3",71313,2544,1610.7770861596,2,52,45,52,45,false,0,true,true,false,false,false,"EQ",false
"A-G1.040-C3",71313,2724,1717.0212770423,2,61,54,61,54,true,0,true,true,false,false,false,"",true
"A-G1.040-C3",71313,2904,1846.3318945286,2,61,54,61,54,true,6,false,false,false,false,false,"OVERDUE|COOLDOWN",false
"A-G1.040-C3",71313,3084,1949.7354033005,2,68,61,68,61,true,0,true,false,false,false,false,"COOLDOWN",false
"A-G1.040-C3",71313,3264,2052.9719624403,2,72,66,72,66,true,0,true,true,false,false,false,"",true
"A-G1.040-C3",71313,3444,2160.1418549135,3,72,66,72,66,false,0,true,true,false,false,false,"EQ",false
"A-G1.040-C3",71313,3624,2271.9640771357,3,81,75,81,75,false,0,true,true,false,false,false,"EQ",false
"A-G1.040-C3",71313,3804,2378.8725917486,3,86,80,86,80,false,0,true,true,false,false,false,"EQ",false
"A-G1.040-C3",71313,3984,2485.2555593991,3,91,85,91,85,false,0,true,true,false,false,false,"EQ",false
"A-G1.040-C3",71313,4164,2587.9298018233,3,98,91,98,91,false,0,true,true,false,false,false,"EQ",false
"A-G1.040-C3",71313,4344,2690.5598384534,3,100,94,100,94,true,0,true,true,false,false,false,"",true
"A-G1.040-C3",71313,4524,2817.4598384534,3,100,94,100,94,true,0,true,false,false,false,false,"COOLDOWN",false
"A-G1.040-C3",71313,4704,2920.061988991,3,103,96,103,96,true,0,true,false,false,false,false,"COOLDOWN",false
"A-G1.040-C3",71313,4884,3027.7580481285,3,106,99,106,99,true,0,true,true,false,false,false,"",true
"A-G1.040-C3",71313,5064,3146.7218059901,3,106,99,106,99,true,1,false,false,false,false,false,"OVERDUE|COOLDOWN",false
"A-G1.040-C3",71313,5244,3253.5636488934,3,109,102,109,102,true,0,true,false,false,false,false,"COOLDOWN",false
"A-G1.040-C3",71313,5424,3359.2268335198,3,110,104,110,104,true,0,true,true,false,false,false,"",true
"A-G1.040-C3",71313,5604,3486.1268335198,3,110,104,110,104,true,0,true,false,false,false,false,"COOLDOWN",false
"A-G1.040-C3",71313,5784,3591.8149574348,3,113,106,113,106,true,0,true,false,false,false,false,"COOLDOWN",false
"A-G1.042-C2",42,24,24,0,14,7,14,7,false,0,true,true,false,false,false,"EQ",false
"A-G1.042-C2",42,204,148.9333333333,0,16,9,16,9,false,0,true,true,false,false,false,"EQ",false
"A-G1.042-C2",42,384,267.6433397661,0,19,12,19,12,false,0,true,true,false,false,false,"EQ",false
"A-G1.042-C2",42,564,383.7942246107,0,21,14,21,14,true,0,true,true,false,false,false,"",true
"A-G1.042-C2",42,744,510.6942246107,0,21,14,21,14,true,0,true,false,false,false,false,"COOLDOWN",false
"A-G1.042-C2",42,924,621.0433286666,0,26,19,26,19,true,0,true,true,false,false,false,"",true
"A-G1.042-C2",42,1104,731.2742077874,1,26,19,26,19,false,20,false,true,false,false,false,"EQ|OVERDUE",false
"A-G1.042-C2",42,1284,846.7313801585,1,29,22,29,22,false,0,true,true,false,false,false,"EQ",false
"A-G1.042-C2",42,1464,955.8617511939,1,31,24,31,24,false,0,true,true,false,false,false,"EQ",false
"A-G1.042-C2",42,1644,1061.4093702415,1,39,31,39,31,true,0,true,true,false,false,false,"",true
"A-G1.042-C2",42,1824,1178.151861084,1,39,31,39,31,true,0,true,false,false,false,false,"COOLDOWN",false
"A-G1.042-C2",42,2004,1291.7066229888,1,45,38,45,38,true,0,true,true,false,false,false,"",true
"A-G1.042-C2",42,2184,1397.0013848936,2,45,38,45,38,false,1,true,true,false,false,false,"EQ",false
"A-G1.042-C2",42,2364,1503.3928680193,2,57,50,57,50,false,0,true,true,false,false,false,"EQ",false
"A-G1.042-C2",42,2544,1607.0399268429,2,61,54,61,54,true,0,true,true,false,false,false,"",true
"A-G1.042-C2",42,2724,1733.9399268429,2,61,54,61,54,true,1,true,false,false,false,false,"COOLDOWN",false
"A-G1.042-C2",42,2904,1837.2732601762,2,69,62,69,62,true,0,true,true,false,false,false,"",true
"A-G1.042-C2",42,3084,1948.644274669,2,69,62,69,62,true,9,false,false,false,false,false,"OVERDUE|COOLDOWN",false
"A-G1.042-C2",42,3264,2057.1160969654,2,74,68,74,68,true,0,true,true,false,false,false,"",true
"A-G1.042-C2",42,3444,2168.1367968961,2,74,68,74,68,true,3,false,false,false,false,false,"OVERDUE|COOLDOWN",false
"A-G1.042-C2",42,3624,2275.9942494683,2,79,73,79,73,true,0,true,true,false,false,false,"",true
"A-G1.042-C2",42,3804,2382.8420734587,3,79,73,79,73,false,2,false,true,false,false,false,"EQ|OVERDUE",false
"A-G1.042-C2",42,3984,2489.7994531923,3,84,77,84,77,false,0,true,true,false,false,false,"EQ",false
"A-G1.042-C2",42,4164,2592.6652540581,3,86,80,86,80,false,0,true,true,false,false,false,"EQ",false
"A-G1.042-C2",42,4344,2703.2433775501,3,91,84,91,84,false,0,true,true,false,false,false,"EQ",false
"A-G1.042-C2",42,4524,2820.5561609332,3,96,89,96,89,false,0,true,true,false,false,false,"EQ",false
"A-G1.042-C2",42,4704,2926.3989088906,3,98,91,98,91,false,0,true,true,false,false,false,"EQ",false
"A-G1.042-C2",42,4884,3036.3126643774,3,102,95,102,95,true,0,true,true,false,false,false,"",true
"A-G1.042-C2",42,5064,3163.2126643774,3,102,95,102,95,true,0,true,false,false,false,false,"COOLDOWN",false
"A-G1.042-C2",42,5244,3275.941535309,3,104,98,104,98,true,0,true,true,false,false,false,"",true
"A-G1.042-C2",42,5424,3402.841535309,3,104,98,104,98,true,1,false,false,false,false,false,"OVERDUE|COOLDOWN",false
"A-G1.042-C2",42,5604,3507.7913136543,3,107,101,107,101,true,0,true,true,false,false,false,"",true
"A-G1.042-C2",7961,24,24,0,14,7,14,7,false,0,true,true,false,false,false,"EQ",false
"A-G1.042-C2",7961,204,145,0,16,9,16,9,false,0,true,true,false,false,false,"EQ",false
"A-G1.042-C2",7961,384,266.2459257517,0,19,12,19,12,false,0,true,true,false,false,false,"EQ",false
"A-G1.042-C2",7961,564,383.5598632481,0,21,13,21,13,true,0,true,true,false,false,false,"",true
"A-G1.042-C2",7961,744,510.4598632481,0,21,13,21,13,true,0,true,false,false,false,false,"COOLDOWN",false
"A-G1.042-C2",7961,924,625.672216934,0,23,16,23,16,true,0,true,true,false,false,false,"",true
"A-G1.042-C2",7961,1104,744.8765647601,0,23,16,23,16,true,0,true,false,false,false,false,"COOLDOWN",false
"A-G1.042-C2",7961,1284,853.5848980934,0,27,20,27,20,true,0,true,true,false,false,false,"",true
"A-G1.042-C2",7961,1464,963.0798980934,1,27,20,27,20,false,5,false,true,false,false,false,"EQ|OVERDUE",false
"A-G1.042-C2",7961,1644,1075.0342436193,1,34,27,34,27,false,0,true,true,false,false,false,"EQ",false
"A-G1.042-C2",7961,1824,1180.9060384911,1,36,29,36,29,true,0,true,true,false,false,false,"",true
"A-G1.042-C2",7961,2004,1307.8060384911,1,36,29,36,29,true,0,true,false,false,false,false,"COOLDOWN",false
"A-G1.042-C2",7961,2184,1413.2083373417,1,40,32,40,32,true,0,true,true,false,false,false,"",true
"A-G1.042-C2",7961,2364,1527.7949695256,1,40,32,40,32,true,0,true,false,false,false,false,"COOLDOWN",false
"A-G1.042-C2",7961,2544,1636.7890099338,1,43,35,43,35,true,0,true,true,false,false,false,"",true
"A-G1.042-C2",7961,2724,1743.5478277633,2,43,35,43,35,false,0,true,true,false,false,false,"EQ",false
"A-G1.042-C2",7961,2904,1847.6906849061,2,52,45,52,45,false,0,true,true,false,false,false,"EQ",false
"A-G1.042-C2",7961,3084,1953.8197293809,2,57,49,57,49,false,0,true,true,false,false,false,"EQ",false
"A-G1.042-C2",7961,3264,2060.1059817971,2,61,54,61,54,true,0,true,true,false,false,false,"",true
"A-G1.042-C2",7961,3444,2187.0059817971,2,61,54,61,54,true,1,true,false,false,false,false,"COOLDOWN",false
"A-G1.042-C2",7961,3624,2296.6765906214,2,67,59,67,59,true,0,true,true,false,false,false,"",true
"A-G1.042-C2",7961,3804,2411.0951762647,2,67,59,67,59,true,1,true,false,false,false,false,"COOLDOWN",false
"A-G1.042-C2",7961,3984,2523.1817354045,2,72,66,72,66,true,0,true,true,false,false,false,"",true
"A-G1.042-C2",7961,4164,2633.1836278776,2,72,66,72,66,true,1,true,false,false,false,false,"COOLDOWN",false
"A-G1.042-C2",7961,4344,2747.7943401846,2,75,69,75,69,true,0,true,true,false,false,false,"",true
"A-G1.042-C2",7961,4524,2851.0728856392,3,75,69,75,69,false,1,false,true,false,false,false,"EQ|OVERDUE",false
"A-G1.042-C2",7961,4704,2956.7725970401,3,80,74,80,74,false,0,true,true,false,false,false,"EQ",false
"A-G1.042-C2",7961,4884,3059.700524968,3,84,77,84,77,false,0,true,true,false,false,false,"EQ",false
"A-G1.042-C2",7961,5064,3162.5466788142,3,87,81,87,81,false,0,true,true,false,false,false,"EQ",false
"A-G1.042-C2",7961,5244,3267.2637346333,3,92,86,92,86,false,0,true,true,false,false,false,"EQ",false
"A-G1.042-C2",7961,5424,3373.2842787927,3,97,91,97,91,false,0,true,true,false,false,false,"EQ",false
"A-G1.042-C2",7961,5604,3478.1444588549,3,99,93,99,93,false,0,true,true,false,false,false,"EQ",false
"A-G1.042-C2",7961,5784,3586.3146157109,3,102,95,102,95,true,0,true,true,false,false,false,"",true
"A-G1.042-C2",15880,24,24,0,14,6,14,6,false,0,true,true,false,false,false,"EQ",false
"A-G1.042-C2",15880,204,148.4002124188,0,17,10,17,10,false,0,true,true,false,false,false,"EQ",false
"A-G1.042-C2",15880,384,266.9255196445,0,19,12,19,12,false,0,true,true,false,false,false,"EQ",false
"A-G1.042-C2",15880,564,381.4300379335,0,21,14,21,14,true,0,true,true,false,false,false,"",true
"A-G1.042-C2",15880,744,508.3300379335,0,21,14,21,14,true,0,true,false,false,false,false,"COOLDOWN",false
"A-G1.042-C2",15880,924,620.9003080171,0,23,16,23,16,true,0,true,true,false,false,false,"",true
"A-G1.042-C2",15880,1104,739.3482455868,0,23,16,23,16,true,1,true,false,false,false,false,"COOLDOWN",false
"A-G1.042-C2",15880,1284,853.0868026965,0,26,18,26,18,true,0,true,true,false,false,false,"",true
"A-G1.042-C2",15880,1464,966.4235023302,1,26,18,26,18,false,0,true,true,false,false,false,"EQ",false
"A-G1.042-C2",15880,1644,1075.9961814512,1,34,27,34,27,false,0,true,true,false,false,false,"EQ",false
"A-G1.042-C2",15880,1824,1184.125938686,1,36,29,36,29,true,0,true,true,false,false,false,"",true
"A-G1.042-C2",15880,2004,1311.025938686,1,36,29,36,29,true,1,true,false,false,false,false,"COOLDOWN",false
"A-G1.042-C2",15880,2184,1418.8361435195,1,40,33,40,33,true,0,true,true,false,false,false,"",true
"A-G1.042-C2",15880,2364,1534.0717757034,1,40,33,40,33,true,0,true,false,false,false,false,"COOLDOWN",false
"A-G1.042-C2",15880,2544,1641.219732457,1,43,35,43,35,true,0,true,true,false,false,false,"",true
"A-G1.042-C2",15880,2724,1750.9285502865,1,43,35,43,35,true,0,true,false,false,false,false,"COOLDOWN",false
"A-G1.042-C2",15880,2904,1861.2841052823,1,47,39,47,39,true,0,true,true,false,false,false,"",true
"A-G1.042-C2",15880,3084,1965.8952163934,2,47,40,47,40,false,0,true,true,false,false,false,"EQ",false
"A-G1.042-C2",15880,3264,2076.316941687,2,54,47,54,47,false,0,true,true,false,false,false,"EQ",false
"A-G1.042-C2",15880,3444,2185.0061923178,2,61,54,61,54,true,0,true,true,false,false,false,"",true
"A-G1.042-C2",15880,3624,2311.9061923178,2,61,54,61,54,true,1,true,false,false,false,false,"COOLDOWN",false
"A-G1.042-C2",15880,3804,2417.1214680802,2,69,61,69,61,true,0,true,true,false,false,false,"",true
"A-G1.042-C2",15880,3984,2529.7069653316,2,69,61,69,61,true,0,true,false,false,false,false,"COOLDOWN",false
"A-G1.042-C2",15880,4164,2635.4242410047,2,73,67,73,67,true,0,true,true,false,false,false,"",true
"A-G1.042-C2",15880,4344,2741.2415069864,3,73,67,73,67,false,0,true,true,false,false,false,"EQ",false
"A-G1.042-C2",15880,4524,2844.2368121507,3,81,74,81,74,false,0,true,true,false,false,false,"EQ",false
"A-G1.042-C2",15880,4704,2949.0549574071,3,85,78,85,78,false,0,true,true,false,false,false,"EQ",false
"A-G1.042-C2",15880,4884,3064.3654671504,3,88,82,88,82,false,0,true,true,false,false,false,"EQ",false
"A-G1.042-C2",15880,5064,3180.0562752165,3,92,86,92,86,false,0,true,true,false,false,false,"EQ",false
"A-G1.042-C2",15880,5244,3291.3631843954,3,95,89,95,89,false,0,true,true,false,false,false,"EQ",false
"A-G1.042-C2",15880,5424,3397.2270405548,3,98,91,98,91,false,0,true,true,false,false,false,"EQ",false
"A-G1.042-C2",15880,5604,3504.0078179994,3,101,95,101,95,true,0,true,true,false,false,false,"",true
"A-G1.042-C2",23799,24,24,0,14,7,14,7,false,0,true,true,false,false,false,"EQ",false
"A-G1.042-C2",23799,204,148.6262123841,0,16,9,16,9,false,0,true,true,false,false,false,"EQ",false
"A-G1.042-C2",23799,384,268.974641497,0,18,11,18,11,false,0,true,true,false,false,false,"EQ",false
"A-G1.042-C2",23799,564,386.4889870233,0,21,13,21,13,true,0,true,true,false,false,false,"",true
"A-G1.042-C2",23799,744,513.3889870233,0,21,13,21,13,true,0,true,false,false,false,false,"COOLDOWN",false
"A-G1.042-C2",23799,924,626.6882416812,0,23,15,23,15,true,0,true,true,false,false,false,"",true
"A-G1.042-C2",23799,1104,748.8425895073,0,23,15,23,15,true,0,true,false,false,false,false,"COOLDOWN",false
"A-G1.042-C2",23799,1284,861.5005895408,0,25,18,25,18,true,0,true,true,false,false,false,"",true
"A-G1.042-C2",23799,1464,971.419827636,1,25,18,25,18,false,0,true,true,false,false,false,"EQ",false
"A-G1.042-C2",23799,1644,1084.0207270404,1,30,23,30,23,false,0,true,true,false,false,false,"EQ",false
"A-G1.042-C2",23799,1824,1205.5564770918,1,36,29,36,29,true,0,true,true,false,false,false,"",true
"A-G1.042-C2",23799,2004,1332.4564770918,1,36,29,36,29,true,12,false,false,false,false,false,"OVERDUE|COOLDOWN",false
"A-G1.042-C2",23799,2184,1440.3522335432,1,42,35,42,35,true,0,true,true,false,false,false,"",true
"A-G1.042-C2",23799,2364,1556.3274002099,1,42,35,42,35,true,0,true,false,false,false,false,"COOLDOWN",false
"A-G1.042-C2",23799,2544,1666.8280785476,1,46,39,46,39,true,0,true,true,false,false,false,"",true
"A-G1.042-C2",23799,2724,1771.3506010701,2,47,40,47,40,false,0,true,true,false,false,false,"EQ",false
"A-G1.042-C2",23799,2904,1875.2491517948,2,56,49,56,49,false,0,true,true,false,false,false,"EQ",false
"A-G1.042-C2",23799,3084,1983.271421396,2,61,53,61,53,true,0,true,true,false,false,false,"",true
"A-G1.042-C2",23799,3264,2110.171421396,2,61,53,61,53,true,0,true,false,false,false,false,"COOLDOWN",false
"A-G1.042-C2",23799,3444,2217.0926964107,2,64,57,64,57,true,0,true,true,false,false,false,"",true
"A-G1.042-C2",23799,3624,2336.3445482625,2,64,57,64,57,true,0,true,false,false,false,false,"COOLDOWN",false
"A-G1.042-C2",23799,3804,2447.1096176485,2,70,62,70,62,true,0,true,true,false,false,false,"",true
"A-G1.042-C2",23799,3984,2557.0734271724,2,70,62,70,62,true,13,false,false,false,false,false,"OVERDUE|COOLDOWN",false
"A-G1.042-C2",23799,4164,2660.1946392936,2,76,69,76,69,true,0,true,true,false,false,false,"",true
"A-G1.042-C2",23799,4344,2765.4481321167,3,76,70,76,70,false,1,false,true,false,false,false,"EQ|OVERDUE",false
"A-G1.042-C2",23799,4524,2870.4517484836,3,81,74,81,74,false,0,true,true,false,false,false,"EQ",false
"A-G1.042-C2",23799,4704,2975.1455834781,3,88,81,88,81,false,0,true,true,false,false,false,"EQ",false
"A-G1.042-C2",23799,4884,3077.9179412016,3,91,85,91,85,false,0,true,true,false,false,false,"EQ",false
"A-G1.042-C2",23799,5064,3183.7905894118,3,94,87,94,87,false,0,true,true,false,false,false,"EQ",false
"A-G1.042-C2",23799,5244,3299.2547226004,3,96,89,96,89,false,0,true,true,false,false,false,"EQ",false
"A-G1.042-C2",23799,5424,3405.7417331335,3,100,93,100,93,true,0,true,true,false,false,false,"",true
"A-G1.042-C2",23799,5604,3532.6417331335,3,100,93,100,93,true,3,false,false,false,false,false,"OVERDUE|COOLDOWN",false
"A-G1.042-C2",31718,24,24,0,14,7,14,7,false,0,true,true,false,false,false,"EQ",false
"A-G1.042-C2",31718,204,145,0,16,9,16,9,false,0,true,true,false,false,false,"EQ",false
"A-G1.042-C2",31718,384,262.4894137429,0,19,12,19,12,false,0,true,true,false,false,false,"EQ",false
"A-G1.042-C2",31718,564,377.3603788926,0,22,15,22,15,true,0,true,true,false,false,false,"",true
"A-G1.042-C2",31718,744,507.7878637411,0,22,15,22,15,true,0,true,false,false,false,false,"COOLDOWN",false
"A-G1.042-C2",31718,924,620.4699133867,0,24,16,24,16,true,0,true,true,false,false,false,"",true
"A-G1.042-C2",31718,1104,743.0735031303,0,24,16,24,16,true,0,true,false,false,false,false,"COOLDOWN",false
"A-G1.042-C2",31718,1284,855.7340382818,0,26,19,26,19,true,0,true,true,false,false,false,"",true
"A-G1.042-C2",31718,1464,967.5439436355,1,26,19,26,19,false,0,true,true,false,false,false,"EQ",false
"A-G1.042-C2",31718,1644,1074.2409133324,1,32,25,32,25,false,0,true,true,false,false,false,"EQ",false
"A-G1.042-C2",31718,1824,1179.643212183,1,39,32,39,32,true,0,true,true,false,false,false,"",true
"A-G1.042-C2",31718,2004,1296.2403828284,1,39,32,39,32,true,0,true,false,false,false,false,"COOLDOWN",false
"A-G1.042-C2",31718,2184,1405.2768920179,1,44,36,44,36,true,0,true,true,false,false,false,"",true
"A-G1.042-C2",31718,2364,1512.472232927,2,44,37,44,37,false,2,false,true,false,false,false,"EQ|OVERDUE",false
"A-G1.042-C2",31718,2544,1622.016449352,2,52,45,52,45,false,0,true,true,false,false,false,"EQ",false
"A-G1.042-C2",31718,2724,1725.7097826853,2,60,53,60,53,true,0,true,true,false,false,false,"",true
"A-G1.042-C2",31718,2904,1852.6097826853,2,60,53,60,53,true,0,true,false,false,false,false,"COOLDOWN",false
"A-G1.042-C2",31718,3084,1956.0502588758,2,67,60,67,60,true,0,true,true,false,false,false,"",true
"A-G1.042-C2",31718,3264,2070.4688445191,2,67,60,67,60,true,0,true,false,false,false,false,"COOLDOWN",false
"A-G1.042-C2",31718,3444,2176.7371550685,2,73,66,73,66,true,0,true,true,false,false,false,"",true
"A-G1.042-C2",31718,3624,2282.6138968567,3,73,66,73,66,false,0,true,true,false,false,false,"EQ",false
"A-G1.042-C2",31718,3804,2394.459202021,3,81,74,81,74,false,0,true,true,false,false,false,"EQ",false
"A-G1.042-C2",31718,3984,2503.4328548691,3,88,81,88,81,false,0,true,true,false,false,false,"EQ",false
"A-G1.042-C2",31718,4164,2615.0552125926,3,92,85,92,85,false,0,true,true,false,false,false,"EQ",false
"A-G1.042-C2",31718,4344,2722.3088479376,3,95,88,95,88,false,0,true,true,false,false,false,"EQ",false
"A-G1.042-C2",31718,4524,2827.2424292721,3,97,90,97,90,false,0,true,true,false,false,false,"EQ",false
"A-G1.042-C2",31718,4704,2937.0635605752,3,100,93,100,93,true,0,true,true,false,false,false,"",true
"A-G1.042-C2",31718,4884,3063.9635605752,3,100,93,100,93,true,3,false,false,false,false,false,"OVERDUE|COOLDOWN",false
"A-G1.042-C2",31718,5064,3167.6548921438,3,102,96,102,96,true,0,true,true,false,false,false,"",true
"A-G1.042-C2",31718,5244,3294.5548921437,3,102,96,102,96,true,9,false,false,false,false,false,"OVERDUE|COOLDOWN",false
"A-G1.042-C2",31718,5424,3403.5020587523,3,106,100,106,100,true,0,true,true,false,false,false,"",true
"A-G1.042-C2",31718,5604,3522.4531447926,3,106,100,106,100,true,6,false,false,false,false,false,"OVERDUE|COOLDOWN",false
"A-G1.042-C2",39637,24,24,0,14,7,14,7,false,0,true,true,false,false,false,"EQ",false
"A-G1.042-C2",39637,384,259.4444444443,0,19,12,19,12,false,0,true,true,false,false,false,"EQ",false
"A-G1.042-C2",39637,564,374.8684306658,0,21,14,21,14,true,0,true,true,false,false,false,"",true
"A-G1.042-C2",39637,744,501.7684306658,0,21,14,21,14,true,0,true,false,false,false,false,"COOLDOWN",false
"A-G1.042-C2",39637,924,614.445217591,0,23,16,23,16,true,0,true,true,false,false,false,"",true
"A-G1.042-C2",39637,1104,732.8931551607,0,23,16,23,16,true,1,true,false,false,false,false,"COOLDOWN",false
"A-G1.042-C2",39637,1284,842.6550599226,0,26,19,26,19,true,0,true,true,false,false,false,"",true
"A-G1.042-C2",39637,1464,955.9917595563,1,26,19,26,19,false,0,true,true,false,false,false,"EQ",false
"A-G1.042-C2",39637,1644,1062.4555276722,1,34,27,34,27,false,0,true,true,false,false,false,"EQ",false
"A-G1.042-C2",39637,1824,1170.5905664568,1,38,31,38,31,true,0,true,true,false,false,false,"",true
"A-G1.042-C2",39637,2004,1297.4905664568,1,38,31,38,31,true,1,true,false,false,false,false,"COOLDOWN",false
"A-G1.042-C2",39637,2184,1408.0587473489,1,42,35,42,35,true,0,true,true,false,false,false,"",true
"A-G1.042-C2",39637,2364,1517.1318656284,2,42,35,42,35,false,0,true,true,false,false,false,"EQ",false
"A-G1.042-C2",39637,2544,1624.3741936278,2,47,39,47,39,false,0,true,true,false,false,false,"EQ",false
"A-G1.042-C2",39637,2724,1730.65215068,2,55,48,55,48,false,0,true,true,false,false,false,"EQ",false
"A-G1.042-C2",39637,2904,1836.5223966359,2,60,53,60,53,true,0,true,true,false,false,false,"",true
"A-G1.042-C2",39637,3084,1965.3890633026,2,60,53,60,53,true,1,true,false,false,false,false,"COOLDOWN",false
"A-G1.042-C2",39637,3264,2071.16974642,2,68,60,68,60,true,0,true,true,false,false,false,"",true
"A-G1.042-C2",39637,3444,2198.06974642,2,68,60,68,60,true,4,false,false,false,false,false,"OVERDUE|COOLDOWN",false
"A-G1.042-C2",39637,3624,2306.2830594213,2,72,65,72,65,true,0,true,true,false,false,false,"",true
"A-G1.042-C2",39637,3804,2413.4529518945,3,72,65,72,65,false,0,true,true,false,false,false,"EQ",false
"A-G1.042-C2",39637,3984,2518.0946437627,3,82,75,82,75,false,0,true,true,false,false,false,"EQ",false
"A-G1.042-C2",39637,4164,2629.752977096,3,89,82,89,82,false,0,true,true,false,false,false,"EQ",false
"A-G1.042-C2",39637,4344,2745.2250795988,3,91,85,91,85,false,0,true,true,false,false,false,"EQ",false
"A-G1.042-C2",39637,4524,2856.7969365211,3,94,87,94,87,false,0,true,true,false,false,false,"EQ",false
"A-G1.042-C2",39637,4704,2959.4865916935,3,96,90,96,90,false,0,true,true,false,false,false,"EQ",false
"A-G1.042-C2",39637,4884,3062.1310361379,3,99,93,99,93,false,0,true,true,false,false,false,"EQ",false
"A-G1.042-C2",39637,5064,3172.0877170132,3,102,95,102,95,true,0,true,true,false,false,false,"",true
"A-G1.042-C2",39637,5244,3300.9162072093,3,102,95,102,95,true,3,false,false,false,false,false,"OVERDUE|COOLDOWN",false
"A-G1.042-C2",39637,5424,3406.9104774286,3,105,98,105,98,true,0,true,true,false,false,false,"",true
"A-G1.042-C2",39637,5604,3542.241858381,3,105,98,105,98,true,0,true,false,false,false,false,"COOLDOWN",false
"A-G1.042-C2",47556,24,24,0,14,6,14,6,false,0,true,true,false,false,false,"EQ",false
"A-G1.042-C2",47556,204,142.1904761905,0,18,10,18,10,false,0,true,true,false,false,false,"EQ",false
"A-G1.042-C2",47556,384,257.8213591272,0,20,13,20,13,true,0,true,true,false,false,false,"",true
"A-G1.042-C2",47556,564,384.7213591272,0,20,13,20,13,true,0,true,false,false,false,false,"COOLDOWN",false
"A-G1.042-C2",47556,744,494.4832638891,0,25,17,25,17,true,0,true,true,false,false,false,"",true
"A-G1.042-C2",47556,924,611.3055019843,0,25,17,25,17,true,14,false,false,false,false,false,"OVERDUE|COOLDOWN",false
"A-G1.042-C2",47556,1104,724.5173646801,0,26,19,26,19,true,0,true,true,false,false,false,"",true
"A-G1.042-C2",47556,1284,840.4781595519,0,26,19,26,19,true,0,true,false,false,false,false,"COOLDOWN",false
"A-G1.042-C2",47556,1464,951.4404572308,0,30,23,30,23,true,0,true,true,false,false,false,"",true
"A-G1.042-C2",47556,1644,1058.6737905641,1,31,23,31,23,false,0,true,true,false,false,false,"EQ",false
"A-G1.042-C2",47556,1824,1170.3254917332,1,34,27,34,27,false,0,true,true,false,false,false,"EQ",false
"A-G1.042-C2",47556,2004,1278.6759424172,1,38,31,38,31,true,0,true,true,false,false,false,"",true
"A-G1.042-C2",47556,2184,1405.5759424172,1,38,31,38,31,true,1,true,false,false,false,false,"COOLDOWN",false
"A-G1.042-C2",47556,2364,1513.1008906746,1,42,35,42,35,true,0,true,true,false,false,false,"",true
"A-G1.042-C2",47556,2544,1622.1740089541,2,42,35,42,35,false,1,true,true,false,false,false,"EQ",false
"A-G1.042-C2",47556,2724,1730.3096708279,2,54,46,54,46,false,0,true,true,false,false,false,"EQ",false
"A-G1.042-C2",47556,2904,1836.21766289,2,59,52,59,52,false,0,true,true,false,false,false,"EQ",false
"A-G1.042-C2",47556,3084,1941.7884563373,2,64,57,64,57,true,0,true,true,false,false,false,"",true
"A-G1.042-C2",47556,3264,2061.0815380983,2,64,57,64,57,true,0,true,false,false,false,false,"COOLDOWN",false
"A-G1.042-C2",47556,3444,2168.6504737122,2,69,62,69,62,true,0,true,true,false,false,false,"",true
"A-G1.042-C2",47556,3624,2284.7759709636,2,69,62,69,62,true,0,true,false,false,false,false,"COOLDOWN",false
"A-G1.042-C2",47556,3804,2390.0664430778,2,73,67,73,67,true,0,true,true,false,false,false,"",true
"A-G1.042-C2",47556,3984,2497.5947090595,2,73,67,73,67,true,2,false,false,false,false,false,"OVERDUE|COOLDOWN",false
"A-G1.042-C2",47556,4164,2604.7650419456,2,76,70,76,70,true,0,true,true,false,false,false,"",true
"A-G1.042-C2",47556,4344,2709.7744815895,3,76,70,76,70,false,0,true,true,false,false,false,"EQ",false
"A-G1.042-C2",47556,4524,2828.5081219887,3,85,79,85,79,false,0,true,true,false,false,false,"EQ",false
"A-G1.042-C2",47556,4704,2931.316455322,3,90,83,90,83,false,0,true,true,false,false,false,"EQ",false
"A-G1.042-C2",47556,4884,3035.7499833584,3,95,88,95,88,false,0,true,true,false,false,false,"EQ",false
"A-G1.042-C2",47556,5064,3138.4091593883,3,98,92,98,92,false,0,true,true,false,false,false,"EQ",false
"A-G1.042-C2",47556,5244,3246.951626388,3,102,96,102,96,true,0,true,true,false,false,false,"",true
"A-G1.042-C2",47556,5424,3373.851626388,3,102,96,102,96,true,3,false,false,false,false,false,"OVERDUE|COOLDOWN",false
"A-G1.042-C2",47556,5604,3489.3239026566,3,104,97,104,97,true,0,true,true,false,false,false,"",true
"A-G1.042-C2",55475,24,24,0,14,6,14,6,false,0,true,true,false,false,false,"EQ",false
"A-G1.042-C2",55475,204,148.9333333333,0,16,9,16,9,false,0,true,true,false,false,false,"EQ",false
"A-G1.042-C2",55475,384,269.9047753864,0,19,12,19,12,false,0,true,true,false,false,false,"EQ",false
"A-G1.042-C2",55475,564,386.2170987344,0,20,13,20,13,true,0,true,true,false,false,false,"",true
"A-G1.042-C2",55475,744,513.1170987344,0,20,13,20,13,true,0,true,false,false,false,false,"COOLDOWN",false
"A-G1.042-C2",55475,924,626.426261079,0,22,15,22,15,true,0,true,true,false,false,false,"",true
"A-G1.042-C2",55475,1104,750.1080792608,0,22,15,22,15,true,0,true,false,false,false,false,"COOLDOWN",false
"A-G1.042-C2",55475,1284,858.8164125941,0,27,19,27,19,true,0,true,true,false,false,false,"",true
"A-G1.042-C2",55475,1464,967.9544990139,1,27,20,27,20,false,7,false,true,false,false,false,"EQ|OVERDUE",false
"A-G1.042-C2",55475,1644,1085.7367460502,1,30,23,30,23,false,0,true,true,false,false,false,"EQ",false
"A-G1.042-C2",55475,1824,1195.4490106502,1,33,26,33,26,false,0,true,true,false,false,false,"EQ",false
"A-G1.042-C2",55475,2004,1306.1991303171,1,38,30,38,30,true,0,true,true,false,false,false,"",true
"A-G1.042-C2",55475,2184,1433.0991303171,1,38,30,38,30,true,0,true,false,false,false,false,"COOLDOWN",false
"A-G1.042-C2",55475,2364,1540.3999553576,1,41,34,41,34,true,0,true,true,false,false,false,"",true
"A-G1.042-C2",55475,2544,1651.902394382,1,41,34,41,34,true,1,true,false,false,false,false,"COOLDOWN",false
"A-G1.042-C2",55475,2724,1762.7801379211,1,45,38,45,38,true,0,true,true,false,false,false,"",true
"A-G1.042-C2",55475,2904,1873.9748998259,2,45,38,45,38,false,1,true,true,false,false,false,"EQ",false
"A-G1.042-C2",55475,3084,1981.8113537209,2,54,47,54,47,false,0,true,true,false,false,false,"EQ",false
"A-G1.042-C2",55475,3264,2088.1891511111,2,59,52,59,52,false,0,true,true,false,false,false,"EQ",false
"A-G1.042-C2",55475,3444,2193.8134499712,2,66,58,66,58,true,0,true,true,false,false,false,"",true
"A-G1.042-C2",55475,3624,2309.8073893651,2,66,58,66,58,true,0,true,false,false,false,false,"COOLDOWN",false
"A-G1.042-C2",55475,3804,2415.7484656564,2,68,61,68,61,true,0,true,true,false,false,false,"",true
"A-G1.042-C2",55475,3984,2528.6025562581,2,68,61,68,61,true,0,true,false,false,false,false,"COOLDOWN",false
"A-G1.042-C2",55475,4164,2636.2321833603,2,76,69,76,69,true,0,true,true,false,false,false,"",true
"A-G1.042-C2",55475,4344,2740.1769371482,3,76,69,76,69,false,4,false,true,false,false,false,"EQ|OVERDUE",false
"A-G1.042-C2",55475,4524,2855.3338713097,3,83,77,83,77,false,0,true,true,false,false,false,"EQ",false
"A-G1.042-C2",55475,4704,2958.142204643,3,89,83,89,83,false,0,true,true,false,false,false,"EQ",false
"A-G1.042-C2",55475,4884,3065.0320813292,3,93,87,93,87,false,0,true,true,false,false,false,"EQ",false
"A-G1.042-C2",55475,5064,3179.0259562732,3,97,90,97,90,false,0,true,true,false,false,false,"EQ",false
"A-G1.042-C2",55475,5244,3281.6704007176,3,100,93,100,93,true,0,true,true,false,false,false,"",true
"A-G1.042-C2",55475,5424,3408.7670673843,3,100,93,100,93,true,1,false,false,false,false,false,"OVERDUE|COOLDOWN",false
"A-G1.042-C2",55475,5604,3512.9340664556,3,103,96,103,96,true,0,true,true,false,false,false,"",true
"A-G1.042-C2",63394,24,24,0,14,6,14,6,false,0,true,true,false,false,false,"EQ",false
"A-G1.042-C2",63394,204,150.8999999998,0,18,10,18,10,false,0,true,true,false,false,false,"EQ",false
"A-G1.042-C2",63394,384,269.2309465276,0,20,13,20,13,true,0,true,true,false,false,false,"",true
"A-G1.042-C2",63394,564,396.1309465276,0,20,13,20,13,true,1,true,false,false,false,false,"COOLDOWN",false
"A-G1.042-C2",63394,744,509.7577821293,0,25,17,25,17,true,0,true,true,false,false,false,"",true
"A-G1.042-C2",63394,924,622.5090202245,1,25,17,25,17,false,19,false,true,false,false,false,"EQ|OVERDUE",false
"A-G1.042-C2",63394,1104,731.2173535578,1,27,20,27,20,false,0,true,true,false,false,false,"EQ",false
"A-G1.042-C2",63394,1284,840.4595539766,1,31,24,31,24,false,0,true,true,false,false,false,"EQ",false
"A-G1.042-C2",63394,1464,949.6299997967,1,34,27,34,27,false,0,true,true,false,false,false,"EQ",false
"A-G1.042-C2",63394,1644,1058.2081693834,1,38,31,38,31,true,0,true,true,false,false,false,"",true
"A-G1.042-C2",63394,1824,1185.1081693834,1,38,31,38,31,true,0,true,false,false,false,false,"COOLDOWN",false
"A-G1.042-C2",63394,2004,1292.8674188186,1,41,33,41,33,true,0,true,true,false,false,false,"",true
"A-G1.042-C2",63394,2184,1405.077857843,1,41,33,41,33,true,0,true,false,false,false,false,"COOLDOWN",false
"A-G1.042-C2",63394,2364,1509.7826197478,1,46,39,46,39,true,0,true,true,false,false,false,"",true
"A-G1.042-C2",63394,2544,1614.4873816526,2,46,39,46,39,false,0,true,true,false,false,false,"EQ",false
"A-G1.042-C2",63394,2724,1721.5266893566,2,51,44,51,44,false,0,true,true,false,false,false,"EQ",false
"A-G1.042-C2",63394,2904,1825.4252400815,2,56,49,56,49,false,0,true,true,false,false,false,"EQ",false
"A-G1.042-C2",63394,3084,1928.9437586,2,65,58,65,58,true,0,true,true,false,false,false,"",true
"A-G1.042-C2",63394,3264,2055.8437586,2,65,58,65,58,true,3,false,false,false,false,false,"OVERDUE|COOLDOWN",false
"A-G1.042-C2",63394,3444,2165.7620276449,2,71,63,71,63,true,0,true,true,false,false,false,"",true
"A-G1.042-C2",63394,3624,2274.3249384431,2,71,63,71,63,true,1,true,false,false,false,false,"COOLDOWN",false
"A-G1.042-C2",63394,3804,2382.8727438969,2,75,69,75,69,true,0,true,true,false,false,false,"",true
"A-G1.042-C2",63394,3984,2486.1512893515,3,75,69,75,69,false,1,false,true,false,false,false,"EQ|OVERDUE",false
"A-G1.042-C2",63394,4164,2593.1858721886,3,82,76,82,76,false,0,true,true,false,false,false,"EQ",false
"A-G1.042-C2",63394,4344,2708.2648989139,3,85,78,85,78,false,0,true,true,false,false,false,"EQ",false
"A-G1.042-C2",63394,4524,2815.3179853749,3,89,82,89,82,false,0,true,true,false,false,false,"EQ",false
"A-G1.042-C2",63394,4704,2920.6438768184,3,93,86,93,86,false,0,true,true,false,false,false,"EQ",false
"A-G1.042-C2",63394,4884,3027.5127288354,3,96,89,96,89,false,0,true,true,false,false,false,"EQ",false
"A-G1.042-C2",63394,5064,3133.3897890916,3,101,94,101,94,true,0,true,true,false,false,false,"",true
"A-G1.042-C2",63394,5244,3260.2897890916,3,101,94,101,94,true,0,true,false,false,false,false,"COOLDOWN",false
"A-G1.042-C2",63394,5424,3367.8905945889,3,104,98,104,98,true,0,true,true,false,false,false,"",true
"A-G1.042-C2",63394,5604,3494.7905945889,3,104,98,104,98,true,5,false,false,false,false,false,"OVERDUE|COOLDOWN",false
"A-G1.042-C2",63394,5784,3599.3843803031,3,105,99,105,99,true,0,true,true,false,false,false,"",true
"A-G1.042-C2",71313,24,24,0,14,7,14,7,false,0,true,true,false,false,false,"EQ",false
"A-G1.042-C2",71313,204,148.9333333333,0,16,9,16,9,false,0,true,true,false,false,false,"EQ",false
"A-G1.042-C2",71313,384,267.1016304419,0,19,12,19,12,false,0,true,true,false,false,false,"EQ",false
"A-G1.042-C2",71313,564,384.0626361098,0,21,14,21,14,true,0,true,true,false,false,false,"",true
"A-G1.042-C2",71313,744,510.9626361098,0,21,14,21,14,true,1,true,false,false,false,false,"COOLDOWN",false
"A-G1.042-C2",71313,924,623.5512680294,0,23,16,23,16,true,0,true,true,false,false,false,"",true
"A-G1.042-C2",71313,1104,741.9992055991,0,23,16,23,16,true,2,true,false,false,false,false,"COOLDOWN",false
"A-G1.042-C2",71313,1284,854.2285206743,0,28,21,28,21,true,0,true,true,false,false,false,"",true
"A-G1.042-C2",71313,1464,963.1773161925,1,28,21,28,21,false,1,true,true,false,false,false,"EQ",false
"A-G1.042-C2",71313,1644,1070.1296971449,1,31,24,31,24,false,0,true,true,false,false,false,"EQ",false
"A-G1.042-C2",71313,1824,1175.6773161925,1,38,31,38,31,true,0,true,true,false,false,false,"",true
"A-G1.042-C2",71313,2004,1295.0951106787,1,38,31,38,31,true,6,false,false,false,false,false,"OVERDUE|COOLDOWN",false
"A-G1.042-C2",71313,2184,1412.3160630635,1,41,34,41,34,true,0,true,true,false,false,false,"",true
"A-G1.042-C2",71313,2364,1523.8185020879,1,41,34,41,34,true,3,false,false,false,false,false,"OVERDUE|COOLDOWN",false
"A-G1.042-C2",71313,2544,1628.5232639927,1,46,39,46,39,true,0,true,true,false,false,false,"",true
"A-G1.042-C2",71313,2724,1737.2126635786,1,46,39,46,39,true,3,false,false,false,false,false,"OVERDUE|COOLDOWN",false
"A-G1.042-C2",71313,2904,1846.0114838103,1,49,42,49,42,true,0,true,true,false,false,false,"",true
"A-G1.042-C2",71313,3084,1950.2948171436,2,50,43,50,43,false,0,true,true,false,false,false,"EQ",false
"A-G1.042-C2",71313,3264,2057.5267024621,2,60,52,60,52,true,0,true,true,false,false,false,"",true
"A-G1.042-C2",71313,3444,2191.7623691288,2,60,52,60,52,true,1,true,false,false,false,false,"COOLDOWN",false
"A-G1.042-C2",71313,3624,2297.5975124078,2,64,57,64,57,true,0,true,true,false,false,false,"",true
"A-G1.042-C2",71313,3804,2416.8493642596,2,64,57,64,57,true,0,true,false,false,false,false,"COOLDOWN",false
"A-G1.042-C2",71313,3984,2526.0032318748,2,72,65,72,65,true,0,true,true,false,false,false,"",true
"A-G1.042-C2",71313,4164,2633.1731243479,3,72,65,72,65,false,0,true,true,false,false,false,"EQ",false
"A-G1.042-C2",71313,4344,2736.1453465702,3,82,75,82,75,false,0,true,true,false,false,false,"EQ",false
"A-G1.042-C2",71313,4524,2839.0520132369,3,85,78,85,78,false,0,true,true,false,false,false,"EQ",false
"A-G1.042-C2",71313,4704,2946.0192032683,3,88,81,88,81,false,0,true,true,false,false,false,"EQ",false
"A-G1.042-C2",71313,4884,3048.8093267251,3,90,84,90,84,false,0,true,true,false,false,false,"EQ",false
"A-G1.042-C2",71313,5064,3153.2249784463,3,95,89,95,89,false,0,true,true,false,false,false,"EQ",false
"A-G1.042-C2",71313,5244,3259.2308738445,3,98,92,98,92,false,0,true,true,false,false,false,"EQ",false
"A-G1.042-C2",71313,5424,3365.2406123411,3,103,96,103,96,true,0,true,true,false,false,false,"",true
"A-G1.042-C2",71313,5604,3492.1406123411,3,103,96,103,96,true,0,true,false,false,false,false,"COOLDOWN",false
"A-G1.042-C3",42,24,24,0,14,7,14,7,false,0,true,true,false,false,false,"EQ",false
"A-G1.042-C3",42,204,148.9333333333,0,16,9,16,9,false,0,true,true,false,false,false,"EQ",false
"A-G1.042-C3",42,384,267.6433397661,0,19,12,19,12,false,0,true,true,false,false,false,"EQ",false
"A-G1.042-C3",42,564,383.7942246107,0,21,14,21,14,true,0,true,true,false,false,false,"",true
"A-G1.042-C3",42,744,510.6942246107,0,21,14,21,14,true,0,true,false,false,false,false,"COOLDOWN",false
"A-G1.042-C3",42,924,621.0433286666,0,26,19,26,19,true,0,true,false,false,false,false,"COOLDOWN",false
"A-G1.042-C3",42,1104,729.3178384705,0,27,20,27,20,true,0,true,true,false,false,false,"",true
"A-G1.042-C3",42,1284,838.4190766694,1,27,20,27,20,false,0,true,true,false,false,false,"EQ",false
"A-G1.042-C3",42,1464,949.2012109289,1,31,24,31,24,false,0,true,true,false,false,false,"EQ",false
"A-G1.042-C3",42,1644,1059.4232404758,1,34,27,34,27,false,0,true,true,false,false,false,"EQ",false
"A-G1.042-C3",42,1824,1167.2579671306,1,41,34,41,34,true,0,true,true,false,false,false,"",true
"A-G1.042-C3",42,2004,1278.760406155,1,41,34,41,34,true,1,true,false,false,false,false,"COOLDOWN",false
"A-G1.042-C3",42,2184,1386.4871612146,1,44,37,44,37,true,0,true,false,false,false,false,"COOLDOWN",false
"A-G1.042-C3",42,2364,1493.1961047912,1,47,40,47,40,true,0,true,true,false,false,false,"",true
"A-G1.042-C3",42,2544,1600.0356633116,2,48,41,48,41,false,0,true,true,false,false,false,"EQ",false
"A-G1.042-C3",42,2724,1706.8376155957,2,56,48,56,48,false,0,true,true,false,false,false,"EQ",false
"A-G1.042-C3",42,2904,1815.7661030002,2,63,56,63,56,true,0,true,true,false,false,false,"",true
"A-G1.042-C3",42,3084,1942.6661030002,2,63,56,63,56,true,2,false,false,false,false,false,"OVERDUE|COOLDOWN",false
"A-G1.042-C3",42,3264,2054.8161030002,2,70,63,70,63,true,0,true,false,false,false,false,"COOLDOWN",false
"A-G1.042-C3",42,3444,2169.6876035535,2,73,66,73,66,true,0,true,true,false,false,false,"",true
"A-G1.042-C3",42,3624,2275.5643453417,3,73,66,73,66,false,0,true,true,false,false,false,"EQ",false
"A-G1.042-C3",42,3804,2389.9163692147,3,76,69,76,69,false,0,true,true,false,false,false,"EQ",false
"A-G1.042-C3",42,3984,2500.7681319743,3,83,76,83,76,false,0,true,true,false,false,false,"EQ",false
"A-G1.042-C3",42,4164,2605.8792816503,3,86,79,86,79,false,0,true,true,false,false,false,"EQ",false
"A-G1.042-C3",42,4344,2708.6876149836,3,89,83,89,83,false,0,true,true,false,false,false,"EQ",false
"A-G1.042-C3",42,4524,2813.8499485159,3,93,87,93,87,false,0,true,true,false,false,false,"EQ",false
"A-G1.042-C3",42,4704,2921.9236383112,3,96,89,96,89,false,0,true,true,false,false,false,"EQ",false
"A-G1.042-C3",42,4884,3031.5861148834,3,100,93,100,93,true,0,true,true,false,false,false,"",true
"A-G1.042-C3",42,5064,3172.3117815501,3,100,93,100,93,true,5,false,false,false,false,false,"OVERDUE|COOLDOWN",false
"A-G1.042-C3",42,5244,3281.3389152784,3,104,97,104,97,true,0,true,false,false,false,false,"COOLDOWN",false
"A-G1.042-C3",42,5424,3391.8298029478,3,106,99,106,99,true,0,true,true,false,false,false,"",true
"A-G1.042-C3",42,5604,3526.1433941427,3,106,99,106,99,true,0,true,false,false,false,false,"COOLDOWN",false
"A-G1.042-C3",7961,24,24,0,14,7,14,7,false,0,true,true,false,false,false,"EQ",false
"A-G1.042-C3",7961,204,145,0,16,9,16,9,false,0,true,true,false,false,false,"EQ",false
"A-G1.042-C3",7961,384,266.2459257517,0,19,12,19,12,false,0,true,true,false,false,false,"EQ",false
"A-G1.042-C3",7961,564,383.5598632481,0,21,13,21,13,true,0,true,true,false,false,false,"",true
"A-G1.042-C3",7961,744,510.4598632481,0,21,13,21,13,true,0,true,false,false,false,false,"COOLDOWN",false
"A-G1.042-C3",7961,924,625.672216934,0,23,16,23,16,true,0,true,false,false,false,false,"COOLDOWN",false
"A-G1.042-C3",7961,1104,739.0142375793,0,26,18,26,18,true,0,true,true,false,false,false,"",true
"A-G1.042-C3",7961,1284,851.937937213,1,26,18,26,18,false,0,true,true,false,false,false,"EQ",false
"A-G1.042-C3",7961,1464,960.3487046545,1,30,23,30,23,false,0,true,true,false,false,false,"EQ",false
"A-G1.042-C3",7961,1644,1071.3501210778,1,40,32,40,32,true,0,true,true,false,false,false,"",true
"A-G1.042-C3",7961,1824,1192.4267532617,1,40,32,40,32,true,2,true,false,false,false,false,"COOLDOWN",false
"A-G1.042-C3",7961,2004,1305.8878643728,1,46,39,46,39,true,0,true,false,false,false,false,"COOLDOWN",false
"A-G1.042-C3",7961,2184,1415.574063759,1,51,43,51,43,true,0,true,true,false,false,false,"",true
"A-G1.042-C3",7961,2364,1524.1170292062,2,52,44,52,44,false,0,true,true,false,false,false,"EQ",false
"A-G1.042-C3",7961,2544,1634.943019629,2,65,58,65,58,true,0,true,true,false,false,false,"",true
"A-G1.042-C3",7961,2724,1761.843019629,2,65,58,65,58,true,2,false,false,false,false,false,"OVERDUE|COOLDOWN",false
"A-G1.042-C3",7961,2904,1878.1056596489,2,72,65,72,65,true,0,true,false,false,false,false,"COOLDOWN",false
"A-G1.042-C3",7961,3084,1982.1180328716,2,76,70,76,70,true,0,true,true,false,false,false,"",true
"A-G1.042-C3",7961,3264,2086.3770339191,3,77,70,77,70,false,0,true,true,false,false,false,"EQ",false
"A-G1.042-C3",7961,3444,2192.9968943591,3,88,81,88,81,false,0,true,true,false,false,false,"EQ",false
"A-G1.042-C3",7961,3624,2295.7870178159,3,91,84,91,84,false,0,true,true,false,false,false,"EQ",false
"A-G1.042-C3",7961,3804,2401.5823857366,3,93,86,93,86,false,0,true,true,false,false,false,"EQ",false
"A-G1.042-C3",7961,3984,2511.9152311287,3,96,90,96,90,false,0,true,true,false,false,false,"EQ",false
"A-G1.042-C3",7961,4164,2617.0440078561,3,101,94,101,94,true,0,true,true,false,false,false,"",true
"A-G1.042-C3",7961,4344,2743.9440078561,3,101,94,101,94,true,1,false,false,false,false,false,"OVERDUE|COOLDOWN",false
"A-G1.042-C3",7961,4524,2849.6831457752,3,104,97,104,97,true,0,true,false,false,false,false,"COOLDOWN",false
"A-G1.042-C3",7961,4704,2952.2205607412,3,108,101,108,101,true,0,true,true,false,false,false,"",true
"A-G1.042-C3",7961,4884,3069.1801979294,3,108,101,108,101,true,2,false,false,false,false,false,"OVERDUE|COOLDOWN",false
"A-G1.042-C3",7961,5064,3174.6593239432,3,110,103,110,103,true,0,true,false,false,false,false,"COOLDOWN",false
"A-G1.042-C3",7961,5244,3279.8006563643,3,112,105,112,105,true,0,true,true,false,false,false,"",true
"A-G1.042-C3",7961,5424,3395.9170429188,3,112,105,112,105,true,0,true,false,false,false,false,"COOLDOWN",false
"A-G1.042-C3",7961,5604,3504.5032064228,3,113,107,113,107,true,0,true,false,false,false,false,"COOLDOWN",false
"A-G1.042-C3",15880,24,24,0,14,6,14,6,false,0,true,true,false,false,false,"EQ",false
"A-G1.042-C3",15880,204,148.4002124188,0,17,10,17,10,false,0,true,true,false,false,false,"EQ",false
"A-G1.042-C3",15880,384,266.9255196445,0,19,12,19,12,false,0,true,true,false,false,false,"EQ",false
"A-G1.042-C3",15880,564,381.4300379335,0,21,14,21,14,true,0,true,true,false,false,false,"",true
"A-G1.042-C3",15880,744,508.3300379335,0,21,14,21,14,true,0,true,false,false,false,false,"COOLDOWN",false
"A-G1.042-C3",15880,924,620.9003080171,0,23,16,23,16,true,0,true,false,false,false,false,"COOLDOWN",false
"A-G1.042-C3",15880,1104,735.7360363032,0,26,19,26,19,true,0,true,true,false,false,false,"",true
"A-G1.042-C3",15880,1284,848.628831175,1,26,19,26,19,false,0,true,true,false,false,false,"EQ",false
"A-G1.042-C3",15880,1464,954.878831175,1,35,28,35,28,true,0,true,true,false,false,false,"",true
"A-G1.042-C3",15880,1644,1087.2854978417,1,35,28,35,28,true,7,false,false,false,false,false,"OVERDUE|COOLDOWN",false
"A-G1.042-C3",15880,1824,1195.9038519926,1,39,31,39,31,true,0,true,false,false,false,false,"COOLDOWN",false
"A-G1.042-C3",15880,2004,1306.0572633533,1,46,39,46,39,true,0,true,true,false,false,false,"",true
"A-G1.042-C3",15880,2184,1411.9146425803,2,47,39,47,39,false,1,true,true,false,false,false,"EQ",false
"A-G1.042-C3",15880,2364,1528.7088508426,2,52,45,52,45,false,0,true,true,false,false,false,"EQ",false
"A-G1.042-C3",15880,2544,1636.3469969535,2,56,48,56,48,false,0,true,true,false,false,false,"EQ",false
"A-G1.042-C3",15880,2724,1746.7694383241,2,62,55,62,55,true,0,true,true,false,false,false,"",true
"A-G1.042-C3",15880,2904,1883.8409114423,2,62,55,62,55,true,0,true,false,false,false,false,"COOLDOWN",false
"A-G1.042-C3",15880,3084,1991.1909450488,2,65,58,65,58,true,0,true,false,false,false,false,"COOLDOWN",false
"A-G1.042-C3",15880,3264,2096.1935598875,2,72,65,72,65,true,0,true,true,false,false,false,"",true
"A-G1.042-C3",15880,3444,2203.3634523607,3,72,65,72,65,false,2,false,true,false,false,false,"EQ|OVERDUE",false
"A-G1.042-C3",15880,3624,2316.862015878,3,83,77,83,77,false,0,true,true,false,false,false,"EQ",false
"A-G1.042-C3",15880,3804,2426.1169765652,3,90,84,90,84,false,0,true,true,false,false,false,"EQ",false
"A-G1.042-C3",15880,3984,2528.8550718033,3,93,86,93,86,false,0,true,true,false,false,false,"EQ",false
"A-G1.042-C3",15880,4164,2634.9782456558,3,96,89,96,89,false,0,true,true,false,false,false,"EQ",false
"A-G1.042-C3",15880,4344,2744.2243309161,3,98,91,98,91,false,0,true,true,false,false,false,"EQ",false
"A-G1.042-C3",15880,4524,2852.694555526,3,100,94,100,94,true,0,true,true,false,false,false,"",true
"A-G1.042-C3",15880,4704,2979.594555526,3,100,94,100,94,true,0,true,false,false,false,false,"COOLDOWN",false
"A-G1.042-C3",15880,4884,3082.1967060636,3,103,96,103,96,true,0,true,false,false,false,false,"COOLDOWN",false
"A-G1.042-C3",15880,5064,3191.4291268518,3,106,99,106,99,true,0,true,true,false,false,false,"",true
"A-G1.042-C3",15880,5244,3318.3291268518,3,106,99,106,99,true,1,false,false,false,false,false,"OVERDUE|COOLDOWN",false
"A-G1.042-C3",15880,5424,3423.8590090067,3,109,102,109,102,true,0,true,false,false,false,false,"COOLDOWN",false
"A-G1.042-C3",15880,5604,3529.6384369495,3,111,104,111,104,true,0,true,true,false,false,false,"",true
"A-G1.042-C3",23799,24,24,0,14,7,14,7,false,0,true,true,false,false,false,"EQ",false
"A-G1.042-C3",23799,204,148.6262123841,0,16,9,16,9,false,0,true,true,false,false,false,"EQ",false
"A-G1.042-C3",23799,384,268.974641497,0,18,11,18,11,false,0,true,true,false,false,false,"EQ",false
"A-G1.042-C3",23799,564,386.4889870233,0,21,13,21,13,true,0,true,true,false,false,false,"",true
"A-G1.042-C3",23799,744,513.3889870233,0,21,13,21,13,true,0,true,false,false,false,false,"COOLDOWN",false
"A-G1.042-C3",23799,924,626.6882416812,0,23,15,23,15,true,0,true,false,false,false,false,"COOLDOWN",false
"A-G1.042-C3",23799,1104,739.7106789607,0,26,19,26,19,true,0,true,true,false,false,false,"",true
"A-G1.042-C3",23799,1284,849.4725837226,1,26,19,26,19,false,0,true,true,false,false,false,"EQ",false
"A-G1.042-C3",23799,1464,960.6107943543,1,29,21,29,21,false,0,true,true,false,false,false,"EQ",false
"A-G1.042-C3",23799,1644,1074.6371067567,1,33,25,33,25,false,0,true,true,false,false,false,"EQ",false
"A-G1.042-C3",23799,1824,1182.4952110557,1,37,30,37,30,true,0,true,true,false,false,false,"",true
"A-G1.042-C3",23799,2004,1305.0570960176,1,37,30,37,30,true,1,true,false,false,false,false,"COOLDOWN",false
"A-G1.042-C3",23799,2184,1409.9661869267,1,43,36,43,36,true,0,true,false,false,false,false,"COOLDOWN",false
"A-G1.042-C3",23799,2364,1516.6240436868,1,47,40,47,40,true,0,true,true,false,false,false,"",true
"A-G1.042-C3",23799,2544,1621.1465662093,2,47,40,47,40,false,0,true,true,false,false,false,"EQ",false
"A-G1.042-C3",23799,2724,1730.472836568,2,53,46,53,46,false,0,true,true,false,false,false,"EQ",false
"A-G1.042-C3",23799,2904,1847.0898950256,2,61,54,61,54,true,0,true,true,false,false,false,"",true
"A-G1.042-C3",23799,3084,1974.0995125119,2,61,54,61,54,true,1,true,false,false,false,false,"COOLDOWN",false
"A-G1.042-C3",23799,3264,2084.2158180103,2,65,58,65,58,true,0,true,false,false,false,false,"COOLDOWN",false
"A-G1.042-C3",23799,3444,2196.2721672167,2,73,66,73,66,true,0,true,true,false,false,false,"",true
"A-G1.042-C3",23799,3624,2304.9506990714,2,73,66,73,66,true,1,true,false,false,false,false,"COOLDOWN",false
"A-G1.042-C3",23799,3804,2413.4729856443,2,81,74,81,74,true,0,true,false,false,false,false,"COOLDOWN",false
"A-G1.042-C3",23799,3984,2519.2794199967,2,83,77,83,77,true,0,true,true,false,false,false,"",true
"A-G1.042-C3",23799,4164,2622.4798378844,3,83,77,83,77,false,0,true,true,false,false,false,"EQ",false
"A-G1.042-C3",23799,4344,2733.4157160313,3,88,81,88,81,false,0,true,true,false,false,false,"EQ",false
"A-G1.042-C3",23799,4524,2847.2830905596,3,94,87,94,87,false,0,true,true,false,false,false,"EQ",false
"A-G1.042-C3",23799,4704,2953.3378699454,3,97,91,97,91,false,0,true,true,false,false,false,"EQ",false
"A-G1.042-C3",23799,4884,3059.5835730201,3,100,94,100,94,true,0,true,true,false,false,false,"",true
"A-G1.042-C3",23799,5064,3186.4835730201,3,100,94,100,94,true,3,false,false,false,false,false,"OVERDUE|COOLDOWN",false
"A-G1.042-C3",23799,5244,3292.701870788,3,102,96,102,96,true,0,true,false,false,false,false,"COOLDOWN",false
"A-G1.042-C3",23799,5424,3402.569677,3,105,99,105,99,true,0,true,true,false,false,false,"",true
"A-G1.042-C3",23799,5604,3529.469677,3,105,99,105,99,true,0,true,false,false,false,false,"COOLDOWN",false
"A-G1.042-C3",31718,24,24,0,14,7,14,7,false,0,true,true,false,false,false,"EQ",false
"A-G1.042-C3",31718,204,145,0,16,9,16,9,false,0,true,true,false,false,false,"EQ",false
"A-G1.042-C3",31718,384,262.4894137429,0,19,12,19,12,false,0,true,true,false,false,false,"EQ",false
"A-G1.042-C3",31718,564,377.3603788926,0,22,15,22,15,true,0,true,true,false,false,false,"",true
"A-G1.042-C3",31718,744,507.7878637411,0,22,15,22,15,true,0,true,false,false,false,false,"COOLDOWN",false
"A-G1.042-C3",31718,924,620.4699133867,0,24,16,24,16,true,0,true,false,false,false,false,"COOLDOWN",false
"A-G1.042-C3",31718,1104,732.4200299724,0,26,19,26,19,true,0,true,true,false,false,false,"",true
"A-G1.042-C3",31718,1284,841.6200299724,1,26,19,26,19,false,0,true,true,false,false,false,"EQ",false
"A-G1.042-C3",31718,1464,958.0138896215,1,29,22,29,22,false,0,true,true,false,false,false,"EQ",false
"A-G1.042-C3",31718,1644,1070.222362185,1,34,27,34,27,false,0,true,true,false,false,false,"EQ",false
"A-G1.042-C3",31718,1824,1180.8979497335,1,39,32,39,32,true,0,true,true,false,false,false,"",true
"A-G1.042-C3",31718,2004,1297.4951203789,1,39,32,39,32,true,2,true,false,false,false,false,"COOLDOWN",false
"A-G1.042-C3",31718,2184,1412.6583143139,1,42,35,42,35,true,0,true,false,false,false,false,"COOLDOWN",false
"A-G1.042-C3",31718,2364,1523.1067483161,1,47,39,47,39,true,0,true,true,false,false,false,"",true
"A-G1.042-C3",31718,2544,1627.7178594272,2,47,40,47,40,false,0,true,true,false,false,false,"EQ",false
"A-G1.042-C3",31718,2724,1735.599697409,2,53,45,53,45,false,0,true,true,false,false,false,"EQ",false
"A-G1.042-C3",31718,2904,1839.2930307423,2,60,53,60,53,true,0,true,true,false,false,false,"",true
"A-G1.042-C3",31718,3084,1966.1930307423,2,60,53,60,53,true,3,false,false,false,false,false,"OVERDUE|COOLDOWN",false
"A-G1.042-C3",31718,3264,2071.4983197654,2,67,60,67,60,true,0,true,false,false,false,false,"COOLDOWN",false
"A-G1.042-C3",31718,3444,2178.8010112077,2,73,67,73,67,true,0,true,true,false,false,false,"",true
"A-G1.042-C3",31718,3624,2291.5212771894,2,73,67,73,67,true,0,true,false,false,false,false,"COOLDOWN",false
"A-G1.042-C3",31718,3804,2394.5899046404,2,77,71,77,71,true,0,true,false,false,false,false,"COOLDOWN",false
"A-G1.042-C3",31718,3984,2503.2400452538,2,82,75,82,75,true,0,true,true,false,false,false,"",true
"A-G1.042-C3",31718,4164,2606.1898169433,3,82,76,82,76,false,0,true,true,false,false,false,"EQ",false
"A-G1.042-C3",31718,4344,2713.5121401369,3,86,79,86,79,false,0,true,true,false,false,false,"EQ",false
"A-G1.042-C3",31718,4524,2819.8344151041,3,93,86,93,86,false,0,true,true,false,false,false,"EQ",false
"A-G1.042-C3",31718,4704,2927.157120689,3,98,91,98,91,false,0,true,true,false,false,false,"EQ",false
"A-G1.042-C3",31718,4884,3035.7825294601,3,101,94,101,94,true,0,true,true,false,false,false,"",true
"A-G1.042-C3",31718,5064,3168.8966119684,3,101,94,101,94,true,0,true,false,false,false,false,"COOLDOWN",false
"A-G1.042-C3",31718,5244,3280.6763792752,3,103,97,103,97,true,0,true,false,false,false,false,"COOLDOWN",false
"A-G1.042-C3",31718,5424,3390.0814679346,3,107,100,107,100,true,0,true,true,false,false,false,"",true
"A-G1.042-C3",31718,5604,3523.3962934798,3,107,100,107,100,true,3,false,false,false,false,false,"OVERDUE|COOLDOWN",false
"A-G1.042-C3",39637,24,24,0,14,7,14,7,false,0,true,true,false,false,false,"EQ",false
"A-G1.042-C3",39637,384,259.4444444443,0,19,12,19,12,false,0,true,true,false,false,false,"EQ",false
"A-G1.042-C3",39637,564,374.8684306658,0,21,14,21,14,true,0,true,true,false,false,false,"",true
"A-G1.042-C3",39637,744,501.7684306658,0,21,14,21,14,true,0,true,false,false,false,false,"COOLDOWN",false
"A-G1.042-C3",39637,924,614.445217591,0,23,16,23,16,true,0,true,false,false,false,false,"COOLDOWN",false
"A-G1.042-C3",39637,1104,726.4154804257,0,26,19,26,19,true,0,true,true,false,false,false,"",true
"A-G1.042-C3",39637,1284,836.1773851876,1,26,19,26,19,false,0,true,true,false,false,false,"EQ",false
"A-G1.042-C3",39637,1464,949.4937622958,1,30,23,30,23,false,0,true,true,false,false,false,"EQ",false
"A-G1.042-C3",39637,1644,1060.0500801615,1,34,26,34,26,false,0,true,true,false,false,false,"EQ",false
"A-G1.042-C3",39637,1824,1167.4383407175,1,42,35,42,35,true,0,true,true,false,false,false,"",true
"A-G1.042-C3",39637,2004,1276.511458997,2,42,35,42,35,false,6,false,true,false,false,false,"EQ|OVERDUE",false
"A-G1.042-C3",39637,2184,1389.4389783768,2,54,47,54,47,false,0,true,true,false,false,false,"EQ",false
"A-G1.042-C3",39637,2364,1496.4529147504,2,57,50,57,50,false,0,true,true,false,false,false,"EQ",false
"A-G1.042-C3",39637,2544,1601.9925808307,2,66,59,66,59,true,0,true,true,false,false,false,"",true
"A-G1.042-C3",39637,2724,1717.9482085364,2,66,59,66,59,true,3,false,false,false,false,false,"OVERDUE|COOLDOWN",false
"A-G1.042-C3",39637,2904,1823.8749663056,2,70,62,70,62,true,0,true,false,false,false,false,"COOLDOWN",false
"A-G1.042-C3",39637,3084,1929.0932098843,2,73,66,73,66,true,0,true,true,false,false,false,"",true
"A-G1.042-C3",39637,3264,2034.939741739,3,73,66,73,66,false,0,true,true,false,false,false,"EQ",false
"A-G1.042-C3",39637,3444,2140.8653895864,3,82,75,82,75,false,0,true,true,false,false,false,"EQ",false
"A-G1.042-C3",39637,3624,2256.2754738041,3,85,79,85,79,false,0,true,true,false,false,false,"EQ",false
"A-G1.042-C3",39637,3804,2364.1610037916,3,91,85,91,85,false,0,true,true,false,false,false,"EQ",false
"A-G1.042-C3",39637,3984,2466.8825724191,3,94,87,94,87,false,0,true,true,false,false,false,"EQ",false
"A-G1.042-C3",39637,4164,2577.9941399871,3,97,91,97,91,false,0,true,true,false,false,false,"EQ",false
"A-G1.042-C3",39637,4344,2680.6241766172,3,101,94,101,94,true,0,true,true,false,false,false,"",true
"A-G1.042-C3",39637,4524,2807.5241766172,3,101,94,101,94,true,3,false,false,false,false,false,"OVERDUE|COOLDOWN",false
"A-G1.042-C3",39637,4704,2913.0989553124,3,103,97,103,97,true,0,true,false,false,false,false,"COOLDOWN",false
"A-G1.042-C3",39637,4884,3017.1794438685,3,106,100,106,100,true,0,true,true,false,false,false,"",true
"A-G1.042-C3",39637,5064,3136.1305299088,3,106,100,106,100,true,1,false,false,false,false,false,"OVERDUE|COOLDOWN",false
"A-G1.042-C3",39637,5244,3247.505782434,3,109,102,109,102,true,0,true,false,false,false,false,"COOLDOWN",false
"A-G1.042-C3",39637,5424,3356.9778142091,3,111,104,111,104,true,0,true,true,false,false,false,"",true
"A-G1.042-C3",39637,5604,3483.8778142091,3,111,104,111,104,true,0,true,false,false,false,false,"COOLDOWN",false
"A-G1.042-C3",39637,5784,3589.2174443429,3,113,107,113,107,true,0,true,false,false,false,false,"COOLDOWN",false
"A-G1.042-C3",47556,24,24,0,14,6,14,6,false,0,true,true,false,false,false,"EQ",false
"A-G1.042-C3",47556,204,142.1904761905,0,18,10,18,10,false,0,true,true,false,false,false,"EQ",false
"A-G1.042-C3",47556,384,257.8213591272,0,20,13,20,13,true,0,true,true,false,false,false,"",true
"A-G1.042-C3",47556,564,384.7213591272,0,20,13,20,13,true,0,true,false,false,false,false,"COOLDOWN",false
"A-G1.042-C3",47556,744,494.4832638891,0,25,17,25,17,true,0,true,false,false,false,false,"COOLDOWN",false
"A-G1.042-C3",47556,924,606.4296104259,0,27,19,27,19,true,0,true,true,false,false,false,"",true
"A-G1.042-C3",47556,1104,714.7041202298,1,27,20,27,20,false,0,true,true,false,false,false,"EQ",false
"A-G1.042-C3",47556,1284,823.9958740155,1,31,24,31,24,false,0,true,true,false,false,false,"EQ",false
"A-G1.042-C3",47556,1464,933.5037343772,1,34,26,34,26,false,0,true,true,false,false,false,"EQ",false
"A-G1.042-C3",47556,1644,1043.0237350007,1,37,30,37,30,true,0,true,true,false,false,false,"",true
"A-G1.042-C3",47556,1824,1169.9237350007,1,37,30,37,30,true,1,true,false,false,false,false,"COOLDOWN",false
"A-G1.042-C3",47556,2004,1278.9455325462,1,40,33,40,33,true,0,true,false,false,false,false,"COOLDOWN",false
"A-G1.042-C3",47556,2184,1386.9103077836,1,44,36,44,36,true,0,true,true,false,false,false,"",true
"A-G1.042-C3",47556,2364,1497.9518229352,1,44,36,44,36,true,0,true,false,false,false,false,"COOLDOWN",false
"A-G1.042-C3",47556,2544,1605.251671837,1,47,40,47,40,true,0,true,false,false,false,false,"COOLDOWN",false
"A-G1.042-C3",47556,2724,1712.3900349276,1,52,45,52,45,true,0,true,true,false,false,false,"",true
"A-G1.042-C3",47556,2904,1816.5328920704,2,53,46,53,46,false,0,true,true,false,false,false,"EQ",false
"A-G1.042-C3",47556,3084,1925.3095881556,2,60,52,60,52,true,0,true,true,false,false,false,"",true
"A-G1.042-C3",47556,3264,2052.2095881556,2,60,52,60,52,true,1,true,false,false,false,false,"COOLDOWN",false
"A-G1.042-C3",47556,3444,2155.7693365833,2,64,57,64,57,true,0,true,false,false,false,false,"COOLDOWN",false
"A-G1.042-C3",47556,3624,2263.2087386246,2,71,64,71,64,true,0,true,true,false,false,false,"",true
"A-G1.042-C3",47556,3804,2374.6894089857,2,71,64,71,64,true,0,true,false,false,false,false,"COOLDOWN",false
"A-G1.042-C3",47556,3984,2477.866492319,2,73,67,73,67,true,0,true,false,false,false,false,"COOLDOWN",false
"A-G1.042-C3",47556,4164,2584.1321068026,2,76,69,76,69,true,0,true,true,false,false,false,"",true
"A-G1.042-C3",47556,4344,2689.0511616373,3,76,70,76,70,false,0,true,true,false,false,false,"EQ",false
"A-G1.042-C3",47556,4524,2806.6233623201,3,86,80,86,80,false,0,true,true,false,false,false,"EQ",false
"A-G1.042-C3",47556,4704,2919.4709999465,3,92,85,92,85,false,0,true,true,false,false,false,"EQ",false
"A-G1.042-C3",47556,4884,3025.3771833175,3,96,89,96,89,false,0,true,true,false,false,false,"EQ",false
"A-G1.042-C3",47556,5064,3128.0363593474,3,98,91,98,91,false,0,true,true,false,false,false,"EQ",false
"A-G1.042-C3",47556,5244,3235.2306914532,3,100,94,100,94,true,0,true,true,false,false,false,"",true
"A-G1.042-C3",47556,5424,3362.1306914532,3,100,94,100,94,true,0,true,false,false,false,false,"COOLDOWN",false
"A-G1.042-C3",47556,5604,3470.6214669202,3,105,99,105,99,true,0,true,false,false,false,false,"COOLDOWN",false
"A-G1.042-C3",47556,5784,3576.1195800042,3,108,101,108,101,true,0,true,true,false,false,false,"",true
"A-G1.042-C3",55475,24,24,0,14,6,14,6,false,0,true,true,false,false,false,"EQ",false
"A-G1.042-C3",55475,204,148.9333333333,0,16,9,16,9,false,0,true,true,false,false,false,"EQ",false
"A-G1.042-C3",55475,384,269.9047753864,0,19,12,19,12,false,0,true,true,false,false,false,"EQ",false
"A-G1.042-C3",55475,564,386.2170987344,0,20,13,20,13,true,0,true,true,false,false,false,"",true
"A-G1.042-C3",55475,744,513.1170987344,0,20,13,20,13,true,0,true,false,false,false,false,"COOLDOWN",false
"A-G1.042-C3",55475,924,626.426261079,0,22,15,22,15,true,0,true,false,false,false,false,"COOLDOWN",false
"A-G1.042-C3",55475,1104,738.5155562426,0,26,19,26,19,true,0,true,true,false,false,false,"",true
"A-G1.042-C3",55475,1284,850.8773511144,1,26,19,26,19,false,0,true,true,false,false,false,"EQ",false
"A-G1.042-C3",55475,1464,958.4212107635,1,30,23,30,23,false,0,true,true,false,false,false,"EQ",false
"A-G1.042-C3",55475,1644,1068.7936288247,1,32,25,32,25,false,0,true,true,false,false,false,"EQ",false
"A-G1.042-C3",55475,1824,1177.5916515998,1,36,28,36,28,true,0,true,true,false,false,false,"",true
"A-G1.042-C3",55475,2004,1304.4916515998,1,36,28,36,28,true,1,true,false,false,false,false,"COOLDOWN",false
"A-G1.042-C3",55475,2184,1416.36666828,1,40,32,40,32,true,0,true,false,false,false,false,"COOLDOWN",false
"A-G1.042-C3",55475,2364,1524.1914616264,1,44,37,44,37,true,0,true,true,false,false,false,"",true
"A-G1.042-C3",55475,2544,1629.1005525354,2,44,37,44,37,false,0,true,true,false,false,false,"EQ",false
"A-G1.042-C3",55475,2724,1733.4595268944,2,49,42,49,42,false,0,true,true,false,false,false,"EQ",false
"A-G1.042-C3",55475,2904,1837.2511935611,2,58,51,58,51,false,0,true,true,false,false,false,"EQ",false
"A-G1.042-C3",55475,3084,1940.7299814399,2,65,58,65,58,true,0,true,true,false,false,false,"",true
"A-G1.042-C3",55475,3264,2058.3082564982,2,65,58,65,58,true,2,false,false,false,false,false,"OVERDUE|COOLDOWN",false
"A-G1.042-C3",55475,3444,2167.652714202,2,69,62,69,62,true,1,true,false,false,false,false,"COOLDOWN",false
"A-G1.042-C3",55475,3624,2274.6536493685,2,73,66,73,66,true,0,true,true,false,false,false,"",true
"A-G1.042-C3",55475,3804,2388.7601812232,2,73,66,73,66,true,1,true,false,false,false,false,"COOLDOWN",false
"A-G1.042-C3",55475,3984,2495.834962706,2,76,69,76,69,true,0,true,false,false,false,false,"COOLDOWN",false
"A-G1.042-C3",55475,4164,2604.538128135,2,80,73,80,73,true,0,true,true,false,false,false,"",true
"A-G1.042-C3",55475,4344,2707.5334332993,3,80,74,80,74,false,0,true,true,false,false,false,"EQ",false
"A-G1.042-C3",55475,4524,2814.145228463,3,86,79,86,79,false,0,true,true,false,false,false,"EQ",false
"A-G1.042-C3",55475,4704,2919.1597034316,3,90,83,90,83,false,0,true,true,false,false,false,"EQ",false
"A-G1.042-C3",55475,4884,3024.7154221632,3,93,86,93,86,false,0,true,true,false,false,false,"EQ",false
"A-G1.042-C3",55475,5064,3135.6006495839,3,96,89,96,89,false,0,true,true,false,false,false,"EQ",false
"A-G1.042-C3",55475,5244,3238.2598256138,3,98,91,98,91,false,0,true,true,false,false,false,"EQ",false
"A-G1.042-C3",55475,5424,3344.8463335359,3,101,94,101,94,true,0,true,true,false,false,false,"",true
"A-G1.042-C3",55475,5604,3474.3614160442,3,101,94,101,94,true,0,true,false,false,false,false,"COOLDOWN",false
"A-G1.042-C3",55475,5784,3579.9408015208,3,102,96,102,96,true,0,true,false,false,false,false,"COOLDOWN",false
"A-G1.042-C3",63394,24,24,0,14,6,14,6,false,0,true,true,false,false,false,"EQ",false
"A-G1.042-C3",63394,204,150.8999999998,0,18,10,18,10,false,0,true,true,false,false,false,"EQ",false
"A-G1.042-C3",63394,384,269.2309465276,0,20,13,20,13,true,0,true,true,false,false,false,"",true
"A-G1.042-C3",63394,564,396.1309465276,0,20,13,20,13,true,1,true,false,false,false,false,"COOLDOWN",false
"A-G1.042-C3",63394,744,509.7577821293,0,25,17,25,17,true,0,true,false,false,false,false,"COOLDOWN",false
"A-G1.042-C3",63394,924,627.8077821293,0,26,19,26,19,true,0,true,true,false,false,false,"",true
"A-G1.042-C3",63394,1104,737.0077821293,1,26,19,26,19,false,0,true,true,false,false,false,"EQ",false
"A-G1.042-C3",63394,1284,844.5516417784,1,30,23,30,23,false,0,true,true,false,false,false,"EQ",false
"A-G1.042-C3",63394,1464,951.0154098943,1,33,26,33,26,false,0,true,true,false,false,false,"EQ",false
"A-G1.042-C3",63394,1644,1058.9688620383,1,37,30,37,30,true,0,true,true,false,false,false,"",true
"A-G1.042-C3",63394,1824,1185.8688620383,1,37,30,37,30,true,1,true,false,false,false,false,"COOLDOWN",false
"A-G1.042-C3",63394,2004,1295.2520072969,1,41,33,41,33,true,0,true,false,false,false,false,"COOLDOWN",false
"A-G1.042-C3",63394,2184,1400.161098206,1,44,37,44,37,true,0,true,true,false,false,false,"",true
"A-G1.042-C3",63394,2364,1506.4236133576,2,44,37,44,37,false,2,false,true,false,false,false,"EQ|OVERDUE",false
"A-G1.042-C3",63394,2544,1616.6420641787,2,52,45,52,45,false,0,true,true,false,false,false,"EQ",false
"A-G1.042-C3",63394,2724,1723.5241531379,2,61,54,61,54,true,0,true,true,false,false,false,"",true
"A-G1.042-C3",63394,2904,1855.9027706244,2,61,54,61,54,true,2,false,false,false,false,false,"OVERDUE|COOLDOWN",false
"A-G1.042-C3",63394,3084,1963.6431493954,2,64,57,64,57,true,0,true,false,false,false,false,"COOLDOWN",false
"A-G1.042-C3",63394,3264,2072.8993891301,2,69,62,69,62,true,0,true,true,false,false,false,"",true
"A-G1.042-C3",63394,3444,2190.7948863815,2,69,62,69,62,true,1,true,false,false,false,false,"COOLDOWN",false
"A-G1.042-C3",63394,3624,2297.4596311923,2,73,67,73,67,true,0,true,false,false,false,false,"COOLDOWN",false
"A-G1.042-C3",63394,3804,2402.4633189592,2,79,73,79,73,true,0,true,true,false,false,false,"",true
"A-G1.042-C3",63394,3984,2507.4183841501,3,79,73,79,73,false,0,true,true,false,false,false,"EQ",false
"A-G1.042-C3",63394,4164,2612.0525497981,3,89,83,89,83,false,0,true,true,false,false,false,"EQ",false
"A-G1.042-C3",63394,4344,2714.7741184256,3,94,88,94,88,false,0,true,true,false,false,false,"EQ",false
"A-G1.042-C3",63394,4524,2819.2740252014,3,98,92,98,92,false,0,true,true,false,false,false,"EQ",false
"A-G1.042-C3",63394,4704,2925.3357783963,3,101,95,101,95,true,0,true,true,false,false,false,"",true
"A-G1.042-C3",63394,4884,3052.2357783963,3,101,95,101,95,true,4,false,false,false,false,false,"OVERDUE|COOLDOWN",false
"A-G1.042-C3",63394,5064,3157.8887545868,3,106,99,106,99,true,0,true,false,false,false,false,"COOLDOWN",false
"A-G1.042-C3",63394,5244,3263.8283589639,3,108,102,108,102,true,0,true,true,false,false,false,"",true
"A-G1.042-C3",63394,5424,3380.7758337114,3,108,102,108,102,true,0,true,false,false,false,false,"COOLDOWN",false
"A-G1.042-C3",63394,5604,3486.5159252466,3,111,104,111,104,true,0,true,false,false,false,false,"COOLDOWN",false
"A-G1.042-C3",63394,5784,3592.4875570648,3,113,106,113,106,true,0,true,true,false,false,false,"",true
"A-G1.042-C3",71313,24,24,0,14,7,14,7,false,0,true,true,false,false,false,"EQ",false
"A-G1.042-C3",71313,204,148.9333333333,0,16,9,16,9,false,0,true,true,false,false,false,"EQ",false
"A-G1.042-C3",71313,384,267.1016304419,0,19,12,19,12,false,0,true,true,false,false,false,"EQ",false
"A-G1.042-C3",71313,564,384.0626361098,0,21,14,21,14,true,0,true,true,false,false,false,"",true
"A-G1.042-C3",71313,744,510.9626361098,0,21,14,21,14,true,1,true,false,false,false,false,"COOLDOWN",false
"A-G1.042-C3",71313,924,623.5512680294,0,23,16,23,16,true,0,true,false,false,false,false,"COOLDOWN",false
"A-G1.042-C3",71313,1104,731.8257778333,0,27,20,27,20,true,0,true,true,false,false,false,"",true
"A-G1.042-C3",71313,1284,841.2775561557,1,28,20,28,20,false,9,false,true,false,false,false,"EQ|OVERDUE",false
"A-G1.042-C3",71313,1464,951.1802448292,1,31,23,31,23,false,0,true,true,false,false,false,"EQ",false
"A-G1.042-C3",71313,1644,1064.5829184991,1,34,27,34,27,false,0,true,true,false,false,false,"EQ",false
"A-G1.042-C3",71313,1824,1172.9906297194,1,37,30,37,30,true,0,true,true,false,false,false,"",true
"A-G1.042-C3",71313,2004,1299.8906297194,1,37,30,37,30,true,2,true,false,false,false,false,"COOLDOWN",false
"A-G1.042-C3",71313,2184,1404.9114630527,1,43,35,43,35,true,0,true,false,false,false,false,"COOLDOWN",false
"A-G1.042-C3",71313,2364,1509.3500595439,1,48,41,48,41,true,0,true,true,false,false,false,"",true
"A-G1.042-C3",71313,2544,1616.4100588128,2,48,41,48,41,false,0,true,true,false,false,false,"EQ",false
"A-G1.042-C3",71313,2724,1729.0015554114,2,60,52,60,52,true,0,true,true,false,false,false,"",true
"A-G1.042-C3",71313,2904,1855.9015554114,2,60,52,60,52,true,2,false,false,false,false,false,"OVERDUE|COOLDOWN",false
"A-G1.042-C3",71313,3084,1973.0091947665,2,69,62,69,62,true,0,true,false,false,false,false,"COOLDOWN",false
"A-G1.042-C3",71313,3264,2078.6433096931,2,72,66,72,66,true,0,true,true,false,false,false,"",true
"A-G1.042-C3",71313,3444,2192.8342021663,2,72,66,72,66,true,0,true,false,false,false,false,"COOLDOWN",false
"A-G1.042-C3",71313,3624,2299.6980321692,2,75,69,75,69,true,0,true,false,false,false,false,"COOLDOWN",false
"A-G1.042-C3",71313,3804,2413.7405261968,2,78,72,78,72,true,0,true,true,false,false,false,"",true
"A-G1.042-C3",71313,3984,2517.9564403551,3,79,72,79,72,false,0,true,true,false,false,false,"EQ",false
"A-G1.042-C3",71313,4164,2625.9235420059,3,86,79,86,79,false,0,true,true,false,false,false,"EQ",false
"A-G1.042-C3",71313,4344,2739.9733773705,3,88,82,88,82,false,0,true,true,false,false,false,"EQ",false
"A-G1.042-C3",71313,4524,2848.8381304758,3,93,86,93,86,false,0,true,true,false,false,false,"EQ",false
"A-G1.042-C3",71313,4704,2960.3777856482,3,97,90,97,90,false,0,true,true,false,false,false,"EQ",false
"A-G1.042-C3",71313,4884,3063.0078222783,3,100,94,100,94,true,0,true,true,false,false,false,"",true
"A-G1.042-C3",71313,5064,3189.9078222783,3,100,94,100,94,true,1,false,false,false,false,false,"OVERDUE|COOLDOWN",false
"A-G1.042-C3",71313,5244,3301.3464747606,3,103,96,103,96,true,0,true,false,false,false,false,"COOLDOWN",false
"A-G1.042-C3",71313,5424,3411.624114545,3,105,99,105,99,true,0,true,true,false,false,false,"",true
"A-G1.042-C3",71313,5604,3540.4654954974,3,105,99,105,99,true,1,false,false,false,false,false,"OVERDUE|COOLDOWN",false
"A-G1.045-C2",42,24,24,0,14,7,14,7,false,0,true,true,false,false,false,"EQ",false
"A-G1.045-C2",42,204,145,0,16,9,16,9,false,0,true,true,false,false,false,"EQ",false
"A-G1.045-C2",42,384,265.3695864898,0,18,11,18,11,false,0,true,true,false,false,false,"EQ",false
"A-G1.045-C2",42,564,382.4977492673,0,20,13,20,13,true,0,true,true,false,false,false,"",true
"A-G1.045-C2",42,744,509.3977492673,0,20,13,20,13,true,2,true,false,false,false,false,"COOLDOWN",false
"A-G1.045-C2",42,924,626.5988946571,0,23,16,23,16,true,0,true,true,false,false,false,"",true
"A-G1.045-C2",42,1104,745.0468322268,0,23,16,23,16,true,0,true,false,false,false,false,"COOLDOWN",false
"A-G1.045-C2",42,1284,856.4451865709,0,25,18,25,18,true,0,true,true,false,false,false,"",true
"A-G1.045-C2",42,1464,965.8025199042,1,25,18,25,18,false,2,true,true,false,false,false,"EQ",false
"A-G1.045-C2",42,1644,1073.3463795533,1,30,23,30,23,false,0,true,true,false,false,false,"EQ",false
"A-G1.045-C2",42,1824,1181.7957531591,1,34,27,34,27,false,0,true,true,false,false,false,"EQ",false
"A-G1.045-C2",42,2004,1287.0624198258,1,41,34,41,34,true,0,true,true,false,false,false,"",true
"A-G1.045-C2",42,2184,1398.5648588502,1,41,34,41,34,true,6,false,false,false,false,false,"OVERDUE|COOLDOWN",false
"A-G1.045-C2",42,2364,1505.6685329797,1,43,36,43,36,true,0,true,true,false,false,false,"",true
"A-G1.045-C2",42,2544,1612.315608385,2,43,36,43,36,false,2,false,true,false,false,false,"EQ|OVERDUE",false
"A-G1.045-C2",42,2724,1718.5945245145,2,55,49,55,49,false,0,true,true,false,false,false,"EQ",false
"A-G1.045-C2",42,2904,1827.7296547969,2,61,54,61,54,true,0,true,true,false,false,false,"",true
"A-G1.045-C2",42,3084,1954.6296547969,2,61,54,61,54,true,0,true,false,false,false,false,"COOLDOWN",false
"A-G1.045-C2",42,3264,2062.8146935546,2,69,62,69,62,true,0,true,true,false,false,false,"",true
"A-G1.045-C2",42,3444,2174.220190806,2,69,62,69,62,true,4,false,false,false,false,false,"OVERDUE|COOLDOWN",false
"A-G1.045-C2",42,3624,2279.115250517,2,73,67,73,67,true,0,true,true,false,false,false,"",true
"A-G1.045-C2",42,3804,2384.9325164987,3,73,67,73,67,false,0,true,true,false,false,false,"EQ",false
"A-G1.045-C2",42,3984,2495.3906078101,3,78,72,78,72,false,0,true,true,false,false,false,"EQ",false
"A-G1.045-C2",42,4164,2603.6886558033,3,82,75,82,75,false,0,true,true,false,false,false,"EQ",false
"A-G1.045-C2",42,4344,2706.554456669,3,86,80,86,80,false,0,true,true,false,false,false,"EQ",false
"A-G1.045-C2",42,4524,2817.0359482417,3,90,83,90,83,false,0,true,true,false,false,false,"EQ",false
"A-G1.045-C2",42,4704,2928.6240434798,3,93,87,93,87,false,0,true,true,false,false,false,"EQ",false
"A-G1.045-C2",42,4884,3031.3136986522,3,96,90,96,90,false,0,true,true,false,false,false,"EQ",false
"A-G1.045-C2",42,5064,3137.3534360172,3,98,91,98,91,false,0,true,true,false,false,false,"EQ",false
"A-G1.045-C2",42,5244,3243.6584445816,3,101,94,101,94,true,0,true,true,false,false,false,"",true
"A-G1.045-C2",42,5424,3370.5584445816,3,101,94,101,94,true,3,false,false,false,false,false,"OVERDUE|COOLDOWN",false
"A-G1.045-C2",42,5604,3474.7512813937,3,103,96,103,96,true,0,true,true,false,false,false,"",true
"A-G1.045-C2",7961,24,24,0,14,7,14,7,false,0,true,true,false,false,false,"EQ",false
"A-G1.045-C2",7961,204,148.9333333332,0,16,9,16,9,false,0,true,true,false,false,false,"EQ",false
"A-G1.045-C2",7961,384,270.2437769937,0,18,11,18,11,false,0,true,true,false,false,false,"EQ",false
"A-G1.045-C2",7961,564,387.5227457562,0,20,13,20,13,true,0,true,true,false,false,false,"",true
"A-G1.045-C2",7961,744,518.1594124229,0,20,13,20,13,true,1,true,false,false,false,false,"COOLDOWN",false
"A-G1.045-C2",7961,924,627.9213171848,0,24,17,24,17,true,0,true,true,false,false,false,"",true
"A-G1.045-C2",7961,1104,741.61655528,1,24,17,24,17,false,14,false,true,false,false,false,"EQ|OVERDUE",false
"A-G1.045-C2",7961,1284,850.3248886133,1,26,19,26,19,false,0,true,true,false,false,false,"EQ",false
"A-G1.045-C2",7961,1464,960.0434643932,1,30,23,30,23,false,0,true,true,false,false,false,"EQ",false
"A-G1.045-C2",7961,1644,1070.6610719012,1,33,26,33,26,false,0,true,true,false,false,false,"EQ",false
"A-G1.045-C2",7961,1824,1179.1423035434,1,36,30,36,30,true,0,true,true,false,false,false,"",true
"A-G1.045-C2",7961,2004,1306.0423035434,1,36,30,36,30,true,0,true,false,false,false,false,"COOLDOWN",false
"A-G1.045-C2",7961,2184,1420.294602394,1,40,33,40,33,true,0,true,true,false,false,false,"",true
"A-G1.045-C2",7961,2364,1534.3502345779,1,40,33,40,33,true,1,true,false,false,false,false,"COOLDOWN",false
"A-G1.045-C2",7961,2544,1641.342915692,1,43,37,43,37,true,0,true,true,false,false,false,"",true
"A-G1.045-C2",7961,2724,1747.9899910973,2,43,37,43,37,false,0,true,true,false,false,false,"EQ",false
"A-G1.045-C2",7961,2904,1867.4136684664,2,49,42,49,42,false,0,true,true,false,false,false,"EQ",false
"A-G1.045-C2",7961,3084,1973.2836832829,2,60,53,60,53,true,0,true,true,false,false,false,"",true
"A-G1.045-C2",7961,3264,2100.3803499496,2,60,53,60,53,true,1,true,false,false,false,false,"COOLDOWN",false
"A-G1.045-C2",7961,3444,2205.6609101485,2,68,61,68,61,true,0,true,true,false,false,false,"",true
"A-G1.045-C2",7961,3624,2318.5506934302,2,68,61,68,61,true,2,false,false,false,false,false,"OVERDUE|COOLDOWN",false
"A-G1.045-C2",7961,3804,2425.253945114,2,71,64,71,64,true,0,true,true,false,false,false,"",true
"A-G1.045-C2",7961,3984,2533.8168559122,2,71,64,71,64,true,0,true,false,false,false,false,"COOLDOWN",false
"A-G1.045-C2",7961,4164,2641.8130770175,2,74,68,74,68,true,0,true,true,false,false,false,"",true
"A-G1.045-C2",7961,4344,2746.3721423328,3,74,68,74,68,false,0,true,true,false,false,false,"EQ",false
"A-G1.045-C2",7961,4524,2851.4891029125,3,79,72,79,72,false,0,true,true,false,false,false,"EQ",false
"A-G1.045-C2",7961,4704,2956.5902429599,3,82,75,82,75,false,0,true,true,false,false,false,"EQ",false
"A-G1.045-C2",7961,4884,3066.8983638658,3,88,82,88,82,false,0,true,true,false,false,false,"EQ",false
"A-G1.045-C2",7961,5064,3174.7617672071,3,92,86,92,86,false,0,true,true,false,false,false,"EQ",false
"A-G1.045-C2",7961,5244,3286.3333358346,3,94,87,94,87,false,0,true,true,false,false,false,"EQ",false
"A-G1.045-C2",7961,5424,3397.872991007,3,96,89,96,89,false,0,true,true,false,false,false,"EQ",false
"A-G1.045-C2",7961,5604,3504.6143961521,3,98,92,98,92,false,0,true,true,false,false,false,"EQ",false
"A-G1.045-C2",15880,24,24,0,13,7,13,7,false,0,true,true,false,false,false,"EQ",false
"A-G1.045-C2",15880,204,145,0,16,9,16,9,false,0,true,true,false,false,false,"EQ",false
"A-G1.045-C2",15880,384,264.9041008775,0,19,12,19,12,false,0,true,true,false,false,false,"EQ",false
"A-G1.045-C2",15880,564,379.7462661335,0,22,14,22,14,true,0,true,true,false,false,false,"",true
"A-G1.045-C2",15880,744,504.3220237093,0,22,14,22,14,true,0,true,false,false,false,false,"COOLDOWN",false
"A-G1.045-C2",15880,924,618.0512989494,0,24,17,24,17,true,0,true,true,false,false,false,"",true
"A-G1.045-C2",15880,1104,733.102888693,0,24,17,24,17,true,0,true,false,false,false,false,"COOLDOWN",false
"A-G1.045-C2",15880,1284,844.2956857137,0,25,18,25,18,true,0,true,true,false,false,false,"",true
"A-G1.045-C2",15880,1464,953.653019047,1,25,18,25,18,false,0,true,true,false,false,false,"EQ",false
"A-G1.045-C2",15880,1644,1064.4486309248,1,29,22,29,22,false,0,true,true,false,false,false,"EQ",false
"A-G1.045-C2",15880,1824,1175.048881717,1,32,25,32,25,false,0,true,true,false,false,false,"EQ",false
"A-G1.045-C2",15880,2004,1280.5965007646,1,39,32,39,32,true,0,true,true,false,false,false,"",true
"A-G1.045-C2",15880,2184,1400.2889916071,1,39,32,39,32,true,1,true,false,false,false,false,"COOLDOWN",false
"A-G1.045-C2",15880,2364,1507.8029228645,1,43,36,43,36,true,0,true,true,false,false,false,"",true
"A-G1.045-C2",15880,2544,1614.561740694,2,43,36,43,36,false,1,true,true,false,false,false,"EQ",false
"A-G1.045-C2",15880,2724,1727.6231228078,2,52,45,52,45,false,0,true,true,false,false,false,"EQ",false
"A-G1.045-C2",15880,2904,1834.4195014793,2,57,50,57,50,false,0,true,true,false,false,false,"EQ",false
"A-G1.045-C2",15880,3084,1940.6610405331,2,63,57,63,57,true,0,true,true,false,false,false,"",true
"A-G1.045-C2",15880,3264,2067.5610405331,2,63,57,63,57,true,2,false,false,false,false,false,"OVERDUE|COOLDOWN",false
"A-G1.045-C2",15880,3444,2179.778856625,2,69,62,69,62,true,0,true,true,false,false,false,"",true
"A-G1.045-C2",15880,3624,2291.1843538764,2,69,62,69,62,true,0,true,false,false,false,false,"COOLDOWN",false
"A-G1.045-C2",15880,3804,2399.7968444629,2,72,66,72,66,true,0,true,true,false,false,false,"",true
"A-G1.045-C2",15880,3984,2506.966736936,3,72,66,72,66,false,0,true,true,false,false,false,"EQ",false
"A-G1.045-C2",15880,4164,2615.4810560408,3,79,73,79,73,false,0,true,true,false,false,false,"EQ",false
"A-G1.045-C2",15880,4344,2727.177209887,3,87,81,87,81,false,0,true,true,false,false,false,"EQ",false
"A-G1.045-C2",15880,4524,2841.2049492709,3,91,84,91,84,false,0,true,true,false,false,false,"EQ",false
"A-G1.045-C2",15880,4704,2955.7431049209,3,96,90,96,90,false,0,true,true,false,false,false,"EQ",false
"A-G1.045-C2",15880,4884,3070.7078948966,3,99,93,99,93,false,0,true,true,false,false,false,"EQ",false
"A-G1.045-C2",15880,5064,3179.0839080194,3,102,95,102,95,true,0,true,true,false,false,false,"",true
"A-G1.045-C2",15880,5244,3305.9839080194,3,102,95,102,95,true,1,false,false,false,false,false,"OVERDUE|COOLDOWN",false
"A-G1.045-C2",15880,5424,3417.5377437793,3,104,97,104,97,true,0,true,true,false,false,false,"",true
"A-G1.045-C2",15880,5604,3544.4377437793,3,104,97,104,97,true,0,true,false,false,false,false,"COOLDOWN",false
"A-G1.045-C2",23799,24,24,0,14,7,14,7,false,0,true,true,false,false,false,"EQ",false
"A-G1.045-C2",23799,204,148.9333333333,0,16,9,16,9,false,0,true,true,false,false,false,"EQ",false
"A-G1.045-C2",23799,384,270.3865086354,0,18,11,18,11,false,0,true,true,false,false,false,"EQ",false
"A-G1.045-C2",23799,564,385.6858405536,0,21,13,21,13,true,0,true,true,false,false,false,"",true
"A-G1.045-C2",23799,744,512.5858405536,0,21,13,21,13,true,0,true,false,false,false,false,"COOLDOWN",false
"A-G1.045-C2",23799,924,625.7202662014,0,23,15,23,15,true,0,true,true,false,false,false,"",true
"A-G1.045-C2",23799,1104,752.6202662014,0,23,15,23,15,true,0,true,false,false,false,false,"COOLDOWN",false
"A-G1.045-C2",23799,1284,861.3285995347,0,27,20,27,20,true,0,true,true,false,false,false,"",true
"A-G1.045-C2",23799,1464,972.4406365718,1,27,20,27,20,false,5,false,true,false,false,false,"EQ|OVERDUE",false
"A-G1.045-C2",23799,1644,1087.0063509919,1,31,24,31,24,false,0,true,true,false,false,false,"EQ",false
"A-G1.045-C2",23799,1824,1195.17189968,1,39,32,39,32,true,0,true,true,false,false,false,"",true
"A-G1.045-C2",23799,2004,1322.07189968,1,39,32,39,32,true,5,false,false,false,false,false,"OVERDUE|COOLDOWN",false
"A-G1.045-C2",23799,2184,1430.834960187,1,45,39,45,39,true,0,true,true,false,false,false,"",true
"A-G1.045-C2",23799,2364,1539.6697220918,1,45,39,45,39,true,1,true,false,false,false,false,"COOLDOWN",false
"A-G1.045-C2",23799,2544,1647.6918838238,1,49,42,49,42,true,0,true,true,false,false,false,"",true
"A-G1.045-C2",23799,2724,1752.0508581828,2,49,43,49,43,false,0,true,true,false,false,false,"EQ",false
"A-G1.045-C2",23799,2904,1856.0064137384,2,55,49,55,49,false,0,true,true,false,false,false,"EQ",false
"A-G1.045-C2",23799,3084,1959.6997470717,2,60,53,60,53,true,0,true,true,false,false,false,"",true
"A-G1.045-C2",23799,3264,2086.5997470717,2,60,53,60,53,true,0,true,false,false,false,false,"COOLDOWN",false
"A-G1.045-C2",23799,3444,2194.0524832367,2,64,57,64,57,true,0,true,true,false,false,false,"",true
"A-G1.045-C2",23799,3624,2313.3455649977,2,64,57,64,57,true,0,true,false,false,false,false,"COOLDOWN",false
"A-G1.045-C2",23799,3804,2417.573706369,2,70,63,70,63,true,0,true,true,false,false,false,"",true
"A-G1.045-C2",23799,3984,2527.5375158929,2,70,63,70,63,true,13,false,false,false,false,false,"OVERDUE|COOLDOWN",false
"A-G1.045-C2",23799,4164,2637.2558652299,2,74,68,74,68,true,0,true,true,false,false,false,"",true
"A-G1.045-C2",23799,4344,2744.7365651606,2,74,68,74,68,true,0,true,false,false,false,false,"COOLDOWN",false
"A-G1.045-C2",23799,4524,2853.1327361874,2,77,71,77,71,true,0,true,true,false,false,false,"",true
"A-G1.045-C2",23799,4704,2962.8548268419,3,77,71,77,71,false,0,true,true,false,false,false,"EQ",false
"A-G1.045-C2",23799,4884,3069.2337941268,3,83,77,83,77,false,0,true,true,false,false,false,"EQ",false
"A-G1.045-C2",23799,5064,3172.0239175836,3,90,83,90,83,false,0,true,true,false,false,false,"EQ",false
"A-G1.045-C2",23799,5244,3278.5041989325,3,92,85,92,85,false,0,true,true,false,false,false,"EQ",false
"A-G1.045-C2",23799,5424,3384.4530449262,3,93,87,93,87,false,0,true,true,false,false,false,"EQ",false
"A-G1.045-C2",23799,5604,3491.2506646107,3,97,90,97,90,false,0,true,true,false,false,false,"EQ",false
"A-G1.045-C2",31718,24,24,0,14,7,14,7,false,0,true,true,false,false,false,"EQ",false
"A-G1.045-C2",31718,204,145,0,16,9,16,9,false,0,true,true,false,false,false,"EQ",false
"A-G1.045-C2",31718,384,268.2944444444,0,19,12,19,12,false,0,true,true,false,false,false,"EQ",false
"A-G1.045-C2",31718,564,383.3095353378,0,21,14,21,14,true,0,true,true,false,false,false,"",true
"A-G1.045-C2",31718,744,512.1509162902,0,21,14,21,14,true,0,true,false,false,false,false,"COOLDOWN",false
"A-G1.045-C2",31718,924,621.3509162902,0,25,19,25,19,true,0,true,true,false,false,false,"",true
"A-G1.045-C2",31718,1104,738.9682496235,0,25,19,25,19,true,11,false,false,false,false,false,"OVERDUE|COOLDOWN",false
"A-G1.045-C2",31718,1284,850.0397816946,0,27,20,27,20,true,0,true,true,false,false,false,"",true
"A-G1.045-C2",31718,1464,958.3142914985,1,27,20,27,20,false,0,true,true,false,false,false,"EQ",false
"A-G1.045-C2",31718,1644,1068.3860259658,1,31,24,31,24,false,0,true,true,false,false,false,"EQ",false
"A-G1.045-C2",31718,1824,1186.9049518612,1,33,27,33,27,false,0,true,true,false,false,false,"EQ",false
"A-G1.045-C2",31718,2004,1292.1716185279,1,40,33,40,33,true,0,true,true,false,false,false,"",true
"A-G1.045-C2",31718,2184,1406.0916185279,1,40,33,40,33,true,1,true,false,false,false,false,"COOLDOWN",false
"A-G1.045-C2",31718,2364,1513.266754242,1,43,37,43,37,true,0,true,true,false,false,false,"",true
"A-G1.045-C2",31718,2544,1619.9138296473,2,43,37,43,37,false,1,true,true,false,false,false,"EQ",false
"A-G1.045-C2",31718,2724,1723.9289811625,2,54,48,54,48,false,0,true,true,false,false,false,"EQ",false
"A-G1.045-C2",31718,2904,1827.5315452651,2,62,56,62,56,true,0,true,true,false,false,false,"",true
"A-G1.045-C2",31718,3084,1954.4315452651,2,62,56,62,56,true,1,true,false,false,false,false,"COOLDOWN",false
"A-G1.045-C2",31718,3264,2061.800358107,2,70,63,70,63,true,0,true,true,false,false,false,"",true
"A-G1.045-C2",31718,3444,2171.7641676309,2,70,63,70,63,true,10,false,false,false,false,false,"OVERDUE|COOLDOWN",false
"A-G1.045-C2",31718,3624,2279.0979950561,2,72,66,72,66,true,0,true,true,false,false,false,"",true
"A-G1.045-C2",31718,3804,2386.2678875292,3,72,66,72,66,false,2,false,true,false,false,false,"EQ|OVERDUE",false
"A-G1.045-C2",31718,3984,2493.2992855087,3,81,75,81,75,false,0,true,true,false,false,false,"EQ",false
"A-G1.045-C2",31718,4164,2604.8870326592,3,86,79,86,79,false,0,true,true,false,false,false,"EQ",false
"A-G1.045-C2",31718,4344,2720.8232371862,3,90,83,90,83,false,0,true,true,false,false,false,"EQ",false
"A-G1.045-C2",31718,4524,2823.5613324243,3,93,87,93,87,false,0,true,true,false,false,false,"EQ",false
"A-G1.045-C2",31718,4704,2929.669206959,3,96,89,96,89,false,0,true,true,false,false,false,"EQ",false
"A-G1.045-C2",31718,4884,3032.3136514034,3,99,92,99,92,false,0,true,true,false,false,false,"EQ",false
"A-G1.045-C2",31718,5064,3137.5786280333,3,100,94,100,94,true,0,true,true,false,false,false,"",true
"A-G1.045-C2",31718,5244,3264.4786280333,3,100,94,100,94,true,2,false,false,false,false,false,"OVERDUE|COOLDOWN",false
"A-G1.045-C2",31718,5424,3372.7029763668,3,103,96,103,96,true,0,true,true,false,false,false,"",true
"A-G1.045-C2",31718,5604,3503.6392255578,3,103,96,103,96,true,1,false,false,false,false,false,"OVERDUE|COOLDOWN",false
"A-G1.045-C2",39637,24,24,0,14,7,14,7,false,0,true,true,false,false,false,"EQ",false
"A-G1.045-C2",39637,204,150.9,0,18,11,18,11,false,0,true,true,false,false,false,"EQ",false
"A-G1.045-C2",39637,384,262.0666666667,0,23,16,23,16,true,0,true,true,false,false,false,"",true
"A-G1.045-C2",39637,564,388.9666666667,0,23,16,23,16,true,16,false,false,false,false,false,"OVERDUE|COOLDOWN",false
"A-G1.045-C2",39637,744,505.0651453015,0,24,17,24,17,true,0,true,true,false,false,false,"",true
"A-G1.045-C2",39637,924,623.4803833967,0,24,17,24,17,true,6,false,false,false,false,false,"OVERDUE|COOLDOWN",false
"A-G1.045-C2",39637,1104,731.7548932006,0,28,21,28,21,true,0,true,true,false,false,false,"",true
"A-G1.045-C2",39637,1284,839.6437820895,1,28,21,28,21,false,0,true,true,false,false,false,"EQ",false
"A-G1.045-C2",39637,1464,949.0947916162,1,35,29,35,29,true,0,true,true,false,false,false,"",true
"A-G1.045-C2",39637,1644,1076.1914582829,1,35,29,35,29,true,0,true,false,false,false,false,"COOLDOWN",false
"A-G1.045-C2",39637,1824,1181.8951619866,1,38,31,38,31,true,0,true,true,false,false,false,"",true
"A-G1.045-C2",39637,2004,1301.4690411289,1,38,31,38,31,true,0,true,false,false,false,false,"COOLDOWN",false
"A-G1.045-C2",39637,2184,1406.378132038,1,43,37,43,37,true,0,true,true,false,false,false,"",true
"A-G1.045-C2",39637,2364,1520.0462074433,1,43,37,43,37,true,8,false,false,false,false,false,"OVERDUE|COOLDOWN",false
"A-G1.045-C2",39637,2544,1628.359249167,1,48,41,48,41,true,0,true,true,false,false,false,"",true
"A-G1.045-C2",39637,2724,1733.1911789915,2,48,41,48,41,false,1,true,true,false,false,false,"EQ",false
"A-G1.045-C2",39637,2904,1839.0965319442,2,59,53,59,53,false,0,true,true,false,false,false,"EQ",false
"A-G1.045-C2",39637,3084,1946.9578782416,2,64,57,64,57,true,0,true,true,false,false,false,"",true
"A-G1.045-C2",39637,3264,2066.9589600026,2,64,57,64,57,true,0,true,false,false,false,false,"COOLDOWN",false
"A-G1.045-C2",39637,3444,2174.272878248,2,68,62,68,62,true,0,true,true,false,false,false,"",true
"A-G1.045-C2",39637,3624,2287.1269688497,2,68,62,68,62,true,1,true,false,false,false,false,"COOLDOWN",false
"A-G1.045-C2",39637,3804,2392.751117291,2,72,66,72,66,true,0,true,true,false,false,false,"",true
"A-G1.045-C2",39637,3984,2506.4110097642,2,72,66,72,66,true,0,true,false,false,false,false,"COOLDOWN",false
"A-G1.045-C2",39637,4164,2611.764634361,2,74,68,74,68,true,0,true,true,false,false,false,"",true
"A-G1.045-C2",39637,4344,2716.2953342917,3,74,68,74,68,false,2,false,true,false,false,false,"EQ|OVERDUE",false
"A-G1.045-C2",39637,4524,2822.6445638661,3,79,72,79,72,false,0,true,true,false,false,false,"EQ",false
"A-G1.045-C2",39637,4704,2928.3980019348,3,82,76,82,76,false,0,true,true,false,false,false,"EQ",false
"A-G1.045-C2",39637,4884,3035.7885825272,3,86,79,86,79,false,0,true,true,false,false,false,"EQ",false
"A-G1.045-C2",39637,5064,3147.4655867466,3,88,82,88,82,false,0,true,true,false,false,false,"EQ",false
"A-G1.045-C2",39637,5244,3252.2374018648,3,91,84,91,84,false,0,true,true,false,false,false,"EQ",false
"A-G1.045-C2",39637,5424,3358.2810718775,3,94,87,94,87,false,0,true,true,false,false,false,"EQ",false
"A-G1.045-C2",39637,5604,3460.9553143017,3,97,90,97,90,false,0,true,true,false,false,false,"EQ",false
"A-G1.045-C2",39637,5784,3568.9283559656,3,100,93,100,93,true,0,true,true,false,false,false,"",true
"A-G1.045-C2",47556,24,24,0,13,7,13,7,false,0,true,true,false,false,false,"EQ",false
"A-G1.045-C2",47556,204,146.3407671957,0,18,10,18,10,false,0,true,true,false,false,false,"EQ",false
"A-G1.045-C2",47556,384,263.8217702465,0,20,13,20,13,true,0,true,true,false,false,false,"",true
"A-G1.045-C2",47556,564,390.9184369132,0,20,13,20,13,true,1,true,false,false,false,false,"COOLDOWN",false
"A-G1.045-C2",47556,744,506.2860892143,0,22,15,22,15,true,0,true,true,false,false,false,"",true
"A-G1.045-C2",47556,924,630.8618467901,0,22,15,22,15,true,0,true,false,false,false,false,"COOLDOWN",false
"A-G1.045-C2",47556,1104,744.78356797,0,24,17,24,17,true,0,true,true,false,false,false,"",true
"A-G1.045-C2",47556,1284,865.6171577136,0,24,17,24,17,true,10,false,false,false,false,false,"OVERDUE|COOLDOWN",false
"A-G1.045-C2",47556,1464,977.7504377669,0,26,19,26,19,true,0,true,true,false,false,false,"",true
"A-G1.045-C2",47556,1644,1087.0239513887,1,26,19,26,19,false,8,false,true,false,false,false,"EQ|OVERDUE",false
"A-G1.045-C2",47556,1824,1198.9235659406,1,31,24,31,24,false,0,true,true,false,false,false,"EQ",false
"A-G1.045-C2",47556,2004,1304.4711849882,1,39,32,39,32,true,0,true,true,false,false,false,"",true
"A-G1.045-C2",47556,2184,1421.2136758307,1,39,32,39,32,true,3,false,false,false,false,false,"OVERDUE|COOLDOWN",false
"A-G1.045-C2",47556,2364,1526.1227667398,1,44,37,44,37,true,0,true,true,false,false,false,"",true
"A-G1.045-C2",47556,2544,1633.4754661331,2,44,37,44,37,false,1,true,true,false,false,false,"EQ",false
"A-G1.045-C2",47556,2724,1744.2126715484,2,50,43,50,43,false,0,true,true,false,false,false,"EQ",false
"A-G1.045-C2",47556,2904,1851.7444815063,2,57,51,57,51,false,0,true,true,false,false,false,"EQ",false
"A-G1.045-C2",47556,3084,1960.5140959593,2,65,58,65,58,true,0,true,true,false,false,false,"",true
"A-G1.045-C2",47556,3264,2087.4140959593,2,65,58,65,58,true,4,false,false,false,false,false,"OVERDUE|COOLDOWN",false
"A-G1.045-C2",47556,3444,2197.5454606835,2,69,62,69,62,true,0,true,true,false,false,false,"",true
"A-G1.045-C2",47556,3624,2313.6709579349,2,69,62,69,62,true,0,true,false,false,false,false,"COOLDOWN",false
"A-G1.045-C2",47556,3804,2422.0252341802,2,72,66,72,66,true,0,true,true,false,false,false,"",true
"A-G1.045-C2",47556,3984,2529.1951266534,3,72,66,72,66,false,0,true,true,false,false,false,"EQ",false
"A-G1.045-C2",47556,4164,2634.6730930868,3,78,72,78,72,false,0,true,true,false,false,false,"EQ",false
"A-G1.045-C2",47556,4344,2740.0669019992,3,82,75,82,75,false,0,true,true,false,false,false,"EQ",false
"A-G1.045-C2",47556,4524,2855.2506694816,3,87,81,87,81,false,0,true,true,false,false,false,"EQ",false
"A-G1.045-C2",47556,4704,2959.8655917652,3,90,83,90,83,false,0,true,true,false,false,false,"EQ",false
"A-G1.045-C2",47556,4884,3066.7042819326,3,93,87,93,87,false,0,true,true,false,false,false,"EQ",false
"A-G1.045-C2",47556,5064,3181.5221717951,3,97,90,97,90,false,0,true,true,false,false,false,"EQ",false
"A-G1.045-C2",47556,5244,3286.6628391643,3,98,92,98,92,false,0,true,true,false,false,false,"EQ",false
"A-G1.045-C2",47556,5424,3391.5669913973,3,101,94,101,94,true,0,true,true,false,false,false,"",true
"A-G1.045-C2",47556,5604,3518.4669913973,3,101,94,101,94,true,5,false,false,false,false,false,"OVERDUE|COOLDOWN",false
"A-G1.045-C2",55475,24,24,0,13,7,13,7,false,0,true,true,false,false,false,"EQ",false
"A-G1.045-C2",55475,204,145,0,16,9,16,9,false,0,true,true,false,false,false,"EQ",false
"A-G1.045-C2",55475,384,261.0833333333,0,18,11,18,11,false,0,true,true,false,false,false,"EQ",false
"A-G1.045-C2",55475,564,371.4935897436,0,23,16,23,16,true,0,true,true,false,false,false,"",true
"A-G1.045-C2",55475,744,498.3935897436,0,23,16,23,16,true,17,false,false,false,false,false,"OVERDUE|COOLDOWN",false
"A-G1.045-C2",55475,924,611.6351143522,0,24,17,24,17,true,0,true,true,false,false,false,"",true
"A-G1.045-C2",55475,1104,729.6957040958,0,24,17,24,17,true,5,false,false,false,false,false,"OVERDUE|COOLDOWN",false
"A-G1.045-C2",55475,1284,837.5845929847,0,28,21,28,21,true,0,true,true,false,false,false,"",true
"A-G1.045-C2",55475,1464,947.5441009212,1,28,21,28,21,false,0,true,true,false,false,false,"EQ",false
"A-G1.045-C2",55475,1644,1057.7892230661,1,33,26,33,26,false,0,true,true,false,false,false,"EQ",false
"A-G1.045-C2",55475,1824,1168.7784180583,1,36,29,36,29,true,0,true,true,false,false,false,"",true
"A-G1.045-C2",55475,2004,1295.6784180583,1,36,29,36,29,true,2,true,false,false,false,false,"COOLDOWN",false
"A-G1.045-C2",55475,2184,1400.8182030045,1,41,34,41,34,true,0,true,true,false,false,false,"",true
"A-G1.045-C2",55475,2364,1512.1937603084,1,41,34,41,34,true,0,true,false,false,false,false,"COOLDOWN",false
"A-G1.045-C2",55475,2544,1616.8048714195,1,47,40,47,40,true,0,true,true,false,false,false,"",true
"A-G1.045-C2",55475,2724,1723.5667626725,2,47,40,47,40,false,0,true,true,false,false,false,"EQ",false
"A-G1.045-C2",55475,2904,1839.5642717865,2,53,46,53,46,false,0,true,true,false,false,false,"EQ",false
"A-G1.045-C2",55475,3084,1943.5198273421,2,55,48,55,48,false,0,true,true,false,false,false,"EQ",false
"A-G1.045-C2",55475,3264,2050.7945311396,2,59,52,59,52,false,0,true,true,false,false,false,"EQ",false
"A-G1.045-C2",55475,3444,2160.1833628142,2,65,58,65,58,true,0,true,true,false,false,false,"",true
"A-G1.045-C2",55475,3624,2277.8013685122,2,65,58,65,58,true,0,true,false,false,false,false,"COOLDOWN",false
"A-G1.045-C2",55475,3804,2381.1691846041,2,69,62,69,62,true,0,true,true,false,false,false,"",true
"A-G1.045-C2",55475,3984,2499.0646818555,2,69,62,69,62,true,1,true,false,false,false,false,"COOLDOWN",false
"A-G1.045-C2",55475,4164,2604.9905508103,2,72,65,72,65,true,0,true,true,false,false,false,"",true
"A-G1.045-C2",55475,4344,2712.1604432835,3,72,65,72,65,false,0,true,true,false,false,false,"EQ",false
"A-G1.045-C2",55475,4524,2820.3646944839,3,83,76,83,76,false,0,true,true,false,false,false,"EQ",false
"A-G1.045-C2",55475,4704,2923.2506593962,3,85,78,85,78,false,0,true,true,false,false,false,"EQ",false
"A-G1.045-C2",55475,4884,3027.9617557711,3,88,81,88,81,false,0,true,true,false,false,false,"EQ",false
"A-G1.045-C2",55475,5064,3143.8100358276,3,90,84,90,84,false,0,true,true,false,false,false,"EQ",false
"A-G1.045-C2",55475,5244,3250.1179542089,3,92,86,92,86,false,0,true,true,false,false,false,"EQ",false
"A-G1.045-C2",55475,5424,3360.4041468263,3,96,89,96,89,false,0,true,true,false,false,false,"EQ",false
"A-G1.045-C2",55475,5604,3465.3156619524,3,98,91,98,91,false,0,true,true,false,false,false,"EQ",false
"A-G1.045-C2",55475,5784,3570.0448713215,3,99,92,99,92,false,0,true,true,false,false,false,"EQ",false
"A-G1.045-C2",63394,24,24,0,13,7,13,7,false,0,true,true,false,false,false,"EQ",false
"A-G1.045-C2",63394,204,147.1268424476,0,16,10,16,10,false,0,true,true,false,false,false,"EQ",false
"A-G1.045-C2",63394,384,262.0332863429,0,22,15,22,15,true,0,true,true,false,false,false,"",true
"A-G1.045-C2",63394,564,385.7151045247,0,22,15,22,15,true,8,false,false,false,false,false,"OVERDUE|COOLDOWN",false
"A-G1.045-C2",63394,744,499.0944045047,0,23,16,23,16,true,0,true,true,false,false,false,"",true
"A-G1.045-C2",63394,924,617.5423420744,0,23,16,23,16,true,0,true,false,false,false,false,"COOLDOWN",false
"A-G1.045-C2",63394,1104,729.2790802196,0,25,18,25,18,true,0,true,true,false,false,false,"",true
"A-G1.045-C2",63394,1284,838.6364135529,1,25,18,25,18,false,1,true,true,false,false,false,"EQ",false
"A-G1.045-C2",63394,1464,948.0664569909,1,34,28,34,28,false,0,true,true,false,false,false,"EQ",false
"A-G1.045-C2",63394,1644,1057.1930290168,1,37,30,37,30,true,0,true,true,false,false,false,"",true
"A-G1.045-C2",63394,1824,1179.5868228106,1,37,30,37,30,true,0,true,false,false,false,false,"COOLDOWN",false
"A-G1.045-C2",63394,2004,1289.4402325964,1,42,35,42,35,true,0,true,true,false,false,false,"",true
"A-G1.045-C2",63394,2184,1401.4633508759,1,42,35,42,35,true,0,true,false,false,false,false,"COOLDOWN",false
"A-G1.045-C2",63394,2364,1510.1412318407,1,47,40,47,40,true,0,true,true,false,false,false,"",true
"A-G1.045-C2",63394,2544,1615.4575345051,2,47,40,47,40,false,1,true,true,false,false,false,"EQ",false
"A-G1.045-C2",63394,2724,1723.6915900569,2,52,46,52,46,false,0,true,true,false,false,false,"EQ",false
"A-G1.045-C2",63394,2904,1827.6471456125,2,55,48,55,48,false,0,true,true,false,false,false,"EQ",false
"A-G1.045-C2",63394,3084,1937.3559544112,2,60,53,60,53,true,0,true,true,false,false,false,"",true
"A-G1.045-C2",63394,3264,2064.2559544112,2,60,53,60,53,true,0,true,false,false,false,false,"COOLDOWN",false
"A-G1.045-C2",63394,3444,2170.6426397668,2,64,57,64,57,true,0,true,true,false,false,false,"",true
"A-G1.045-C2",63394,3624,2289.9357215278,2,64,57,64,57,true,0,true,false,false,false,false,"COOLDOWN",false
"A-G1.045-C2",63394,3804,2396.5190349621,2,70,63,70,63,true,0,true,true,false,false,false,"",true
"A-G1.045-C2",63394,3984,2512.972844486,2,70,63,70,63,true,6,false,false,false,false,false,"OVERDUE|COOLDOWN",false
"A-G1.045-C2",63394,4164,2617.8166388761,2,74,68,74,68,true,0,true,true,false,false,false,"",true
"A-G1.045-C2",63394,4344,2730.6073388068,2,74,68,74,68,true,0,true,false,false,false,false,"COOLDOWN",false
"A-G1.045-C2",63394,4524,2837.300028169,2,77,70,77,70,true,0,true,true,false,false,false,"",true
"A-G1.045-C2",63394,4704,2940.4515737255,3,77,70,77,70,false,1,false,true,false,false,false,"EQ|OVERDUE",false
"A-G1.045-C2",63394,4884,3045.3343209305,3,84,77,84,77,false,0,true,true,false,false,false,"EQ",false
"A-G1.045-C2",63394,5064,3157.0501217963,3,86,80,86,80,false,0,true,true,false,false,false,"EQ",false
"A-G1.045-C2",63394,5244,3261.6070857382,3,91,84,91,84,false,0,true,true,false,false,false,"EQ",false
"A-G1.045-C2",63394,5424,3366.0204068317,3,96,89,96,89,false,0,true,true,false,false,false,"EQ",false
"A-G1.045-C2",63394,5604,3472.450834629,3,99,92,99,92,false,0,true,true,false,false,false,"EQ",false
"A-G1.045-C2",63394,5784,3587.2118100639,3,102,95,102,95,true,0,true,true,false,false,false,"",true
"A-G1.045-C2",71313,24,24,0,14,7,14,7,false,0,true,true,false,false,false,"EQ",false
"A-G1.045-C2",71313,204,148.9333333333,0,16,9,16,9,false,0,true,true,false,false,false,"EQ",false
"A-G1.045-C2",71313,384,275.8333333333,0,19,12,19,12,false,0,true,true,false,false,false,"EQ",false
"A-G1.045-C2",71313,564,391.1293649324,0,21,14,21,14,true,0,true,true,false,false,false,"",true
"A-G1.045-C2",71313,744,518.0293649324,0,21,14,21,14,true,5,false,false,false,false,false,"OVERDUE|COOLDOWN",false
"A-G1.045-C2",71313,924,631.7094818251,0,23,16,23,16,true,0,true,true,false,false,false,"",true
"A-G1.045-C2",71313,1104,750.9138296512,0,23,16,23,16,true,0,true,false,false,false,false,"COOLDOWN",false
"A-G1.045-C2",71313,1284,859.1883394551,0,27,20,27,20,true,0,true,true,false,false,false,"",true
"A-G1.045-C2",71313,1464,967.8102937034,1,27,20,27,20,false,7,false,true,false,false,false,"EQ|OVERDUE",false
"A-G1.045-C2",71313,1644,1081.6703709923,1,32,25,32,25,false,0,true,true,false,false,false,"EQ",false
"A-G1.045-C2",71313,1824,1190.2512128629,1,36,30,36,30,true,0,true,true,false,false,false,"",true
"A-G1.045-C2",71313,2004,1317.1512128629,1,36,30,36,30,true,0,true,false,false,false,false,"COOLDOWN",false
"A-G1.045-C2",71313,2184,1424.9115185099,1,40,33,40,33,true,0,true,true,false,false,false,"",true
"A-G1.045-C2",71313,2364,1545.3215185099,1,40,33,40,33,true,0,true,false,false,false,false,"COOLDOWN",false
"A-G1.045-C2",71313,2544,1650.0262804147,1,46,39,46,39,true,0,true,true,false,false,false,"",true
"A-G1.045-C2",71313,2724,1754.7310423195,2,46,39,46,39,false,0,true,true,false,false,false,"EQ",false
"A-G1.045-C2",71313,2904,1868.1279382129,2,58,51,58,51,false,0,true,true,false,false,false,"EQ",false
"A-G1.045-C2",71313,3084,1971.8694348115,2,60,53,60,53,true,0,true,true,false,false,false,"",true
"A-G1.045-C2",71313,3264,2098.7694348115,2,60,53,60,53,true,1,true,false,false,false,false,"COOLDOWN",false
"A-G1.045-C2",71313,3444,2208.2692892469,2,64,57,64,57,true,0,true,true,false,false,false,"",true
"A-G1.045-C2",71313,3624,2335.1692892469,2,64,57,64,57,true,0,true,false,false,false,false,"COOLDOWN",false
"A-G1.045-C2",71313,3804,2451.7746492777,2,67,61,67,61,true,0,true,true,false,false,false,"",true
"A-G1.045-C2",71313,3984,2566.1562675024,2,67,61,67,61,true,1,true,false,false,false,false,"COOLDOWN",false
"A-G1.045-C2",71313,4164,2676.4236870271,2,74,68,74,68,true,0,true,true,false,false,false,"",true
"A-G1.045-C2",71313,4344,2780.9543869578,3,74,68,74,68,false,1,false,true,false,false,false,"EQ|OVERDUE",false
"A-G1.045-C2",71313,4524,2883.8610536245,3,84,77,84,77,false,0,true,true,false,false,false,"EQ",false
"A-G1.045-C2",71313,4704,2986.6880578439,3,89,82,89,82,false,0,true,true,false,false,false,"EQ",false
"A-G1.045-C2",71313,4884,3089.4604155674,3,91,84,91,84,false,0,true,true,false,false,false,"EQ",false
"A-G1.045-C2",71313,5064,3192.1985108055,3,93,86,93,86,false,0,true,true,false,false,false,"EQ",false
"A-G1.045-C2",71313,5244,3294.8881659779,3,96,90,96,90,false,0,true,true,false,false,false,"EQ",false
"A-G1.045-C2",71313,5424,3401.074619703,3,98,91,98,91,false,0,true,true,false,false,false,"EQ",false
"A-G1.045-C2",71313,5604,3506.0225134759,3,100,94,100,94,true,0,true,true,false,false,false,"",true
"A-G1.045-C3",42,24,24,0,14,7,14,7,false,0,true,true,false,false,false,"EQ",false
"A-G1.045-C3",42,204,145,0,16,9,16,9,false,0,true,true,false,false,false,"EQ",false
"A-G1.045-C3",42,384,265.3695864898,0,18,11,18,11,false,0,true,true,false,false,false,"EQ",false
"A-G1.045-C3",42,564,382.4977492673,0,20,13,20,13,true,0,true,true,false,false,false,"",true
"A-G1.045-C3",42,744,509.3977492673,0,20,13,20,13,true,2,true,false,false,false,false,"COOLDOWN",false
"A-G1.045-C3",42,924,626.5988946571,0,23,16,23,16,true,0,true,false,false,false,false,"COOLDOWN",false
"A-G1.045-C3",42,1104,739.7422112941,0,25,18,25,18,true,0,true,true,false,false,false,"",true
"A-G1.045-C3",42,1284,849.6614493893,1,25,18,25,18,false,2,true,true,false,false,false,"EQ",false
"A-G1.045-C3",42,1464,960.6206367999,1,29,22,29,22,false,0,true,true,false,false,false,"EQ",false
"A-G1.045-C3",42,1644,1070.0436519216,1,31,24,31,24,false,0,true,true,false,false,false,"EQ",false
"A-G1.045-C3",42,1824,1179.2581840359,1,34,27,34,27,false,0,true,true,false,false,false,"EQ",false
"A-G1.045-C3",42,2004,1288.3501840227,1,37,30,37,30,true,0,true,true,false,false,false,"",true
"A-G1.045-C3",42,2184,1415.2501840227,1,37,30,37,30,true,2,true,false,false,false,false,"COOLDOWN",false
"A-G1.045-C3",42,2364,1523.4195919527,1,41,34,41,34,true,0,true,false,false,false,false,"COOLDOWN",false
"A-G1.045-C3",42,2544,1630.5994273857,1,44,37,44,37,true,0,true,true,false,false,false,"",true
"A-G1.045-C3",42,2724,1743.4109425373,1,44,37,44,37,true,3,false,false,false,false,false,"OVERDUE|COOLDOWN",false
"A-G1.045-C3",42,2904,1851.6247631207,1,47,40,47,40,true,0,true,false,false,false,false,"COOLDOWN",false
"A-G1.045-C3",42,3084,1967.9127603129,1,49,43,49,43,true,0,true,true,false,false,false,"",true
"A-G1.045-C3",42,3264,2072.2717346719,2,50,43,50,43,false,0,true,true,false,false,false,"EQ",false
"A-G1.045-C3",42,3444,2176.0132312705,2,59,53,59,53,false,0,true,true,false,false,false,"EQ",false
"A-G1.045-C3",42,3624,2283.1644076606,2,66,59,66,59,true,0,true,true,false,false,false,"",true
"A-G1.045-C3",42,3804,2399.1583470545,2,66,59,66,59,true,5,false,false,false,false,false,"OVERDUE|COOLDOWN",false
"A-G1.045-C3",42,3984,2505.4365965663,2,69,62,69,62,true,0,true,false,false,false,false,"COOLDOWN",false
"A-G1.045-C3",42,4164,2620.8431193402,2,71,65,71,65,true,0,true,true,false,false,false,"",true
"A-G1.045-C3",42,4344,2729.3737897013,2,71,65,71,65,true,1,true,false,false,false,false,"COOLDOWN",false
"A-G1.045-C3",42,4524,2835.0069201599,2,74,67,74,67,true,0,true,false,false,false,false,"COOLDOWN",false
"A-G1.045-C3",42,4704,2942.0476745869,2,76,70,76,70,true,0,true,true,false,false,false,"",true
"A-G1.045-C3",42,4884,3045.6603927396,3,76,70,76,70,false,1,false,true,false,false,false,"EQ|OVERDUE",false
"A-G1.045-C3",42,5064,3150.8107768619,3,83,77,83,77,false,0,true,true,false,false,false,"EQ",false
"A-G1.045-C3",42,5244,3257.5307039023,3,88,82,88,82,false,0,true,true,false,false,false,"EQ",false
"A-G1.045-C3",42,5424,3369.1530616258,3,92,85,92,85,false,0,true,true,false,false,false,"EQ",false
"A-G1.045-C3",42,5604,3471.8911568639,3,93,87,93,87,false,0,true,true,false,false,false,"EQ",false
"A-G1.045-C3",42,5784,3583.1423888929,3,96,89,96,89,false,0,true,true,false,false,false,"EQ",false
"A-G1.045-C3",7961,24,24,0,14,7,14,7,false,0,true,true,false,false,false,"EQ",false
"A-G1.045-C3",7961,204,148.9333333332,0,16,9,16,9,false,0,true,true,false,false,false,"EQ",false
"A-G1.045-C3",7961,384,270.2437769937,0,18,11,18,11,false,0,true,true,false,false,false,"EQ",false
"A-G1.045-C3",7961,564,387.5227457562,0,20,13,20,13,true,0,true,true,false,false,false,"",true
"A-G1.045-C3",7961,744,518.1594124229,0,20,13,20,13,true,1,true,false,false,false,false,"COOLDOWN",false
"A-G1.045-C3",7961,924,627.9213171848,0,24,17,24,17,true,0,true,false,false,false,false,"COOLDOWN",false
"A-G1.045-C3",7961,1104,737.1213171848,0,26,19,26,19,true,0,true,true,false,false,false,"",true
"A-G1.045-C3",7961,1284,853.0821120566,0,26,19,26,19,true,2,true,false,false,false,false,"COOLDOWN",false
"A-G1.045-C3",7961,1464,964.424627114,0,28,22,28,22,true,0,true,false,false,false,false,"COOLDOWN",false
"A-G1.045-C3",7961,1644,1074.1684504783,0,32,24,32,24,true,0,true,true,false,false,false,"",true
"A-G1.045-C3",7961,1824,1180.8654201752,1,32,25,32,25,false,0,true,true,false,false,false,"EQ",false
"A-G1.045-C3",7961,2004,1286.9187535085,1,35,29,35,29,true,0,true,true,false,false,false,"",true
"A-G1.045-C3",7961,2184,1413.8187535085,1,35,29,35,29,true,4,false,false,false,false,false,"OVERDUE|COOLDOWN",false
"A-G1.045-C3",7961,2364,1521.9226889407,1,42,35,42,35,true,0,true,false,false,false,false,"COOLDOWN",false
"A-G1.045-C3",7961,2544,1629.9679683271,1,45,39,45,39,true,0,true,true,false,false,false,"",true
"A-G1.045-C3",7961,2724,1735.2627302319,2,45,39,45,39,false,0,true,true,false,false,false,"EQ",false
"A-G1.045-C3",7961,2904,1851.6823167867,2,49,43,49,43,false,0,true,true,false,false,false,"EQ",false
"A-G1.045-C3",7961,3084,1960.0554117205,2,53,46,53,46,false,0,true,true,false,false,false,"EQ",false
"A-G1.045-C3",7961,3264,2069.3920908671,2,58,51,58,51,false,0,true,true,false,false,false,"EQ",false
"A-G1.045-C3",7961,3444,2174.7352803429,2,66,60,66,60,true,0,true,true,false,false,false,"",true
"A-G1.045-C3",7961,3624,2301.6352803429,2,66,60,66,60,true,1,true,false,false,false,false,"COOLDOWN",false
"A-G1.045-C3",7961,3804,2404.9686136762,2,70,63,70,63,true,0,true,false,false,false,false,"COOLDOWN",false
"A-G1.045-C3",7961,3984,2510.8037443873,2,72,66,72,66,true,0,true,true,false,false,false,"",true
"A-G1.045-C3",7961,4164,2617.9736368604,3,72,66,72,66,false,1,false,true,false,false,false,"EQ|OVERDUE",false
"A-G1.045-C3",7961,4344,2723.9194291702,3,77,70,77,70,false,0,true,true,false,false,false,"EQ",false
"A-G1.045-C3",7961,4524,2829.7048182461,3,83,77,83,77,false,0,true,true,false,false,false,"EQ",false
"A-G1.045-C3",7961,4704,2936.4106191816,3,87,81,87,81,false,0,true,true,false,false,false,"EQ",false
"A-G1.045-C3",7961,4884,3039.1829769051,3,92,85,92,85,false,0,true,true,false,false,false,"EQ",false
"A-G1.045-C3",7961,5064,3149.4296687571,3,94,88,94,88,false,0,true,true,false,false,false,"EQ",false
"A-G1.045-C3",7961,5244,3255.4562433467,3,97,91,97,91,false,0,true,true,false,false,false,"EQ",false
"A-G1.045-C3",7961,5424,3358.1006877911,3,100,93,100,93,true,0,true,true,false,false,false,"",true
"A-G1.045-C3",7961,5604,3488.7373544578,3,100,93,100,93,true,1,false,false,false,false,false,"OVERDUE|COOLDOWN",false
"A-G1.045-C3",15880,24,24,0,13,7,13,7,false,0,true,true,false,false,false,"EQ",false
"A-G1.045-C3",15880,204,145,0,16,9,16,9,false,0,true,true,false,false,false,"EQ",false
"A-G1.045-C3",15880,384,264.9041008775,0,19,12,19,12,false,0,true,true,false,false,false,"EQ",false
"A-G1.045-C3",15880,564,379.7462661335,0,22,14,22,14,true,0,true,true,false,false,false,"",true
"A-G1.045-C3",15880,744,504.3220237093,0,22,14,22,14,true,0,true,false,false,false,false,"COOLDOWN",false
"A-G1.045-C3",15880,924,618.0512989494,0,24,17,24,17,true,0,true,false,false,false,false,"COOLDOWN",false
"A-G1.045-C3",15880,1104,729.7405318385,0,27,21,27,21,true,0,true,true,false,false,false,"",true
"A-G1.045-C3",15880,1284,841.5484860868,1,27,21,27,21,false,4,false,true,false,false,false,"EQ|OVERDUE",false
"A-G1.045-C3",15880,1464,947.7984860868,1,34,27,34,27,false,0,true,true,false,false,false,"EQ",false
"A-G1.045-C3",15880,1644,1057.0972258139,1,37,31,37,31,true,0,true,true,false,false,false,"",true
"A-G1.045-C3",15880,1824,1185.2096492374,1,37,31,37,31,true,2,true,false,false,false,false,"COOLDOWN",false
"A-G1.045-C3",15880,2004,1292.637962888,1,41,34,41,34,true,0,true,false,false,false,false,"COOLDOWN",false
"A-G1.045-C3",15880,2184,1403.2820765333,1,45,38,45,38,true,0,true,true,false,false,false,"",true
"A-G1.045-C3",15880,2364,1512.2159981019,1,45,38,45,38,true,0,true,false,false,false,false,"COOLDOWN",false
"A-G1.045-C3",15880,2544,1622.5325348247,1,49,42,49,42,true,0,true,false,false,false,false,"COOLDOWN",false
"A-G1.045-C3",15880,2724,1729.3586497225,1,52,45,52,45,true,0,true,true,false,false,false,"",true
"A-G1.045-C3",15880,2904,1833.5015068654,2,52,46,52,46,false,0,true,true,false,false,false,"EQ",false
"A-G1.045-C3",15880,3084,1937.1948401987,2,61,54,61,54,true,0,true,true,false,false,false,"",true
"A-G1.045-C3",15880,3264,2064.0948401987,2,61,54,61,54,true,0,true,false,false,false,false,"COOLDOWN",false
"A-G1.045-C3",15880,3444,2171.5346091872,2,64,57,64,57,true,0,true,false,false,false,false,"COOLDOWN",false
"A-G1.045-C3",15880,3624,2278.0961959491,2,70,63,70,63,true,0,true,true,false,false,false,"",true
"A-G1.045-C3",15880,3804,2391.010005473,2,70,63,70,63,true,0,true,false,false,false,false,"COOLDOWN",false
"A-G1.045-C3",15880,3984,2496.9078071877,2,74,68,74,68,true,0,true,false,false,false,false,"COOLDOWN",false
"A-G1.045-C3",15880,4164,2605.0713780453,2,77,71,77,71,true,0,true,true,false,false,false,"",true
"A-G1.045-C3",15880,4344,2714.7934686998,3,77,71,77,71,false,0,true,true,false,false,false,"EQ",false
"A-G1.045-C3",15880,4524,2817.7432403893,3,82,75,82,75,false,0,true,true,false,false,false,"EQ",false
"A-G1.045-C3",15880,4704,2924.2932382648,3,85,78,85,78,false,0,true,true,false,false,false,"EQ",false
"A-G1.045-C3",15880,4884,3027.1202424842,3,89,82,89,82,false,0,true,true,false,false,false,"EQ",false
"A-G1.045-C3",15880,5064,3136.9195641429,3,92,85,92,85,false,0,true,true,false,false,false,"EQ",false
"A-G1.045-C3",15880,5244,3241.3328852364,3,95,89,95,89,false,0,true,true,false,false,false,"EQ",false
"A-G1.045-C3",15880,5424,3344.0071276606,3,97,91,97,91,false,0,true,true,false,false,false,"EQ",false
"A-G1.045-C3",15880,5604,3449.5083670462,3,99,93,99,93,false,0,true,true,false,false,false,"EQ",false
"A-G1.045-C3",15880,5784,3558.089229444,3,101,94,101,94,true,0,true,true,false,false,false,"",true
"A-G1.045-C3",23799,24,24,0,14,7,14,7,false,0,true,true,false,false,false,"EQ",false
"A-G1.045-C3",23799,204,148.9333333333,0,16,9,16,9,false,0,true,true,false,false,false,"EQ",false
"A-G1.045-C3",23799,384,270.3865086354,0,18,11,18,11,false,0,true,true,false,false,false,"EQ",false
"A-G1.045-C3",23799,564,385.6858405536,0,21,13,21,13,true,0,true,true,false,false,false,"",true
"A-G1.045-C3",23799,744,512.5858405536,0,21,13,21,13,true,0,true,false,false,false,false,"COOLDOWN",false
"A-G1.045-C3",23799,924,625.7202662014,0,23,15,23,15,true,0,true,false,false,false,false,"COOLDOWN",false
"A-G1.045-C3",23799,1104,734.4285995347,0,27,20,27,20,true,0,true,true,false,false,false,"",true
"A-G1.045-C3",23799,1284,843.8079668185,1,27,20,27,20,false,1,true,true,false,false,false,"EQ",false
"A-G1.045-C3",23799,1464,951.3518264676,1,30,23,30,23,false,0,true,true,false,false,false,"EQ",false
"A-G1.045-C3",23799,1644,1060.4319016926,1,32,25,32,25,false,0,true,true,false,false,false,"EQ",false
"A-G1.045-C3",23799,1824,1169.1032092724,1,35,28,35,28,true,0,true,true,false,false,false,"",true
"A-G1.045-C3",23799,2004,1300.1528759391,1,35,28,35,28,true,0,true,false,false,false,false,"COOLDOWN",false
"A-G1.045-C3",23799,2184,1408.2441454395,1,39,32,39,32,true,0,true,false,false,false,false,"COOLDOWN",false
"A-G1.045-C3",23799,2364,1515.6115845179,1,43,36,43,36,true,0,true,true,false,false,false,"",true
"A-G1.045-C3",23799,2544,1622.3704023474,2,43,36,43,36,false,1,true,true,false,false,false,"EQ",false
"A-G1.045-C3",23799,2724,1729.09310256,2,51,44,51,44,false,0,true,true,false,false,false,"EQ",false
"A-G1.045-C3",23799,2904,1845.1739073474,2,60,53,60,53,true,0,true,true,false,false,false,"",true
"A-G1.045-C3",23799,3084,1974.0405740141,2,60,53,60,53,true,1,true,false,false,false,false,"COOLDOWN",false
"A-G1.045-C3",23799,3264,2079.79054295,2,64,58,64,58,true,0,true,false,false,false,false,"COOLDOWN",false
"A-G1.045-C3",23799,3444,2183.1238762833,2,70,63,70,63,true,0,true,true,false,false,false,"",true
"A-G1.045-C3",23799,3624,2293.0876858072,2,70,63,70,63,true,0,true,false,false,false,false,"COOLDOWN",false
"A-G1.045-C3",23799,3804,2411.0155183791,2,76,69,76,69,true,0,true,false,false,false,false,"COOLDOWN",false
"A-G1.045-C3",23799,3984,2518.9426925173,2,80,73,80,73,true,0,true,true,false,false,false,"",true
"A-G1.045-C3",23799,4164,2623.5590407899,3,80,73,80,73,false,0,true,true,false,false,false,"EQ",false
"A-G1.045-C3",23799,4344,2730.9183881938,3,85,78,85,78,false,0,true,true,false,false,false,"EQ",false
"A-G1.045-C3",23799,4524,2837.4757567941,3,88,82,88,82,false,0,true,true,false,false,false,"EQ",false
"A-G1.045-C3",23799,4704,2942.2348529614,3,93,86,93,86,false,0,true,true,false,false,false,"EQ",false
"A-G1.045-C3",23799,4884,3044.940279318,3,96,89,96,89,false,0,true,true,false,false,false,"EQ",false
"A-G1.045-C3",23799,5064,3147.6145217422,3,97,91,97,91,false,0,true,true,false,false,false,"EQ",false
"A-G1.045-C3",23799,5244,3253.1596528265,3,100,93,100,93,true,0,true,true,false,false,false,"",true
"A-G1.045-C3",23799,5424,3380.0596528265,3,100,93,100,93,true,2,false,false,false,false,false,"OVERDUE|COOLDOWN",false
"A-G1.045-C3",23799,5604,3482.6755948555,3,101,95,101,95,true,0,true,false,false,false,false,"COOLDOWN",false
"A-G1.045-C3",23799,5784,3593.1208826634,3,103,96,103,96,true,0,true,true,false,false,false,"",true
"A-G1.045-C3",31718,24,24,0,14,7,14,7,false,0,true,true,false,false,false,"EQ",false
"A-G1.045-C3",31718,204,145,0,16,9,16,9,false,0,true,true,false,false,false,"EQ",false
"A-G1.045-C3",31718,384,268.2944444444,0,19,12,19,12,false,0,true,true,false,false,false,"EQ",false
"A-G1.045-C3",31718,564,383.3095353378,0,21,14,21,14,true,0,true,true,false,false,false,"",true
"A-G1.045-C3",31718,744,512.1509162902,0,21,14,21,14,true,0,true,false,false,false,false,"COOLDOWN",false
"A-G1.045-C3",31718,924,621.3509162902,0,25,19,25,19,true,0,true,false,false,false,false,"COOLDOWN",false
"A-G1.045-C3",31718,1104,733.2089003007,0,27,20,27,20,true,0,true,true,false,false,false,"",true
"A-G1.045-C3",31718,1284,846.3880575927,1,27,20,27,20,false,0,true,true,false,false,false,"EQ",false
"A-G1.045-C3",31718,1464,956.5982223625,1,33,26,33,26,false,0,true,true,false,false,false,"EQ",false
"A-G1.045-C3",31718,1644,1075.0001514513,1,37,30,37,30,true,0,true,true,false,false,false,"",true
"A-G1.045-C3",31718,1824,1201.9001514513,1,37,30,37,30,true,0,true,false,false,false,false,"COOLDOWN",false
"A-G1.045-C3",31718,2004,1309.2491317121,1,44,37,44,37,true,0,true,false,false,false,false,"COOLDOWN",false
"A-G1.045-C3",31718,2184,1417.8374520422,1,47,40,47,40,true,0,true,true,false,false,false,"",true
"A-G1.045-C3",31718,2364,1522.4485631533,2,47,40,47,40,false,0,true,true,false,false,false,"EQ",false
"A-G1.045-C3",31718,2544,1626.5914202961,2,53,46,53,46,false,0,true,true,false,false,false,"EQ",false
"A-G1.045-C3",31718,2724,1732.8330259871,2,61,54,61,54,true,0,true,true,false,false,false,"",true
"A-G1.045-C3",31718,2904,1859.7330259871,2,61,54,61,54,true,3,false,false,false,false,false,"OVERDUE|COOLDOWN",false
"A-G1.045-C3",31718,3084,1963.1735021776,2,67,60,67,60,true,0,true,false,false,false,false,"COOLDOWN",false
"A-G1.045-C3",31718,3264,2071.83287155,2,70,64,70,64,true,0,true,true,false,false,false,"",true
"A-G1.045-C3",31718,3444,2182.2943477405,2,70,64,70,64,true,5,false,false,false,false,false,"OVERDUE|COOLDOWN",false
"A-G1.045-C3",31718,3624,2290.4448987442,2,76,70,76,70,true,0,true,false,false,false,false,"COOLDOWN",false
"A-G1.045-C3",31718,3804,2395.7744460735,2,79,73,79,73,true,0,true,true,false,false,false,"",true
"A-G1.045-C3",31718,3984,2500.8522700639,3,79,73,79,73,false,0,true,true,false,false,false,"EQ",false
"A-G1.045-C3",31718,4164,2603.6984239101,3,87,81,87,81,false,0,true,true,false,false,false,"EQ",false
"A-G1.045-C3",31718,4344,2706.4885473669,3,90,84,90,84,false,0,true,true,false,false,false,"EQ",false
"A-G1.045-C3",31718,4524,2816.3422241758,3,94,87,94,87,false,0,true,true,false,false,false,"EQ",false
"A-G1.045-C3",31718,4704,2924.3088431733,3,98,91,98,91,false,0,true,true,false,false,false,"EQ",false
"A-G1.045-C3",31718,4884,3038.574564803,3,101,94,101,94,true,0,true,true,false,false,false,"",true
"A-G1.045-C3",31718,5064,3168.0896473113,3,101,94,101,94,true,1,false,false,false,false,false,"OVERDUE|COOLDOWN",false
"A-G1.045-C3",31718,5244,3270.6782997936,3,103,96,103,96,true,0,true,false,false,false,false,"COOLDOWN",false
"A-G1.045-C3",31718,5424,3379.4771066512,3,104,98,104,98,true,0,true,true,false,false,false,"",true
"A-G1.045-C3",31718,5604,3506.3771066512,3,104,98,104,98,true,1,false,false,false,false,false,"OVERDUE|COOLDOWN",false
"A-G1.045-C3",39637,24,24,0,14,7,14,7,false,0,true,true,false,false,false,"EQ",false
"A-G1.045-C3",39637,204,150.9,0,18,11,18,11,false,0,true,true,false,false,false,"EQ",false
"A-G1.045-C3",39637,384,262.0666666667,0,23,16,23,16,true,0,true,true,false,false,false,"",true
"A-G1.045-C3",39637,564,388.9666666667,0,23,16,23,16,true,16,false,false,false,false,false,"OVERDUE|COOLDOWN",false
"A-G1.045-C3",39637,744,505.0651453015,0,24,17,24,17,true,0,true,false,false,false,false,"COOLDOWN",false
"A-G1.045-C3",39637,924,615.9765871543,0,28,21,28,21,true,0,true,true,false,false,false,"",true
"A-G1.045-C3",39637,1104,729.0760804751,1,28,21,28,21,false,0,true,true,false,false,false,"EQ",false
"A-G1.045-C3",39637,1284,838.6326622541,1,35,28,35,28,true,0,true,true,false,false,false,"",true
"A-G1.045-C3",39637,1464,967.4993289208,1,35,28,35,28,true,1,true,false,false,false,false,"COOLDOWN",false
"A-G1.045-C3",39637,1644,1072.639113867,1,41,34,41,34,true,0,true,false,false,false,false,"COOLDOWN",false
"A-G1.045-C3",39637,1824,1190.0346986341,1,44,37,44,37,true,0,true,true,false,false,false,"",true
"A-G1.045-C3",39637,2004,1294.9437895432,2,44,37,44,37,false,0,true,true,false,false,false,"EQ",false
"A-G1.045-C3",39637,2184,1403.6570359103,2,49,42,49,42,false,0,true,true,false,false,false,"EQ",false
"A-G1.045-C3",39637,2364,1507.7345552901,2,54,47,54,47,false,0,true,true,false,false,false,"EQ",false
"A-G1.045-C3",39637,2544,1617.4719150826,2,59,52,59,52,false,0,true,true,false,false,false,"EQ",false
"A-G1.045-C3",39637,2724,1722.9500716636,2,65,58,65,58,true,0,true,true,false,false,false,"",true
"A-G1.045-C3",39637,2904,1840.5680773616,2,65,58,65,58,true,1,true,false,false,false,false,"COOLDOWN",false
"A-G1.045-C3",39637,3084,1959.0544881106,2,69,63,69,63,true,0,true,false,false,false,false,"COOLDOWN",false
"A-G1.045-C3",39637,3264,2066.2124422534,2,74,68,74,68,true,0,true,true,false,false,false,"",true
"A-G1.045-C3",39637,3444,2170.7715075687,3,74,68,74,68,false,4,false,true,false,false,false,"EQ|OVERDUE",false
"A-G1.045-C3",39637,3624,2282.3086635005,3,83,77,83,77,false,0,true,true,false,false,false,"EQ",false
"A-G1.045-C3",39637,3804,2385.1169968338,3,89,83,89,83,false,0,true,true,false,false,false,"EQ",false
"A-G1.045-C3",39637,3984,2491.2654423768,3,92,85,92,85,false,0,true,true,false,false,false,"EQ",false
"A-G1.045-C3",39637,4164,2600.2877837806,3,95,88,95,88,false,0,true,true,false,false,false,"EQ",false
"A-G1.045-C3",39637,4344,2702.977438953,3,96,90,96,90,false,0,true,true,false,false,false,"EQ",false
"A-G1.045-C3",39637,4524,2809.6617761885,3,99,92,99,92,false,0,true,true,false,false,false,"EQ",false
"A-G1.045-C3",39637,4704,2915.2687356638,3,102,95,102,95,true,0,true,true,false,false,false,"",true
"A-G1.045-C3",39637,4884,3042.1687356638,3,102,95,102,95,true,2,false,false,false,false,false,"OVERDUE|COOLDOWN",false
"A-G1.045-C3",39637,5064,3149.8900064312,3,103,97,103,97,true,0,true,false,false,false,false,"COOLDOWN",false
"A-G1.045-C3",39637,5244,3252.4525064312,3,105,98,105,98,true,0,true,true,false,false,false,"",true
"A-G1.045-C3",39637,5424,3379.3525064312,3,105,98,105,98,true,1,false,false,false,false,false,"OVERDUE|COOLDOWN",false
"A-G1.045-C3",39637,5604,3488.613638868,3,107,100,107,100,true,0,true,false,false,false,false,"COOLDOWN",false
"A-G1.045-C3",39637,5784,3592.6167098748,3,109,102,109,102,true,0,true,true,false,false,false,"",true
"A-G1.045-C3",47556,24,24,0,13,7,13,7,false,0,true,true,false,false,false,"EQ",false
"A-G1.045-C3",47556,204,146.3407671957,0,18,10,18,10,false,0,true,true,false,false,false,"EQ",false
"A-G1.045-C3",47556,384,263.8217702465,0,20,13,20,13,true,0,true,true,false,false,false,"",true
"A-G1.045-C3",47556,564,390.9184369132,0,20,13,20,13,true,1,true,false,false,false,false,"COOLDOWN",false
"A-G1.045-C3",47556,744,506.2860892143,0,22,15,22,15,true,0,true,false,false,false,false,"COOLDOWN",false
"A-G1.045-C3",47556,924,615.4860892143,0,26,19,26,19,true,0,true,true,false,false,false,"",true
"A-G1.045-C3",47556,1104,725.6316020349,1,26,19,26,19,false,3,false,true,false,false,false,"EQ|OVERDUE",false
"A-G1.045-C3",47556,1284,836.3418146717,1,29,22,29,22,false,0,true,true,false,false,false,"EQ",false
"A-G1.045-C3",47556,1464,946.6954192352,1,31,24,31,24,false,0,true,true,false,false,false,"EQ",false
"A-G1.045-C3",47556,1644,1058.5200329289,1,35,29,35,29,true,0,true,true,false,false,false,"",true
"A-G1.045-C3",47556,1824,1189.1566995956,1,35,29,35,29,true,3,false,false,false,false,false,"OVERDUE|COOLDOWN",false
"A-G1.045-C3",47556,2004,1300.497182831,1,39,32,39,32,true,0,true,false,false,false,false,"COOLDOWN",false
"A-G1.045-C3",47556,2184,1408.9172208765,1,46,40,46,40,true,0,true,true,false,false,false,"",true
"A-G1.045-C3",47556,2364,1514.2027057353,2,47,40,47,40,false,0,true,true,false,false,false,"EQ",false
"A-G1.045-C3",47556,2544,1630.3084771171,2,53,46,53,46,false,0,true,true,false,false,false,"EQ",false
"A-G1.045-C3",47556,2724,1740.3031549235,2,58,51,58,51,false,0,true,true,false,false,false,"EQ",false
"A-G1.045-C3",47556,2904,1849.7552439726,2,65,59,65,59,true,0,true,true,false,false,false,"",true
"A-G1.045-C3",47556,3084,1976.6552439726,2,65,59,65,59,true,5,false,false,false,false,false,"OVERDUE|COOLDOWN",false
"A-G1.045-C3",47556,3264,2085.091079076,2,70,63,70,63,true,0,true,false,false,false,false,"COOLDOWN",false
"A-G1.045-C3",47556,3444,2197.1474282824,2,73,67,73,67,true,0,true,true,false,false,false,"",true
"A-G1.045-C3",47556,3624,2307.7139601371,2,73,67,73,67,true,1,true,false,false,false,false,"COOLDOWN",false
"A-G1.045-C3",47556,3804,2414.5859164268,2,76,70,76,70,true,0,true,false,false,false,false,"COOLDOWN",false
"A-G1.045-C3",47556,3984,2519.7839854532,2,79,72,79,72,true,0,true,true,false,false,false,"",true
"A-G1.045-C3",47556,4164,2622.8030330723,3,79,73,79,73,false,0,true,true,false,false,false,"EQ",false
"A-G1.045-C3",47556,4344,2730.1267374932,3,83,77,83,77,false,0,true,true,false,false,false,"EQ",false
"A-G1.045-C3",47556,4524,2840.8079085571,3,90,83,90,83,false,0,true,true,false,false,false,"EQ",false
"A-G1.045-C3",47556,4704,2946.5167209533,3,94,87,94,87,false,0,true,true,false,false,false,"EQ",false
"A-G1.045-C3",47556,4884,3052.5716832571,3,97,91,97,91,false,0,true,true,false,false,false,"EQ",false
"A-G1.045-C3",47556,5064,3156.8242198872,3,100,93,100,93,true,0,true,true,false,false,false,"",true
"A-G1.045-C3",47556,5244,3283.7242198872,3,100,93,100,93,true,4,false,false,false,false,false,"OVERDUE|COOLDOWN",false
"A-G1.045-C3",47556,5424,3389.4641099163,3,103,96,103,96,true,0,true,false,false,false,false,"COOLDOWN",false
"A-G1.045-C3",47556,5604,3495.5280169513,3,106,99,106,99,true,0,true,true,false,false,false,"",true
"A-G1.045-C3",55475,24,24,0,13,7,13,7,false,0,true,true,false,false,false,"EQ",false
"A-G1.045-C3",55475,204,145,0,16,9,16,9,false,0,true,true,false,false,false,"EQ",false
"A-G1.045-C3",55475,384,261.0833333333,0,18,11,18,11,false,0,true,true,false,false,false,"EQ",false
"A-G1.045-C3",55475,564,371.4935897436,0,23,16,23,16,true,0,true,true,false,false,false,"",true
"A-G1.045-C3",55475,744,498.3935897436,0,23,16,23,16,true,17,false,false,false,false,false,"OVERDUE|COOLDOWN",false
"A-G1.045-C3",55475,924,611.6351143522,0,24,17,24,17,true,0,true,false,false,false,false,"COOLDOWN",false
"A-G1.045-C3",55475,1104,719.9096241561,0,28,21,28,21,true,0,true,true,false,false,false,"",true
"A-G1.045-C3",55475,1284,828.18413396,1,28,21,28,21,false,0,true,true,false,false,false,"EQ",false
"A-G1.045-C3",55475,1464,934.8811036569,1,33,26,33,26,false,0,true,true,false,false,false,"EQ",false
"A-G1.045-C3",55475,1644,1042.4532820648,1,40,34,40,34,true,0,true,true,false,false,false,"",true
"A-G1.045-C3",55475,1824,1156.3732820648,1,40,34,40,34,true,2,true,false,false,false,false,"COOLDOWN",false
"A-G1.045-C3",55475,2004,1267.455223531,1,45,38,45,38,true,0,true,false,false,false,false,"COOLDOWN",false
"A-G1.045-C3",55475,2184,1374.8859812537,1,50,43,50,43,true,0,true,true,false,false,false,"",true
"A-G1.045-C3",55475,2364,1479.2449556127,2,50,43,50,43,false,0,true,true,false,false,false,"EQ",false
"A-G1.045-C3",55475,2544,1588.4448187074,2,59,52,59,52,false,0,true,true,false,false,false,"EQ",false
"A-G1.045-C3",55475,2724,1696.9141217876,2,64,57,64,57,true,0,true,true,false,false,false,"",true
"A-G1.045-C3",55475,2904,1824.0697884543,2,64,57,64,57,true,0,true,false,false,false,false,"COOLDOWN",false
"A-G1.045-C3",55475,3084,1927.3697884543,2,71,64,71,64,true,0,true,false,false,false,false,"COOLDOWN",false
"A-G1.045-C3",55475,3264,2034.3200965939,2,73,67,73,67,true,0,true,true,false,false,false,"",true
"A-G1.045-C3",55475,3444,2150.2556284486,2,73,67,73,67,true,0,true,false,false,false,false,"COOLDOWN",false
"A-G1.045-C3",55475,3624,2254.9525026528,2,78,71,78,71,true,0,true,false,false,false,false,"COOLDOWN",false
"A-G1.045-C3",55475,3804,2363.484133621,2,80,74,80,74,true,0,true,true,false,false,false,"",true
"A-G1.045-C3",55475,3984,2466.4563558433,3,81,74,81,74,false,0,true,true,false,false,false,"EQ",false
"A-G1.045-C3",55475,4164,2573.8909093599,3,85,79,85,79,false,0,true,true,false,false,false,"EQ",false
"A-G1.045-C3",55475,4344,2678.5616635793,3,89,82,89,82,false,0,true,true,false,false,false,"EQ",false
"A-G1.045-C3",55475,4524,2790.1497588174,3,93,86,93,86,false,0,true,true,false,false,false,"EQ",false
"A-G1.045-C3",55475,4704,2898.2594632086,3,95,88,95,88,false,0,true,true,false,false,false,"EQ",false
"A-G1.045-C3",55475,4884,3003.3168540587,3,97,90,97,90,false,0,true,true,false,false,false,"EQ",false
"A-G1.045-C3",55475,5064,3111.6388847429,3,99,92,99,92,false,0,true,true,false,false,false,"EQ",false
"A-G1.045-C3",55475,5244,3216.6087328005,3,101,94,101,94,true,0,true,true,false,false,false,"",true
"A-G1.045-C3",55475,5424,3343.5087328005,3,101,94,101,94,true,0,true,false,false,false,false,"COOLDOWN",false
"A-G1.045-C3",55475,5604,3446.1246748295,3,102,95,102,95,true,0,true,false,false,false,false,"COOLDOWN",false
"A-G1.045-C3",55475,5784,3548.700113426,3,104,97,104,97,true,0,true,true,false,false,false,"",true
"A-G1.045-C3",63394,24,24,0,13,7,13,7,false,0,true,true,false,false,false,"EQ",false
"A-G1.045-C3",63394,204,147.1268424476,0,16,10,16,10,false,0,true,true,false,false,false,"EQ",false
"A-G1.045-C3",63394,384,262.0332863429,0,22,15,22,15,true,0,true,true,false,false,false,"",true
"A-G1.045-C3",63394,564,385.7151045247,0,22,15,22,15,true,8,false,false,false,false,false,"OVERDUE|COOLDOWN",false
"A-G1.045-C3",63394,744,499.0944045047,0,23,16,23,16,true,0,true,false,false,false,false,"COOLDOWN",false
"A-G1.045-C3",63394,924,614.4669776804,0,26,19,26,19,true,0,true,true,false,false,false,"",true
"A-G1.045-C3",63394,1104,724.3477469112,1,26,19,26,19,false,0,true,true,false,false,false,"EQ",false
"A-G1.045-C3",63394,1284,837.5626324437,1,32,25,32,25,false,0,true,true,false,false,false,"EQ",false
"A-G1.045-C3",63394,1464,946.8792081415,1,37,30,37,30,true,0,true,true,false,false,false,"",true
"A-G1.045-C3",63394,1644,1069.4410931034,1,37,30,37,30,true,0,true,false,false,false,false,"COOLDOWN",false
"A-G1.045-C3",63394,1824,1174.3501840125,1,43,36,43,36,true,0,true,false,false,false,false,"COOLDOWN",false
"A-G1.045-C3",63394,2004,1280.9296617013,1,48,41,48,41,true,0,true,true,false,false,false,"",true
"A-G1.045-C3",63394,2184,1385.3682581925,2,48,42,48,42,false,0,true,true,false,false,false,"EQ",false
"A-G1.045-C3",63394,2364,1495.8784149725,2,56,49,56,49,false,0,true,true,false,false,false,"EQ",false
"A-G1.045-C3",63394,2544,1601.6198115465,2,61,54,61,54,true,0,true,true,false,false,false,"",true
"A-G1.045-C3",63394,2724,1732.1694290328,2,61,54,61,54,true,1,true,false,false,false,false,"COOLDOWN",false
"A-G1.045-C3",63394,2904,1838.6362249846,2,69,62,69,62,true,0,true,false,false,false,false,"COOLDOWN",false
"A-G1.045-C3",63394,3084,1950.7539845475,2,71,65,71,65,true,0,true,true,false,false,false,"",true
"A-G1.045-C3",63394,3264,2077.6539845475,2,71,65,71,65,true,0,true,false,false,false,false,"COOLDOWN",false
"A-G1.045-C3",63394,3444,2183.2428212766,2,74,68,74,68,true,0,true,false,false,false,false,"COOLDOWN",false
"A-G1.045-C3",63394,3624,2289.6338105798,2,76,70,76,70,true,0,true,true,false,false,false,"",true
"A-G1.045-C3",63394,3804,2394.6432502237,3,76,70,76,70,false,2,false,true,false,false,false,"EQ|OVERDUE",false
"A-G1.045-C3",63394,3984,2500.9165128506,3,83,77,83,77,false,0,true,true,false,false,false,"EQ",false
"A-G1.045-C3",63394,4164,2605.7734591857,3,89,82,89,82,false,0,true,true,false,false,false,"EQ",false
"A-G1.045-C3",63394,4344,2711.986336119,3,94,87,94,87,false,0,true,true,false,false,false,"EQ",false
"A-G1.045-C3",63394,4524,2814.6605785432,3,97,91,97,91,false,0,true,true,false,false,false,"EQ",false
"A-G1.045-C3",63394,4704,2924.7118978288,3,100,93,100,93,true,0,true,true,false,false,false,"",true
"A-G1.045-C3",63394,4884,3051.8085644955,3,100,93,100,93,true,0,true,false,false,false,false,"COOLDOWN",false
"A-G1.045-C3",63394,5064,3154.4107150331,3,103,96,103,96,true,0,true,false,false,false,false,"COOLDOWN",false
"A-G1.045-C3",63394,5244,3260.7873018792,3,105,98,105,98,true,0,true,true,false,false,false,"",true
"A-G1.045-C3",63394,5424,3387.6873018792,3,105,98,105,98,true,9,false,false,false,false,false,"OVERDUE|COOLDOWN",false
"A-G1.045-C3",63394,5604,3490.2371300579,3,106,100,106,100,true,0,true,false,false,false,false,"COOLDOWN",false
"A-G1.045-C3",63394,5784,3596.1329156626,3,108,101,108,101,true,0,true,true,false,false,false,"",true
"A-G1.045-C3",71313,24,24,0,14,7,14,7,false,0,true,true,false,false,false,"EQ",false
"A-G1.045-C3",71313,204,148.9333333333,0,16,9,16,9,false,0,true,true,false,false,false,"EQ",false
"A-G1.045-C3",71313,384,275.8333333333,0,19,12,19,12,false,0,true,true,false,false,false,"EQ",false
"A-G1.045-C3",71313,564,391.1293649324,0,21,14,21,14,true,0,true,true,false,false,false,"",true
"A-G1.045-C3",71313,744,518.0293649324,0,21,14,21,14,true,5,false,false,false,false,false,"OVERDUE|COOLDOWN",false
"A-G1.045-C3",71313,924,631.7094818251,0,23,16,23,16,true,0,true,false,false,false,false,"COOLDOWN",false
"A-G1.045-C3",71313,1104,740.4178151584,0,27,20,27,20,true,0,true,true,false,false,false,"",true
"A-G1.045-C3",71313,1284,852.0575101474,1,27,20,27,20,false,8,false,true,false,false,false,"EQ|OVERDUE",false
"A-G1.045-C3",71313,1464,958.7544798443,1,33,26,33,26,false,0,true,true,false,false,false,"EQ",false
"A-G1.045-C3",71313,1644,1069.6468157972,1,39,33,39,33,true,0,true,true,false,false,false,"",true
"A-G1.045-C3",71313,1824,1186.2439864426,1,39,33,39,33,true,7,false,false,false,false,false,"OVERDUE|COOLDOWN",false
"A-G1.045-C3",71313,2004,1293.4729764654,1,44,37,44,37,true,0,true,false,false,false,false,"COOLDOWN",false
"A-G1.045-C3",71313,2184,1400.2610586466,1,46,39,46,39,true,0,true,true,false,false,false,"",true
"A-G1.045-C3",71313,2364,1504.8721697577,2,46,40,46,40,false,0,true,true,false,false,false,"EQ",false
"A-G1.045-C3",71313,2544,1613.6304697323,2,52,45,52,45,false,0,true,true,false,false,false,"EQ",false
"A-G1.045-C3",71313,2724,1730.6830715233,2,55,48,55,48,false,0,true,true,false,false,false,"EQ",false
"A-G1.045-C3",71313,2904,1837.852918132,2,60,53,60,53,true,0,true,true,false,false,false,"",true
"A-G1.045-C3",71313,3084,1964.752918132,2,60,53,60,53,true,1,true,false,false,false,false,"COOLDOWN",false
"A-G1.045-C3",71313,3264,2074.6072524992,2,64,57,64,57,true,0,true,false,false,false,false,"COOLDOWN",false
"A-G1.045-C3",71313,3444,2181.3227952745,2,69,62,69,62,true,0,true,true,false,false,false,"",true
"A-G1.045-C3",71313,3624,2292.6938097673,2,69,62,69,62,true,1,true,false,false,false,false,"COOLDOWN",false
"A-G1.045-C3",71313,3804,2401.0519847913,2,75,68,75,68,true,0,true,false,false,false,false,"COOLDOWN",false
"A-G1.045-C3",71313,3984,2508.8316880545,2,78,71,78,71,true,0,true,true,false,false,false,"",true
"A-G1.045-C3",71313,4164,2613.2669611872,3,78,71,78,71,false,0,true,true,false,false,false,"EQ",false
"A-G1.045-C3",71313,4344,2716.1529260995,3,85,79,85,79,false,0,true,true,false,false,false,"EQ",false
"A-G1.045-C3",71313,4524,2821.5806897656,3,88,82,88,82,false,0,true,true,false,false,false,"EQ",false
"A-G1.045-C3",71313,4704,2933.1857098459,3,92,85,92,85,false,0,true,true,false,false,false,"EQ",false
"A-G1.045-C3",71313,4884,3037.6340245167,3,94,87,94,87,false,0,true,true,false,false,false,"EQ",false
"A-G1.045-C3",71313,5064,3144.3879752637,3,98,91,98,91,false,0,true,true,false,false,false,"EQ",false
"A-G1.045-C3",71313,5244,3250.4241942322,3,100,93,100,93,true,0,true,true,false,false,false,"",true
"A-G1.045-C3",71313,5424,3382.8308608989,3,100,93,100,93,true,3,false,false,false,false,false,"OVERDUE|COOLDOWN",false
"A-G1.045-C3",71313,5604,3485.4468029279,3,101,95,101,95,true,0,true,false,false,false,false,"COOLDOWN",false
"A-G1.045-C3",71313,5784,3588.0354554102,3,103,97,103,97,true,0,true,true,false,false,false,"",true
"B-G1.040-C2",42,24,24,0,14,7,14,7,false,0,true,true,false,false,false,"EQ",false
"B-G1.040-C2",42,204,148.9333333333,0,16,9,16,9,false,0,true,true,false,false,false,"EQ",false
"B-G1.040-C2",42,384,269.2018214391,0,19,12,19,12,false,0,true,true,false,false,false,"EQ",false
"B-G1.040-C2",42,564,388.0504668337,0,23,16,23,16,true,0,true,true,false,false,false,"",true
"B-G1.040-C2",42,744,514.6387540538,0,23,16,23,16,true,0,true,false,false,false,false,"COOLDOWN",false
"B-G1.040-C2",42,924,626.8496115295,0,26,19,26,19,true,0,true,true,false,false,false,"",true
"B-G1.040-C2",42,1104,736.6115162914,1,26,19,26,19,false,0,true,true,false,false,false,"EQ",false
"B-G1.040-C2",42,1284,844.5004051803,1,30,23,30,23,false,0,true,true,false,false,false,"EQ",false
"B-G1.040-C2",42,1464,954.2773996051,1,34,27,34,27,false,0,true,true,false,false,false,"EQ",false
"B-G1.040-C2",42,1644,1062.0355949222,1,38,31,38,31,true,0,true,true,false,false,false,"",true
"B-G1.040-C2",42,1824,1182.1404740645,1,38,31,38,31,true,0,true,false,false,false,false,"COOLDOWN",false
"B-G1.040-C2",42,2004,1291.2084230983,1,42,35,42,35,true,0,true,true,false,false,false,"",true
"B-G1.040-C2",42,2184,1400.2815413778,2,42,35,42,35,false,0,true,true,false,false,false,"EQ",false
"B-G1.040-C2",42,2364,1513.2090607576,2,54,47,54,47,false,0,true,true,false,false,false,"EQ",false
"B-G1.040-C2",42,2544,1618.7286980737,2,65,57,65,57,true,0,true,true,false,false,false,"",true
"B-G1.040-C2",42,2724,1745.6286980737,2,65,57,65,57,true,2,false,false,false,false,false,"OVERDUE|COOLDOWN",false
"B-G1.040-C2",42,2904,1850.6323001628,2,72,66,72,66,true,0,true,true,false,false,false,"",true
"B-G1.040-C2",42,3084,1965.6688593026,2,72,66,72,66,true,5,false,false,false,false,false,"OVERDUE|COOLDOWN",false
"B-G1.040-C2",42,3264,2068.7900714238,2,75,69,75,69,true,0,true,true,false,false,false,"",true
"B-G1.040-C2",42,3444,2180.8006168784,2,75,69,75,69,true,1,true,false,false,false,false,"COOLDOWN",false
"B-G1.040-C2",42,3624,2287.8450377968,2,79,73,79,73,true,0,true,true,false,false,false,"",true
"B-G1.040-C2",42,3804,2393.6269126822,3,79,73,79,73,false,0,true,true,false,false,false,"EQ",false
"B-G1.040-C2",42,3984,2499.2595628201,3,85,79,85,79,false,0,true,true,false,false,false,"EQ",false
"B-G1.040-C2",42,4164,2608.0222659849,3,89,83,89,83,false,0,true,true,false,false,false,"EQ",false
"B-G1.040-C2",42,4344,2717.7632572921,3,96,90,96,90,false,0,true,true,false,false,false,"EQ",false
"B-G1.040-C2",42,4524,2820.422433322,3,99,92,99,92,false,0,true,true,false,false,false,"EQ",false
"B-G1.040-C2",42,4704,2925.113458651,3,102,96,102,96,false,0,true,true,false,false,false,"EQ",false
"B-G1.040-C2",42,4884,3031.0156118853,3,106,99,106,99,false,0,true,true,false,false,false,"EQ",false
"B-G1.040-C2",42,5064,3136.1481859779,3,108,102,108,102,false,0,true,true,false,false,false,"EQ",false
"B-G1.040-C2",42,5244,3238.6498361429,3,111,104,111,104,true,0,true,true,false,false,false,"",true
"B-G1.040-C2",42,5424,3373.7529622691,3,111,104,111,104,true,3,false,false,false,false,false,"OVERDUE|COOLDOWN",false
"B-G1.040-C2",42,5604,3480.5817613702,3,113,106,113,106,true,0,true,true,false,false,false,"",true
"B-G1.040-C2",7961,24,24,0,14,7,14,7,false,0,true,true,false,false,false,"EQ",false
"B-G1.040-C2",7961,204,148.9333333333,0,17,9,17,9,false,0,true,true,false,false,false,"EQ",false
"B-G1.040-C2",7961,384,270.6678291142,0,19,12,19,12,false,0,true,true,false,false,false,"EQ",false
"B-G1.040-C2",7961,564,387.948951706,0,22,15,22,15,true,0,true,true,false,false,false,"",true
"B-G1.040-C2",7961,744,514.848951706,0,22,15,22,15,true,0,true,false,false,false,false,"COOLDOWN",false
"B-G1.040-C2",7961,924,630.4062665374,0,24,17,24,17,true,0,true,true,false,false,false,"",true
"B-G1.040-C2",7961,1104,745.5062665374,1,24,17,24,17,false,0,true,true,false,false,false,"EQ",false
"B-G1.040-C2",7961,1284,857.5158087696,1,28,21,28,21,false,0,true,true,false,false,false,"EQ",false
"B-G1.040-C2",7961,1464,969.1454881942,1,31,24,31,24,false,0,true,true,false,false,false,"EQ",false
"B-G1.040-C2",7961,1644,1077.9251511726,1,34,27,34,27,false,0,true,true,false,false,false,"EQ",false
"B-G1.040-C2",7961,1824,1192.0418178393,1,41,33,41,33,true,0,true,true,false,false,false,"",true
"B-G1.040-C2",7961,2004,1308.2642568637,1,41,33,41,33,true,9,false,false,false,false,false,"OVERDUE|COOLDOWN",false
"B-G1.040-C2",7961,2184,1412.9690187685,1,47,39,47,39,true,0,true,true,false,false,false,"",true
"B-G1.040-C2",7961,2364,1518.3765636952,2,47,39,47,39,false,4,false,true,false,false,false,"EQ|OVERDUE",false
"B-G1.040-C2",7961,2544,1626.9973192055,2,59,52,59,52,false,0,true,true,false,false,false,"EQ",false
"B-G1.040-C2",7961,2724,1730.4008279774,2,68,61,68,61,true,0,true,true,false,false,false,"",true
"B-G1.040-C2",7961,2904,1857.3008279774,2,68,61,68,61,true,8,false,false,false,false,false,"OVERDUE|COOLDOWN",false
"B-G1.040-C2",7961,3084,1970.0663171818,2,73,67,73,67,true,0,true,true,false,false,false,"",true
"B-G1.040-C2",7961,3264,2086.6217531462,2,73,67,73,67,true,2,false,false,false,false,false,"OVERDUE|COOLDOWN",false
"B-G1.040-C2",7961,3444,2193.1008963147,2,81,74,81,74,true,0,true,true,false,false,false,"",true
"B-G1.040-C2",7961,3624,2296.533238516,3,81,74,81,74,false,0,true,true,false,false,false,"EQ",false
"B-G1.040-C2",7961,3804,2399.3233619728,3,91,85,91,85,false,0,true,true,false,false,false,"EQ",false
"B-G1.040-C2",7961,3984,2502.0287883294,3,96,90,96,90,false,0,true,true,false,false,false,"EQ",false
"B-G1.040-C2",7961,4164,2608.4040642588,3,98,91,98,91,false,0,true,true,false,false,false,"EQ",false
"B-G1.040-C2",7961,4344,2718.2044504275,3,102,95,102,95,false,0,true,true,false,false,false,"EQ",false
"B-G1.040-C2",7961,4524,2822.7878330632,3,104,97,104,97,false,0,true,true,false,false,false,"EQ",false
"B-G1.040-C2",7961,4704,2925.3376612419,3,106,100,106,100,false,0,true,true,false,false,false,"EQ",false
"B-G1.040-C2",7961,4884,3030.824181719,3,109,102,109,102,false,0,true,true,false,false,false,"EQ",false
"B-G1.040-C2",7961,5064,3142.175831884,3,110,104,110,104,true,0,true,true,false,false,false,"",true
"B-G1.040-C2",7961,5244,3269.075831884,3,110,104,110,104,true,0,true,false,false,false,false,"COOLDOWN",false
"B-G1.040-C2",7961,5424,3371.5547962853,3,112,106,112,106,true,0,true,true,false,false,false,"",true
"B-G1.040-C2",7961,5604,3500.1686058092,3,112,106,112,106,true,0,true,false,false,false,false,"COOLDOWN",false
"B-G1.040-C2",15880,24,24,0,14,6,14,6,false,0,true,true,false,false,false,"EQ",false
"B-G1.040-C2",15880,204,148.1106753817,0,17,10,17,10,false,0,true,true,false,false,false,"EQ",false
"B-G1.040-C2",15880,384,267.7976979667,0,20,12,20,12,true,0,true,true,false,false,false,"",true
"B-G1.040-C2",15880,564,394.6976979667,0,20,12,20,12,true,4,false,false,false,false,false,"OVERDUE|COOLDOWN",false
"B-G1.040-C2",15880,744,510.2077394064,0,22,15,22,15,true,0,true,true,false,false,false,"",true
"B-G1.040-C2",15880,924,635.8562242549,0,22,15,22,15,true,4,false,false,false,false,false,"OVERDUE|COOLDOWN",false
"B-G1.040-C2",15880,1104,747.0228909216,0,24,16,24,16,true,0,true,true,false,false,false,"",true
"B-G1.040-C2",15880,1284,862.6538909216,0,24,16,24,16,true,0,true,false,false,false,false,"COOLDOWN",false
"B-G1.040-C2",15880,1464,975.8030932154,0,26,19,26,19,true,0,true,true,false,false,false,"",true
"B-G1.040-C2",15880,1644,1085.9537928491,1,26,19,26,19,false,0,true,true,false,false,false,"EQ",false
"B-G1.040-C2",15880,1824,1208.4341313525,1,31,23,31,23,false,0,true,true,false,false,false,"EQ",false
"B-G1.040-C2",15880,2004,1316.8037961945,1,42,34,42,34,true,0,true,true,false,false,false,"",true
"B-G1.040-C2",15880,2184,1428.9537961945,1,42,34,42,34,true,0,true,false,false,false,false,"COOLDOWN",false
"B-G1.040-C2",15880,2364,1537.652096939,1,45,38,45,38,true,0,true,true,false,false,false,"",true
"B-G1.040-C2",15880,2544,1642.4560185076,2,45,38,45,38,false,0,true,true,false,false,false,"EQ",false
"B-G1.040-C2",15880,2724,1749.0592684346,2,53,45,53,45,false,0,true,true,false,false,false,"EQ",false
"B-G1.040-C2",15880,2904,1856.9879929462,2,59,52,59,52,false,0,true,true,false,false,false,"EQ",false
"B-G1.040-C2",15880,3084,1964.0520885808,2,67,59,67,59,true,0,true,true,false,false,false,"",true
"B-G1.040-C2",15880,3264,2093.0772627102,2,67,59,67,59,true,2,false,false,false,false,false,"OVERDUE|COOLDOWN",false
"B-G1.040-C2",15880,3444,2208.5178313376,2,73,67,73,67,true,0,true,true,false,false,false,"",true
"B-G1.040-C2",15880,3624,2326.843267302,2,73,67,73,67,true,0,true,false,false,false,false,"COOLDOWN",false
"B-G1.040-C2",15880,3804,2432.5446944986,2,76,70,76,70,true,0,true,true,false,false,false,"",true
"B-G1.040-C2",15880,3984,2548.5467657214,2,76,70,76,70,true,1,true,false,false,false,false,"COOLDOWN",false
"B-G1.040-C2",15880,4164,2655.149434464,2,81,74,81,74,true,0,true,true,false,false,false,"",true
"B-G1.040-C2",15880,4344,2759.2897766653,3,81,74,81,74,false,1,false,true,false,false,false,"EQ|OVERDUE",false
"B-G1.040-C2",15880,4524,2865.7548040055,3,93,87,93,87,false,0,true,true,false,false,false,"EQ",false
"B-G1.040-C2",15880,4704,2971.3979742409,3,98,91,98,91,false,0,true,true,false,false,false,"EQ",false
"B-G1.040-C2",15880,4884,3074.028010871,3,100,94,100,94,false,0,true,true,false,false,false,"EQ",false
"B-G1.040-C2",15880,5064,3189.2601084377,3,103,97,103,97,false,0,true,true,false,false,false,"EQ",false
"B-G1.040-C2",15880,5244,3291.8355470342,3,105,98,105,98,false,0,true,true,false,false,false,"EQ",false
"B-G1.040-C2",15880,5424,3400.7189608541,3,107,101,107,101,false,0,true,true,false,false,false,"EQ",false
"B-G1.040-C2",15880,5604,3512.0942133793,3,108,102,108,102,false,0,true,true,false,false,false,"EQ",false
"B-G1.040-C2",23799,24,24,0,14,7,14,7,false,0,true,true,false,false,false,"EQ",false
"B-G1.040-C2",23799,204,150.9,0,17,9,17,9,false,0,true,true,false,false,false,"EQ",false
"B-G1.040-C2",23799,384,273.3899875836,0,19,11,19,11,false,0,true,true,false,false,false,"EQ",false
"B-G1.040-C2",23799,564,393.4066542503,0,24,16,24,16,true,0,true,true,false,false,false,"",true
"B-G1.040-C2",23799,744,508.5066542503,1,24,16,24,16,false,13,false,true,false,false,false,"EQ|OVERDUE",false
"B-G1.040-C2",23799,924,630.8646983534,1,27,19,27,19,false,0,true,true,false,false,false,"EQ",false
"B-G1.040-C2",23799,1104,757.7646983534,1,37,30,37,30,true,0,true,true,false,false,false,"",true
"B-G1.040-C2",23799,1284,880.3265833153,1,37,30,37,30,true,15,false,false,false,false,false,"OVERDUE|COOLDOWN",false
"B-G1.040-C2",23799,1464,985.7288821659,1,40,33,40,33,true,0,true,true,false,false,false,"",true
"B-G1.040-C2",23799,1644,1099.7845143498,1,40,33,40,33,true,1,true,false,false,false,false,"COOLDOWN",false
"B-G1.040-C2",23799,1824,1204.4892762546,1,46,38,46,38,true,0,true,true,false,false,false,"",true
"B-G1.040-C2",23799,2004,1310.1185852608,2,46,39,46,39,false,0,true,true,false,false,false,"EQ",false
"B-G1.040-C2",23799,2184,1416.6408480072,2,55,48,55,48,false,0,true,true,false,false,false,"EQ",false
"B-G1.040-C2",23799,2364,1522.1204808096,2,65,58,65,58,true,0,true,true,false,false,false,"",true
"B-G1.040-C2",23799,2544,1649.0204808096,2,65,58,65,58,true,1,true,false,false,false,false,"COOLDOWN",false
"B-G1.040-C2",23799,2724,1755.7390795183,2,71,64,71,64,true,0,true,true,false,false,false,"",true
"B-G1.040-C2",23799,2904,1882.6390795183,2,71,64,71,64,true,0,true,false,false,false,false,"COOLDOWN",false
"B-G1.040-C2",23799,3084,1987.3859679951,2,76,70,76,70,true,0,true,true,false,false,false,"",true
"B-G1.040-C2",23799,3264,2096.8980392179,2,76,70,76,70,true,0,true,false,false,false,false,"COOLDOWN",false
"B-G1.040-C2",23799,3444,2204.2376493739,2,79,73,79,73,true,0,true,true,false,false,false,"",true
"B-G1.040-C2",23799,3624,2316.9225242593,2,79,73,79,73,true,1,true,false,false,false,false,"COOLDOWN",false
"B-G1.040-C2",23799,3804,2419.8947464816,2,82,75,82,75,true,0,true,true,false,false,false,"",true
"B-G1.040-C2",23799,3984,2529.2164239884,2,82,75,82,75,true,0,true,false,false,false,false,"COOLDOWN",false
"B-G1.040-C2",23799,4164,2640.6118156584,2,86,80,86,80,true,1,true,true,false,false,false,"",true
"B-G1.040-C2",23799,4344,2747.6177185552,2,86,80,86,80,true,1,true,false,false,false,false,"COOLDOWN",false
"B-G1.040-C2",23799,4524,2854.4574263768,2,91,84,91,84,true,0,true,true,false,false,false,"",true
"B-G1.040-C2",23799,4704,2957.2297841003,3,91,85,91,85,false,0,true,true,false,false,false,"EQ",false
"B-G1.040-C2",23799,4884,3059.9194392727,3,96,90,96,90,false,0,true,true,false,false,false,"EQ",false
"B-G1.040-C2",23799,5064,3175.3174099996,3,100,94,100,94,false,0,true,true,false,false,false,"EQ",false
"B-G1.040-C2",23799,5244,3277.9195605372,3,103,97,103,97,false,0,true,true,false,false,false,"EQ",false
"B-G1.040-C2",23799,5424,3383.8211391167,3,106,99,106,99,false,0,true,true,false,false,false,"EQ",false
"B-G1.040-C2",23799,5604,3486.3585540827,3,108,101,108,101,false,0,true,true,false,false,false,"EQ",false
"B-G1.040-C2",23799,5784,3588.8602042477,3,110,104,110,104,true,0,true,true,false,false,false,"",true
"B-G1.040-C2",31718,24,24,0,14,7,14,7,false,0,true,true,false,false,false,"EQ",false
"B-G1.040-C2",31718,204,148.9333333333,0,17,9,17,9,false,0,true,true,false,false,false,"EQ",false
"B-G1.040-C2",31718,384,265.8519755557,0,20,12,20,12,true,0,true,true,false,false,false,"",true
"B-G1.040-C2",31718,564,392.7519755557,0,20,12,20,12,true,0,true,false,false,false,false,"COOLDOWN",false
"B-G1.040-C2",31718,744,509.8280366157,0,22,15,22,15,true,0,true,true,false,false,false,"",true
"B-G1.040-C2",31718,924,635.4765214642,0,22,15,22,15,true,0,true,false,false,false,false,"COOLDOWN",false
"B-G1.040-C2",31718,1104,748.9154310113,0,24,16,24,16,true,0,true,true,false,false,false,"",true
"B-G1.040-C2",31718,1284,864.5464310113,0,24,16,24,16,true,2,true,false,false,false,false,"COOLDOWN",false
"B-G1.040-C2",31718,1464,976.9272893887,0,26,19,26,19,true,0,true,true,false,false,false,"",true
"B-G1.040-C2",31718,1644,1087.0189890224,1,26,19,26,19,false,0,true,true,false,false,false,"EQ",false
"B-G1.040-C2",31718,1824,1193.2689890224,1,35,27,35,27,true,0,true,true,false,false,false,"",true
"B-G1.040-C2",31718,2004,1320.1689890224,1,35,27,35,27,true,5,false,false,false,false,false,"OVERDUE|COOLDOWN",false
"B-G1.040-C2",31718,2184,1427.5369746939,1,42,35,42,35,true,0,true,true,false,false,false,"",true
"B-G1.040-C2",31718,2364,1541.5660929734,1,42,35,42,35,true,0,true,false,false,false,false,"COOLDOWN",false
"B-G1.040-C2",31718,2544,1648.9018080741,1,49,42,49,42,true,0,true,true,false,false,false,"",true
"B-G1.040-C2",31718,2724,1753.2607824331,2,50,42,50,42,false,0,true,true,false,false,false,"EQ",false
"B-G1.040-C2",31718,2904,1859.2157645035,2,59,51,59,51,false,0,true,true,false,false,false,"EQ",false
"B-G1.040-C2",31718,3084,1971.5445523823,2,66,59,66,59,true,0,true,true,false,false,false,"",true
"B-G1.040-C2",31718,3264,2102.2348554126,2,66,59,66,59,true,5,false,false,false,false,false,"OVERDUE|COOLDOWN",false
"B-G1.040-C2",31718,3444,2210.9518482968,2,71,64,71,64,true,0,true,true,false,false,false,"",true
"B-G1.040-C2",31718,3624,2327.4922238837,2,71,64,71,64,true,0,true,false,false,false,false,"COOLDOWN",false
"B-G1.040-C2",31718,3804,2435.9212782809,2,74,68,74,68,true,0,true,true,false,false,false,"",true
"B-G1.040-C2",31718,3984,2554.5960322657,2,74,68,74,68,true,0,true,false,false,false,false,"COOLDOWN",false
"B-G1.040-C2",31718,4164,2657.59133743,2,80,74,80,74,true,0,true,true,false,false,false,"",true
"B-G1.040-C2",31718,4344,2765.8769759277,2,80,74,80,74,true,2,false,false,false,false,false,"OVERDUE|COOLDOWN",false
"B-G1.040-C2",31718,4524,2871.440623288,2,83,77,83,77,true,0,true,true,false,false,false,"",true
"B-G1.040-C2",31718,4704,2975.2565130633,3,84,77,84,77,false,1,false,true,false,false,false,"EQ|OVERDUE",false
"B-G1.040-C2",31718,4884,3090.4850726574,3,88,82,88,82,false,0,true,true,false,false,false,"EQ",false
"B-G1.040-C2",31718,5064,3194.9677915514,3,94,88,94,88,false,0,true,true,false,false,false,"EQ",false
"B-G1.040-C2",31718,5244,3297.6574467238,3,97,90,97,90,false,0,true,true,false,false,false,"EQ",false
"B-G1.040-C2",31718,5424,3406.2689123108,3,99,93,99,93,false,0,true,true,false,false,false,"EQ",false
"B-G1.040-C2",31718,5604,3508.8848543398,3,101,95,101,95,false,0,true,true,false,false,false,"EQ",false
"B-G1.040-C2",39637,24,24,0,14,7,14,7,false,0,true,true,false,false,false,"EQ",false
"B-G1.040-C2",39637,384,263.6729621525,0,20,13,20,13,true,0,true,true,false,false,false,"",true
"B-G1.040-C2",39637,564,390.5729621525,0,20,13,20,13,true,0,true,false,false,false,false,"COOLDOWN",false
"B-G1.040-C2",39637,744,506.6406824294,0,23,16,23,16,true,0,true,true,false,false,false,"",true
"B-G1.040-C2",39637,924,626.7389696495,0,23,16,23,16,true,0,true,false,false,false,false,"COOLDOWN",false
"B-G1.040-C2",39637,1104,735.4473029828,0,27,20,27,20,true,0,true,true,false,false,false,"",true
"B-G1.040-C2",39637,1284,844.4469943409,1,27,20,27,20,false,6,false,true,false,false,false,"EQ|OVERDUE",false
"B-G1.040-C2",39637,1464,950.9107624568,1,35,27,35,27,true,0,true,true,false,false,false,"",true
"B-G1.040-C2",39637,1644,1078.0074291235,1,35,27,35,27,true,7,false,false,false,false,false,"OVERDUE|COOLDOWN",false
"B-G1.040-C2",39637,1824,1186.5056585045,1,38,30,38,30,true,0,true,true,false,false,false,"",true
"B-G1.040-C2",39637,2004,1306.0795376468,1,38,30,38,30,true,0,true,false,false,false,false,"COOLDOWN",false
"B-G1.040-C2",39637,2184,1413.8547361888,1,42,35,42,35,true,0,true,true,false,false,false,"",true
"B-G1.040-C2",39637,2364,1533.0168544683,1,42,35,42,35,true,0,true,false,false,false,false,"COOLDOWN",false
"B-G1.040-C2",39637,2544,1641.8114508508,1,47,39,47,39,true,0,true,true,false,false,false,"",true
"B-G1.040-C2",39637,2724,1748.5733421038,2,47,39,47,39,false,2,false,true,false,false,false,"EQ|OVERDUE",false
"B-G1.040-C2",39637,2904,1858.4173785481,2,61,53,61,53,false,0,true,true,false,false,false,"EQ",false
"B-G1.040-C2",39637,3084,1961.8961664269,2,67,59,67,59,true,0,true,true,false,false,false,"",true
"B-G1.040-C2",39637,3264,2088.7961664269,2,67,59,67,59,true,0,true,false,false,false,false,"COOLDOWN",false
"B-G1.040-C2",39637,3444,2204.3104178315,2,74,68,74,68,true,0,true,true,false,false,false,"",true
"B-G1.040-C2",39637,3624,2316.5235372009,2,74,68,74,68,true,3,false,false,false,false,false,"OVERDUE|COOLDOWN",false
"B-G1.040-C2",39637,3804,2423.9629274777,2,78,72,78,72,true,0,true,true,false,false,false,"",true
"B-G1.040-C2",39637,3984,2530.9397390719,3,78,72,78,72,false,3,false,true,false,false,false,"EQ|OVERDUE",false
"B-G1.040-C2",39637,4164,2636.725657383,3,84,78,84,78,false,0,true,true,false,false,false,"EQ",false
"B-G1.040-C2",39637,4344,2752.7868688683,3,88,82,88,82,false,0,true,true,false,false,false,"EQ",false
"B-G1.040-C2",39637,4524,2857.9114738186,3,91,85,91,85,false,0,true,true,false,false,false,"EQ",false
"B-G1.040-C2",39637,4704,2969.5164938989,3,93,86,93,86,false,0,true,true,false,false,false,"EQ",false
"B-G1.040-C2",39637,4884,3075.7978196544,3,96,90,96,90,false,0,true,true,false,false,false,"EQ",false
"B-G1.040-C2",39637,5064,3186.0084101348,3,101,95,101,95,false,0,true,true,false,false,false,"EQ",false
"B-G1.040-C2",39637,5244,3290.3473323043,3,104,97,104,97,false,0,true,true,false,false,false,"EQ",false
"B-G1.040-C2",39637,5424,3398.0277775319,3,106,100,106,100,false,0,true,true,false,false,false,"EQ",false
"B-G1.040-C2",39637,5604,3504.5385266336,3,108,102,108,102,false,0,true,true,false,false,false,"EQ",false
"B-G1.040-C2",47556,24,24,0,14,6,14,6,false,0,true,true,false,false,false,"EQ",false
"B-G1.040-C2",47556,204,145,0,18,11,18,11,false,0,true,true,false,false,false,"EQ",false
"B-G1.040-C2",47556,384,260.2175317461,0,21,14,21,14,true,0,true,true,false,false,false,"",true
"B-G1.040-C2",47556,564,387.1175317461,0,21,14,21,14,true,0,true,false,false,false,false,"COOLDOWN",false
"B-G1.040-C2",47556,744,501.053205706,0,23,16,23,16,true,0,true,true,false,false,false,"",true
"B-G1.040-C2",47556,924,620.2575535321,0,23,16,23,16,true,2,true,false,false,false,false,"COOLDOWN",false
"B-G1.040-C2",47556,1104,731.1659919075,0,29,21,29,21,true,0,true,true,false,false,false,"",true
"B-G1.040-C2",47556,1284,839.0548807964,1,30,23,30,23,false,0,true,true,false,false,false,"EQ",false
"B-G1.040-C2",47556,1464,944.7585845001,1,38,31,38,31,true,0,true,true,false,false,false,"",true
"B-G1.040-C2",47556,1644,1064.3324636424,1,38,31,38,31,true,0,true,false,false,false,false,"COOLDOWN",false
"B-G1.040-C2",47556,1824,1177.986385211,1,46,38,46,38,true,0,true,true,false,false,false,"",true
"B-G1.040-C2",47556,2004,1285.4179444607,2,46,38,46,38,false,2,false,true,false,false,false,"EQ|OVERDUE",false
"B-G1.040-C2",47556,2184,1391.4634695496,2,58,51,58,51,false,0,true,true,false,false,false,"EQ",false
"B-G1.040-C2",47556,2364,1506.0980979107,2,65,57,65,57,true,0,true,true,false,false,false,"",true
"B-G1.040-C2",47556,2544,1634.9647645774,2,65,57,65,57,true,1,true,false,false,false,false,"COOLDOWN",false
"B-G1.040-C2",47556,2724,1750.2261232862,2,71,64,71,64,true,0,true,true,false,false,false,"",true
"B-G1.040-C2",47556,2904,1866.7664988731,2,71,64,71,64,true,0,true,false,false,false,false,"COOLDOWN",false
"B-G1.040-C2",47556,3084,1978.5921611254,2,75,69,75,69,true,0,true,true,false,false,false,"",true
"B-G1.040-C2",47556,3264,2093.13970658,2,75,69,75,69,true,0,true,false,false,false,false,"COOLDOWN",false
"B-G1.040-C2",47556,3444,2203.0863763429,2,79,73,79,73,true,0,true,true,false,false,false,"",true
"B-G1.040-C2",47556,3624,2308.8682512283,3,79,73,79,73,false,0,true,true,false,false,false,"EQ",false
"B-G1.040-C2",47556,3804,2411.7144050745,3,88,81,88,81,false,0,true,true,false,false,false,"EQ",false
"B-G1.040-C2",47556,3984,2520.2399971071,3,93,86,93,86,false,0,true,true,false,false,false,"EQ",false
"B-G1.040-C2",47556,4164,2622.9615657346,3,95,89,95,89,false,0,true,true,false,false,false,"EQ",false
"B-G1.040-C2",47556,4344,2728.2461211312,3,97,91,97,91,false,0,true,true,false,false,false,"EQ",false
"B-G1.040-C2",47556,4524,2834.6032393028,3,100,94,100,94,false,0,true,true,false,false,false,"EQ",false
"B-G1.040-C2",47556,4704,2944.5802946681,3,104,98,104,98,false,0,true,true,false,false,false,"EQ",false
"B-G1.040-C2",47556,4884,3053.9240567662,3,107,100,107,100,false,0,true,true,false,false,false,"EQ",false
"B-G1.040-C2",47556,5064,3162.1909965817,3,110,103,110,103,true,0,true,true,false,false,false,"",true
"B-G1.040-C2",47556,5244,3289.0909965817,3,110,103,110,103,true,1,false,false,false,false,false,"OVERDUE|COOLDOWN",false
"B-G1.040-C2",47556,5424,3397.5376198583,3,112,106,112,106,true,0,true,true,false,false,false,"",true
"B-G1.040-C2",47556,5604,3526.1514293822,3,112,106,112,106,true,0,true,false,false,false,false,"COOLDOWN",false
"B-G1.040-C2",55475,24,24,0,14,6,14,6,false,0,true,true,false,false,false,"EQ",false
"B-G1.040-C2",55475,204,148.9333333333,0,16,9,16,9,false,0,true,true,false,false,false,"EQ",false
"B-G1.040-C2",55475,384,270.5749299919,0,19,12,19,12,false,0,true,true,false,false,false,"EQ",false
"B-G1.040-C2",55475,564,387.7431462574,0,21,14,21,14,true,0,true,true,false,false,false,"",true
"B-G1.040-C2",55475,744,514.6431462574,0,21,14,21,14,true,0,true,false,false,false,false,"COOLDOWN",false
"B-G1.040-C2",55475,924,629.108963122,0,23,16,23,16,true,0,true,true,false,false,false,"",true
"B-G1.040-C2",55475,1104,756.008963122,0,23,16,23,16,true,2,true,false,false,false,false,"COOLDOWN",false
"B-G1.040-C2",55475,1284,873.1352171511,0,28,20,28,20,true,0,true,true,false,false,false,"",true
"B-G1.040-C2",55475,1464,982.1401492682,1,28,21,28,21,false,11,false,true,false,false,false,"EQ|OVERDUE",false
"B-G1.040-C2",55475,1644,1088.8371189651,1,33,26,33,26,false,0,true,true,false,false,false,"EQ",false
"B-G1.040-C2",55475,1824,1194.7089138369,1,37,30,37,30,true,0,true,true,false,false,false,"",true
"B-G1.040-C2",55475,2004,1321.6089138369,1,37,30,37,30,true,0,true,false,false,false,false,"COOLDOWN",false
"B-G1.040-C2",55475,2184,1429.5278043916,1,41,33,41,33,true,0,true,true,false,false,false,"",true
"B-G1.040-C2",55475,2364,1541.030243416,1,41,33,41,33,true,0,true,false,false,false,false,"COOLDOWN",false
"B-G1.040-C2",55475,2544,1657.3093193254,1,44,37,44,37,true,0,true,true,false,false,false,"",true
"B-G1.040-C2",55475,2724,1773.837834477,1,44,37,44,37,true,3,false,false,false,false,false,"OVERDUE|COOLDOWN",false
"B-G1.040-C2",55475,2904,1880.5092616343,1,48,40,48,40,true,0,true,true,false,false,false,"",true
"B-G1.040-C2",55475,3084,1985.0317841568,2,49,41,49,41,false,0,true,true,false,false,false,"EQ",false
"B-G1.040-C2",55475,3264,2091.2831186817,2,60,52,60,52,false,0,true,true,false,false,false,"EQ",false
"B-G1.040-C2",55475,3444,2198.5187840586,2,63,56,63,56,false,0,true,true,false,false,false,"EQ",false
"B-G1.040-C2",55475,3624,2307.5775331007,2,69,62,69,62,true,0,true,true,false,false,false,"",true
"B-G1.040-C2",55475,3804,2434.4775331007,2,69,62,69,62,true,0,true,false,false,false,false,"COOLDOWN",false
"B-G1.040-C2",55475,3984,2546.5952926636,2,72,65,72,65,true,0,true,true,false,false,false,"",true
"B-G1.040-C2",55475,4164,2666.3830522265,2,72,65,72,65,true,1,true,false,false,false,false,"COOLDOWN",false
"B-G1.040-C2",55475,4344,2773.1936867424,2,78,72,78,72,true,0,true,true,false,false,false,"",true
"B-G1.040-C2",55475,4524,2880.1704983366,3,78,72,78,72,false,14,false,true,false,false,false,"EQ|OVERDUE",false
"B-G1.040-C2",55475,4704,2986.2888611811,3,84,78,84,78,false,0,true,true,false,false,false,"EQ",false
"B-G1.040-C2",55475,4884,3101.9877747646,3,90,83,90,83,false,0,true,true,false,false,false,"EQ",false
"B-G1.040-C2",55475,5064,3210.6708016408,3,94,88,94,88,false,0,true,true,false,false,false,"EQ",false
"B-G1.040-C2",55475,5244,3315.3782527604,3,97,91,97,91,false,0,true,true,false,false,false,"EQ",false
"B-G1.040-C2",55475,5424,3418.0082893905,3,100,94,100,94,false,0,true,true,false,false,false,"EQ",false
"B-G1.040-C2",55475,5604,3532.3071969835,3,102,96,102,96,false,0,true,true,false,false,false,"EQ",false
"B-G1.040-C2",63394,24,24,0,14,6,14,6,false,0,true,true,false,false,false,"EQ",false
"B-G1.040-C2",63394,204,150.8999999998,0,18,11,18,11,false,0,true,true,false,false,false,"EQ",false
"B-G1.040-C2",63394,384,268.019339385,0,20,13,20,13,true,0,true,true,false,false,false,"",true
"B-G1.040-C2",63394,564,394.919339385,0,20,13,20,13,true,1,true,false,false,false,false,"COOLDOWN",false
"B-G1.040-C2",63394,744,505.3295957953,0,25,18,25,18,true,0,true,true,false,false,false,"",true
"B-G1.040-C2",63394,924,620.6171855389,0,25,18,25,18,true,14,false,false,false,false,false,"OVERDUE|COOLDOWN",false
"B-G1.040-C2",63394,1104,733.559212727,0,26,19,26,19,true,0,true,true,false,false,false,"",true
"B-G1.040-C2",63394,1284,842.759212727,1,26,19,26,19,false,0,true,true,false,false,false,"EQ",false
"B-G1.040-C2",63394,1464,953.4759504233,1,29,22,29,22,false,0,true,true,false,false,false,"EQ",false
"B-G1.040-C2",63394,1644,1063.3147582906,1,32,25,32,25,false,0,true,true,false,false,false,"EQ",false
"B-G1.040-C2",63394,1824,1172.0022825597,1,36,29,36,29,true,0,true,true,false,false,false,"",true
"B-G1.040-C2",63394,2004,1298.9022825597,1,36,29,36,29,true,1,true,false,false,false,false,"COOLDOWN",false
"B-G1.040-C2",63394,2184,1410.0856226331,1,41,34,41,34,true,0,true,true,false,false,false,"",true
"B-G1.040-C2",63394,2364,1521.5880616575,1,41,34,41,34,true,0,true,false,false,false,false,"COOLDOWN",false
"B-G1.040-C2",63394,2544,1629.0887230941,1,45,37,45,37,true,0,true,true,false,false,false,"",true
"B-G1.040-C2",63394,2724,1736.3520705886,2,45,38,45,38,false,0,true,true,false,false,false,"EQ",false
"B-G1.040-C2",63394,2904,1844.2438559267,2,60,52,60,52,false,0,true,true,false,false,false,"EQ",false
"B-G1.040-C2",63394,3084,1952.0722695239,2,64,57,64,57,false,0,true,true,false,false,false,"EQ",false
"B-G1.040-C2",63394,3264,2057.2239635826,2,70,63,70,63,true,0,true,true,false,false,false,"",true
"B-G1.040-C2",63394,3444,2175.2792016778,2,70,63,70,63,true,0,true,false,false,false,false,"COOLDOWN",false
"B-G1.040-C2",63394,3624,2282.6711846909,2,74,68,74,68,true,0,true,true,false,false,false,"",true
"B-G1.040-C2",63394,3804,2394.8559386757,2,74,68,74,68,true,0,true,false,false,false,false,"COOLDOWN",false
"B-G1.040-C2",63394,3984,2497.85124384,2,80,74,80,74,true,0,true,true,false,false,false,"",true
"B-G1.040-C2",63394,4164,2602.4198823377,3,80,74,80,74,false,1,false,true,false,false,false,"EQ|OVERDUE",false
"B-G1.040-C2",63394,4344,2709.9437905706,3,87,80,87,80,false,0,true,true,false,false,false,"EQ",false
"B-G1.040-C2",63394,4524,2815.4712392238,3,90,83,90,83,false,0,true,true,false,false,false,"EQ",false
"B-G1.040-C2",63394,4704,2921.868017097,3,95,88,95,88,false,0,true,true,false,false,false,"EQ",false
"B-G1.040-C2",63394,4884,3024.5422595212,3,97,91,97,91,false,0,true,true,false,false,false,"EQ",false
"B-G1.040-C2",63394,5064,3131.3158112513,3,101,95,101,95,false,0,true,true,false,false,false,"EQ",false
"B-G1.040-C2",63394,5244,3233.9044637336,3,104,97,104,97,false,0,true,true,false,false,false,"EQ",false
"B-G1.040-C2",63394,5424,3338.3514004351,3,106,99,106,99,false,0,true,true,false,false,false,"EQ",false
"B-G1.040-C2",63394,5604,3452.8642732471,3,108,102,108,102,false,0,true,true,false,false,false,"EQ",false
"B-G1.040-C2",63394,5784,3555.3776065804,3,110,103,110,103,true,0,true,true,false,false,false,"",true
"B-G1.040-C2",71313,24,24,0,14,7,14,7,false,0,true,true,false,false,false,"EQ",false
"B-G1.040-C2",71313,204,148.9333333333,0,16,9,16,9,false,0,true,true,false,false,false,"EQ",false
"B-G1.040-C2",71313,384,267.4221501462,0,19,12,19,12,false,0,true,true,false,false,false,"EQ",false
"B-G1.040-C2",71313,564,383.8114278308,0,22,14,22,14,true,0,true,true,false,false,false,"",true
"B-G1.040-C2",71313,744,510.7114278308,0,22,14,22,14,true,1,true,false,false,false,false,"COOLDOWN",false
"B-G1.040-C2",71313,924,623.730213199,0,26,19,26,19,true,0,true,true,false,false,false,"",true
"B-G1.040-C2",71313,1104,733.5082997375,1,26,19,26,19,false,18,false,true,false,false,false,"EQ|OVERDUE",false
"B-G1.040-C2",71313,1284,841.7828095414,1,29,21,29,21,false,0,true,true,false,false,false,"EQ",false
"B-G1.040-C2",71313,1464,960.5654943063,1,33,25,33,25,false,0,true,true,false,false,false,"EQ",false
"B-G1.040-C2",71313,1644,1070.4962064256,1,35,28,35,28,true,0,true,true,false,false,false,"",true
"B-G1.040-C2",71313,1824,1197.3962064256,1,35,28,35,28,true,3,false,false,false,false,false,"OVERDUE|COOLDOWN",false
"B-G1.040-C2",71313,2004,1302.9438254732,1,39,32,39,32,true,0,true,true,false,false,false,"",true
"B-G1.040-C2",71313,2184,1419.6863163157,1,39,32,39,32,true,0,true,false,false,false,false,"COOLDOWN",false
"B-G1.040-C2",71313,2364,1527.296892807,1,42,35,42,35,true,0,true,true,false,false,false,"",true
"B-G1.040-C2",71313,2544,1641.216892807,1,42,35,42,35,true,0,true,false,false,false,false,"COOLDOWN",false
"B-G1.040-C2",71313,2724,1745.8280039181,1,47,40,47,40,true,0,true,true,false,false,false,"",true
"B-G1.040-C2",71313,2904,1850.8198951711,2,47,40,47,40,false,4,false,true,false,false,false,"EQ|OVERDUE",false
"B-G1.040-C2",71313,3084,1960.182354985,2,54,47,54,47,false,0,true,true,false,false,false,"EQ",false
"B-G1.040-C2",71313,3264,2063.7849190876,2,63,56,63,56,false,0,true,true,false,false,false,"EQ",false
"B-G1.040-C2",71313,3444,2181.0782953704,2,71,64,71,64,true,0,true,true,false,false,false,"",true
"B-G1.040-C2",71313,3624,2297.6186709573,2,71,64,71,64,true,0,true,false,false,false,false,"COOLDOWN",false
"B-G1.040-C2",71313,3804,2406.1834562091,2,77,70,77,70,true,0,true,true,false,false,false,"",true
"B-G1.040-C2",71313,3984,2514.4372909316,2,77,70,77,70,true,3,false,false,false,false,false,"OVERDUE|COOLDOWN",false
"B-G1.040-C2",71313,4164,2617.4095131539,2,82,75,82,75,true,0,true,true,false,false,false,"",true
"B-G1.040-C2",71313,4344,2720.3817353762,3,82,75,82,75,false,0,true,true,false,false,false,"EQ",false
"B-G1.040-C2",71313,4524,2829.0884856473,3,87,81,87,81,false,0,true,true,false,false,false,"EQ",false
"B-G1.040-C2",71313,4704,2936.5178457124,3,91,85,91,85,false,0,true,true,false,false,false,"EQ",false
"B-G1.040-C2",71313,4884,3048.073272069,3,96,89,96,89,false,0,true,true,false,false,false,"EQ",false
"B-G1.040-C2",71313,5064,3152.3260975173,3,100,94,100,94,false,0,true,true,false,false,false,"EQ",false
"B-G1.040-C2",71313,5244,3258.7066486842,3,105,98,105,98,false,0,true,true,false,false,false,"EQ",false
"B-G1.040-C2",71313,5424,3371.98286337,3,109,102,109,102,false,0,true,true,false,false,false,"EQ",false
"B-G1.040-C2",71313,5604,3481.3482330037,3,111,105,111,105,true,0,true,true,false,false,false,"",true
"B-G1.040-C3",42,24,24,0,14,7,14,7,false,0,true,true,false,false,false,"EQ",false
"B-G1.040-C3",42,204,148.9333333333,0,16,9,16,9,false,0,true,true,false,false,false,"EQ",false
"B-G1.040-C3",42,384,269.2018214391,0,19,12,19,12,false,0,true,true,false,false,false,"EQ",false
"B-G1.040-C3",42,564,388.0504668337,0,23,16,23,16,true,0,true,true,false,false,false,"",true
"B-G1.040-C3",42,744,514.6387540538,0,23,16,23,16,true,0,true,false,false,false,false,"COOLDOWN",false
"B-G1.040-C3",42,924,626.8496115295,0,26,19,26,19,true,0,true,false,false,false,false,"COOLDOWN",false
"B-G1.040-C3",42,1104,738.0827158051,0,28,21,28,21,true,0,true,true,false,false,false,"",true
"B-G1.040-C3",42,1284,846.357225609,1,28,21,28,21,false,0,true,true,false,false,false,"EQ",false
"B-G1.040-C3",42,1464,952.4105589423,1,37,29,37,29,true,0,true,true,false,false,false,"",true
"B-G1.040-C3",42,1644,1079.3105589423,1,37,29,37,29,true,1,true,false,false,false,false,"COOLDOWN",false
"B-G1.040-C3",42,1824,1187.8894212761,1,41,33,41,33,true,0,true,false,false,false,false,"COOLDOWN",false
"B-G1.040-C3",42,2004,1297.2416698445,1,45,38,45,38,true,0,true,true,false,false,false,"",true
"B-G1.040-C3",42,2184,1402.0455914131,2,45,38,45,38,false,0,true,true,false,false,false,"EQ",false
"B-G1.040-C3",42,2364,1508.782558421,2,56,49,56,49,false,0,true,true,false,false,false,"EQ",false
"B-G1.040-C3",42,2544,1621.3258917543,2,61,53,61,53,false,0,true,true,false,false,false,"EQ",false
"B-G1.040-C3",42,2724,1736.3251944992,2,68,61,68,61,true,0,true,true,false,false,false,"",true
"B-G1.040-C3",42,2904,1863.2251944992,2,68,61,68,61,true,1,true,false,false,false,false,"COOLDOWN",false
"B-G1.040-C3",42,3084,1971.7174104462,2,74,68,74,68,true,0,true,false,false,false,false,"COOLDOWN",false
"B-G1.040-C3",42,3264,2083.5627156105,2,81,74,81,74,true,0,true,true,false,false,false,"",true
"B-G1.040-C3",42,3444,2186.9950578118,3,81,74,81,74,false,0,true,true,false,false,false,"EQ",false
"B-G1.040-C3",42,3624,2291.6282810127,3,89,83,89,83,false,0,true,true,false,false,false,"EQ",false
"B-G1.040-C3",42,3804,2400.5805107345,3,96,89,96,89,false,0,true,true,false,false,false,"EQ",false
"B-G1.040-C3",42,3984,2504.8330473646,3,101,94,101,94,false,0,true,true,false,false,false,"EQ",false
"B-G1.040-C3",42,4164,2612.808437178,3,103,97,103,97,false,0,true,true,false,false,false,"EQ",false
"B-G1.040-C3",42,4344,2721.0602871534,3,107,101,107,101,false,0,true,true,false,false,false,"EQ",false
"B-G1.040-C3",42,4524,2829.2576202434,3,109,103,109,103,false,0,true,true,false,false,false,"EQ",false
"B-G1.040-C3",42,4704,2935.0709874268,3,111,105,111,105,true,0,true,true,false,false,false,"",true
"B-G1.040-C3",42,4884,3061.9709874268,3,111,105,111,105,true,2,false,false,false,false,false,"OVERDUE|COOLDOWN",false
"B-G1.040-C3",42,5064,3167.3116449416,3,114,107,114,107,true,0,true,false,false,false,false,"COOLDOWN",false
"B-G1.040-C3",42,5244,3280.8254205991,3,116,109,116,109,true,0,true,true,false,false,false,"",true
"B-G1.040-C3",42,5424,3407.7254205991,3,116,109,116,109,true,1,false,false,false,false,false,"OVERDUE|COOLDOWN",false
"B-G1.040-C3",42,5604,3519.0115576707,3,117,111,117,111,true,0,true,false,false,false,false,"COOLDOWN",false
"B-G1.040-C3",7961,24,24,0,14,7,14,7,false,0,true,true,false,false,false,"EQ",false
"B-G1.040-C3",7961,204,148.9333333333,0,17,9,17,9,false,0,true,true,false,false,false,"EQ",false
"B-G1.040-C3",7961,384,270.6678291142,0,19,12,19,12,false,0,true,true,false,false,false,"EQ",false
"B-G1.040-C3",7961,564,387.948951706,0,22,15,22,15,true,0,true,true,false,false,false,"",true
"B-G1.040-C3",7961,744,514.848951706,0,22,15,22,15,true,0,true,false,false,false,false,"COOLDOWN",false
"B-G1.040-C3",7961,924,630.4062665374,0,24,17,24,17,true,0,true,false,false,false,false,"COOLDOWN",false
"B-G1.040-C3",7961,1104,741.804352439,0,26,19,26,19,true,0,true,true,false,false,false,"",true
"B-G1.040-C3",7961,1284,851.004352439,1,26,19,26,19,false,0,true,true,false,false,false,"EQ",false
"B-G1.040-C3",7961,1464,961.7207279353,1,32,24,32,24,false,0,true,true,false,false,false,"EQ",false
"B-G1.040-C3",7961,1644,1068.1844960512,1,34,27,34,27,false,0,true,true,false,false,false,"EQ",false
"B-G1.040-C3",7961,1824,1176.1836107314,1,38,30,38,30,true,0,true,true,false,false,false,"",true
"B-G1.040-C3",7961,2004,1303.0836107314,1,38,30,38,30,true,0,true,false,false,false,false,"COOLDOWN",false
"B-G1.040-C3",7961,2184,1415.1794058196,1,41,33,41,33,true,0,true,false,false,false,false,"COOLDOWN",false
"B-G1.040-C3",7961,2364,1525.3869308433,1,47,39,47,39,true,0,true,true,false,false,false,"",true
"B-G1.040-C3",7961,2544,1632.7388220963,2,47,39,47,39,false,0,true,true,false,false,false,"EQ",false
"B-G1.040-C3",7961,2724,1745.0179376916,2,58,50,58,50,false,0,true,true,false,false,false,"EQ",false
"B-G1.040-C3",7961,2904,1848.3857537835,2,69,61,69,61,true,0,true,true,false,false,false,"",true
"B-G1.040-C3",7961,3084,1975.2857537835,2,69,61,69,61,true,1,true,false,false,false,false,"COOLDOWN",false
"B-G1.040-C3",7961,3264,2087.3128371168,2,74,67,74,67,true,0,true,false,false,false,false,"COOLDOWN",false
"B-G1.040-C3",7961,3444,2194.4149148441,2,77,70,77,70,true,0,true,true,false,false,false,"",true
"B-G1.040-C3",7961,3624,2321.3149148441,2,77,70,77,70,true,2,false,false,false,false,false,"OVERDUE|COOLDOWN",false
"B-G1.040-C3",7961,3804,2427.7292605491,2,80,73,80,73,true,0,true,false,false,false,false,"COOLDOWN",false
"B-G1.040-C3",7961,3984,2530.657188477,2,84,77,84,77,true,0,true,true,false,false,false,"",true
"B-G1.040-C3",7961,4164,2636.5403842621,3,84,78,84,78,false,0,true,true,false,false,false,"EQ",false
"B-G1.040-C3",7961,4344,2744.57205018,3,92,86,92,86,false,0,true,true,false,false,false,"EQ",false
"B-G1.040-C3",7961,4524,2847.2774765366,3,96,89,96,89,false,0,true,true,false,false,false,"EQ",false
"B-G1.040-C3",7961,4704,2958.771920981,3,99,93,99,93,false,0,true,true,false,false,false,"EQ",false
"B-G1.040-C3",7961,4884,3061.38786301,3,101,95,101,95,false,0,true,true,false,false,false,"EQ",false
"B-G1.040-C3",7961,5064,3166.1235851831,3,103,97,103,97,false,0,true,true,false,false,false,"EQ",false
"B-G1.040-C3",7961,5244,3275.6849748192,3,106,99,106,99,false,0,true,true,false,false,false,"EQ",false
"B-G1.040-C3",7961,5424,3380.9886386888,3,108,102,108,102,false,0,true,true,false,false,false,"EQ",false
"B-G1.040-C3",7961,5604,3486.843557283,3,110,104,110,104,true,0,true,true,false,false,false,"",true
"B-G1.040-C3",15880,24,24,0,14,6,14,6,false,0,true,true,false,false,false,"EQ",false
"B-G1.040-C3",15880,204,148.1106753817,0,17,10,17,10,false,0,true,true,false,false,false,"EQ",false
"B-G1.040-C3",15880,384,267.7976979667,0,20,12,20,12,true,0,true,true,false,false,false,"",true
"B-G1.040-C3",15880,564,394.6976979667,0,20,12,20,12,true,4,false,false,false,false,false,"OVERDUE|COOLDOWN",false
"B-G1.040-C3",15880,744,510.2077394064,0,22,15,22,15,true,0,true,false,false,false,false,"COOLDOWN",false
"B-G1.040-C3",15880,924,623.2106282249,0,24,17,24,17,true,0,true,true,false,false,false,"",true
"B-G1.040-C3",15880,1104,745.8142179685,0,24,17,24,17,true,0,true,false,false,false,false,"COOLDOWN",false
"B-G1.040-C3",15880,1284,865.9558215846,0,26,19,26,19,true,0,true,false,false,false,false,"COOLDOWN",false
"B-G1.040-C3",15880,1464,982.3496812337,0,30,23,30,23,true,0,true,true,false,false,false,"",true
"B-G1.040-C3",15880,1644,1089.583014567,1,31,23,31,23,false,0,true,true,false,false,false,"EQ",false
"B-G1.040-C3",15880,1824,1201.9898361508,1,34,27,34,27,false,0,true,true,false,false,false,"EQ",false
"B-G1.040-C3",15880,2004,1307.3921350014,1,41,33,41,33,true,0,true,true,false,false,false,"",true
"B-G1.040-C3",15880,2184,1421.9802062097,1,41,33,41,33,true,2,true,false,false,false,false,"COOLDOWN",false
"B-G1.040-C3",15880,2364,1526.5913173208,1,47,39,47,39,true,0,true,false,false,false,false,"COOLDOWN",false
"B-G1.040-C3",15880,2544,1635.0900356365,1,51,43,51,43,true,0,true,true,false,false,false,"",true
"B-G1.040-C3",15880,2724,1739.3733689698,2,51,44,51,44,false,0,true,true,false,false,false,"EQ",false
"B-G1.040-C3",15880,2904,1849.7529215275,2,63,55,63,55,false,0,true,true,false,false,false,"EQ",false
"B-G1.040-C3",15880,3084,1976.6529215275,2,68,61,68,61,true,0,true,true,false,false,false,"",true
"B-G1.040-C3",15880,3264,2103.5529215275,2,68,61,68,61,true,0,true,false,false,false,false,"COOLDOWN",false
"B-G1.040-C3",15880,3444,2208.5308001117,2,73,66,73,66,true,0,true,false,false,false,false,"COOLDOWN",false
"B-G1.040-C3",15880,3624,2311.5994275627,2,77,71,77,71,true,0,true,true,false,false,false,"",true
"B-G1.040-C3",15880,3804,2419.8273623731,2,77,71,77,71,true,1,true,false,false,false,false,"COOLDOWN",false
"B-G1.040-C3",15880,3984,2524.3909476125,2,81,74,81,74,true,0,true,false,false,false,false,"COOLDOWN",false
"B-G1.040-C3",15880,4164,2634.4216589421,2,86,79,86,79,true,0,true,true,false,false,false,"",true
"B-G1.040-C3",15880,4344,2737.7933447846,3,86,80,86,80,false,0,true,true,false,false,false,"EQ",false
"B-G1.040-C3",15880,4524,2844.7730859542,3,94,88,94,88,false,0,true,true,false,false,false,"EQ",false
"B-G1.040-C3",15880,4704,2957.6367836048,3,97,91,97,91,false,0,true,true,false,false,false,"EQ",false
"B-G1.040-C3",15880,4884,3062.518957798,3,101,94,101,94,false,0,true,true,false,false,false,"EQ",false
"B-G1.040-C3",15880,5064,3168.8783903609,3,103,97,103,97,false,0,true,true,false,false,false,"EQ",false
"B-G1.040-C3",15880,5244,3271.4408903609,3,106,99,106,99,false,0,true,true,false,false,false,"EQ",false
"B-G1.040-C3",15880,5424,3380.6794894125,3,108,102,108,102,false,0,true,true,false,false,false,"EQ",false
"B-G1.040-C3",15880,5604,3485.5848796173,3,110,103,110,103,true,0,true,true,false,false,false,"",true
"B-G1.040-C3",23799,24,24,0,14,7,14,7,false,0,true,true,false,false,false,"EQ",false
"B-G1.040-C3",23799,204,150.9,0,17,9,17,9,false,0,true,true,false,false,false,"EQ",false
"B-G1.040-C3",23799,384,273.3899875836,0,19,11,19,11,false,0,true,true,false,false,false,"EQ",false
"B-G1.040-C3",23799,564,393.4066542503,0,24,16,24,16,true,0,true,true,false,false,false,"",true
"B-G1.040-C3",23799,744,508.5066542503,1,24,16,24,16,false,13,false,true,false,false,false,"EQ|OVERDUE",false
"B-G1.040-C3",23799,924,630.8646983534,1,27,19,27,19,false,0,true,true,false,false,false,"EQ",false
"B-G1.040-C3",23799,1104,757.7646983534,1,37,30,37,30,true,0,true,true,false,false,false,"",true
"B-G1.040-C3",23799,1284,880.3265833153,1,37,30,37,30,true,15,false,false,false,false,false,"OVERDUE|COOLDOWN",false
"B-G1.040-C3",23799,1464,985.7288821659,1,40,33,40,33,true,0,true,false,false,false,false,"COOLDOWN",false
"B-G1.040-C3",23799,1644,1090.4336440707,1,46,39,46,39,true,0,true,true,false,false,false,"",true
"B-G1.040-C3",23799,1824,1195.1384059755,2,46,39,46,39,false,0,true,true,false,false,false,"EQ",false
"B-G1.040-C3",23799,2004,1299.2812631183,2,53,45,53,45,false,0,true,true,false,false,false,"EQ",false
"B-G1.040-C3",23799,2184,1405.8813841844,2,62,55,62,55,false,0,true,true,false,false,false,"EQ",false
"B-G1.040-C3",23799,2364,1509.2492002763,2,69,62,69,62,true,0,true,true,false,false,false,"",true
"B-G1.040-C3",23799,2544,1636.1492002763,2,69,62,69,62,true,0,true,false,false,false,false,"COOLDOWN",false
"B-G1.040-C3",23799,2724,1742.9226247089,2,72,66,72,66,true,0,true,false,false,false,false,"COOLDOWN",false
"B-G1.040-C3",23799,2904,1854.8671520721,2,76,70,76,70,true,0,true,true,false,false,false,"",true
"B-G1.040-C3",23799,3084,1964.3792232949,2,76,70,76,70,true,0,true,false,false,false,false,"COOLDOWN",false
"B-G1.040-C3",23799,3264,2073.1968133103,2,80,74,80,74,true,0,true,false,false,false,false,"COOLDOWN",false
"B-G1.040-C3",23799,3444,2181.5937359069,2,84,77,84,77,true,0,true,true,false,false,false,"",true
"B-G1.040-C3",23799,3624,2284.5216638348,3,84,78,84,78,false,0,true,true,false,false,false,"EQ",false
"B-G1.040-C3",23799,3804,2398.8195416079,3,88,81,88,81,false,0,true,true,false,false,false,"EQ",false
"B-G1.040-C3",23799,3984,2501.557636846,3,93,87,93,87,false,0,true,true,false,false,false,"EQ",false
"B-G1.040-C3",23799,4164,2607.5428914943,3,98,91,98,91,false,0,true,true,false,false,false,"EQ",false
"B-G1.040-C3",23799,4344,2713.5106953771,3,102,96,102,96,false,0,true,true,false,false,false,"EQ",false
"B-G1.040-C3",23799,4524,2821.8941742832,3,106,99,106,99,false,0,true,true,false,false,false,"EQ",false
"B-G1.040-C3",23799,4704,2930.6961638374,3,109,103,109,103,false,0,true,true,false,false,false,"EQ",false
"B-G1.040-C3",23799,4884,3035.8308373201,3,111,105,111,105,true,0,true,true,false,false,false,"",true
"B-G1.040-C3",23799,5064,3162.7308373201,3,111,105,111,105,true,0,true,false,false,false,false,"COOLDOWN",false
"B-G1.040-C3",23799,5244,3265.198786038,3,113,107,113,107,true,0,true,false,false,false,false,"COOLDOWN",false
"B-G1.040-C3",23799,5424,3370.4776680256,3,115,109,115,109,true,0,true,true,false,false,false,"",true
"B-G1.040-C3",23799,5604,3497.3776680256,3,115,109,115,109,true,0,true,false,false,false,false,"COOLDOWN",false
"B-G1.040-C3",31718,24,24,0,14,7,14,7,false,0,true,true,false,false,false,"EQ",false
"B-G1.040-C3",31718,204,148.9333333333,0,17,9,17,9,false,0,true,true,false,false,false,"EQ",false
"B-G1.040-C3",31718,384,265.8519755557,0,20,12,20,12,true,0,true,true,false,false,false,"",true
"B-G1.040-C3",31718,564,392.7519755557,0,20,12,20,12,true,0,true,false,false,false,false,"COOLDOWN",false
"B-G1.040-C3",31718,744,509.8280366157,0,22,15,22,15,true,0,true,false,false,false,false,"COOLDOWN",false
"B-G1.040-C3",31718,924,624.0308271748,0,24,17,24,17,true,0,true,true,false,false,false,"",true
"B-G1.040-C3",31718,1104,746.6344169184,0,24,17,24,17,true,3,true,false,false,false,false,"COOLDOWN",false
"B-G1.040-C3",31718,1284,857.0680140657,0,29,22,29,22,true,0,true,false,false,false,false,"COOLDOWN",false
"B-G1.040-C3",31718,1464,967.3964402517,0,32,25,32,25,true,0,true,true,false,false,false,"",true
"B-G1.040-C3",31718,1644,1074.0934099486,1,33,26,33,26,false,0,true,true,false,false,false,"EQ",false
"B-G1.040-C3",31718,1824,1184.2495575627,1,37,30,37,30,true,0,true,true,false,false,false,"",true
"B-G1.040-C3",31718,2004,1306.9929809862,1,37,30,37,30,true,0,true,false,false,false,false,"COOLDOWN",false
"B-G1.040-C3",31718,2184,1416.2283733001,1,44,36,44,36,true,0,true,false,false,false,false,"COOLDOWN",false
"B-G1.040-C3",31718,2364,1524.5196810157,1,50,43,50,43,true,0,true,true,false,false,false,"",true
"B-G1.040-C3",31718,2544,1628.803014349,2,51,43,51,43,false,0,true,true,false,false,false,"EQ",false
"B-G1.040-C3",31718,2724,1735.4948111057,2,59,52,59,52,false,0,true,true,false,false,false,"EQ",false
"B-G1.040-C3",31718,2904,1844.298704064,2,65,57,65,57,true,0,true,true,false,false,false,"",true
"B-G1.040-C3",31718,3084,1971.198704064,2,65,57,65,57,true,1,true,false,false,false,false,"COOLDOWN",false
"B-G1.040-C3",31718,3264,2076.2646396222,2,71,64,71,64,true,0,true,false,false,false,false,"COOLDOWN",false
"B-G1.040-C3",31718,3444,2181.4069863363,2,76,70,76,70,true,0,true,true,false,false,false,"",true
"B-G1.040-C3",31718,3624,2290.9190575591,2,76,70,76,70,true,2,false,false,false,false,false,"OVERDUE|COOLDOWN",false
"B-G1.040-C3",31718,3804,2396.6555775683,2,80,73,80,73,true,0,true,false,false,false,false,"COOLDOWN",false
"B-G1.040-C3",31718,3984,2505.6287042673,2,85,79,85,79,true,0,true,true,false,false,false,"",true
"B-G1.040-C3",31718,4164,2609.0216049332,3,85,79,85,79,false,1,false,true,false,false,false,"EQ|OVERDUE",false
"B-G1.040-C3",31718,4344,2711.7597001713,3,93,87,93,87,false,0,true,true,false,false,false,"EQ",false
"B-G1.040-C3",31718,4524,2818.5705019203,3,96,90,96,90,false,0,true,true,false,false,false,"EQ",false
"B-G1.040-C3",31718,4704,2923.2166346949,3,98,92,98,92,false,0,true,true,false,false,false,"EQ",false
"B-G1.040-C3",31718,4884,3025.8610791393,3,100,94,100,94,false,0,true,true,false,false,false,"EQ",false
"B-G1.040-C3",31718,5064,3152.7610791393,3,102,96,102,96,false,0,true,true,false,false,false,"EQ",false
"B-G1.040-C3",31718,5244,3261.1454048546,3,104,98,104,98,false,0,true,true,false,false,false,"EQ",false
"B-G1.040-C3",31718,5424,3363.6828198206,3,108,102,108,102,false,0,true,true,false,false,false,"EQ",false
"B-G1.040-C3",31718,5604,3468.9831300777,3,110,104,110,104,true,0,true,true,false,false,false,"",true
"B-G1.040-C3",31718,5784,3595.8831300777,3,110,104,110,104,true,0,true,false,false,false,false,"COOLDOWN",false
"B-G1.040-C3",39637,24,24,0,14,7,14,7,false,0,true,true,false,false,false,"EQ",false
"B-G1.040-C3",39637,384,263.6729621525,0,20,13,20,13,true,0,true,true,false,false,false,"",true
"B-G1.040-C3",39637,564,390.5729621525,0,20,13,20,13,true,0,true,false,false,false,false,"COOLDOWN",false
"B-G1.040-C3",39637,744,506.6406824294,0,23,16,23,16,true,0,true,false,false,false,false,"COOLDOWN",false
"B-G1.040-C3",39637,924,615.3490157627,0,27,20,27,20,true,0,true,true,false,false,false,"",true
"B-G1.040-C3",39637,1104,724.6036453923,1,27,20,27,20,false,8,false,true,false,false,false,"EQ|OVERDUE",false
"B-G1.040-C3",39637,1284,836.97934704,1,32,25,32,25,false,0,true,true,false,false,false,"EQ",false
"B-G1.040-C3",39637,1464,942.2460137067,1,41,34,41,34,true,0,true,true,false,false,false,"",true
"B-G1.040-C3",39637,1644,1056.6984527311,1,41,34,41,34,true,0,true,false,false,false,false,"COOLDOWN",false
"B-G1.040-C3",39637,1824,1163.7457023533,1,45,38,45,38,true,0,true,false,false,false,false,"COOLDOWN",false
"B-G1.040-C3",39637,2004,1270.3486486148,1,51,43,51,43,true,0,true,true,false,false,false,"",true
"B-G1.040-C3",39637,2184,1376.8562862481,2,51,44,51,44,false,0,true,true,false,false,false,"EQ",false
"B-G1.040-C3",39637,2364,1483.7503864667,2,61,53,61,53,false,0,true,true,false,false,false,"EQ",false
"B-G1.040-C3",39637,2544,1589.1587012354,2,66,59,66,59,true,0,true,true,false,false,false,"",true
"B-G1.040-C3",39637,2724,1716.0587012354,2,66,59,66,59,true,0,true,false,false,false,false,"COOLDOWN",false
"B-G1.040-C3",39637,2904,1820.9825161953,2,73,67,73,67,true,0,true,false,false,false,false,"COOLDOWN",false
"B-G1.040-C3",39637,3084,1928.2995883597,2,79,72,79,72,true,0,true,true,false,false,false,"",true
"B-G1.040-C3",39637,3264,2037.0314632451,2,79,72,79,72,true,1,true,false,false,false,false,"COOLDOWN",false
"B-G1.040-C3",39637,3444,2144.9888149617,2,85,78,85,78,true,0,true,false,false,false,false,"COOLDOWN",false
"B-G1.040-C3",39637,3624,2251.0133839385,2,86,80,86,80,true,0,true,true,false,false,false,"",true
"B-G1.040-C3",39637,3804,2357.2911227888,3,86,80,86,80,false,0,true,true,false,false,false,"EQ",false
"B-G1.040-C3",39637,3984,2461.8677637959,3,91,85,91,85,false,0,true,true,false,false,false,"EQ",false
"B-G1.040-C3",39637,4164,2567.7012808117,3,94,87,94,87,false,0,true,true,false,false,false,"EQ",false
"B-G1.040-C3",39637,4344,2674.5849755558,3,98,92,98,92,false,0,true,true,false,false,false,"EQ",false
"B-G1.040-C3",39637,4524,2786.0509175848,3,102,95,102,95,false,0,true,true,false,false,false,"EQ",false
"B-G1.040-C3",39637,4704,2891.0194074379,3,103,97,103,97,false,0,true,true,false,false,false,"EQ",false
"B-G1.040-C3",39637,4884,2995.8851602316,3,106,100,106,100,false,0,true,true,false,false,false,"EQ",false
"B-G1.040-C3",39637,5064,3101.4724845517,3,108,102,108,102,false,0,true,true,false,false,false,"EQ",false
"B-G1.040-C3",39637,5244,3203.985817885,3,109,103,109,103,false,0,true,true,false,false,false,"EQ",false
"B-G1.040-C3",39637,5424,3319.1967947941,3,111,104,111,104,true,0,true,true,false,false,false,"",true
"B-G1.040-C3",39637,5604,3446.0967947941,3,111,104,111,104,true,1,false,false,false,false,false,"OVERDUE|COOLDOWN",false
"B-G1.040-C3",39637,5784,3557.4257591954,3,113,106,113,106,true,0,true,false,false,false,false,"COOLDOWN",false
"B-G1.040-C3",47556,24,24,0,14,6,14,6,false,0,true,true,false,false,false,"EQ",false
"B-G1.040-C3",47556,204,145,0,18,11,18,11,false,0,true,true,false,false,false,"EQ",false
"B-G1.040-C3",47556,384,260.2175317461,0,21,14,21,14,true,0,true,true,false,false,false,"",true
"B-G1.040-C3",47556,564,387.1175317461,0,21,14,21,14,true,0,true,false,false,false,false,"COOLDOWN",false
"B-G1.040-C3",47556,744,501.053205706,0,23,16,23,16,true,0,true,false,false,false,false,"COOLDOWN",false
"B-G1.040-C3",47556,924,609.7615390393,0,27,20,27,20,true,0,true,true,false,false,false,"",true
"B-G1.040-C3",47556,1104,720.174316817,1,27,20,27,20,false,2,true,true,false,false,false,"EQ",false
"B-G1.040-C3",47556,1284,831.2107503793,1,30,23,30,23,false,0,true,true,false,false,false,"EQ",false
"B-G1.040-C3",47556,1464,938.1631313317,1,32,25,32,25,false,0,true,true,false,false,false,"EQ",false
"B-G1.040-C3",47556,1644,1043.8668350354,1,39,31,39,31,true,0,true,true,false,false,false,"",true
"B-G1.040-C3",47556,1824,1161.2964105339,1,39,31,39,31,true,8,false,false,false,false,false,"OVERDUE|COOLDOWN",false
"B-G1.040-C3",47556,2004,1268.6584604851,1,45,38,45,38,true,0,true,false,false,false,false,"COOLDOWN",false
"B-G1.040-C3",47556,2184,1377.678945552,1,51,44,51,44,true,0,true,true,false,false,false,"",true
"B-G1.040-C3",47556,2364,1481.9622788853,2,51,44,51,44,false,0,true,true,false,false,false,"EQ",false
"B-G1.040-C3",47556,2544,1587.6684746867,2,63,55,63,55,false,0,true,true,false,false,false,"EQ",false
"B-G1.040-C3",47556,2724,1691.1472625655,2,67,59,67,59,true,0,true,true,false,false,false,"",true
"B-G1.040-C3",47556,2904,1818.0472625655,2,67,59,67,59,true,0,true,false,false,false,false,"COOLDOWN",false
"B-G1.040-C3",47556,3084,1930.1036117719,2,73,66,73,66,true,0,true,false,false,false,false,"COOLDOWN",false
"B-G1.040-C3",47556,3264,2045.9923774119,2,75,69,75,69,true,0,true,true,false,false,false,"",true
"B-G1.040-C3",47556,3444,2172.8923774119,2,75,69,75,69,true,1,true,false,false,false,false,"COOLDOWN",false
"B-G1.040-C3",47556,3624,2280.2267201702,2,79,72,79,72,true,0,true,false,false,false,false,"COOLDOWN",false
"B-G1.040-C3",47556,3804,2386.1059431778,2,82,75,82,75,true,0,true,true,false,false,false,"",true
"B-G1.040-C3",47556,3984,2489.0781654001,3,82,75,82,75,false,0,true,true,false,false,false,"EQ",false
"B-G1.040-C3",47556,4164,2603.0140198818,3,86,80,86,80,false,0,true,true,false,false,false,"EQ",false
"B-G1.040-C3",47556,4344,2712.4163700437,3,89,83,89,83,false,0,true,true,false,false,false,"EQ",false
"B-G1.040-C3",47556,4524,2815.1379386712,3,95,88,95,88,false,0,true,true,false,false,false,"EQ",false
"B-G1.040-C3",47556,4704,2919.8074020876,3,98,91,98,91,false,0,true,true,false,false,false,"EQ",false
"B-G1.040-C3",47556,4884,3026.6727158746,3,101,94,101,94,false,0,true,true,false,false,false,"EQ",false
"B-G1.040-C3",47556,5064,3131.5741042647,3,103,97,103,97,false,0,true,true,false,false,false,"EQ",false
"B-G1.040-C3",47556,5244,3234.1239324434,3,106,100,106,100,false,0,true,true,false,false,false,"EQ",false
"B-G1.040-C3",47556,5424,3340.6054016142,3,108,102,108,102,false,0,true,true,false,false,false,"EQ",false
"B-G1.040-C3",47556,5604,3455.0738322884,3,111,104,111,104,true,0,true,true,false,false,false,"",true
"B-G1.040-C3",47556,5784,3581.9738322884,3,111,104,111,104,true,0,true,false,false,false,false,"COOLDOWN",false
"B-G1.040-C3",55475,24,24,0,14,6,14,6,false,0,true,true,false,false,false,"EQ",false
"B-G1.040-C3",55475,204,148.9333333333,0,16,9,16,9,false,0,true,true,false,false,false,"EQ",false
"B-G1.040-C3",55475,384,270.5749299919,0,19,12,19,12,false,0,true,true,false,false,false,"EQ",false
"B-G1.040-C3",55475,564,387.7431462574,0,21,14,21,14,true,0,true,true,false,false,false,"",true
"B-G1.040-C3",55475,744,514.6431462574,0,21,14,21,14,true,0,true,false,false,false,false,"COOLDOWN",false
"B-G1.040-C3",55475,924,629.108963122,0,23,16,23,16,true,0,true,false,false,false,false,"COOLDOWN",false
"B-G1.040-C3",55475,1104,740.5487779368,0,28,20,28,20,true,0,true,true,false,false,false,"",true
"B-G1.040-C3",55475,1284,849.3104922225,1,28,21,28,21,false,6,false,true,false,false,false,"EQ|OVERDUE",false
"B-G1.040-C3",55475,1464,955.5604922225,1,35,28,35,28,true,0,true,true,false,false,false,"",true
"B-G1.040-C3",55475,1644,1082.6571588892,1,35,28,35,28,true,8,false,false,false,false,false,"OVERDUE|COOLDOWN",false
"B-G1.040-C3",55475,1824,1195.5332933407,1,38,31,38,31,true,0,true,false,false,false,false,"COOLDOWN",false
"B-G1.040-C3",55475,2004,1306.2848600755,1,46,38,46,38,true,0,true,true,false,false,false,"",true
"B-G1.040-C3",55475,2184,1414.3218393715,2,46,39,46,39,false,0,true,true,false,false,false,"EQ",false
"B-G1.040-C3",55475,2364,1520.65777852,2,57,49,57,49,false,0,true,true,false,false,false,"EQ",false
"B-G1.040-C3",55475,2544,1627.4513527842,2,61,53,61,53,false,0,true,true,false,false,false,"EQ",false
"B-G1.040-C3",55475,2724,1734.3373144445,2,65,58,65,58,true,0,true,true,false,false,false,"",true
"B-G1.040-C3",55475,2904,1861.2373144445,2,65,58,65,58,true,0,true,false,false,false,false,"COOLDOWN",false
"B-G1.040-C3",55475,3084,1967.3094970203,2,70,63,70,63,true,0,true,false,false,false,false,"COOLDOWN",false
"B-G1.040-C3",55475,3264,2072.2040461071,2,74,68,74,68,true,0,true,true,false,false,false,"",true
"B-G1.040-C3",55475,3444,2199.1040461071,2,74,68,74,68,true,1,true,false,false,false,false,"COOLDOWN",false
"B-G1.040-C3",55475,3624,2302.147524368,2,79,72,79,72,true,0,true,false,false,false,false,"COOLDOWN",false
"B-G1.040-C3",55475,3804,2408.0725332871,2,81,74,81,74,true,0,true,true,false,false,false,"",true
"B-G1.040-C3",55475,3984,2512.0358754884,3,81,74,81,74,false,1,false,true,false,false,false,"EQ|OVERDUE",false
"B-G1.040-C3",55475,4164,2618.7333055077,3,88,82,88,82,false,0,true,true,false,false,false,"EQ",false
"B-G1.040-C3",55475,4344,2724.946646964,3,95,88,95,88,false,0,true,true,false,false,false,"EQ",false
"B-G1.040-C3",55475,4524,2833.971290519,3,102,95,102,95,false,0,true,true,false,false,false,"EQ",false
"B-G1.040-C3",55475,4704,2942.259275874,3,105,99,105,99,false,0,true,true,false,false,false,"EQ",false
"B-G1.040-C3",55475,4884,3054.9696637861,3,108,102,108,102,false,0,true,true,false,false,false,"EQ",false
"B-G1.040-C3",55475,5064,3161.0265023426,3,111,105,111,105,true,0,true,true,false,false,false,"",true
"B-G1.040-C3",55475,5244,3295.7756284688,3,111,105,111,105,true,6,false,false,false,false,false,"OVERDUE|COOLDOWN",false
"B-G1.040-C3",55475,5424,3405.7891383841,3,115,108,115,108,true,0,true,false,false,false,false,"COOLDOWN",false
"B-G1.040-C3",55475,5604,3515.7300611504,3,118,111,118,111,true,0,true,true,false,false,false,"",true
"B-G1.040-C3",63394,24,24,0,14,6,14,6,false,0,true,true,false,false,false,"EQ",false
"B-G1.040-C3",63394,204,150.8999999998,0,18,11,18,11,false,0,true,true,false,false,false,"EQ",false
"B-G1.040-C3",63394,384,268.019339385,0,20,13,20,13,true,0,true,true,false,false,false,"",true
"B-G1.040-C3",63394,564,394.919339385,0,20,13,20,13,true,1,true,false,false,false,false,"COOLDOWN",false
"B-G1.040-C3",63394,744,505.3295957953,0,25,18,25,18,true,0,true,false,false,false,false,"COOLDOWN",false
"B-G1.040-C3",63394,924,614.5295957953,0,27,20,27,20,true,0,true,true,false,false,false,"",true
"B-G1.040-C3",63394,1104,725.4340402397,1,27,20,27,20,false,1,true,true,false,false,false,"EQ",false
"B-G1.040-C3",63394,1284,843.7314461975,1,31,23,31,23,false,0,true,true,false,false,false,"EQ",false
"B-G1.040-C3",63394,1464,956.2609855753,1,35,28,35,28,true,0,true,true,false,false,false,"",true
"B-G1.040-C3",63394,1644,1089.375652242,1,35,28,35,28,true,1,true,false,false,false,false,"COOLDOWN",false
"B-G1.040-C3",63394,1824,1206.3516717202,1,39,31,39,31,true,0,true,false,false,false,false,"COOLDOWN",false
"B-G1.040-C3",63394,2004,1315.6503091858,1,42,35,42,35,true,0,true,true,false,false,false,"",true
"B-G1.040-C3",63394,2184,1428.4404274653,1,42,35,42,35,true,1,true,false,false,false,false,"COOLDOWN",false
"B-G1.040-C3",63394,2364,1533.2443490339,1,45,38,45,38,true,0,true,false,false,false,false,"COOLDOWN",false
"B-G1.040-C3",63394,2544,1641.6294994413,1,50,42,50,42,true,0,true,true,false,false,false,"",true
"B-G1.040-C3",63394,2724,1745.9884738003,2,50,42,50,42,false,0,true,true,false,false,false,"EQ",false
"B-G1.040-C3",63394,2904,1852.3795781132,2,57,50,57,50,false,0,true,true,false,false,false,"EQ",false
"B-G1.040-C3",63394,3084,1969.021377549,2,61,54,61,54,false,0,true,true,false,false,false,"EQ",false
"B-G1.040-C3",63394,3264,2072.4618537395,2,67,60,67,60,true,0,true,true,false,false,false,"",true
"B-G1.040-C3",63394,3444,2199.3618537395,2,67,60,67,60,true,0,true,false,false,false,false,"COOLDOWN",false
"B-G1.040-C3",63394,3624,2306.523216804,2,73,66,73,66,true,0,true,false,false,false,false,"COOLDOWN",false
"B-G1.040-C3",63394,3804,2417.3285883388,2,76,70,76,70,true,0,true,true,false,false,false,"",true
"B-G1.040-C3",63394,3984,2526.8406595616,2,76,70,76,70,true,0,true,false,false,false,false,"COOLDOWN",false
"B-G1.040-C3",63394,4164,2634.6005021329,2,80,74,80,74,true,0,true,false,false,false,false,"COOLDOWN",false
"B-G1.040-C3",63394,4344,2749.9521191389,2,83,76,83,76,true,0,true,true,false,false,false,"",true
"B-G1.040-C3",63394,4524,2852.9018908284,3,83,76,83,76,false,0,true,true,false,false,false,"EQ",false
"B-G1.040-C3",63394,4704,2964.6176916942,3,87,80,87,80,false,0,true,true,false,false,false,"EQ",false
"B-G1.040-C3",63394,4884,3072.262453646,3,91,85,91,85,false,0,true,true,false,false,false,"EQ",false
"B-G1.040-C3",63394,5064,3175.0005488841,3,94,87,94,87,false,0,true,true,false,false,false,"EQ",false
"B-G1.040-C3",63394,5244,3280.6881315758,3,96,90,96,90,false,0,true,true,false,false,false,"EQ",false
"B-G1.040-C3",63394,5424,3389.4191468872,3,99,92,99,92,false,0,true,true,false,false,false,"EQ",false
"B-G1.040-C3",63394,5604,3494.290063507,3,102,96,102,96,false,0,true,true,false,false,false,"EQ",false
"B-G1.040-C3",63394,5784,3596.8655021035,3,105,98,105,98,false,0,true,true,false,false,false,"EQ",false
"B-G1.040-C3",71313,24,24,0,14,7,14,7,false,0,true,true,false,false,false,"EQ",false
"B-G1.040-C3",71313,204,148.9333333333,0,16,9,16,9,false,0,true,true,false,false,false,"EQ",false
"B-G1.040-C3",71313,384,267.4221501462,0,19,12,19,12,false,0,true,true,false,false,false,"EQ",false
"B-G1.040-C3",71313,564,383.8114278308,0,22,14,22,14,true,0,true,true,false,false,false,"",true
"B-G1.040-C3",71313,744,510.7114278308,0,22,14,22,14,true,1,true,false,false,false,false,"COOLDOWN",false
"B-G1.040-C3",71313,924,623.730213199,0,26,19,26,19,true,0,true,false,false,false,false,"COOLDOWN",false
"B-G1.040-C3",71313,1104,732.4385465323,0,28,21,28,21,true,0,true,true,false,false,false,"",true
"B-G1.040-C3",71313,1284,840.8341978323,1,28,21,28,21,false,0,true,true,false,false,false,"EQ",false
"B-G1.040-C3",71313,1464,947.2979659482,1,34,27,34,27,false,0,true,true,false,false,false,"EQ",false
"B-G1.040-C3",71313,1644,1064.8093988999,1,38,30,38,30,true,0,true,true,false,false,false,"",true
"B-G1.040-C3",71313,1824,1184.5513692103,1,38,30,38,30,true,1,true,false,false,false,false,"COOLDOWN",false
"B-G1.040-C3",71313,2004,1294.2750368695,1,42,35,42,35,true,0,true,false,false,false,false,"COOLDOWN",false
"B-G1.040-C3",71313,2184,1401.860942141,1,46,39,46,39,true,0,true,true,false,false,false,"",true
"B-G1.040-C3",71313,2364,1506.5657040458,2,47,39,47,39,false,0,true,true,false,false,false,"EQ",false
"B-G1.040-C3",71313,2544,1610.7770861596,2,52,45,52,45,false,0,true,true,false,false,false,"EQ",false
"B-G1.040-C3",71313,2724,1717.0212770423,2,61,54,61,54,false,0,true,true,false,false,false,"EQ",false
"B-G1.040-C3",71313,2904,1826.4515248138,2,67,60,67,60,true,0,true,true,false,false,false,"",true
"B-G1.040-C3",71313,3084,1953.3515248138,2,67,60,67,60,true,0,true,false,false,false,false,"COOLDOWN",false
"B-G1.040-C3",71313,3264,2058.2484077784,2,74,67,74,67,true,0,true,false,false,false,false,"COOLDOWN",false
"B-G1.040-C3",71313,3444,2165.2516489037,2,77,70,77,70,true,0,true,true,false,false,false,"",true
"B-G1.040-C3",71313,3624,2278.2254836262,2,77,70,77,70,true,0,true,false,false,false,false,"COOLDOWN",false
"B-G1.040-C3",71313,3804,2381.2207887905,2,81,75,81,75,true,0,true,false,false,false,false,"COOLDOWN",false
"B-G1.040-C3",71313,3984,2487.7097688811,2,84,78,84,78,true,0,true,true,false,false,false,"",true
"B-G1.040-C3",71313,4164,2593.3821587897,3,84,78,84,78,false,0,true,true,false,false,false,"EQ",false
"B-G1.040-C3",71313,4344,2699.9425543189,3,91,85,91,85,false,0,true,true,false,false,false,"EQ",false
"B-G1.040-C3",71313,4524,2804.5832105428,3,95,88,95,88,false,0,true,true,false,false,false,"EQ",false
"B-G1.040-C3",71313,4704,2914.7697878459,3,100,93,100,93,false,0,true,true,false,false,false,"EQ",false
"B-G1.040-C3",71313,4884,3021.1514838835,3,104,98,104,98,false,0,true,true,false,false,false,"EQ",false
"B-G1.040-C3",71313,5064,3128.4983583217,3,108,101,108,101,false,0,true,true,false,false,false,"EQ",false
"B-G1.040-C3",71313,5244,3241.9602781732,3,109,103,109,103,false,0,true,true,false,false,false,"EQ",false
"B-G1.040-C3",71313,5424,3353.3236115065,3,110,103,110,103,true,0,true,true,false,false,false,"",true
"B-G1.040-C3",71313,5604,3480.2236115065,3,110,103,110,103,true,1,false,false,false,false,false,"OVERDUE|COOLDOWN",false
"B-G1.040-C3",71313,5784,3588.157829371,3,111,105,111,105,true,0,true,false,false,false,false,"COOLDOWN",false
"B-G1.042-C2",42,24,24,0,14,7,14,7,false,0,true,true,false,false,false,"EQ",false
"B-G1.042-C2",42,204,148.9333333333,0,16,9,16,9,false,0,true,true,false,false,false,"EQ",false
"B-G1.042-C2",42,384,267.6433397661,0,19,12,19,12,false,0,true,true,false,false,false,"EQ",false
"B-G1.042-C2",42,564,383.7942246107,0,21,14,21,14,true,0,true,true,false,false,false,"",true
"B-G1.042-C2",42,744,510.6942246107,0,21,14,21,14,true,0,true,false,false,false,false,"COOLDOWN",false
"B-G1.042-C2",42,924,621.0433286666,0,26,19,26,19,true,0,true,true,false,false,false,"",true
"B-G1.042-C2",42,1104,731.2742077874,1,26,19,26,19,false,20,false,true,false,false,false,"EQ|OVERDUE",false
"B-G1.042-C2",42,1284,846.7313801585,1,29,22,29,22,false,0,true,true,false,false,false,"EQ",false
"B-G1.042-C2",42,1464,955.8617511939,1,31,24,31,24,false,0,true,true,false,false,false,"EQ",false
"B-G1.042-C2",42,1644,1061.4093702415,1,39,31,39,31,true,0,true,true,false,false,false,"",true
"B-G1.042-C2",42,1824,1178.151861084,1,39,31,39,31,true,0,true,false,false,false,false,"COOLDOWN",false
"B-G1.042-C2",42,2004,1291.7066229888,1,45,38,45,38,true,0,true,true,false,false,false,"",true
"B-G1.042-C2",42,2184,1397.0013848936,2,45,38,45,38,false,1,true,true,false,false,false,"EQ",false
"B-G1.042-C2",42,2364,1503.3928680193,2,57,50,57,50,false,0,true,true,false,false,false,"EQ",false
"B-G1.042-C2",42,2544,1607.0399268429,2,61,54,61,54,false,0,true,true,false,false,false,"EQ",false
"B-G1.042-C2",42,2724,1713.1348652301,2,69,61,69,61,true,0,true,true,false,false,false,"",true
"B-G1.042-C2",42,2904,1832.7490581336,2,69,61,69,61,true,7,false,false,false,false,false,"OVERDUE|COOLDOWN",false
"B-G1.042-C2",42,3084,1939.8782798804,2,72,65,72,65,true,0,true,true,false,false,false,"",true
"B-G1.042-C2",42,3264,2054.9148390202,2,72,65,72,65,true,1,true,false,false,false,false,"COOLDOWN",false
"B-G1.042-C2",42,3444,2158.0093663834,2,77,70,77,70,true,0,true,true,false,false,false,"",true
"B-G1.042-C2",42,3624,2270.9832011059,2,77,70,77,70,true,2,false,false,false,false,false,"OVERDUE|COOLDOWN",false
"B-G1.042-C2",42,3804,2378.3331774069,2,81,75,81,75,true,0,true,true,false,false,false,"",true
"B-G1.042-C2",42,3984,2505.2331774069,2,81,75,81,75,true,0,true,false,false,false,false,"COOLDOWN",false
"B-G1.042-C2",42,4164,2612.4833008583,2,84,77,84,77,true,0,true,true,false,false,false,"",true
"B-G1.042-C2",42,4344,2715.5304437155,3,84,77,84,77,false,0,true,true,false,false,false,"EQ",false
"B-G1.042-C2",42,4524,2818.3205671723,3,91,84,91,84,false,0,true,true,false,false,false,"EQ",false
"B-G1.042-C2",42,4704,2924.8944242423,3,96,90,96,90,false,0,true,true,false,false,false,"EQ",false
"B-G1.042-C2",42,4884,3031.0853258672,3,98,92,98,92,false,0,true,true,false,false,false,"EQ",false
"B-G1.042-C2",42,5064,3141.9798169315,3,102,95,102,95,false,0,true,true,false,false,false,"EQ",false
"B-G1.042-C2",42,5244,3244.5684694138,3,104,97,104,97,false,0,true,true,false,false,false,"EQ",false
"B-G1.042-C2",42,5424,3358.5659944626,3,106,99,106,99,false,0,true,true,false,false,false,"EQ",false
"B-G1.042-C2",42,5604,3464.0958766175,3,109,102,109,102,false,0,true,true,false,false,false,"EQ",false
"B-G1.042-C2",42,5784,3569.5094961193,3,111,105,111,105,true,0,true,true,false,false,false,"",true
"B-G1.042-C2",7961,24,24,0,14,7,14,7,false,0,true,true,false,false,false,"EQ",false
"B-G1.042-C2",7961,204,145,0,16,9,16,9,false,0,true,true,false,false,false,"EQ",false
"B-G1.042-C2",7961,384,266.2459257517,0,19,12,19,12,false,0,true,true,false,false,false,"EQ",false
"B-G1.042-C2",7961,564,383.5598632481,0,21,13,21,13,true,0,true,true,false,false,false,"",true
"B-G1.042-C2",7961,744,510.4598632481,0,21,13,21,13,true,0,true,false,false,false,false,"COOLDOWN",false
"B-G1.042-C2",7961,924,625.672216934,0,23,16,23,16,true,0,true,true,false,false,false,"",true
"B-G1.042-C2",7961,1104,744.8765647601,0,23,16,23,16,true,0,true,false,false,false,false,"COOLDOWN",false
"B-G1.042-C2",7961,1284,853.5848980934,0,27,20,27,20,true,0,true,true,false,false,false,"",true
"B-G1.042-C2",7961,1464,963.0798980934,1,27,20,27,20,false,5,false,true,false,false,false,"EQ|OVERDUE",false
"B-G1.042-C2",7961,1644,1075.0342436193,1,34,27,34,27,false,0,true,true,false,false,false,"EQ",false
"B-G1.042-C2",7961,1824,1180.9060384911,1,36,29,36,29,true,0,true,true,false,false,false,"",true
"B-G1.042-C2",7961,2004,1307.8060384911,1,36,29,36,29,true,0,true,false,false,false,false,"COOLDOWN",false
"B-G1.042-C2",7961,2184,1413.2083373417,1,40,32,40,32,true,0,true,true,false,false,false,"",true
"B-G1.042-C2",7961,2364,1527.7949695256,1,40,32,40,32,true,0,true,false,false,false,false,"COOLDOWN",false
"B-G1.042-C2",7961,2544,1636.7890099338,1,43,35,43,35,true,0,true,true,false,false,false,"",true
"B-G1.042-C2",7961,2724,1743.5478277633,2,43,35,43,35,false,0,true,true,false,false,false,"EQ",false
"B-G1.042-C2",7961,2904,1847.6906849061,2,52,45,52,45,false,0,true,true,false,false,false,"EQ",false
"B-G1.042-C2",7961,3084,1953.8197293809,2,57,49,57,49,false,0,true,true,false,false,false,"EQ",false
"B-G1.042-C2",7961,3264,2060.1059817971,2,61,54,61,54,false,0,true,true,false,false,false,"EQ",false
"B-G1.042-C2",7961,3444,2176.5179180144,2,65,58,65,58,true,0,true,true,false,false,false,"",true
"B-G1.042-C2",7961,3624,2312.2875846811,2,65,58,65,58,true,0,true,false,false,false,false,"COOLDOWN",false
"B-G1.042-C2",7961,3804,2420.1726888661,2,69,62,69,62,true,0,true,true,false,false,false,"",true
"B-G1.042-C2",7961,3984,2547.841399011,2,69,62,69,62,true,0,true,false,false,false,false,"COOLDOWN",false
"B-G1.042-C2",7961,4164,2656.2614099035,2,73,66,73,66,true,0,true,true,false,false,false,"",true
"B-G1.042-C2",7961,4344,2772.8168458679,2,73,66,73,66,true,0,true,false,false,false,false,"COOLDOWN",false
"B-G1.042-C2",7961,4524,2882.6542129954,2,78,71,78,71,true,0,true,true,false,false,false,"",true
"B-G1.042-C2",7961,4704,2989.6561737798,3,78,71,78,71,false,27,false,true,false,false,false,"EQ|OVERDUE",false
"B-G1.042-C2",7961,4884,3099.9541725866,3,84,77,84,77,false,1,false,true,false,false,false,"EQ|OVERDUE",false
"B-G1.042-C2",7961,5064,3207.4707686996,3,91,84,91,84,false,0,true,true,false,false,false,"EQ",false
"B-G1.042-C2",7961,5244,3317.0257860445,3,96,89,96,89,false,0,true,true,false,false,false,"EQ",false
"B-G1.042-C2",7961,5424,3419.7000284687,3,98,91,98,91,false,0,true,true,false,false,false,"EQ",false
"B-G1.042-C2",7961,5604,3526.1153175176,3,100,93,100,93,false,0,true,true,false,false,false,"EQ",false
"B-G1.042-C2",15880,24,24,0,14,6,14,6,false,0,true,true,false,false,false,"EQ",false
"B-G1.042-C2",15880,204,148.4002124188,0,17,10,17,10,false,0,true,true,false,false,false,"EQ",false
"B-G1.042-C2",15880,384,266.9255196445,0,19,12,19,12,false,0,true,true,false,false,false,"EQ",false
"B-G1.042-C2",15880,564,381.4300379335,0,21,14,21,14,true,0,true,true,false,false,false,"",true
"B-G1.042-C2",15880,744,508.3300379335,0,21,14,21,14,true,0,true,false,false,false,false,"COOLDOWN",false
"B-G1.042-C2",15880,924,620.9003080171,0,23,16,23,16,true,0,true,true,false,false,false,"",true
"B-G1.042-C2",15880,1104,739.3482455868,0,23,16,23,16,true,1,true,false,false,false,false,"COOLDOWN",false
"B-G1.042-C2",15880,1284,853.0868026965,0,26,18,26,18,true,0,true,true,false,false,false,"",true
"B-G1.042-C2",15880,1464,966.4235023302,1,26,18,26,18,false,0,true,true,false,false,false,"EQ",false
"B-G1.042-C2",15880,1644,1075.9961814512,1,34,27,34,27,false,0,true,true,false,false,false,"EQ",false
"B-G1.042-C2",15880,1824,1184.125938686,1,36,29,36,29,true,0,true,true,false,false,false,"",true
"B-G1.042-C2",15880,2004,1311.025938686,1,36,29,36,29,true,1,true,false,false,false,false,"COOLDOWN",false
"B-G1.042-C2",15880,2184,1418.8361435195,1,40,33,40,33,true,0,true,true,false,false,false,"",true
"B-G1.042-C2",15880,2364,1534.0717757034,1,40,33,40,33,true,0,true,false,false,false,false,"COOLDOWN",false
"B-G1.042-C2",15880,2544,1641.219732457,1,43,35,43,35,true,0,true,true,false,false,false,"",true
"B-G1.042-C2",15880,2724,1750.9285502865,1,43,35,43,35,true,0,true,false,false,false,false,"COOLDOWN",false
"B-G1.042-C2",15880,2904,1861.2841052823,1,47,39,47,39,true,0,true,true,false,false,false,"",true
"B-G1.042-C2",15880,3084,1965.8952163934,2,47,40,47,40,false,0,true,true,false,false,false,"EQ",false
"B-G1.042-C2",15880,3264,2076.316941687,2,54,47,54,47,false,0,true,true,false,false,false,"EQ",false
"B-G1.042-C2",15880,3444,2185.0061923178,2,61,54,61,54,false,0,true,true,false,false,false,"EQ",false
"B-G1.042-C2",15880,3624,2294.2987295416,2,67,60,67,60,true,0,true,true,false,false,false,"",true
"B-G1.042-C2",15880,3804,2421.1987295416,2,67,60,67,60,true,0,true,false,false,false,false,"COOLDOWN",false
"B-G1.042-C2",15880,3984,2533.3446713014,2,71,64,71,64,true,0,true,true,false,false,false,"",true
"B-G1.042-C2",15880,4164,2652.6848064511,2,71,64,71,64,true,0,true,false,false,false,false,"COOLDOWN",false
"B-G1.042-C2",15880,4344,2760.863365865,2,76,70,76,70,true,0,true,true,false,false,false,"",true
"B-G1.042-C2",15880,4524,2880.4644370878,2,76,70,76,70,true,0,true,false,false,false,false,"COOLDOWN",false
"B-G1.042-C2",15880,4704,2995.4085284448,2,79,73,79,73,true,0,true,true,false,false,false,"",true
"B-G1.042-C2",15880,4884,3101.1659726884,3,79,73,79,73,false,2,false,true,false,false,false,"EQ|OVERDUE",false
"B-G1.042-C2",15880,5064,3216.1925300036,3,85,78,85,78,false,0,true,true,false,false,false,"EQ",false
"B-G1.042-C2",15880,5244,3326.2003424837,3,91,84,91,84,false,0,true,true,false,false,false,"EQ",false
"B-G1.042-C2",15880,5424,3436.2627363532,3,95,88,95,88,false,0,true,true,false,false,false,"EQ",false
"B-G1.042-C2",15880,5604,3543.7625451325,3,97,91,97,91,false,0,true,true,false,false,false,"EQ",false
"B-G1.042-C2",23799,24,24,0,14,7,14,7,false,0,true,true,false,false,false,"EQ",false
"B-G1.042-C2",23799,204,148.6262123841,0,16,9,16,9,false,0,true,true,false,false,false,"EQ",false
"B-G1.042-C2",23799,384,268.974641497,0,18,11,18,11,false,0,true,true,false,false,false,"EQ",false
"B-G1.042-C2",23799,564,386.4889870233,0,21,13,21,13,true,0,true,true,false,false,false,"",true
"B-G1.042-C2",23799,744,513.3889870233,0,21,13,21,13,true,0,true,false,false,false,false,"COOLDOWN",false
"B-G1.042-C2",23799,924,626.6882416812,0,23,15,23,15,true,0,true,true,false,false,false,"",true
"B-G1.042-C2",23799,1104,748.8425895073,0,23,15,23,15,true,0,true,false,false,false,false,"COOLDOWN",false
"B-G1.042-C2",23799,1284,861.5005895408,0,25,18,25,18,true,0,true,true,false,false,false,"",true
"B-G1.042-C2",23799,1464,971.419827636,1,25,18,25,18,false,0,true,true,false,false,false,"EQ",false
"B-G1.042-C2",23799,1644,1084.0207270404,1,30,23,30,23,false,0,true,true,false,false,false,"EQ",false
"B-G1.042-C2",23799,1824,1205.5564770918,1,36,29,36,29,true,0,true,true,false,false,false,"",true
"B-G1.042-C2",23799,2004,1332.4564770918,1,36,29,36,29,true,12,false,false,false,false,false,"OVERDUE|COOLDOWN",false
"B-G1.042-C2",23799,2184,1440.3522335432,1,42,35,42,35,true,0,true,true,false,false,false,"",true
"B-G1.042-C2",23799,2364,1556.3274002099,1,42,35,42,35,true,0,true,false,false,false,false,"COOLDOWN",false
"B-G1.042-C2",23799,2544,1666.8280785476,1,46,39,46,39,true,0,true,true,false,false,false,"",true
"B-G1.042-C2",23799,2724,1771.3506010701,2,47,40,47,40,false,0,true,true,false,false,false,"EQ",false
"B-G1.042-C2",23799,2904,1875.2491517948,2,56,49,56,49,false,0,true,true,false,false,false,"EQ",false
"B-G1.042-C2",23799,3084,1983.271421396,2,61,53,61,53,false,0,true,true,false,false,false,"EQ",false
"B-G1.042-C2",23799,3264,2099.4395932751,2,64,57,64,57,false,0,true,true,false,false,false,"EQ",false
"B-G1.042-C2",23799,3444,2208.9792425087,2,71,64,71,64,true,0,true,true,false,false,false,"",true
"B-G1.042-C2",23799,3624,2325.5196180956,2,71,64,71,64,true,5,false,false,false,false,false,"OVERDUE|COOLDOWN",false
"B-G1.042-C2",23799,3804,2430.7723926191,2,73,66,73,66,true,0,true,true,false,false,false,"",true
"B-G1.042-C2",23799,3984,2544.3778285835,2,73,66,73,66,true,2,false,false,false,false,false,"OVERDUE|COOLDOWN",false
"B-G1.042-C2",23799,4164,2656.2964560345,2,77,71,77,71,true,0,true,true,false,false,false,"",true
"B-G1.042-C2",23799,4344,2772.7843908449,2,77,71,77,71,true,0,true,false,false,false,false,"COOLDOWN",false
"B-G1.042-C2",23799,4524,2878.1211182163,2,80,74,80,74,true,0,true,true,false,false,false,"",true
"B-G1.042-C2",23799,4704,2982.689756714,3,80,74,80,74,false,0,true,true,false,false,false,"EQ",false
"B-G1.042-C2",23799,4884,3085.5555575798,3,87,80,87,80,false,0,true,true,false,false,false,"EQ",false
"B-G1.042-C2",23799,5064,3188.3279153033,3,92,85,92,85,false,0,true,true,false,false,false,"EQ",false
"B-G1.042-C2",23799,5244,3291.0660105414,3,94,87,94,87,false,0,true,true,false,false,false,"EQ",false
"B-G1.042-C2",23799,5424,3397.1386600391,3,97,90,97,90,false,0,true,true,false,false,false,"EQ",false
"B-G1.042-C2",23799,5604,3511.3998367848,3,99,92,99,92,false,0,true,true,false,false,false,"EQ",false
"B-G1.042-C2",31718,24,24,0,14,7,14,7,false,0,true,true,false,false,false,"EQ",false
"B-G1.042-C2",31718,204,145,0,16,9,16,9,false,0,true,true,false,false,false,"EQ",false
"B-G1.042-C2",31718,384,262.4894137429,0,19,12,19,12,false,0,true,true,false,false,false,"EQ",false
"B-G1.042-C2",31718,564,377.3603788926,0,22,15,22,15,true,0,true,true,false,false,false,"",true
"B-G1.042-C2",31718,744,507.7878637411,0,22,15,22,15,true,0,true,false,false,false,false,"COOLDOWN",false
"B-G1.042-C2",31718,924,620.4699133867,0,24,16,24,16,true,0,true,true,false,false,false,"",true
"B-G1.042-C2",31718,1104,743.0735031303,0,24,16,24,16,true,0,true,false,false,false,false,"COOLDOWN",false
"B-G1.042-C2",31718,1284,855.7340382818,0,26,19,26,19,true,0,true,true,false,false,false,"",true
"B-G1.042-C2",31718,1464,967.5439436355,1,26,19,26,19,false,0,true,true,false,false,false,"EQ",false
"B-G1.042-C2",31718,1644,1074.2409133324,1,32,25,32,25,false,0,true,true,false,false,false,"EQ",false
"B-G1.042-C2",31718,1824,1179.643212183,1,39,32,39,32,true,0,true,true,false,false,false,"",true
"B-G1.042-C2",31718,2004,1296.2403828284,1,39,32,39,32,true,0,true,false,false,false,false,"COOLDOWN",false
"B-G1.042-C2",31718,2184,1405.2768920179,1,44,36,44,36,true,0,true,true,false,false,false,"",true
"B-G1.042-C2",31718,2364,1512.472232927,2,44,37,44,37,false,2,false,true,false,false,false,"EQ|OVERDUE",false
"B-G1.042-C2",31718,2544,1622.016449352,2,52,45,52,45,false,0,true,true,false,false,false,"EQ",false
"B-G1.042-C2",31718,2724,1725.7097826853,2,60,53,60,53,false,0,true,true,false,false,false,"EQ",false
"B-G1.042-C2",31718,2904,1840.8719522548,2,64,57,64,57,false,0,true,true,false,false,false,"EQ",false
"B-G1.042-C2",31718,3084,1947.0662876722,2,70,63,70,63,true,0,true,true,false,false,false,"",true
"B-G1.042-C2",31718,3264,2073.9662876722,2,70,63,70,63,true,1,true,false,false,false,false,"COOLDOWN",false
"B-G1.042-C2",31718,3444,2179.1563860196,2,75,69,75,69,true,0,true,true,false,false,false,"",true
"B-G1.042-C2",31718,3624,2289.9869314742,2,75,69,75,69,true,2,false,false,false,false,false,"OVERDUE|COOLDOWN",false
"B-G1.042-C2",31718,3804,2405.53681091,2,78,72,78,72,true,0,true,true,false,false,false,"",true
"B-G1.042-C2",31718,3984,2519.0036225042,2,78,72,78,72,true,1,true,false,false,false,false,"COOLDOWN",false
"B-G1.042-C2",31718,4164,2626.5188891716,2,82,75,82,75,true,0,true,true,false,false,false,"",true
"B-G1.042-C2",31718,4344,2729.4911113939,3,82,75,82,75,false,0,true,true,false,false,false,"EQ",false
"B-G1.042-C2",31718,4524,2834.6190270082,3,86,79,86,79,false,0,true,true,false,false,false,"EQ",false
"B-G1.042-C2",31718,4704,2939.1386706292,3,92,86,92,86,false,0,true,true,false,false,false,"EQ",false
"B-G1.042-C2",31718,4884,3045.257689962,3,96,89,96,89,false,0,true,true,false,false,false,"EQ",false
"B-G1.042-C2",31718,5064,3147.9168659919,3,98,91,98,91,false,0,true,true,false,false,false,"EQ",false
"B-G1.042-C2",31718,5244,3254.1418616111,3,102,95,102,95,false,0,true,true,false,false,false,"EQ",false
"B-G1.042-C2",31718,5424,3356.7173002076,3,104,98,104,98,false,0,true,true,false,false,false,"EQ",false
"B-G1.042-C2",31718,5604,3463.6156715784,3,106,100,106,100,false,0,true,true,false,false,false,"EQ",false
"B-G1.042-C2",31718,5784,3569.1463361574,3,108,102,108,102,false,0,true,true,false,false,false,"EQ",false
"B-G1.042-C2",39637,24,24,0,14,7,14,7,false,0,true,true,false,false,false,"EQ",false
"B-G1.042-C2",39637,384,259.4444444443,0,19,12,19,12,false,0,true,true,false,false,false,"EQ",false
"B-G1.042-C2",39637,564,374.8684306658,0,21,14,21,14,true,0,true,true,false,false,false,"",true
"B-G1.042-C2",39637,744,501.7684306658,0,21,14,21,14,true,0,true,false,false,false,false,"COOLDOWN",false
"B-G1.042-C2",39637,924,614.445217591,0,23,16,23,16,true,0,true,true,false,false,false,"",true
"B-G1.042-C2",39637,1104,732.8931551607,0,23,16,23,16,true,1,true,false,false,false,false,"COOLDOWN",false
"B-G1.042-C2",39637,1284,842.6550599226,0,26,19,26,19,true,0,true,true,false,false,false,"",true
"B-G1.042-C2",39637,1464,955.9917595563,1,26,19,26,19,false,0,true,true,false,false,false,"EQ",false
"B-G1.042-C2",39637,1644,1062.4555276722,1,34,27,34,27,false,0,true,true,false,false,false,"EQ",false
"B-G1.042-C2",39637,1824,1170.5905664568,1,38,31,38,31,true,0,true,true,false,false,false,"",true
"B-G1.042-C2",39637,2004,1297.4905664568,1,38,31,38,31,true,1,true,false,false,false,false,"COOLDOWN",false
"B-G1.042-C2",39637,2184,1408.0587473489,1,42,35,42,35,true,0,true,true,false,false,false,"",true
"B-G1.042-C2",39637,2364,1517.1318656284,2,42,35,42,35,false,0,true,true,false,false,false,"EQ",false
"B-G1.042-C2",39637,2544,1624.3741936278,2,47,39,47,39,false,0,true,true,false,false,false,"EQ",false
"B-G1.042-C2",39637,2724,1730.65215068,2,55,48,55,48,false,0,true,true,false,false,false,"EQ",false
"B-G1.042-C2",39637,2904,1836.5223966359,2,60,53,60,53,false,0,true,true,false,false,false,"EQ",false
"B-G1.042-C2",39637,3084,1941.9713189043,2,68,61,68,61,true,0,true,true,false,false,false,"",true
"B-G1.042-C2",39637,3264,2068.8713189043,2,68,61,68,61,true,3,false,false,false,false,false,"OVERDUE|COOLDOWN",false
"B-G1.042-C2",39637,3444,2172.0484022376,2,73,67,73,67,true,0,true,true,false,false,false,"",true
"B-G1.042-C2",39637,3624,2290.344572329,2,73,67,73,67,true,0,true,false,false,false,false,"COOLDOWN",false
"B-G1.042-C2",39637,3804,2395.4722658509,2,76,70,76,70,true,0,true,true,false,false,false,"",true
"B-G1.042-C2",39637,3984,2515.0733370737,2,76,70,76,70,true,0,true,false,false,false,false,"COOLDOWN",false
"B-G1.042-C2",39637,4164,2619.5933988022,2,82,75,82,75,true,0,true,true,false,false,false,"",true
"B-G1.042-C2",39637,4344,2724.544279561,3,82,76,82,76,false,0,true,true,false,false,false,"EQ",false
"B-G1.042-C2",39637,4524,2831.0426415414,3,90,83,90,83,false,0,true,true,false,false,false,"EQ",false
"B-G1.042-C2",39637,4704,2933.7642101689,3,94,87,94,87,false,0,true,true,false,false,false,"EQ",false
"B-G1.042-C2",39637,4884,3039.1490454022,3,97,90,97,90,false,0,true,true,false,false,false,"EQ",false
"B-G1.042-C2",39637,5064,3148.5140271972,3,99,93,99,93,false,0,true,true,false,false,false,"EQ",false
"B-G1.042-C2",39637,5244,3251.1299692262,3,101,95,101,95,false,0,true,true,false,false,false,"EQ",false
"B-G1.042-C2",39637,5424,3366.3958199764,3,103,96,103,96,false,0,true,true,false,false,false,"EQ",false
"B-G1.042-C2",39637,5604,3475.9709141009,3,105,99,105,99,false,0,true,true,false,false,false,"EQ",false
"B-G1.042-C2",39637,5784,3591.0138886592,3,107,100,107,100,false,0,true,true,false,false,false,"EQ",false
"B-G1.042-C2",47556,24,24,0,14,6,14,6,false,0,true,true,false,false,false,"EQ",false
"B-G1.042-C2",47556,204,142.1904761905,0,18,10,18,10,false,0,true,true,false,false,false,"EQ",false
"B-G1.042-C2",47556,384,257.8213591272,0,20,13,20,13,true,0,true,true,false,false,false,"",true
"B-G1.042-C2",47556,564,384.7213591272,0,20,13,20,13,true,0,true,false,false,false,false,"COOLDOWN",false
"B-G1.042-C2",47556,744,494.4832638891,0,25,17,25,17,true,0,true,true,false,false,false,"",true
"B-G1.042-C2",47556,924,611.3055019843,0,25,17,25,17,true,14,false,false,false,false,false,"OVERDUE|COOLDOWN",false
"B-G1.042-C2",47556,1104,724.5173646801,0,26,19,26,19,true,0,true,true,false,false,false,"",true
"B-G1.042-C2",47556,1284,840.4781595519,0,26,19,26,19,true,0,true,false,false,false,false,"COOLDOWN",false
"B-G1.042-C2",47556,1464,951.4404572308,0,30,23,30,23,true,0,true,true,false,false,false,"",true
"B-G1.042-C2",47556,1644,1058.6737905641,1,31,23,31,23,false,0,true,true,false,false,false,"EQ",false
"B-G1.042-C2",47556,1824,1170.3254917332,1,34,27,34,27,false,0,true,true,false,false,false,"EQ",false
"B-G1.042-C2",47556,2004,1278.6759424172,1,38,31,38,31,true,0,true,true,false,false,false,"",true
"B-G1.042-C2",47556,2184,1405.5759424172,1,38,31,38,31,true,1,true,false,false,false,false,"COOLDOWN",false
"B-G1.042-C2",47556,2364,1513.1008906746,1,42,35,42,35,true,0,true,true,false,false,false,"",true
"B-G1.042-C2",47556,2544,1622.1740089541,2,42,35,42,35,false,1,true,true,false,false,false,"EQ",false
"B-G1.042-C2",47556,2724,1730.3096708279,2,54,46,54,46,false,0,true,true,false,false,false,"EQ",false
"B-G1.042-C2",47556,2904,1836.21766289,2,59,52,59,52,false,0,true,true,false,false,false,"EQ",false
"B-G1.042-C2",47556,3084,1941.7884563373,2,64,57,64,57,false,0,true,true,false,false,false,"EQ",false
"B-G1.042-C2",47556,3264,2057.8715591841,2,68,61,68,61,true,0,true,true,false,false,false,"",true
"B-G1.042-C2",47556,3444,2184.7715591841,2,68,61,68,61,true,0,true,false,false,false,false,"COOLDOWN",false
"B-G1.042-C2",47556,3624,2291.8521113097,2,74,67,74,67,true,0,true,true,false,false,false,"",true
"B-G1.042-C2",47556,3804,2404.7732306791,2,74,67,74,67,true,0,true,false,false,false,false,"COOLDOWN",false
"B-G1.042-C2",47556,3984,2513.7515762058,2,77,71,77,71,true,0,true,true,false,false,false,"",true
"B-G1.042-C2",47556,4164,2640.6515762058,2,77,71,77,71,true,0,true,false,false,false,false,"COOLDOWN",false
"B-G1.042-C2",47556,4344,2746.0268666562,2,81,75,81,75,true,0,true,true,false,false,false,"",true
"B-G1.042-C2",47556,4524,2855.9261259154,2,81,75,81,75,true,0,true,false,false,false,false,"COOLDOWN",false
"B-G1.042-C2",47556,4704,2962.0576884067,2,84,78,84,78,true,0,true,true,false,false,false,"",true
"B-G1.042-C2",47556,4884,3065.1048312639,3,84,78,84,78,false,0,true,true,false,false,false,"EQ",false
"B-G1.042-C2",47556,5064,3175.5631706899,3,91,85,91,85,false,0,true,true,false,false,false,"EQ",false
"B-G1.042-C2",47556,5244,3279.9764917834,3,96,89,96,89,false,0,true,true,false,false,false,"EQ",false
"B-G1.042-C2",47556,5424,3394.7250537953,3,98,91,98,91,false,0,true,true,false,false,false,"EQ",false
"B-G1.042-C2",47556,5604,3501.3089941367,3,99,92,99,92,false,0,true,true,false,false,false,"EQ",false
"B-G1.042-C2",55475,24,24,0,14,6,14,6,false,0,true,true,false,false,false,"EQ",false
"B-G1.042-C2",55475,204,148.9333333333,0,16,9,16,9,false,0,true,true,false,false,false,"EQ",false
"B-G1.042-C2",55475,384,269.9047753864,0,19,12,19,12,false,0,true,true,false,false,false,"EQ",false
"B-G1.042-C2",55475,564,386.2170987344,0,20,13,20,13,true,0,true,true,false,false,false,"",true
"B-G1.042-C2",55475,744,513.1170987344,0,20,13,20,13,true,0,true,false,false,false,false,"COOLDOWN",false
"B-G1.042-C2",55475,924,626.426261079,0,22,15,22,15,true,0,true,true,false,false,false,"",true
"B-G1.042-C2",55475,1104,750.1080792608,0,22,15,22,15,true,0,true,false,false,false,false,"COOLDOWN",false
"B-G1.042-C2",55475,1284,858.8164125941,0,27,19,27,19,true,0,true,true,false,false,false,"",true
"B-G1.042-C2",55475,1464,967.9544990139,1,27,20,27,20,false,7,false,true,false,false,false,"EQ|OVERDUE",false
"B-G1.042-C2",55475,1644,1085.7367460502,1,30,23,30,23,false,0,true,true,false,false,false,"EQ",false
"B-G1.042-C2",55475,1824,1195.4490106502,1,33,26,33,26,false,0,true,true,false,false,false,"EQ",false
"B-G1.042-C2",55475,2004,1306.1991303171,1,38,30,38,30,true,0,true,true,false,false,false,"",true
"B-G1.042-C2",55475,2184,1433.0991303171,1,38,30,38,30,true,0,true,false,false,false,false,"COOLDOWN",false
"B-G1.042-C2",55475,2364,1540.3999553576,1,41,34,41,34,true,0,true,true,false,false,false,"",true
"B-G1.042-C2",55475,2544,1651.902394382,1,41,34,41,34,true,1,true,false,false,false,false,"COOLDOWN",false
"B-G1.042-C2",55475,2724,1762.7801379211,1,45,38,45,38,true,0,true,true,false,false,false,"",true
"B-G1.042-C2",55475,2904,1873.9748998259,2,45,38,45,38,false,1,true,true,false,false,false,"EQ",false
"B-G1.042-C2",55475,3084,1981.8113537209,2,54,47,54,47,false,0,true,true,false,false,false,"EQ",false
"B-G1.042-C2",55475,3264,2088.1891511111,2,59,52,59,52,false,0,true,true,false,false,false,"EQ",false
"B-G1.042-C2",55475,3444,2193.8134499712,2,66,58,66,58,true,0,true,true,false,false,false,"",true
"B-G1.042-C2",55475,3624,2320.7134499712,2,66,58,66,58,true,0,true,false,false,false,false,"COOLDOWN",false
"B-G1.042-C2",55475,3804,2424.0812660631,2,69,62,69,62,true,0,true,true,false,false,false,"",true
"B-G1.042-C2",55475,3984,2543.6954589666,2,69,62,69,62,true,0,true,false,false,false,false,"COOLDOWN",false
"B-G1.042-C2",55475,4164,2646.8166710878,2,75,69,75,69,true,0,true,true,false,false,false,"",true
"B-G1.042-C2",55475,4344,2760.5972165424,2,75,69,75,69,true,5,false,false,false,false,false,"OVERDUE|COOLDOWN",false
"B-G1.042-C2",55475,4524,2863.6162641615,2,79,73,79,73,true,0,true,true,false,false,false,"",true
"B-G1.042-C2",55475,4704,2976.2767084051,2,79,73,79,73,true,2,false,false,false,false,false,"OVERDUE|COOLDOWN",false
"B-G1.042-C2",55475,4884,3082.5926069599,2,83,77,83,77,true,0,true,true,false,false,false,"",true
"B-G1.042-C2",55475,5064,3190.2571212332,2,83,77,83,77,true,1,true,false,false,false,false,"COOLDOWN",false
"B-G1.042-C2",55475,5244,3296.0656764427,2,86,79,86,79,true,0,true,true,false,false,false,"",true
"B-G1.042-C2",55475,5424,3401.2173557,3,86,80,86,80,false,0,true,true,false,false,false,"EQ",false
"B-G1.042-C2",55475,5604,3505.700074594,3,94,87,94,87,false,0,true,true,false,false,false,"EQ",false
"B-G1.042-C2",63394,24,24,0,14,6,14,6,false,0,true,true,false,false,false,"EQ",false
"B-G1.042-C2",63394,204,150.8999999998,0,18,10,18,10,false,0,true,true,false,false,false,"EQ",false
"B-G1.042-C2",63394,384,269.2309465276,0,20,13,20,13,true,0,true,true,false,false,false,"",true
"B-G1.042-C2",63394,564,396.1309465276,0,20,13,20,13,true,1,true,false,false,false,false,"COOLDOWN",false
"B-G1.042-C2",63394,744,509.7577821293,0,25,17,25,17,true,0,true,true,false,false,false,"",true
"B-G1.042-C2",63394,924,622.5090202245,1,25,17,25,17,false,19,false,true,false,false,false,"EQ|OVERDUE",false
"B-G1.042-C2",63394,1104,731.2173535578,1,27,20,27,20,false,0,true,true,false,false,false,"EQ",false
"B-G1.042-C2",63394,1284,840.4595539766,1,31,24,31,24,false,0,true,true,false,false,false,"EQ",false
"B-G1.042-C2",63394,1464,949.6299997967,1,34,27,34,27,false,0,true,true,false,false,false,"EQ",false
"B-G1.042-C2",63394,1644,1058.2081693834,1,38,31,38,31,true,0,true,true,false,false,false,"",true
"B-G1.042-C2",63394,1824,1185.1081693834,1,38,31,38,31,true,0,true,false,false,false,false,"COOLDOWN",false
"B-G1.042-C2",63394,2004,1292.8674188186,1,41,33,41,33,true,0,true,true,false,false,false,"",true
"B-G1.042-C2",63394,2184,1405.077857843,1,41,33,41,33,true,0,true,false,false,false,false,"COOLDOWN",false
"B-G1.042-C2",63394,2364,1509.7826197478,1,46,39,46,39,true,0,true,true,false,false,false,"",true
"B-G1.042-C2",63394,2544,1614.4873816526,2,46,39,46,39,false,0,true,true,false,false,false,"EQ",false
"B-G1.042-C2",63394,2724,1721.5266893566,2,51,44,51,44,false,0,true,true,false,false,false,"EQ",false
"B-G1.042-C2",63394,2904,1825.4252400815,2,56,49,56,49,false,0,true,true,false,false,false,"EQ",false
"B-G1.042-C2",63394,3084,1928.9437586,2,65,58,65,58,true,0,true,true,false,false,false,"",true
"B-G1.042-C2",63394,3264,2056.7484252667,2,65,58,65,58,true,3,false,false,false,false,false,"OVERDUE|COOLDOWN",false
"B-G1.042-C2",63394,3444,2166.8609079001,2,71,63,71,63,true,0,true,true,false,false,false,"",true
"B-G1.042-C2",63394,3624,2283.401283487,2,71,63,71,63,true,1,true,false,false,false,false,"COOLDOWN",false
"B-G1.042-C2",63394,3804,2391.9456446997,2,75,69,75,69,true,0,true,true,false,false,false,"",true
"B-G1.042-C2",63394,3984,2502.7761901543,2,75,69,75,69,true,1,true,false,false,false,false,"COOLDOWN",false
"B-G1.042-C2",63394,4164,2613.2613977217,2,79,72,79,72,true,0,true,true,false,false,false,"",true
"B-G1.042-C2",63394,4344,2719.0432726071,3,79,72,79,72,false,0,true,true,false,false,false,"EQ",false
"B-G1.042-C2",63394,4524,2823.5985973636,3,92,85,92,85,false,0,true,true,false,false,false,"EQ",false
"B-G1.042-C2",63394,4704,2930.0920047254,3,95,88,95,88,false,0,true,true,false,false,false,"EQ",false
"B-G1.042-C2",63394,4884,3040.4049605865,3,98,92,98,92,false,0,true,true,false,false,false,"EQ",false
"B-G1.042-C2",63394,5064,3152.9047459862,3,101,95,101,95,false,0,true,true,false,false,false,"EQ",false
"B-G1.042-C2",63394,5244,3267.5650317595,3,104,98,104,98,false,0,true,true,false,false,false,"EQ",false
"B-G1.042-C2",63394,5424,3370.1148599382,3,106,100,106,100,false,0,true,true,false,false,false,"EQ",false
"B-G1.042-C2",63394,5604,3479.0773288805,3,108,102,108,102,false,0,true,true,false,false,false,"EQ",false
"B-G1.042-C2",63394,5784,3584.8900240362,3,111,105,111,105,true,0,true,true,false,false,false,"",true
"B-G1.042-C2",71313,24,24,0,14,7,14,7,false,0,true,true,false,false,false,"EQ",false
"B-G1.042-C2",71313,204,148.9333333333,0,16,9,16,9,false,0,true,true,false,false,false,"EQ",false
"B-G1.042-C2",71313,384,267.1016304419,0,19,12,19,12,false,0,true,true,false,false,false,"EQ",false
"B-G1.042-C2",71313,564,384.0626361098,0,21,14,21,14,true,0,true,true,false,false,false,"",true
"B-G1.042-C2",71313,744,510.9626361098,0,21,14,21,14,true,1,true,false,false,false,false,"COOLDOWN",false
"B-G1.042-C2",71313,924,623.5512680294,0,23,16,23,16,true,0,true,true,false,false,false,"",true
"B-G1.042-C2",71313,1104,741.9992055991,0,23,16,23,16,true,2,true,false,false,false,false,"COOLDOWN",false
"B-G1.042-C2",71313,1284,854.2285206743,0,28,21,28,21,true,0,true,true,false,false,false,"",true
"B-G1.042-C2",71313,1464,963.1773161925,1,28,21,28,21,false,1,true,true,false,false,false,"EQ",false
"B-G1.042-C2",71313,1644,1070.1296971449,1,31,24,31,24,false,0,true,true,false,false,false,"EQ",false
"B-G1.042-C2",71313,1824,1175.6773161925,1,38,31,38,31,true,0,true,true,false,false,false,"",true
"B-G1.042-C2",71313,2004,1295.0951106787,1,38,31,38,31,true,6,false,false,false,false,false,"OVERDUE|COOLDOWN",false
"B-G1.042-C2",71313,2184,1412.3160630635,1,41,34,41,34,true,0,true,true,false,false,false,"",true
"B-G1.042-C2",71313,2364,1523.8185020879,1,41,34,41,34,true,3,false,false,false,false,false,"OVERDUE|COOLDOWN",false
"B-G1.042-C2",71313,2544,1628.5232639927,1,46,39,46,39,true,0,true,true,false,false,false,"",true
"B-G1.042-C2",71313,2724,1737.2126635786,1,46,39,46,39,true,3,false,false,false,false,false,"OVERDUE|COOLDOWN",false
"B-G1.042-C2",71313,2904,1846.0114838103,1,49,42,49,42,true,0,true,true,false,false,false,"",true
"B-G1.042-C2",71313,3084,1950.2948171436,2,50,43,50,43,false,0,true,true,false,false,false,"EQ",false
"B-G1.042-C2",71313,3264,2057.5267024621,2,60,52,60,52,false,0,true,true,false,false,false,"EQ",false
"B-G1.042-C2",71313,3444,2164.7462461449,2,63,56,63,56,false,0,true,true,false,false,false,"EQ",false
"B-G1.042-C2",71313,3624,2276.9997549168,2,68,61,68,61,true,0,true,true,false,false,false,"",true
"B-G1.042-C2",71313,3804,2405.1167745246,2,68,61,68,61,true,0,true,false,false,false,false,"COOLDOWN",false
"B-G1.042-C2",71313,3984,2508.323123731,2,73,67,73,67,true,0,true,true,false,false,false,"",true
"B-G1.042-C2",71313,4164,2621.9285596954,2,73,67,73,67,true,0,true,false,false,false,false,"COOLDOWN",false
"B-G1.042-C2",71313,4344,2725.0497718166,2,75,69,75,69,true,0,true,true,false,false,false,"",true
"B-G1.042-C2",71313,4524,2835.8803172712,2,75,69,75,69,true,0,true,false,false,false,false,"COOLDOWN",false
"B-G1.042-C2",71313,4704,2945.6277642483,2,79,73,79,73,true,0,true,true,false,false,false,"",true
"B-G1.042-C2",71313,4884,3051.3852084919,3,79,73,79,73,false,1,false,true,false,false,false,"EQ|OVERDUE",false
"B-G1.042-C2",71313,5064,3162.0792904193,3,84,78,84,78,false,0,true,true,false,false,false,"EQ",false
"B-G1.042-C2",71313,5244,3269.3176454642,3,90,84,90,84,false,0,true,true,false,false,false,"EQ",false
"B-G1.042-C2",71313,5424,3375.5160383348,3,95,89,95,89,false,0,true,true,false,false,false,"EQ",false
"B-G1.042-C2",71313,5604,3481.0491074946,3,99,92,99,92,false,0,true,true,false,false,false,"EQ",false
"B-G1.042-C2",71313,5784,3586.889312765,3,101,94,101,94,false,0,true,true,false,false,false,"EQ",false
"B-G1.042-C3",42,24,24,0,14,7,14,7,false,0,true,true,false,false,false,"EQ",false
"B-G1.042-C3",42,204,148.9333333333,0,16,9,16,9,false,0,true,true,false,false,false,"EQ",false
"B-G1.042-C3",42,384,267.6433397661,0,19,12,19,12,false,0,true,true,false,false,false,"EQ",false
"B-G1.042-C3",42,564,383.7942246107,0,21,14,21,14,true,0,true,true,false,false,false,"",true
"B-G1.042-C3",42,744,510.6942246107,0,21,14,21,14,true,0,true,false,false,false,false,"COOLDOWN",false
"B-G1.042-C3",42,924,621.0433286666,0,26,19,26,19,true,0,true,false,false,false,false,"COOLDOWN",false
"B-G1.042-C3",42,1104,729.3178384705,0,27,20,27,20,true,0,true,true,false,false,false,"",true
"B-G1.042-C3",42,1284,838.4190766694,1,27,20,27,20,false,0,true,true,false,false,false,"EQ",false
"B-G1.042-C3",42,1464,949.2012109289,1,31,24,31,24,false,0,true,true,false,false,false,"EQ",false
"B-G1.042-C3",42,1644,1059.4232404758,1,34,27,34,27,false,0,true,true,false,false,false,"EQ",false
"B-G1.042-C3",42,1824,1167.2579671306,1,41,34,41,34,true,0,true,true,false,false,false,"",true
"B-G1.042-C3",42,2004,1278.760406155,1,41,34,41,34,true,1,true,false,false,false,false,"COOLDOWN",false
"B-G1.042-C3",42,2184,1386.4871612146,1,44,37,44,37,true,0,true,false,false,false,false,"COOLDOWN",false
"B-G1.042-C3",42,2364,1493.1961047912,1,47,40,47,40,true,0,true,true,false,false,false,"",true
"B-G1.042-C3",42,2544,1600.0356633116,2,48,41,48,41,false,0,true,true,false,false,false,"EQ",false
"B-G1.042-C3",42,2724,1706.8376155957,2,56,48,56,48,false,0,true,true,false,false,false,"EQ",false
"B-G1.042-C3",42,2904,1815.7661030002,2,63,56,63,56,false,0,true,true,false,false,false,"EQ",false
"B-G1.042-C3",42,3084,1924.167192185,2,69,61,69,61,true,0,true,true,false,false,false,"",true
"B-G1.042-C3",42,3264,2043.7813850885,2,69,61,69,61,true,2,false,false,false,false,false,"OVERDUE|COOLDOWN",false
"B-G1.042-C3",42,3444,2151.3520667521,2,72,65,72,65,true,0,true,false,false,false,false,"COOLDOWN",false
"B-G1.042-C3",42,3624,2260.222405684,2,75,69,75,69,true,0,true,true,false,false,false,"",true
"B-G1.042-C3",42,3804,2374.0029511386,2,75,69,75,69,true,2,false,false,false,false,false,"OVERDUE|COOLDOWN",false
"B-G1.042-C3",42,3984,2479.0819999262,2,79,72,79,72,true,0,true,false,false,false,false,"COOLDOWN",false
"B-G1.042-C3",42,4164,2593.578342034,2,81,75,81,75,true,0,true,true,false,false,false,"",true
"B-G1.042-C3",42,4344,2696.9876012932,3,81,75,81,75,false,0,true,true,false,false,false,"EQ",false
"B-G1.042-C3",42,4524,2799.8146055126,3,88,82,88,82,false,0,true,true,false,false,false,"EQ",false
"B-G1.042-C3",42,4704,2904.5686620278,3,91,85,91,85,false,0,true,true,false,false,false,"EQ",false
"B-G1.042-C3",42,4884,3007.2740883844,3,95,89,95,89,false,0,true,true,false,false,false,"EQ",false
"B-G1.042-C3",42,5064,3116.3774883625,3,98,92,98,92,false,0,true,true,false,false,false,"EQ",false
"B-G1.042-C3",42,5244,3218.9796389001,3,102,95,102,95,false,0,true,true,false,false,false,"EQ",false
"B-G1.042-C3",42,5424,3330.4182913824,3,103,97,103,97,false,0,true,true,false,false,false,"EQ",false
"B-G1.042-C3",42,5604,3432.9937299789,3,105,98,105,98,false,0,true,true,false,false,false,"EQ",false
"B-G1.042-C3",42,5784,3544.3935581576,3,106,100,106,100,false,0,true,true,false,false,false,"EQ",false
"B-G1.042-C3",7961,24,24,0,14,7,14,7,false,0,true,true,false,false,false,"EQ",false
"B-G1.042-C3",7961,204,145,0,16,9,16,9,false,0,true,true,false,false,false,"EQ",false
"B-G1.042-C3",7961,384,266.2459257517,0,19,12,19,12,false,0,true,true,false,false,false,"EQ",false
"B-G1.042-C3",7961,564,383.5598632481,0,21,13,21,13,true,0,true,true,false,false,false,"",true
"B-G1.042-C3",7961,744,510.4598632481,0,21,13,21,13,true,0,true,false,false,false,false,"COOLDOWN",false
"B-G1.042-C3",7961,924,625.672216934,0,23,16,23,16,true,0,true,false,false,false,false,"COOLDOWN",false
"B-G1.042-C3",7961,1104,739.0142375793,0,26,18,26,18,true,0,true,true,false,false,false,"",true
"B-G1.042-C3",7961,1284,851.937937213,1,26,18,26,18,false,0,true,true,false,false,false,"EQ",false
"B-G1.042-C3",7961,1464,960.3487046545,1,30,23,30,23,false,0,true,true,false,false,false,"EQ",false
"B-G1.042-C3",7961,1644,1071.3501210778,1,40,32,40,32,true,0,true,true,false,false,false,"",true
"B-G1.042-C3",7961,1824,1192.4267532617,1,40,32,40,32,true,2,true,false,false,false,false,"COOLDOWN",false
"B-G1.042-C3",7961,2004,1305.8878643728,1,46,39,46,39,true,0,true,false,false,false,false,"COOLDOWN",false
"B-G1.042-C3",7961,2184,1415.574063759,1,51,43,51,43,true,0,true,true,false,false,false,"",true
"B-G1.042-C3",7961,2364,1524.1170292062,2,52,44,52,44,false,0,true,true,false,false,false,"EQ",false
"B-G1.042-C3",7961,2544,1634.943019629,2,65,58,65,58,true,0,true,true,false,false,false,"",true
"B-G1.042-C3",7961,2724,1767.3496862957,2,65,58,65,58,true,2,false,false,false,false,false,"OVERDUE|COOLDOWN",false
"B-G1.042-C3",7961,2904,1875.3654122591,2,73,66,73,66,true,0,true,false,false,false,false,"COOLDOWN",false
"B-G1.042-C3",7961,3084,1987.0916757429,2,78,72,78,72,true,0,true,true,false,false,false,"",true
"B-G1.042-C3",7961,3264,2094.0684873371,3,78,72,78,72,false,0,true,true,false,false,false,"EQ",false
"B-G1.042-C3",7961,3444,2196.996415265,3,83,77,83,77,false,0,true,true,false,false,false,"EQ",false
"B-G1.042-C3",7961,3624,2303.1313349348,3,86,79,86,79,false,0,true,true,false,false,false,"EQ",false
"B-G1.042-C3",7961,3804,2409.6268317556,3,89,82,89,82,false,0,true,true,false,false,false,"EQ",false
"B-G1.042-C3",7961,3984,2512.3991894791,3,91,85,91,85,false,0,true,true,false,false,false,"EQ",false
"B-G1.042-C3",7961,4164,2617.3922287648,3,95,88,95,88,false,0,true,true,false,false,false,"EQ",false
"B-G1.042-C3",7961,4344,2728.9014047947,3,98,92,98,92,false,0,true,true,false,false,false,"EQ",false
"B-G1.042-C3",7961,4524,2834.8278374059,3,101,94,101,94,false,0,true,true,false,false,false,"EQ",false
"B-G1.042-C3",7961,4704,2940.5260465653,3,104,98,104,98,false,0,true,true,false,false,false,"EQ",false
"B-G1.042-C3",7961,4884,3043.075874744,3,107,100,107,100,false,0,true,true,false,false,false,"EQ",false
"B-G1.042-C3",7961,5064,3145.6011272692,3,109,102,109,102,false,0,true,true,false,false,false,"EQ",false
"B-G1.042-C3",7961,5244,3251.656698449,3,111,104,111,104,true,0,true,true,false,false,false,"",true
"B-G1.042-C3",7961,5424,3383.0428245752,3,111,104,111,104,true,0,true,false,false,false,false,"COOLDOWN",false
"B-G1.042-C3",7961,5604,3488.7939907329,3,113,107,113,107,true,0,true,false,false,false,false,"COOLDOWN",false
"B-G1.042-C3",7961,5784,3594.0728727205,3,115,108,115,108,true,0,true,true,false,false,false,"",true
"B-G1.042-C3",15880,24,24,0,14,6,14,6,false,0,true,true,false,false,false,"EQ",false
"B-G1.042-C3",15880,204,148.4002124188,0,17,10,17,10,false,0,true,true,false,false,false,"EQ",false
"B-G1.042-C3",15880,384,266.9255196445,0,19,12,19,12,false,0,true,true,false,false,false,"EQ",false
"B-G1.042-C3",15880,564,381.4300379335,0,21,14,21,14,true,0,true,true,false,false,false,"",true
"B-G1.042-C3",15880,744,508.3300379335,0,21,14,21,14,true,0,true,false,false,false,false,"COOLDOWN",false
"B-G1.042-C3",15880,924,620.9003080171,0,23,16,23,16,true,0,true,false,false,false,false,"COOLDOWN",false
"B-G1.042-C3",15880,1104,735.7360363032,0,26,19,26,19,true,0,true,true,false,false,false,"",true
"B-G1.042-C3",15880,1284,848.628831175,1,26,19,26,19,false,0,true,true,false,false,false,"EQ",false
"B-G1.042-C3",15880,1464,954.878831175,1,35,28,35,28,true,0,true,true,false,false,false,"",true
"B-G1.042-C3",15880,1644,1087.2854978417,1,35,28,35,28,true,7,false,false,false,false,false,"OVERDUE|COOLDOWN",false
"B-G1.042-C3",15880,1824,1195.9038519926,1,39,31,39,31,true,0,true,false,false,false,false,"COOLDOWN",false
"B-G1.042-C3",15880,2004,1306.0572633533,1,46,39,46,39,true,0,true,true,false,false,false,"",true
"B-G1.042-C3",15880,2184,1411.9146425803,2,47,39,47,39,false,1,true,true,false,false,false,"EQ",false
"B-G1.042-C3",15880,2364,1528.7088508426,2,52,45,52,45,false,0,true,true,false,false,false,"EQ",false
"B-G1.042-C3",15880,2544,1636.3469969535,2,56,48,56,48,false,0,true,true,false,false,false,"EQ",false
"B-G1.042-C3",15880,2724,1746.7694383241,2,62,55,62,55,false,0,true,true,false,false,false,"EQ",false
"B-G1.042-C3",15880,2904,1854.7520036924,2,66,59,66,59,true,0,true,true,false,false,false,"",true
"B-G1.042-C3",15880,3084,1981.6520036924,2,66,59,66,59,true,0,true,false,false,false,false,"COOLDOWN",false
"B-G1.042-C3",15880,3264,2088.3281347529,2,69,62,69,62,true,0,true,false,false,false,false,"COOLDOWN",false
"B-G1.042-C3",15880,3444,2200.2993468741,2,75,69,75,69,true,0,true,true,false,false,false,"",true
"B-G1.042-C3",15880,3624,2311.1298923287,2,75,69,75,69,true,0,true,false,false,false,false,"COOLDOWN",false
"B-G1.042-C3",15880,3804,2418.3632142232,2,80,74,80,74,true,0,true,false,false,false,false,"COOLDOWN",false
"B-G1.042-C3",15880,3984,2521.2911421511,2,83,77,83,77,true,0,true,true,false,false,false,"",true
"B-G1.042-C3",15880,4164,2631.3156564244,3,83,77,83,77,false,0,true,true,false,false,false,"EQ",false
"B-G1.042-C3",15880,4344,2742.0082786203,3,88,82,88,82,false,0,true,true,false,false,false,"EQ",false
"B-G1.042-C3",15880,4524,2850.5748883675,3,94,88,94,88,false,0,true,true,false,false,false,"EQ",false
"B-G1.042-C3",15880,4704,2962.1145435399,3,96,89,96,89,false,0,true,true,false,false,false,"EQ",false
"B-G1.042-C3",15880,4884,3064.7737195698,3,98,92,98,92,false,0,true,true,false,false,false,"EQ",false
"B-G1.042-C3",15880,5064,3170.6365457555,3,101,95,101,95,false,0,true,true,false,false,false,"EQ",false
"B-G1.042-C3",15880,5244,3276.2343024343,3,103,97,103,97,false,0,true,true,false,false,false,"EQ",false
"B-G1.042-C3",15880,5424,3394.8854623407,3,105,98,105,98,false,0,true,true,false,false,false,"EQ",false
"B-G1.042-C3",15880,5604,3499.4896198307,3,106,100,106,100,false,0,true,true,false,false,false,"EQ",false
"B-G1.042-C3",23799,24,24,0,14,7,14,7,false,0,true,true,false,false,false,"EQ",false
"B-G1.042-C3",23799,204,148.6262123841,0,16,9,16,9,false,0,true,true,false,false,false,"EQ",false
"B-G1.042-C3",23799,384,268.974641497,0,18,11,18,11,false,0,true,true,false,false,false,"EQ",false
"B-G1.042-C3",23799,564,386.4889870233,0,21,13,21,13,true,0,true,true,false,false,false,"",true
"B-G1.042-C3",23799,744,513.3889870233,0,21,13,21,13,true,0,true,false,false,false,false,"COOLDOWN",false
"B-G1.042-C3",23799,924,626.6882416812,0,23,15,23,15,true,0,true,false,false,false,false,"COOLDOWN",false
"B-G1.042-C3",23799,1104,739.7106789607,0,26,19,26,19,true,0,true,true,false,false,false,"",true
"B-G1.042-C3",23799,1284,849.4725837226,1,26,19,26,19,false,0,true,true,false,false,false,"EQ",false
"B-G1.042-C3",23799,1464,960.6107943543,1,29,21,29,21,false,0,true,true,false,false,false,"EQ",false
"B-G1.042-C3",23799,1644,1074.6371067567,1,33,25,33,25,false,0,true,true,false,false,false,"EQ",false
"B-G1.042-C3",23799,1824,1182.4952110557,1,37,30,37,30,true,0,true,true,false,false,false,"",true
"B-G1.042-C3",23799,2004,1305.0570960176,1,37,30,37,30,true,1,true,false,false,false,false,"COOLDOWN",false
"B-G1.042-C3",23799,2184,1409.9661869267,1,43,36,43,36,true,0,true,false,false,false,false,"COOLDOWN",false
"B-G1.042-C3",23799,2364,1516.6240436868,1,47,40,47,40,true,0,true,true,false,false,false,"",true
"B-G1.042-C3",23799,2544,1621.1465662093,2,47,40,47,40,false,0,true,true,false,false,false,"EQ",false
"B-G1.042-C3",23799,2724,1730.472836568,2,53,46,53,46,false,0,true,true,false,false,false,"EQ",false
"B-G1.042-C3",23799,2904,1847.0898950256,2,61,54,61,54,false,0,true,true,false,false,false,"EQ",false
"B-G1.042-C3",23799,3084,1954.7432540854,2,64,57,64,57,false,0,true,true,false,false,false,"EQ",false
"B-G1.042-C3",23799,3264,2062.6384130078,2,69,62,69,62,true,0,true,true,false,false,false,"",true
"B-G1.042-C3",23799,3444,2182.2181231527,2,69,62,69,62,true,0,true,false,false,false,false,"COOLDOWN",false
"B-G1.042-C3",23799,3624,2287.1424891148,2,73,66,73,66,true,0,true,false,false,false,false,"COOLDOWN",false
"B-G1.042-C3",23799,3804,2394.8249898666,2,77,71,77,71,true,0,true,true,false,false,false,"",true
"B-G1.042-C3",23799,3984,2509.542924677,2,77,71,77,71,true,1,true,false,false,false,false,"COOLDOWN",false
"B-G1.042-C3",23799,4164,2615.6108259116,2,82,76,82,76,true,0,true,false,false,false,false,"COOLDOWN",false
"B-G1.042-C3",23799,4344,2723.1851307505,2,86,80,86,80,true,0,true,true,false,false,false,"",true
"B-G1.042-C3",23799,4524,2826.0509316163,3,87,80,87,80,false,0,true,true,false,false,false,"EQ",false
"B-G1.042-C3",23799,4704,2940.5800831316,3,92,86,92,86,false,0,true,true,false,false,false,"EQ",false
"B-G1.042-C3",23799,4884,3043.3016517591,3,94,87,94,87,false,0,true,true,false,false,false,"EQ",false
"B-G1.042-C3",23799,5064,3145.9913069315,3,96,90,96,90,false,0,true,true,false,false,false,"EQ",false
"B-G1.042-C3",23799,5244,3260.7169882569,3,99,92,99,92,false,0,true,true,false,false,false,"EQ",false
"B-G1.042-C3",23799,5424,3363.3329302859,3,102,95,102,95,false,0,true,true,false,false,false,"EQ",false
"B-G1.042-C3",23799,5604,3465.9083688824,3,105,98,105,98,false,0,true,true,false,false,false,"EQ",false
"B-G1.042-C3",23799,5784,3571.5195178159,3,107,100,107,100,false,0,true,true,false,false,false,"EQ",false
"B-G1.042-C3",31718,24,24,0,14,7,14,7,false,0,true,true,false,false,false,"EQ",false
"B-G1.042-C3",31718,204,145,0,16,9,16,9,false,0,true,true,false,false,false,"EQ",false
"B-G1.042-C3",31718,384,262.4894137429,0,19,12,19,12,false,0,true,true,false,false,false,"EQ",false
"B-G1.042-C3",31718,564,377.3603788926,0,22,15,22,15,true,0,true,true,false,false,false,"",true
"B-G1.042-C3",31718,744,507.7878637411,0,22,15,22,15,true,0,true,false,false,false,false,"COOLDOWN",false
"B-G1.042-C3",31718,924,620.4699133867,0,24,16,24,16,true,0,true,false,false,false,false,"COOLDOWN",false
"B-G1.042-C3",31718,1104,732.4200299724,0,26,19,26,19,true,0,true,true,false,false,false,"",true
"B-G1.042-C3",31718,1284,841.6200299724,1,26,19,26,19,false,0,true,true,false,false,false,"EQ",false
"B-G1.042-C3",31718,1464,958.0138896215,1,29,22,29,22,false,0,true,true,false,false,false,"EQ",false
"B-G1.042-C3",31718,1644,1070.222362185,1,34,27,34,27,false,0,true,true,false,false,false,"EQ",false
"B-G1.042-C3",31718,1824,1180.8979497335,1,39,32,39,32,true,0,true,true,false,false,false,"",true
"B-G1.042-C3",31718,2004,1297.4951203789,1,39,32,39,32,true,2,true,false,false,false,false,"COOLDOWN",false
"B-G1.042-C3",31718,2184,1412.6583143139,1,42,35,42,35,true,0,true,false,false,false,false,"COOLDOWN",false
"B-G1.042-C3",31718,2364,1523.1067483161,1,47,39,47,39,true,0,true,true,false,false,false,"",true
"B-G1.042-C3",31718,2544,1627.7178594272,2,47,40,47,40,false,0,true,true,false,false,false,"EQ",false
"B-G1.042-C3",31718,2724,1735.599697409,2,53,45,53,45,false,0,true,true,false,false,false,"EQ",false
"B-G1.042-C3",31718,2904,1839.2930307423,2,60,53,60,53,false,0,true,true,false,false,false,"EQ",false
"B-G1.042-C3",31718,3084,1942.6965395142,2,67,60,67,60,true,0,true,true,false,false,false,"",true
"B-G1.042-C3",31718,3264,2069.5965395142,2,67,60,67,60,true,1,true,false,false,false,false,"COOLDOWN",false
"B-G1.042-C3",31718,3444,2174.9329064203,2,70,63,70,63,true,0,true,false,false,false,false,"COOLDOWN",false
"B-G1.042-C3",31718,3624,2282.153598716,2,74,68,74,68,true,0,true,true,false,false,false,"",true
"B-G1.042-C3",31718,3804,2394.3667180854,2,74,68,74,68,true,1,true,false,false,false,false,"COOLDOWN",false
"B-G1.042-C3",31718,3984,2503.0189653904,2,78,71,78,71,true,0,true,false,false,false,false,"COOLDOWN",false
"B-G1.042-C3",31718,4164,2609.5318137814,2,82,76,82,76,true,0,true,true,false,false,false,"",true
"B-G1.042-C3",31718,4344,2714.7600407554,3,82,76,82,76,false,3,false,true,false,false,false,"EQ|OVERDUE",false
"B-G1.042-C3",31718,4524,2828.8868123337,3,86,79,86,79,false,0,true,true,false,false,false,"EQ",false
"B-G1.042-C3",31718,4704,2934.1237719978,3,88,82,88,82,false,0,true,true,false,false,false,"EQ",false
"B-G1.042-C3",31718,4884,3040.278893621,3,91,84,91,84,false,0,true,true,false,false,false,"EQ",false
"B-G1.042-C3",31718,5064,3149.1592177225,3,94,87,94,87,false,0,true,true,false,false,false,"EQ",false
"B-G1.042-C3",31718,5244,3257.1959120846,3,97,90,97,90,false,0,true,true,false,false,false,"EQ",false
"B-G1.042-C3",31718,5424,3365.4367745845,3,99,93,99,93,false,0,true,true,false,false,false,"EQ",false
"B-G1.042-C3",31718,5604,3476.8889251221,3,102,96,102,96,false,0,true,true,false,false,false,"EQ",false
"B-G1.042-C3",31718,5784,3582.0992116947,3,105,98,105,98,false,0,true,true,false,false,false,"EQ",false
"B-G1.042-C3",39637,24,24,0,14,7,14,7,false,0,true,true,false,false,false,"EQ",false
"B-G1.042-C3",39637,384,259.4444444443,0,19,12,19,12,false,0,true,true,false,false,false,"EQ",false
"B-G1.042-C3",39637,564,374.8684306658,0,21,14,21,14,true,0,true,true,false,false,false,"",true
"B-G1.042-C3",39637,744,501.7684306658,0,21,14,21,14,true,0,true,false,false,false,false,"COOLDOWN",false
"B-G1.042-C3",39637,924,614.445217591,0,23,16,23,16,true,0,true,false,false,false,false,"COOLDOWN",false
"B-G1.042-C3",39637,1104,726.4154804257,0,26,19,26,19,true,0,true,true,false,false,false,"",true
"B-G1.042-C3",39637,1284,836.1773851876,1,26,19,26,19,false,0,true,true,false,false,false,"EQ",false
"B-G1.042-C3",39637,1464,949.4937622958,1,30,23,30,23,false,0,true,true,false,false,false,"EQ",false
"B-G1.042-C3",39637,1644,1060.0500801615,1,34,26,34,26,false,0,true,true,false,false,false,"EQ",false
"B-G1.042-C3",39637,1824,1167.4383407175,1,42,35,42,35,true,0,true,true,false,false,false,"",true
"B-G1.042-C3",39637,2004,1276.511458997,2,42,35,42,35,false,6,false,true,false,false,false,"EQ|OVERDUE",false
"B-G1.042-C3",39637,2184,1389.4389783768,2,54,47,54,47,false,0,true,true,false,false,false,"EQ",false
"B-G1.042-C3",39637,2364,1496.4529147504,2,57,50,57,50,false,0,true,true,false,false,false,"EQ",false
"B-G1.042-C3",39637,2544,1601.9925808307,2,66,59,66,59,true,0,true,true,false,false,false,"",true
"B-G1.042-C3",39637,2724,1728.8925808307,2,66,59,66,59,true,3,false,false,false,false,false,"OVERDUE|COOLDOWN",false
"B-G1.042-C3",39637,2904,1835.7459420376,2,72,65,72,65,true,0,true,false,false,false,false,"COOLDOWN",false
"B-G1.042-C3",39637,3084,1949.9297636698,2,74,68,74,68,true,0,true,true,false,false,false,"",true
"B-G1.042-C3",39637,3264,2076.8297636698,2,74,68,74,68,true,0,true,false,false,false,false,"COOLDOWN",false
"B-G1.042-C3",39637,3444,2181.7492296397,2,77,71,77,71,true,0,true,false,false,false,false,"COOLDOWN",false
"B-G1.042-C3",39637,3624,2287.8171308743,2,82,75,82,75,true,0,true,true,false,false,false,"",true
"B-G1.042-C3",39637,3804,2392.7709239493,3,82,76,82,76,false,1,false,true,false,false,false,"EQ|OVERDUE",false
"B-G1.042-C3",39637,3984,2495.5610474061,3,90,83,90,83,false,0,true,true,false,false,false,"EQ",false
"B-G1.042-C3",39637,4164,2600.0086798633,3,95,88,95,88,false,0,true,true,false,false,false,"EQ",false
"B-G1.042-C3",39637,4344,2702.6983350357,3,97,90,97,90,false,0,true,true,false,false,false,"EQ",false
"B-G1.042-C3",39637,4524,2809.0676775817,3,100,93,100,93,false,0,true,true,false,false,false,"EQ",false
"B-G1.042-C3",39637,4704,2916.3388503973,3,102,95,102,95,false,0,true,true,false,false,false,"EQ",false
"B-G1.042-C3",39637,4884,3022.0779883164,3,104,97,104,97,false,0,true,true,false,false,false,"EQ",false
"B-G1.042-C3",39637,5064,3128.6847966176,3,106,100,106,100,false,0,true,true,false,false,false,"EQ",false
"B-G1.042-C3",39637,5244,3232.8914502667,3,108,101,108,101,false,0,true,true,false,false,false,"EQ",false
"B-G1.042-C3",39637,5424,3342.5593098942,3,111,104,111,104,true,0,true,true,false,false,false,"",true
"B-G1.042-C3",39637,5604,3469.4593098942,3,111,104,111,104,true,2,false,false,false,false,false,"OVERDUE|COOLDOWN",false
"B-G1.042-C3",39637,5784,3575.4805140561,3,112,106,112,106,true,0,true,false,false,false,false,"COOLDOWN",false
"B-G1.042-C3",47556,24,24,0,14,6,14,6,false,0,true,true,false,false,false,"EQ",false
"B-G1.042-C3",47556,204,142.1904761905,0,18,10,18,10,false,0,true,true,false,false,false,"EQ",false
"B-G1.042-C3",47556,384,257.8213591272,0,20,13,20,13,true,0,true,true,false,false,false,"",true
"B-G1.042-C3",47556,564,384.7213591272,0,20,13,20,13,true,0,true,false,false,false,false,"COOLDOWN",false
"B-G1.042-C3",47556,744,494.4832638891,0,25,17,25,17,true,0,true,false,false,false,false,"COOLDOWN",false
"B-G1.042-C3",47556,924,606.4296104259,0,27,19,27,19,true,0,true,true,false,false,false,"",true
"B-G1.042-C3",47556,1104,714.7041202298,1,27,20,27,20,false,0,true,true,false,false,false,"EQ",false
"B-G1.042-C3",47556,1284,823.9958740155,1,31,24,31,24,false,0,true,true,false,false,false,"EQ",false
"B-G1.042-C3",47556,1464,933.5037343772,1,34,26,34,26,false,0,true,true,false,false,false,"EQ",false
"B-G1.042-C3",47556,1644,1043.0237350007,1,37,30,37,30,true,0,true,true,false,false,false,"",true
"B-G1.042-C3",47556,1824,1169.9237350007,1,37,30,37,30,true,1,true,false,false,false,false,"COOLDOWN",false
"B-G1.042-C3",47556,2004,1278.9455325462,1,40,33,40,33,true,0,true,false,false,false,false,"COOLDOWN",false
"B-G1.042-C3",47556,2184,1386.9103077836,1,44,36,44,36,true,0,true,true,false,false,false,"",true
"B-G1.042-C3",47556,2364,1497.9518229352,1,44,36,44,36,true,0,true,false,false,false,false,"COOLDOWN",false
"B-G1.042-C3",47556,2544,1605.251671837,1,47,40,47,40,true,0,true,false,false,false,false,"COOLDOWN",false
"B-G1.042-C3",47556,2724,1712.3900349276,1,52,45,52,45,true,0,true,true,false,false,false,"",true
"B-G1.042-C3",47556,2904,1816.5328920704,2,53,46,53,46,false,0,true,true,false,false,false,"EQ",false
"B-G1.042-C3",47556,3084,1925.3095881556,2,60,52,60,52,false,0,true,true,false,false,false,"EQ",false
"B-G1.042-C3",47556,3264,2028.9121522582,2,63,56,63,56,false,0,true,true,false,false,false,"EQ",false
"B-G1.042-C3",47556,3444,2135.9644785824,2,67,60,67,60,true,0,true,true,false,false,false,"",true
"B-G1.042-C3",47556,3624,2262.8644785824,2,67,60,67,60,true,0,true,false,false,false,false,"COOLDOWN",false
"B-G1.042-C3",47556,3804,2368.3487120319,2,71,63,71,63,true,0,true,false,false,false,false,"COOLDOWN",false
"B-G1.042-C3",47556,3984,2473.4774609941,2,74,67,74,67,true,0,true,true,false,false,false,"",true
"B-G1.042-C3",47556,4164,2588.5225803635,2,74,67,74,67,true,2,false,false,false,false,false,"OVERDUE|COOLDOWN",false
"B-G1.042-C3",47556,4344,2704.3007366951,2,78,72,78,72,true,0,true,false,false,false,false,"COOLDOWN",false
"B-G1.042-C3",47556,4524,2810.4730008586,2,82,76,82,76,true,0,true,true,false,false,false,"",true
"B-G1.042-C3",47556,4704,2913.4227725481,3,82,76,82,76,false,0,true,true,false,false,false,"EQ",false
"B-G1.042-C3",47556,4884,3018.0568842554,3,89,83,89,83,false,0,true,true,false,false,false,"EQ",false
"B-G1.042-C3",47556,5064,3124.2859210495,3,94,87,94,87,false,0,true,true,false,false,false,"EQ",false
"B-G1.042-C3",47556,5244,3233.7210198573,3,100,94,100,94,false,0,true,true,false,false,false,"EQ",false
"B-G1.042-C3",47556,5424,3342.2236297866,3,103,96,103,96,false,0,true,true,false,false,false,"EQ",false
"B-G1.042-C3",47556,5604,3448.5091052995,3,106,100,106,100,false,0,true,true,false,false,false,"EQ",false
"B-G1.042-C3",47556,5784,3559.8843578247,3,109,102,109,102,false,0,true,true,false,false,false,"EQ",false
"B-G1.042-C3",55475,24,24,0,14,6,14,6,false,0,true,true,false,false,false,"EQ",false
"B-G1.042-C3",55475,204,148.9333333333,0,16,9,16,9,false,0,true,true,false,false,false,"EQ",false
"B-G1.042-C3",55475,384,269.9047753864,0,19,12,19,12,false,0,true,true,false,false,false,"EQ",false
"B-G1.042-C3",55475,564,386.2170987344,0,20,13,20,13,true,0,true,true,false,false,false,"",true
"B-G1.042-C3",55475,744,513.1170987344,0,20,13,20,13,true,0,true,false,false,false,false,"COOLDOWN",false
"B-G1.042-C3",55475,924,626.426261079,0,22,15,22,15,true,0,true,false,false,false,false,"COOLDOWN",false
"B-G1.042-C3",55475,1104,738.5155562426,0,26,19,26,19,true,0,true,true,false,false,false,"",true
"B-G1.042-C3",55475,1284,850.8773511144,1,26,19,26,19,false,0,true,true,false,false,false,"EQ",false
"B-G1.042-C3",55475,1464,958.4212107635,1,30,23,30,23,false,0,true,true,false,false,false,"EQ",false
"B-G1.042-C3",55475,1644,1068.7936288247,1,32,25,32,25,false,0,true,true,false,false,false,"EQ",false
"B-G1.042-C3",55475,1824,1177.5916515998,1,36,28,36,28,true,0,true,true,false,false,false,"",true
"B-G1.042-C3",55475,2004,1304.4916515998,1,36,28,36,28,true,1,true,false,false,false,false,"COOLDOWN",false
"B-G1.042-C3",55475,2184,1416.36666828,1,40,32,40,32,true,0,true,false,false,false,false,"COOLDOWN",false
"B-G1.042-C3",55475,2364,1524.1914616264,1,44,37,44,37,true,0,true,true,false,false,false,"",true
"B-G1.042-C3",55475,2544,1629.1005525354,2,44,37,44,37,false,0,true,true,false,false,false,"EQ",false
"B-G1.042-C3",55475,2724,1733.4595268944,2,49,42,49,42,false,0,true,true,false,false,false,"EQ",false
"B-G1.042-C3",55475,2904,1837.2511935611,2,58,51,58,51,false,0,true,true,false,false,false,"EQ",false
"B-G1.042-C3",55475,3084,1940.7299814399,2,65,58,65,58,true,0,true,true,false,false,false,"",true
"B-G1.042-C3",55475,3264,2067.6299814399,2,65,58,65,58,true,2,false,false,false,false,false,"OVERDUE|COOLDOWN",false
"B-G1.042-C3",55475,3444,2175.2452087113,2,69,61,69,61,true,0,true,false,false,false,false,"COOLDOWN",false
"B-G1.042-C3",55475,3624,2284.1186881346,2,72,65,72,65,true,0,true,true,false,false,false,"",true
"B-G1.042-C3",55475,3804,2411.0186881346,2,72,65,72,65,true,0,true,false,false,false,false,"COOLDOWN",false
"B-G1.042-C3",55475,3984,2519.451098187,2,75,69,75,69,true,0,true,false,false,false,false,"COOLDOWN",false
"B-G1.042-C3",55475,4164,2625.57075229,2,80,74,80,74,true,0,true,true,false,false,false,"",true
"B-G1.042-C3",55475,4344,2738.3993907877,2,80,74,80,74,true,4,false,false,false,false,false,"OVERDUE|COOLDOWN",false
"B-G1.042-C3",55475,4524,2844.1096098462,2,83,77,83,77,true,0,true,false,false,false,false,"COOLDOWN",false
"B-G1.042-C3",55475,4704,2950.8808552061,2,86,79,86,79,true,0,true,true,false,false,false,"",true
"B-G1.042-C3",55475,4884,3053.7668201184,3,86,79,86,79,false,0,true,true,false,false,false,"EQ",false
"B-G1.042-C3",55475,5064,3168.5765281643,3,90,83,90,83,false,0,true,true,false,false,false,"EQ",false
"B-G1.042-C3",55475,5244,3271.2980967918,3,94,87,94,87,false,0,true,true,false,false,false,"EQ",false
"B-G1.042-C3",55475,5424,3375.6450196283,3,98,91,98,91,false,0,true,true,false,false,false,"EQ",false
"B-G1.042-C3",55475,5604,3484.6638615805,3,101,95,101,95,false,0,true,true,false,false,false,"EQ",false
"B-G1.042-C3",55475,5784,3590.9932246364,3,103,96,103,96,false,0,true,true,false,false,false,"EQ",false
"B-G1.042-C3",63394,24,24,0,14,6,14,6,false,0,true,true,false,false,false,"EQ",false
"B-G1.042-C3",63394,204,150.8999999998,0,18,10,18,10,false,0,true,true,false,false,false,"EQ",false
"B-G1.042-C3",63394,384,269.2309465276,0,20,13,20,13,true,0,true,true,false,false,false,"",true
"B-G1.042-C3",63394,564,396.1309465276,0,20,13,20,13,true,1,true,false,false,false,false,"COOLDOWN",false
"B-G1.042-C3",63394,744,509.7577821293,0,25,17,25,17,true,0,true,false,false,false,false,"COOLDOWN",false
"B-G1.042-C3",63394,924,627.8077821293,0,26,19,26,19,true,0,true,true,false,false,false,"",true
"B-G1.042-C3",63394,1104,737.0077821293,1,26,19,26,19,false,0,true,true,false,false,false,"EQ",false
"B-G1.042-C3",63394,1284,844.5516417784,1,30,23,30,23,false,0,true,true,false,false,false,"EQ",false
"B-G1.042-C3",63394,1464,951.0154098943,1,33,26,33,26,false,0,true,true,false,false,false,"EQ",false
"B-G1.042-C3",63394,1644,1058.9688620383,1,37,30,37,30,true,0,true,true,false,false,false,"",true
"B-G1.042-C3",63394,1824,1185.8688620383,1,37,30,37,30,true,1,true,false,false,false,false,"COOLDOWN",false
"B-G1.042-C3",63394,2004,1295.2520072969,1,41,33,41,33,true,0,true,false,false,false,false,"COOLDOWN",false
"B-G1.042-C3",63394,2184,1400.161098206,1,44,37,44,37,true,0,true,true,false,false,false,"",true
"B-G1.042-C3",63394,2364,1506.4236133576,2,44,37,44,37,false,2,false,true,false,false,false,"EQ|OVERDUE",false
"B-G1.042-C3",63394,2544,1616.6420641787,2,52,45,52,45,false,0,true,true,false,false,false,"EQ",false
"B-G1.042-C3",63394,2724,1723.5241531379,2,61,54,61,54,false,0,true,true,false,false,false,"EQ",false
"B-G1.042-C3",63394,2904,1829.826663803,2,65,58,65,58,true,0,true,true,false,false,false,"",true
"B-G1.042-C3",63394,3084,1956.726663803,2,65,58,65,58,true,0,true,false,false,false,false,"COOLDOWN",false
"B-G1.042-C3",63394,3264,2064.2557119075,2,69,62,69,62,true,0,true,false,false,false,false,"COOLDOWN",false
"B-G1.042-C3",63394,3444,2172.5296962515,2,73,66,73,66,true,0,true,true,false,false,false,"",true
"B-G1.042-C3",63394,3624,2286.1351322159,2,73,66,73,66,true,0,true,false,false,false,false,"COOLDOWN",false
"B-G1.042-C3",63394,3804,2391.1388199828,2,78,72,78,72,true,0,true,false,false,false,false,"COOLDOWN",false
"B-G1.042-C3",63394,3984,2497.1465376823,2,83,77,83,77,true,0,true,true,false,false,false,"",true
"B-G1.042-C3",63394,4164,2602.3847605874,3,83,77,83,77,false,0,true,true,false,false,false,"EQ",false
"B-G1.042-C3",63394,4344,2711.5743468006,3,89,82,89,82,false,0,true,true,false,false,false,"EQ",false
"B-G1.042-C3",63394,4524,2821.4087620042,3,95,88,95,88,false,0,true,true,false,false,false,"EQ",false
"B-G1.042-C3",63394,4704,2932.9179380341,3,99,92,99,92,false,0,true,true,false,false,false,"EQ",false
"B-G1.042-C3",63394,4884,3037.4737413734,3,102,95,102,95,false,0,true,true,false,false,false,"EQ",false
"B-G1.042-C3",63394,5064,3140.0491799699,3,104,97,104,97,false,0,true,true,false,false,false,"EQ",false
"B-G1.042-C3",63394,5244,3245.5195935031,3,105,98,105,98,false,0,true,true,false,false,false,"EQ",false
"B-G1.042-C3",63394,5424,3348.0694216818,3,106,99,106,99,false,0,true,true,false,false,false,"EQ",false
"B-G1.042-C3",63394,5604,3452.8671091447,3,108,101,108,101,false,0,true,true,false,false,false,"EQ",false
"B-G1.042-C3",63394,5784,3555.3923616699,3,109,102,109,102,false,0,true,true,false,false,false,"EQ",false
"B-G1.042-C3",71313,24,24,0,14,7,14,7,false,0,true,true,false,false,false,"EQ",false
"B-G1.042-C3",71313,204,148.9333333333,0,16,9,16,9,false,0,true,true,false,false,false,"EQ",false
"B-G1.042-C3",71313,384,267.1016304419,0,19,12,19,12,false,0,true,true,false,false,false,"EQ",false
"B-G1.042-C3",71313,564,384.0626361098,0,21,14,21,14,true,0,true,true,false,false,false,"",true
"B-G1.042-C3",71313,744,510.9626361098,0,21,14,21,14,true,1,true,false,false,false,false,"COOLDOWN",false
"B-G1.042-C3",71313,924,623.5512680294,0,23,16,23,16,true,0,true,false,false,false,false,"COOLDOWN",false
"B-G1.042-C3",71313,1104,731.8257778333,0,27,20,27,20,true,0,true,true,false,false,false,"",true
"B-G1.042-C3",71313,1284,841.2775561557,1,28,20,28,20,false,9,false,true,false,false,false,"EQ|OVERDUE",false
"B-G1.042-C3",71313,1464,951.1802448292,1,31,23,31,23,false,0,true,true,false,false,false,"EQ",false
"B-G1.042-C3",71313,1644,1064.5829184991,1,34,27,34,27,false,0,true,true,false,false,false,"EQ",false
"B-G1.042-C3",71313,1824,1172.9906297194,1,37,30,37,30,true,0,true,true,false,false,false,"",true
"B-G1.042-C3",71313,2004,1299.8906297194,1,37,30,37,30,true,2,true,false,false,false,false,"COOLDOWN",false
"B-G1.042-C3",71313,2184,1404.9114630527,1,43,35,43,35,true,0,true,false,false,false,false,"COOLDOWN",false
"B-G1.042-C3",71313,2364,1509.3500595439,1,48,41,48,41,true,0,true,true,false,false,false,"",true
"B-G1.042-C3",71313,2544,1616.4100588128,2,48,41,48,41,false,0,true,true,false,false,false,"EQ",false
"B-G1.042-C3",71313,2724,1729.0015554114,2,60,52,60,52,false,0,true,true,false,false,false,"EQ",false
"B-G1.042-C3",71313,2904,1841.2550641833,2,68,60,68,60,true,0,true,true,false,false,false,"",true
"B-G1.042-C3",71313,3084,1968.1550641833,2,68,60,68,60,true,2,false,false,false,false,false,"OVERDUE|COOLDOWN",false
"B-G1.042-C3",71313,3264,2071.3614133897,2,73,66,73,66,true,0,true,false,false,false,false,"COOLDOWN",false
"B-G1.042-C3",71313,3444,2177.1991940448,2,77,71,77,71,true,0,true,true,false,false,false,"",true
"B-G1.042-C3",71313,3624,2285.4271288552,2,77,71,77,71,true,1,true,false,false,false,false,"COOLDOWN",false
"B-G1.042-C3",71313,3804,2388.4224340195,2,80,74,80,74,true,0,true,false,false,false,false,"COOLDOWN",false
"B-G1.042-C3",71313,3984,2494.5175498388,2,84,77,84,77,true,0,true,true,false,false,false,"",true
"B-G1.042-C3",71313,4164,2597.4454777667,3,84,77,84,77,false,0,true,true,false,false,false,"EQ",false
"B-G1.042-C3",71313,4344,2711.8723570826,3,87,80,87,80,false,0,true,true,false,false,false,"EQ",false
"B-G1.042-C3",71313,4524,2820.1567778806,3,90,84,90,84,false,0,true,true,false,false,false,"EQ",false
"B-G1.042-C3",71313,4704,2927.1783292362,3,93,86,93,86,false,0,true,true,false,false,false,"EQ",false
"B-G1.042-C3",71313,4884,3038.2804107769,3,98,91,98,91,false,0,true,true,false,false,false,"EQ",false
"B-G1.042-C3",71313,5064,3150.1575936969,3,99,93,99,93,false,0,true,true,false,false,false,"EQ",false
"B-G1.042-C3",71313,5244,3252.7597442345,3,103,96,103,96,false,0,true,true,false,false,false,"EQ",false
"B-G1.042-C3",71313,5424,3355.3222442345,3,106,99,106,99,false,0,true,true,false,false,false,"EQ",false
"B-G1.042-C3",71313,5604,3459.3513012549,3,108,101,108,101,false,0,true,true,false,false,false,"EQ",false
"B-G1.042-C3",71313,5784,3564.8029514199,3,111,104,111,104,true,0,true,true,false,false,false,"",true
"B-G1.045-C2",42,24,24,0,14,7,14,7,false,0,true,true,false,false,false,"EQ",false
"B-G1.045-C2",42,204,145,0,16,9,16,9,false,0,true,true,false,false,false,"EQ",false
"B-G1.045-C2",42,384,265.3695864898,0,18,11,18,11,false,0,true,true,false,false,false,"EQ",false
"B-G1.045-C2",42,564,382.4977492673,0,20,13,20,13,true,0,true,true,false,false,false,"",true
"B-G1.045-C2",42,744,509.3977492673,0,20,13,20,13,true,2,true,false,false,false,false,"COOLDOWN",false
"B-G1.045-C2",42,924,626.5988946571,0,23,16,23,16,true,0,true,true,false,false,false,"",true
"B-G1.045-C2",42,1104,745.0468322268,0,23,16,23,16,true,0,true,false,false,false,false,"COOLDOWN",false
"B-G1.045-C2",42,1284,856.4451865709,0,25,18,25,18,true,0,true,true,false,false,false,"",true
"B-G1.045-C2",42,1464,965.8025199042,1,25,18,25,18,false,2,true,true,false,false,false,"EQ",false
"B-G1.045-C2",42,1644,1073.3463795533,1,30,23,30,23,false,0,true,true,false,false,false,"EQ",false
"B-G1.045-C2",42,1824,1181.7957531591,1,34,27,34,27,false,0,true,true,false,false,false,"EQ",false
"B-G1.045-C2",42,2004,1287.0624198258,1,41,34,41,34,true,0,true,true,false,false,false,"",true
"B-G1.045-C2",42,2184,1398.5648588502,1,41,34,41,34,true,6,false,false,false,false,false,"OVERDUE|COOLDOWN",false
"B-G1.045-C2",42,2364,1505.6685329797,1,43,36,43,36,true,0,true,true,false,false,false,"",true
"B-G1.045-C2",42,2544,1612.315608385,2,43,36,43,36,false,2,false,true,false,false,false,"EQ|OVERDUE",false
"B-G1.045-C2",42,2724,1718.5945245145,2,55,49,55,49,false,0,true,true,false,false,false,"EQ",false
"B-G1.045-C2",42,2904,1827.7296547969,2,61,54,61,54,false,0,true,true,false,false,false,"EQ",false
"B-G1.045-C2",42,3084,1931.2481733154,2,64,58,64,58,false,0,true,true,false,false,false,"EQ",false
"B-G1.045-C2",42,3264,2034.6159894073,2,68,61,68,61,true,0,true,true,false,false,false,"",true
"B-G1.045-C2",42,3444,2161.5159894073,2,68,61,68,61,true,0,true,false,false,false,false,"COOLDOWN",false
"B-G1.045-C2",42,3624,2276.7743876258,2,71,64,71,64,true,0,true,true,false,false,false,"",true
"B-G1.045-C2",42,3804,2393.9905227755,2,71,64,71,64,true,3,false,false,false,false,false,"OVERDUE|COOLDOWN",false
"B-G1.045-C2",42,3984,2502.9225108253,2,74,68,74,68,true,0,true,true,false,false,false,"",true
"B-G1.045-C2",42,4164,2615.1356301947,2,74,68,74,68,true,0,true,false,false,false,false,"COOLDOWN",false
"B-G1.045-C2",42,4344,2727.0542576457,2,78,71,78,71,true,0,true,true,false,false,false,"",true
"B-G1.045-C2",42,4524,2841.0772184301,2,78,71,78,71,true,2,false,false,false,false,false,"OVERDUE|COOLDOWN",false
"B-G1.045-C2",42,4704,2948.3720839515,2,82,76,82,76,true,0,true,true,false,false,false,"",true
"B-G1.045-C2",42,4884,3053.6003109255,3,82,76,82,76,false,9,false,true,false,false,false,"EQ|OVERDUE",false
"B-G1.045-C2",42,5064,3156.4464647717,3,87,81,87,81,false,0,true,true,false,false,false,"EQ",false
"B-G1.045-C2",42,5244,3259.2365882285,3,90,83,90,83,false,0,true,true,false,false,false,"EQ",false
"B-G1.045-C2",42,5424,3364.9407025077,3,93,87,93,87,false,0,true,true,false,false,false,"EQ",false
"B-G1.045-C2",42,5604,3467.6461288643,3,95,89,95,89,false,0,true,true,false,false,false,"EQ",false
"B-G1.045-C2",42,5784,3570.3203712885,3,97,90,97,90,false,0,true,true,false,false,false,"EQ",false
"B-G1.045-C2",7961,24,24,0,14,7,14,7,false,0,true,true,false,false,false,"EQ",false
"B-G1.045-C2",7961,204,148.9333333332,0,16,9,16,9,false,0,true,true,false,false,false,"EQ",false
"B-G1.045-C2",7961,384,270.2437769937,0,18,11,18,11,false,0,true,true,false,false,false,"EQ",false
"B-G1.045-C2",7961,564,387.5227457562,0,20,13,20,13,true,0,true,true,false,false,false,"",true
"B-G1.045-C2",7961,744,518.1594124229,0,20,13,20,13,true,1,true,false,false,false,false,"COOLDOWN",false
"B-G1.045-C2",7961,924,627.9213171848,0,24,17,24,17,true,0,true,true,false,false,false,"",true
"B-G1.045-C2",7961,1104,741.61655528,1,24,17,24,17,false,14,false,true,false,false,false,"EQ|OVERDUE",false
"B-G1.045-C2",7961,1284,850.3248886133,1,26,19,26,19,false,0,true,true,false,false,false,"EQ",false
"B-G1.045-C2",7961,1464,960.0434643932,1,30,23,30,23,false,0,true,true,false,false,false,"EQ",false
"B-G1.045-C2",7961,1644,1070.6610719012,1,33,26,33,26,false,0,true,true,false,false,false,"EQ",false
"B-G1.045-C2",7961,1824,1179.1423035434,1,36,30,36,30,true,0,true,true,false,false,false,"",true
"B-G1.045-C2",7961,2004,1306.0423035434,1,36,30,36,30,true,0,true,false,false,false,false,"COOLDOWN",false
"B-G1.045-C2",7961,2184,1420.294602394,1,40,33,40,33,true,0,true,true,false,false,false,"",true
"B-G1.045-C2",7961,2364,1534.3502345779,1,40,33,40,33,true,1,true,false,false,false,false,"COOLDOWN",false
"B-G1.045-C2",7961,2544,1641.342915692,1,43,37,43,37,true,0,true,true,false,false,false,"",true
"B-G1.045-C2",7961,2724,1747.9899910973,2,43,37,43,37,false,0,true,true,false,false,false,"EQ",false
"B-G1.045-C2",7961,2904,1867.4136684664,2,49,42,49,42,false,0,true,true,false,false,false,"EQ",false
"B-G1.045-C2",7961,3084,1973.2836832829,2,60,53,60,53,false,0,true,true,false,false,false,"EQ",false
"B-G1.045-C2",7961,3264,2089.7283335789,2,65,58,65,58,true,0,true,true,false,false,false,"",true
"B-G1.045-C2",7961,3444,2216.6283335789,2,65,58,65,58,true,2,false,false,false,false,false,"OVERDUE|COOLDOWN",false
"B-G1.045-C2",7961,3624,2320.0318423508,2,68,61,68,61,true,0,true,true,false,false,false,"",true
"B-G1.045-C2",7961,3804,2446.9318423508,2,68,61,68,61,true,0,true,false,false,false,false,"COOLDOWN",false
"B-G1.045-C2",7961,3984,2554.7448774693,2,71,65,71,65,true,0,true,true,false,false,false,"",true
"B-G1.045-C2",7961,4164,2681.6448774693,2,71,65,71,65,true,0,true,false,false,false,false,"COOLDOWN",false
"B-G1.045-C2",7961,4344,2788.0875496281,2,74,68,74,68,true,0,true,true,false,false,false,"",true
"B-G1.045-C2",7961,4524,2900.3006689975,2,74,68,74,68,true,1,true,false,false,false,false,"COOLDOWN",false
"B-G1.045-C2",7961,4704,3015.5219376067,2,77,71,77,71,true,0,true,true,false,false,false,"",true
"B-G1.045-C2",7961,4884,3132.0098724171,2,77,71,77,71,true,0,true,false,false,false,false,"COOLDOWN",false
"B-G1.045-C2",7961,5064,3240.2528521271,2,82,76,82,76,true,0,true,true,false,false,false,"",true
"B-G1.045-C2",7961,5244,3344.7837518653,3,82,76,82,76,false,7,false,true,false,false,false,"EQ|OVERDUE",false
"B-G1.045-C2",7961,5424,3449.4164994519,3,89,83,89,83,false,0,true,true,false,false,false,"EQ",false
"B-G1.045-C2",7961,5604,3557.9460005406,3,92,85,92,85,false,0,true,true,false,false,false,"EQ",false
"B-G1.045-C2",15880,24,24,0,13,7,13,7,false,0,true,true,false,false,false,"EQ",false
"B-G1.045-C2",15880,204,145,0,16,9,16,9,false,0,true,true,false,false,false,"EQ",false
"B-G1.045-C2",15880,384,264.9041008775,0,19,12,19,12,false,0,true,true,false,false,false,"EQ",false
"B-G1.045-C2",15880,564,379.7462661335,0,22,14,22,14,true,0,true,true,false,false,false,"",true
"B-G1.045-C2",15880,744,504.3220237093,0,22,14,22,14,true,0,true,false,false,false,false,"COOLDOWN",false
"B-G1.045-C2",15880,924,618.0512989494,0,24,17,24,17,true,0,true,true,false,false,false,"",true
"B-G1.045-C2",15880,1104,733.102888693,0,24,17,24,17,true,0,true,false,false,false,false,"COOLDOWN",false
"B-G1.045-C2",15880,1284,844.2956857137,0,25,18,25,18,true,0,true,true,false,false,false,"",true
"B-G1.045-C2",15880,1464,953.653019047,1,25,18,25,18,false,0,true,true,false,false,false,"EQ",false
"B-G1.045-C2",15880,1644,1064.4486309248,1,29,22,29,22,false,0,true,true,false,false,false,"EQ",false
"B-G1.045-C2",15880,1824,1175.048881717,1,32,25,32,25,false,0,true,true,false,false,false,"EQ",false
"B-G1.045-C2",15880,2004,1280.5965007646,1,39,32,39,32,true,0,true,true,false,false,false,"",true
"B-G1.045-C2",15880,2184,1400.2889916071,1,39,32,39,32,true,1,true,false,false,false,false,"COOLDOWN",false
"B-G1.045-C2",15880,2364,1507.8029228645,1,43,36,43,36,true,0,true,true,false,false,false,"",true
"B-G1.045-C2",15880,2544,1614.561740694,2,43,36,43,36,false,1,true,true,false,false,false,"EQ",false
"B-G1.045-C2",15880,2724,1727.6231228078,2,52,45,52,45,false,0,true,true,false,false,false,"EQ",false
"B-G1.045-C2",15880,2904,1834.4195014793,2,57,50,57,50,false,0,true,true,false,false,false,"EQ",false
"B-G1.045-C2",15880,3084,1940.6610405331,2,63,57,63,57,false,0,true,true,false,false,false,"EQ",false
"B-G1.045-C2",15880,3264,2056.3480463515,2,67,60,67,60,true,0,true,true,false,false,false,"",true
"B-G1.045-C2",15880,3444,2183.2480463515,2,67,60,67,60,true,1,true,false,false,false,false,"COOLDOWN",false
"B-G1.045-C2",15880,3624,2286.5480463515,2,70,63,70,63,true,0,true,true,false,false,false,"",true
"B-G1.045-C2",15880,3804,2413.4480463515,2,70,63,70,63,true,0,true,false,false,false,false,"COOLDOWN",false
"B-G1.045-C2",15880,3984,2519.8134089012,2,74,68,74,68,true,0,true,true,false,false,false,"",true
"B-G1.045-C2",15880,4164,2632.0265282706,2,74,68,74,68,true,4,false,false,false,false,false,"OVERDUE|COOLDOWN",false
"B-G1.045-C2",15880,4344,2741.680516995,2,78,72,78,72,true,0,true,true,false,false,false,"",true
"B-G1.045-C2",15880,4524,2849.8373285892,2,78,72,78,72,true,9,false,false,false,false,false,"OVERDUE|COOLDOWN",false
"B-G1.045-C2",15880,4704,2955.8829749239,2,82,75,82,75,true,0,true,true,false,false,false,"",true
"B-G1.045-C2",15880,4884,3058.8327466134,3,82,75,82,75,false,0,true,true,false,false,false,"EQ",false
"B-G1.045-C2",15880,5064,3164.8587970007,3,87,80,87,80,false,0,true,true,false,false,false,"EQ",false
"B-G1.045-C2",15880,5244,3269.4901640419,3,90,83,90,83,false,0,true,true,false,false,false,"EQ",false
"B-G1.045-C2",15880,5424,3380.7628689344,3,93,86,93,86,false,0,true,true,false,false,false,"EQ",false
"B-G1.045-C2",15880,5604,3489.197562819,3,96,90,96,90,false,0,true,true,false,false,false,"EQ",false
"B-G1.045-C2",15880,5784,3595.2037611239,3,98,91,98,91,false,0,true,true,false,false,false,"EQ",false
"B-G1.045-C2",23799,24,24,0,14,7,14,7,false,0,true,true,false,false,false,"EQ",false
"B-G1.045-C2",23799,204,148.9333333333,0,16,9,16,9,false,0,true,true,false,false,false,"EQ",false
"B-G1.045-C2",23799,384,270.3865086354,0,18,11,18,11,false,0,true,true,false,false,false,"EQ",false
"B-G1.045-C2",23799,564,385.6858405536,0,21,13,21,13,true,0,true,true,false,false,false,"",true
"B-G1.045-C2",23799,744,512.5858405536,0,21,13,21,13,true,0,true,false,false,false,false,"COOLDOWN",false
"B-G1.045-C2",23799,924,625.7202662014,0,23,15,23,15,true,0,true,true,false,false,false,"",true
"B-G1.045-C2",23799,1104,752.6202662014,0,23,15,23,15,true,0,true,false,false,false,false,"COOLDOWN",false
"B-G1.045-C2",23799,1284,861.3285995347,0,27,20,27,20,true,0,true,true,false,false,false,"",true
"B-G1.045-C2",23799,1464,972.4406365718,1,27,20,27,20,false,5,false,true,false,false,false,"EQ|OVERDUE",false
"B-G1.045-C2",23799,1644,1087.0063509919,1,31,24,31,24,false,0,true,true,false,false,false,"EQ",false
"B-G1.045-C2",23799,1824,1195.17189968,1,39,32,39,32,true,0,true,true,false,false,false,"",true
"B-G1.045-C2",23799,2004,1322.07189968,1,39,32,39,32,true,5,false,false,false,false,false,"OVERDUE|COOLDOWN",false
"B-G1.045-C2",23799,2184,1430.834960187,1,45,39,45,39,true,0,true,true,false,false,false,"",true
"B-G1.045-C2",23799,2364,1539.6697220918,1,45,39,45,39,true,1,true,false,false,false,false,"COOLDOWN",false
"B-G1.045-C2",23799,2544,1647.6918838238,1,49,42,49,42,true,0,true,true,false,false,false,"",true
"B-G1.045-C2",23799,2724,1752.0508581828,2,49,43,49,43,false,0,true,true,false,false,false,"EQ",false
"B-G1.045-C2",23799,2904,1856.0064137384,2,55,49,55,49,false,0,true,true,false,false,false,"EQ",false
"B-G1.045-C2",23799,3084,1959.6997470717,2,60,53,60,53,false,0,true,true,false,false,false,"EQ",false
"B-G1.045-C2",23799,3264,2065.609469877,2,65,58,65,58,true,0,true,true,false,false,false,"",true
"B-G1.045-C2",23799,3444,2192.509469877,2,65,58,65,58,true,0,true,false,false,false,false,"COOLDOWN",false
"B-G1.045-C2",23799,3624,2310.3755052253,2,72,65,72,65,true,0,true,true,false,false,false,"",true
"B-G1.045-C2",23799,3804,2425.4120643651,2,72,65,72,65,true,12,false,false,false,false,false,"OVERDUE|COOLDOWN",false
"B-G1.045-C2",23799,3984,2531.6103834532,2,75,69,75,69,true,0,true,true,false,false,false,"",true
"B-G1.045-C2",23799,4164,2647.1609289078,2,75,69,75,69,true,12,false,false,false,false,false,"OVERDUE|COOLDOWN",false
"B-G1.045-C2",23799,4344,2750.2044071687,2,78,71,78,71,true,0,true,true,false,false,false,"",true
"B-G1.045-C2",23799,4524,2857.1812187629,3,78,71,78,71,false,4,false,true,false,false,false,"EQ|OVERDUE",false
"B-G1.045-C2",23799,4704,2960.1091466908,3,84,77,84,77,false,0,true,true,false,false,false,"EQ",false
"B-G1.045-C2",23799,4884,3064.9991907773,3,88,81,88,81,false,0,true,true,false,false,false,"EQ",false
"B-G1.045-C2",23799,5064,3172.1793074281,3,91,84,91,84,false,0,true,true,false,false,false,"EQ",false
"B-G1.045-C2",23799,5244,3278.3903814111,3,94,87,94,87,false,0,true,true,false,false,false,"EQ",false
"B-G1.045-C2",23799,5424,3394.2586620774,3,96,90,96,90,false,0,true,true,false,false,false,"EQ",false
"B-G1.045-C2",23799,5604,3505.9486156019,3,98,92,98,92,false,0,true,true,false,false,false,"EQ",false
"B-G1.045-C2",31718,24,24,0,14,7,14,7,false,0,true,true,false,false,false,"EQ",false
"B-G1.045-C2",31718,204,145,0,16,9,16,9,false,0,true,true,false,false,false,"EQ",false
"B-G1.045-C2",31718,384,268.2944444444,0,19,12,19,12,false,0,true,true,false,false,false,"EQ",false
"B-G1.045-C2",31718,564,383.3095353378,0,21,14,21,14,true,0,true,true,false,false,false,"",true
"B-G1.045-C2",31718,744,512.1509162902,0,21,14,21,14,true,0,true,false,false,false,false,"COOLDOWN",false
"B-G1.045-C2",31718,924,621.3509162902,0,25,19,25,19,true,0,true,true,false,false,false,"",true
"B-G1.045-C2",31718,1104,738.9682496235,0,25,19,25,19,true,11,false,false,false,false,false,"OVERDUE|COOLDOWN",false
"B-G1.045-C2",31718,1284,850.0397816946,0,27,20,27,20,true,0,true,true,false,false,false,"",true
"B-G1.045-C2",31718,1464,958.3142914985,1,27,20,27,20,false,0,true,true,false,false,false,"EQ",false
"B-G1.045-C2",31718,1644,1068.3860259658,1,31,24,31,24,false,0,true,true,false,false,false,"EQ",false
"B-G1.045-C2",31718,1824,1186.9049518612,1,33,27,33,27,false,0,true,true,false,false,false,"EQ",false
"B-G1.045-C2",31718,2004,1292.1716185279,1,40,33,40,33,true,0,true,true,false,false,false,"",true
"B-G1.045-C2",31718,2184,1406.0916185279,1,40,33,40,33,true,1,true,false,false,false,false,"COOLDOWN",false
"B-G1.045-C2",31718,2364,1513.266754242,1,43,37,43,37,true,0,true,true,false,false,false,"",true
"B-G1.045-C2",31718,2544,1619.9138296473,2,43,37,43,37,false,1,true,true,false,false,false,"EQ",false
"B-G1.045-C2",31718,2724,1723.9289811625,2,54,48,54,48,false,0,true,true,false,false,false,"EQ",false
"B-G1.045-C2",31718,2904,1827.5315452651,2,62,56,62,56,false,0,true,true,false,false,false,"EQ",false
"B-G1.045-C2",31718,3084,1933.5005387451,2,68,62,68,62,true,0,true,true,false,false,false,"",true
"B-G1.045-C2",31718,3264,2060.4005387451,2,68,62,68,62,true,1,true,false,false,false,false,"COOLDOWN",false
"B-G1.045-C2",31718,3444,2169.5084077305,2,71,64,71,64,true,0,true,true,false,false,false,"",true
"B-G1.045-C2",31718,3624,2288.8807833174,2,71,64,71,64,true,0,true,false,false,false,false,"COOLDOWN",false
"B-G1.045-C2",31718,3804,2404.8929217731,2,74,68,74,68,true,0,true,true,false,false,false,"",true
"B-G1.045-C2",31718,3984,2531.8412911425,2,74,68,74,68,true,1,true,false,false,false,false,"COOLDOWN",false
"B-G1.045-C2",31718,4164,2645.8796558568,2,77,71,77,71,true,0,true,true,false,false,false,"",true
"B-G1.045-C2",31718,4344,2754.1075906672,2,77,71,77,71,true,0,true,false,false,false,false,"COOLDOWN",false
"B-G1.045-C2",31718,4524,2858.8676306422,2,80,73,80,73,true,0,true,true,false,false,false,"",true
"B-G1.045-C2",31718,4704,2963.4362691399,3,80,73,80,73,false,1,false,true,false,false,false,"EQ|OVERDUE",false
"B-G1.045-C2",31718,4884,3066.3429358066,3,84,78,84,78,false,0,true,true,false,false,false,"EQ",false
"B-G1.045-C2",31718,5064,3177.9462754539,3,88,81,88,81,false,0,true,true,false,false,false,"EQ",false
"B-G1.045-C2",31718,5244,3280.684370692,3,93,86,93,86,false,0,true,true,false,false,false,"EQ",false
"B-G1.045-C2",31718,5424,3386.8425534814,3,95,89,95,89,false,0,true,true,false,false,false,"EQ",false
"B-G1.045-C2",31718,5604,3493.3836047683,3,98,91,98,91,false,0,true,true,false,false,false,"EQ",false
"B-G1.045-C2",31718,5784,3596.0136413984,3,100,93,100,93,false,0,true,true,false,false,false,"EQ",false
"B-G1.045-C2",39637,24,24,0,14,7,14,7,false,0,true,true,false,false,false,"EQ",false
"B-G1.045-C2",39637,204,150.9,0,18,11,18,11,false,0,true,true,false,false,false,"EQ",false
"B-G1.045-C2",39637,384,262.0666666667,0,23,16,23,16,true,0,true,true,false,false,false,"",true
"B-G1.045-C2",39637,564,388.9666666667,0,23,16,23,16,true,16,false,false,false,false,false,"OVERDUE|COOLDOWN",false
"B-G1.045-C2",39637,744,505.0651453015,0,24,17,24,17,true,0,true,true,false,false,false,"",true
"B-G1.045-C2",39637,924,623.4803833967,0,24,17,24,17,true,6,false,false,false,false,false,"OVERDUE|COOLDOWN",false
"B-G1.045-C2",39637,1104,731.7548932006,0,28,21,28,21,true,0,true,true,false,false,false,"",true
"B-G1.045-C2",39637,1284,839.6437820895,1,28,21,28,21,false,0,true,true,false,false,false,"EQ",false
"B-G1.045-C2",39637,1464,949.0947916162,1,35,29,35,29,true,0,true,true,false,false,false,"",true
"B-G1.045-C2",39637,1644,1076.1914582829,1,35,29,35,29,true,0,true,false,false,false,false,"COOLDOWN",false
"B-G1.045-C2",39637,1824,1181.8951619866,1,38,31,38,31,true,0,true,true,false,false,false,"",true
"B-G1.045-C2",39637,2004,1301.4690411289,1,38,31,38,31,true,0,true,false,false,false,false,"COOLDOWN",false
"B-G1.045-C2",39637,2184,1406.378132038,1,43,37,43,37,true,0,true,true,false,false,false,"",true
"B-G1.045-C2",39637,2364,1520.0462074433,1,43,37,43,37,true,8,false,false,false,false,false,"OVERDUE|COOLDOWN",false
"B-G1.045-C2",39637,2544,1628.359249167,1,48,41,48,41,true,0,true,true,false,false,false,"",true
"B-G1.045-C2",39637,2724,1733.1911789915,2,48,41,48,41,false,1,true,true,false,false,false,"EQ",false
"B-G1.045-C2",39637,2904,1839.0965319442,2,59,53,59,53,false,0,true,true,false,false,false,"EQ",false
"B-G1.045-C2",39637,3084,1946.9578782416,2,64,57,64,57,false,0,true,true,false,false,false,"EQ",false
"B-G1.045-C2",39637,3264,2050.3613870135,2,68,61,68,61,true,0,true,true,false,false,false,"",true
"B-G1.045-C2",39637,3444,2179.5994066213,2,68,61,68,61,true,0,true,false,false,false,false,"COOLDOWN",false
"B-G1.045-C2",39637,3624,2285.3656876247,2,72,66,72,66,true,0,true,true,false,false,false,"",true
"B-G1.045-C2",39637,3804,2401.1102467645,2,72,66,72,66,true,0,true,false,false,false,false,"COOLDOWN",false
"B-G1.045-C2",39637,3984,2507.4113310513,2,78,72,78,72,true,0,true,true,false,false,false,"",true
"B-G1.045-C2",39637,4164,2614.3881426455,3,78,72,78,72,false,2,false,true,false,false,false,"EQ|OVERDUE",false
"B-G1.045-C2",39637,4344,2719.0992390204,3,87,81,87,81,false,0,true,true,false,false,false,"EQ",false
"B-G1.045-C2",39637,4524,2830.2588261848,3,93,86,93,86,false,0,true,true,false,false,false,"EQ",false
"B-G1.045-C2",39637,4704,2936.4116042418,3,95,88,95,88,false,0,true,true,false,false,false,"EQ",false
"B-G1.045-C2",39637,4884,3039.0707802717,3,98,91,98,91,false,0,true,true,false,false,false,"EQ",false
"B-G1.045-C2",39637,5064,3141.7152247161,3,99,93,99,93,false,0,true,true,false,false,false,"EQ",false
"B-G1.045-C2",39637,5244,3247.1343475411,3,101,95,101,95,false,0,true,true,false,false,false,"EQ",false
"B-G1.045-C2",39637,5424,3353.6045028105,3,103,96,103,96,false,0,true,true,false,false,false,"EQ",false
"B-G1.045-C2",39637,5604,3469.4472058969,3,104,97,104,97,false,0,true,true,false,false,false,"EQ",false
"B-G1.045-C2",39637,5784,3580.8597058969,3,105,99,105,99,false,0,true,true,false,false,false,"EQ",false
"B-G1.045-C2",47556,24,24,0,13,7,13,7,false,0,true,true,false,false,false,"EQ",false
"B-G1.045-C2",47556,204,146.3407671957,0,18,10,18,10,false,0,true,true,false,false,false,"EQ",false
"B-G1.045-C2",47556,384,263.8217702465,0,20,13,20,13,true,0,true,true,false,false,false,"",true
"B-G1.045-C2",47556,564,390.9184369132,0,20,13,20,13,true,1,true,false,false,false,false,"COOLDOWN",false
"B-G1.045-C2",47556,744,506.2860892143,0,22,15,22,15,true,0,true,true,false,false,false,"",true
"B-G1.045-C2",47556,924,630.8618467901,0,22,15,22,15,true,0,true,false,false,false,false,"COOLDOWN",false
"B-G1.045-C2",47556,1104,744.78356797,0,24,17,24,17,true,0,true,true,false,false,false,"",true
"B-G1.045-C2",47556,1284,865.6171577136,0,24,17,24,17,true,10,false,false,false,false,false,"OVERDUE|COOLDOWN",false
"B-G1.045-C2",47556,1464,977.7504377669,0,26,19,26,19,true,0,true,true,false,false,false,"",true
"B-G1.045-C2",47556,1644,1087.0239513887,1,26,19,26,19,false,8,false,true,false,false,false,"EQ|OVERDUE",false
"B-G1.045-C2",47556,1824,1198.9235659406,1,31,24,31,24,false,0,true,true,false,false,false,"EQ",false
"B-G1.045-C2",47556,2004,1304.4711849882,1,39,32,39,32,true,0,true,true,false,false,false,"",true
"B-G1.045-C2",47556,2184,1421.2136758307,1,39,32,39,32,true,3,false,false,false,false,false,"OVERDUE|COOLDOWN",false
"B-G1.045-C2",47556,2364,1526.1227667398,1,44,37,44,37,true,0,true,true,false,false,false,"",true
"B-G1.045-C2",47556,2544,1633.4754661331,2,44,37,44,37,false,1,true,true,false,false,false,"EQ",false
"B-G1.045-C2",47556,2724,1744.2126715484,2,50,43,50,43,false,0,true,true,false,false,false,"EQ",false
"B-G1.045-C2",47556,2904,1851.7444815063,2,57,51,57,51,false,0,true,true,false,false,false,"EQ",false
"B-G1.045-C2",47556,3084,1960.5140959593,2,65,58,65,58,true,0,true,true,false,false,false,"",true
"B-G1.045-C2",47556,3264,2092.920762626,2,65,58,65,58,true,4,false,false,false,false,false,"OVERDUE|COOLDOWN",false
"B-G1.045-C2",47556,3444,2200.8903267046,2,69,62,69,62,true,0,true,true,false,false,false,"",true
"B-G1.045-C2",47556,3624,2320.5045196081,2,69,62,69,62,true,0,true,false,false,false,false,"COOLDOWN",false
"B-G1.045-C2",47556,3804,2423.6816029414,2,74,67,74,67,true,0,true,true,false,false,false,"",true
"B-G1.045-C2",47556,3984,2542.3847223108,2,74,67,74,67,true,1,true,false,false,false,false,"COOLDOWN",false
"B-G1.045-C2",47556,4164,2652.0326719569,2,77,70,77,70,true,0,true,true,false,false,false,"",true
"B-G1.045-C2",47556,4344,2763.2365066794,2,77,70,77,70,true,0,true,false,false,false,false,"COOLDOWN",false
"B-G1.045-C2",47556,4524,2871.1193797999,2,80,73,80,73,true,0,true,true,false,false,false,"",true
"B-G1.045-C2",47556,4704,2975.6880182976,3,80,73,80,73,false,1,false,true,false,false,false,"EQ|OVERDUE",false
"B-G1.045-C2",47556,4884,3080.422607582,3,87,80,87,80,false,0,true,true,false,false,false,"EQ",false
"B-G1.045-C2",47556,5064,3187.7539908724,3,91,84,91,84,false,0,true,true,false,false,false,"EQ",false
"B-G1.045-C2",47556,5244,3290.4755594999,3,94,88,94,88,false,0,true,true,false,false,false,"EQ",false
"B-G1.045-C2",47556,5424,3400.358089592,3,98,91,98,91,false,0,true,true,false,false,false,"EQ",false
"B-G1.045-C2",47556,5604,3507.1327886175,3,99,93,99,93,false,0,true,true,false,false,false,"EQ",false
"B-G1.045-C2",55475,24,24,0,13,7,13,7,false,0,true,true,false,false,false,"EQ",false
"B-G1.045-C2",55475,204,145,0,16,9,16,9,false,0,true,true,false,false,false,"EQ",false
"B-G1.045-C2",55475,384,261.0833333333,0,18,11,18,11,false,0,true,true,false,false,false,"EQ",false
"B-G1.045-C2",55475,564,371.4935897436,0,23,16,23,16,true,0,true,true,false,false,false,"",true
"B-G1.045-C2",55475,744,498.3935897436,0,23,16,23,16,true,17,false,false,false,false,false,"OVERDUE|COOLDOWN",false
"B-G1.045-C2",55475,924,611.6351143522,0,24,17,24,17,true,0,true,true,false,false,false,"",true
"B-G1.045-C2",55475,1104,729.6957040958,0,24,17,24,17,true,5,false,false,false,false,false,"OVERDUE|COOLDOWN",false
"B-G1.045-C2",55475,1284,837.5845929847,0,28,21,28,21,true,0,true,true,false,false,false,"",true
"B-G1.045-C2",55475,1464,947.5441009212,1,28,21,28,21,false,0,true,true,false,false,false,"EQ",false
"B-G1.045-C2",55475,1644,1057.7892230661,1,33,26,33,26,false,0,true,true,false,false,false,"EQ",false
"B-G1.045-C2",55475,1824,1168.7784180583,1,36,29,36,29,true,0,true,true,false,false,false,"",true
"B-G1.045-C2",55475,2004,1295.6784180583,1,36,29,36,29,true,2,true,false,false,false,false,"COOLDOWN",false
"B-G1.045-C2",55475,2184,1400.8182030045,1,41,34,41,34,true,0,true,true,false,false,false,"",true
"B-G1.045-C2",55475,2364,1512.1937603084,1,41,34,41,34,true,0,true,false,false,false,false,"COOLDOWN",false
"B-G1.045-C2",55475,2544,1616.8048714195,1,47,40,47,40,true,0,true,true,false,false,false,"",true
"B-G1.045-C2",55475,2724,1723.5667626725,2,47,40,47,40,false,0,true,true,false,false,false,"EQ",false
"B-G1.045-C2",55475,2904,1839.5642717865,2,53,46,53,46,false,0,true,true,false,false,false,"EQ",false
"B-G1.045-C2",55475,3084,1943.5198273421,2,55,48,55,48,false,0,true,true,false,false,false,"EQ",false
"B-G1.045-C2",55475,3264,2050.7945311396,2,59,52,59,52,false,0,true,true,false,false,false,"EQ",false
"B-G1.045-C2",55475,3444,2160.1833628142,2,65,58,65,58,true,0,true,true,false,false,false,"",true
"B-G1.045-C2",55475,3624,2287.0833628142,2,65,58,65,58,true,0,true,false,false,false,false,"COOLDOWN",false
"B-G1.045-C2",55475,3804,2390.4511789061,2,69,62,69,62,true,0,true,true,false,false,false,"",true
"B-G1.045-C2",55475,3984,2517.3511789061,2,69,62,69,62,true,1,true,false,false,false,false,"COOLDOWN",false
"B-G1.045-C2",55475,4164,2629.4377380459,2,72,65,72,65,true,0,true,true,false,false,false,"",true
"B-G1.045-C2",55475,4344,2744.4742971857,2,72,65,72,65,true,0,true,false,false,false,false,"COOLDOWN",false
"B-G1.045-C2",55475,4524,2849.7402450061,2,76,69,76,69,true,0,true,true,false,false,false,"",true
"B-G1.045-C2",55475,4704,2959.2523162289,2,76,69,76,69,true,0,true,false,false,false,false,"COOLDOWN",false
"B-G1.045-C2",55475,4884,3062.271363848,2,79,73,79,73,true,0,true,true,false,false,false,"",true
"B-G1.045-C2",55475,5064,3168.0288080916,3,79,73,79,73,false,0,true,true,false,false,false,"EQ",false
"B-G1.045-C2",55475,5244,3275.7296746301,3,87,81,87,81,false,0,true,true,false,false,false,"EQ",false
"B-G1.045-C2",55475,5424,3381.2677038291,3,91,84,91,84,false,0,true,true,false,false,false,"EQ",false
"B-G1.045-C2",55475,5604,3496.7183268562,3,95,88,95,88,false,0,true,true,false,false,false,"EQ",false
"B-G1.045-C2",63394,24,24,0,13,7,13,7,false,0,true,true,false,false,false,"EQ",false
"B-G1.045-C2",63394,204,147.1268424476,0,16,10,16,10,false,0,true,true,false,false,false,"EQ",false
"B-G1.045-C2",63394,384,262.0332863429,0,22,15,22,15,true,0,true,true,false,false,false,"",true
"B-G1.045-C2",63394,564,385.7151045247,0,22,15,22,15,true,8,false,false,false,false,false,"OVERDUE|COOLDOWN",false
"B-G1.045-C2",63394,744,499.0944045047,0,23,16,23,16,true,0,true,true,false,false,false,"",true
"B-G1.045-C2",63394,924,617.5423420744,0,23,16,23,16,true,0,true,false,false,false,false,"COOLDOWN",false
"B-G1.045-C2",63394,1104,729.2790802196,0,25,18,25,18,true,0,true,true,false,false,false,"",true
"B-G1.045-C2",63394,1284,838.6364135529,1,25,18,25,18,false,1,true,true,false,false,false,"EQ",false
"B-G1.045-C2",63394,1464,948.0664569909,1,34,28,34,28,false,0,true,true,false,false,false,"EQ",false
"B-G1.045-C2",63394,1644,1057.1930290168,1,37,30,37,30,true,0,true,true,false,false,false,"",true
"B-G1.045-C2",63394,1824,1179.5868228106,1,37,30,37,30,true,0,true,false,false,false,false,"COOLDOWN",false
"B-G1.045-C2",63394,2004,1289.4402325964,1,42,35,42,35,true,0,true,true,false,false,false,"",true
"B-G1.045-C2",63394,2184,1401.4633508759,1,42,35,42,35,true,0,true,false,false,false,false,"COOLDOWN",false
"B-G1.045-C2",63394,2364,1510.1412318407,1,47,40,47,40,true,0,true,true,false,false,false,"",true
"B-G1.045-C2",63394,2544,1615.4575345051,2,47,40,47,40,false,1,true,true,false,false,false,"EQ",false
"B-G1.045-C2",63394,2724,1723.6915900569,2,52,46,52,46,false,0,true,true,false,false,false,"EQ",false
"B-G1.045-C2",63394,2904,1827.6471456125,2,55,48,55,48,false,0,true,true,false,false,false,"EQ",false
"B-G1.045-C2",63394,3084,1937.3559544112,2,60,53,60,53,false,0,true,true,false,false,false,"EQ",false
"B-G1.045-C2",63394,3264,2045.3728222292,2,65,58,65,58,true,0,true,true,false,false,false,"",true
"B-G1.045-C2",63394,3444,2172.2728222292,2,65,58,65,58,true,1,true,false,false,false,false,"COOLDOWN",false
"B-G1.045-C2",63394,3624,2278.1729708876,2,68,61,68,61,true,0,true,true,false,false,false,"",true
"B-G1.045-C2",63394,3804,2405.0729708876,2,68,61,68,61,true,2,false,false,false,false,false,"OVERDUE|COOLDOWN",false
"B-G1.045-C2",63394,3984,2512.6196543876,2,71,65,71,65,true,0,true,true,false,false,false,"",true
"B-G1.045-C2",63394,4164,2631.9597895373,2,71,65,71,65,true,0,true,false,false,false,false,"COOLDOWN",false
"B-G1.045-C2",63394,4344,2738.479442531,2,75,69,75,69,true,0,true,true,false,false,false,"",true
"B-G1.045-C2",63394,4524,2855.7999879856,2,75,69,75,69,true,1,true,false,false,false,false,"COOLDOWN",false
"B-G1.045-C2",63394,4704,2964.4835384901,2,80,73,80,73,true,0,true,true,false,false,false,"",true
"B-G1.045-C2",63394,4884,3069.0521769878,3,80,73,80,73,false,5,false,true,false,false,false,"EQ|OVERDUE",false
"B-G1.045-C2",63394,5064,3173.8049788956,3,86,80,86,80,false,0,true,true,false,false,false,"EQ",false
"B-G1.045-C2",63394,5244,3276.631983115,3,88,82,88,82,false,0,true,true,false,false,false,"EQ",false
"B-G1.045-C2",63394,5424,3383.7445038158,3,91,84,91,84,false,0,true,true,false,false,false,"EQ",false
"B-G1.045-C2",63394,5604,3498.2813482681,3,93,86,93,86,false,0,true,true,false,false,false,"EQ",false
"B-G1.045-C2",71313,24,24,0,14,7,14,7,false,0,true,true,false,false,false,"EQ",false
"B-G1.045-C2",71313,204,148.9333333333,0,16,9,16,9,false,0,true,true,false,false,false,"EQ",false
"B-G1.045-C2",71313,384,275.8333333333,0,19,12,19,12,false,0,true,true,false,false,false,"EQ",false
"B-G1.045-C2",71313,564,391.1293649324,0,21,14,21,14,true,0,true,true,false,false,false,"",true
"B-G1.045-C2",71313,744,518.0293649324,0,21,14,21,14,true,5,false,false,false,false,false,"OVERDUE|COOLDOWN",false
"B-G1.045-C2",71313,924,631.7094818251,0,23,16,23,16,true,0,true,true,false,false,false,"",true
"B-G1.045-C2",71313,1104,750.9138296512,0,23,16,23,16,true,0,true,false,false,false,false,"COOLDOWN",false
"B-G1.045-C2",71313,1284,859.1883394551,0,27,20,27,20,true,0,true,true,false,false,false,"",true
"B-G1.045-C2",71313,1464,967.8102937034,1,27,20,27,20,false,7,false,true,false,false,false,"EQ|OVERDUE",false
"B-G1.045-C2",71313,1644,1081.6703709923,1,32,25,32,25,false,0,true,true,false,false,false,"EQ",false
"B-G1.045-C2",71313,1824,1190.2512128629,1,36,30,36,30,true,0,true,true,false,false,false,"",true
"B-G1.045-C2",71313,2004,1317.1512128629,1,36,30,36,30,true,0,true,false,false,false,false,"COOLDOWN",false
"B-G1.045-C2",71313,2184,1424.9115185099,1,40,33,40,33,true,0,true,true,false,false,false,"",true
"B-G1.045-C2",71313,2364,1545.3215185099,1,40,33,40,33,true,0,true,false,false,false,false,"COOLDOWN",false
"B-G1.045-C2",71313,2544,1650.0262804147,1,46,39,46,39,true,0,true,true,false,false,false,"",true
"B-G1.045-C2",71313,2724,1754.7310423195,2,46,39,46,39,false,0,true,true,false,false,false,"EQ",false
"B-G1.045-C2",71313,2904,1868.1279382129,2,58,51,58,51,false,0,true,true,false,false,false,"EQ",false
"B-G1.045-C2",71313,3084,1971.8694348115,2,60,53,60,53,false,0,true,true,false,false,false,"EQ",false
"B-G1.045-C2",71313,3264,2078.9910240016,2,64,57,64,57,false,0,true,true,false,false,false,"EQ",false
"B-G1.045-C2",71313,3444,2191.1743573349,2,70,63,70,63,true,0,true,true,false,false,false,"",true
"B-G1.045-C2",71313,3624,2318.0743573349,2,70,63,70,63,true,1,true,false,false,false,false,"COOLDOWN",false
"B-G1.045-C2",71313,3804,2421.2514406682,2,74,68,74,68,true,0,true,true,false,false,false,"",true
"B-G1.045-C2",71313,3984,2533.4645600376,2,74,68,74,68,true,2,false,false,false,false,false,"OVERDUE|COOLDOWN",false
"B-G1.045-C2",71313,4164,2640.2089148766,2,78,71,78,71,true,0,true,true,false,false,false,"",true
"B-G1.045-C2",71313,4344,2755.4457264708,2,78,71,78,71,true,0,true,false,false,false,false,"COOLDOWN",false
"B-G1.045-C2",71313,4524,2862.7235864121,2,83,77,83,77,true,0,true,true,false,false,false,"",true
"B-G1.045-C2",71313,4704,2966.5394761874,3,83,77,83,77,false,2,false,true,false,false,false,"EQ|OVERDUE",false
"B-G1.045-C2",71313,4884,3069.3664804068,3,89,82,89,82,false,0,true,true,false,false,false,"EQ",false
"B-G1.045-C2",71313,5064,3184.1542141492,3,92,86,92,86,false,0,true,true,false,false,false,"EQ",false
"B-G1.045-C2",71313,5244,3295.1782454133,3,97,91,97,91,false,0,true,true,false,false,false,"EQ",false
"B-G1.045-C2",71313,5424,3399.9749614895,3,100,93,100,93,false,0,true,true,false,false,false,"EQ",false
"B-G1.045-C2",71313,5604,3509.5438422325,3,102,96,102,96,false,0,true,true,false,false,false,"EQ",false
"B-G1.045-C3",42,24,24,0,14,7,14,7,false,0,true,true,false,false,false,"EQ",false
"B-G1.045-C3",42,204,145,0,16,9,16,9,false,0,true,true,false,false,false,"EQ",false
"B-G1.045-C3",42,384,265.3695864898,0,18,11,18,11,false,0,true,true,false,false,false,"EQ",false
"B-G1.045-C3",42,564,382.4977492673,0,20,13,20,13,true,0,true,true,false,false,false,"",true
"B-G1.045-C3",42,744,509.3977492673,0,20,13,20,13,true,2,true,false,false,false,false,"COOLDOWN",false
"B-G1.045-C3",42,924,626.5988946571,0,23,16,23,16,true,0,true,false,false,false,false,"COOLDOWN",false
"B-G1.045-C3",42,1104,739.7422112941,0,25,18,25,18,true,0,true,true,false,false,false,"",true
"B-G1.045-C3",42,1284,849.6614493893,1,25,18,25,18,false,2,true,true,false,false,false,"EQ",false
"B-G1.045-C3",42,1464,960.6206367999,1,29,22,29,22,false,0,true,true,false,false,false,"EQ",false
"B-G1.045-C3",42,1644,1070.0436519216,1,31,24,31,24,false,0,true,true,false,false,false,"EQ",false
"B-G1.045-C3",42,1824,1179.2581840359,1,34,27,34,27,false,0,true,true,false,false,false,"EQ",false
"B-G1.045-C3",42,2004,1288.3501840227,1,37,30,37,30,true,0,true,true,false,false,false,"",true
"B-G1.045-C3",42,2184,1415.2501840227,1,37,30,37,30,true,2,true,false,false,false,false,"COOLDOWN",false
"B-G1.045-C3",42,2364,1523.4195919527,1,41,34,41,34,true,0,true,false,false,false,false,"COOLDOWN",false
"B-G1.045-C3",42,2544,1630.5994273857,1,44,37,44,37,true,0,true,true,false,false,false,"",true
"B-G1.045-C3",42,2724,1743.4109425373,1,44,37,44,37,true,3,false,false,false,false,false,"OVERDUE|COOLDOWN",false
"B-G1.045-C3",42,2904,1851.6247631207,1,47,40,47,40,true,0,true,false,false,false,false,"COOLDOWN",false
"B-G1.045-C3",42,3084,1967.9127603129,1,49,43,49,43,true,0,true,true,false,false,false,"",true
"B-G1.045-C3",42,3264,2072.2717346719,2,50,43,50,43,false,0,true,true,false,false,false,"EQ",false
"B-G1.045-C3",42,3444,2176.0132312705,2,59,53,59,53,false,0,true,true,false,false,false,"EQ",false
"B-G1.045-C3",42,3624,2283.1644076606,2,66,59,66,59,true,0,true,true,false,false,false,"",true
"B-G1.045-C3",42,3804,2410.0644076606,2,66,59,66,59,true,5,false,false,false,false,false,"OVERDUE|COOLDOWN",false
"B-G1.045-C3",42,3984,2516.2286414464,2,69,62,69,62,true,0,true,false,false,false,false,"COOLDOWN",false
"B-G1.045-C3",42,4164,2621.4008527086,2,72,66,72,66,true,0,true,true,false,false,false,"",true
"B-G1.045-C3",42,4344,2736.4374118484,2,72,66,72,66,true,1,true,false,false,false,false,"COOLDOWN",false
"B-G1.045-C3",42,4524,2843.4276419909,2,75,68,75,68,true,0,true,false,false,false,false,"COOLDOWN",false
"B-G1.045-C3",42,4704,2958.1794925652,2,77,71,77,71,true,0,true,true,false,false,false,"",true
"B-G1.045-C3",42,4884,3066.4074273756,2,77,71,77,71,true,0,true,false,false,false,false,"COOLDOWN",false
"B-G1.045-C3",42,5064,3174.2830731902,2,80,73,80,73,true,0,true,false,false,false,false,"COOLDOWN",false
"B-G1.045-C3",42,5244,3289.7487172281,2,83,77,83,77,true,0,true,true,false,false,false,"",true
"B-G1.045-C3",42,5424,3392.676645156,3,83,77,83,77,false,0,true,true,false,false,false,"EQ",false
"B-G1.045-C3",42,5604,3499.916621319,3,86,80,86,80,false,0,true,true,false,false,false,"EQ",false
"B-G1.045-C3",7961,24,24,0,14,7,14,7,false,0,true,true,false,false,false,"EQ",false
"B-G1.045-C3",7961,204,148.9333333332,0,16,9,16,9,false,0,true,true,false,false,false,"EQ",false
"B-G1.045-C3",7961,384,270.2437769937,0,18,11,18,11,false,0,true,true,false,false,false,"EQ",false
"B-G1.045-C3",7961,564,387.5227457562,0,20,13,20,13,true,0,true,true,false,false,false,"",true
"B-G1.045-C3",7961,744,518.1594124229,0,20,13,20,13,true,1,true,false,false,false,false,"COOLDOWN",false
"B-G1.045-C3",7961,924,627.9213171848,0,24,17,24,17,true,0,true,false,false,false,false,"COOLDOWN",false
"B-G1.045-C3",7961,1104,737.1213171848,0,26,19,26,19,true,0,true,true,false,false,false,"",true
"B-G1.045-C3",7961,1284,853.0821120566,0,26,19,26,19,true,2,true,false,false,false,false,"COOLDOWN",false
"B-G1.045-C3",7961,1464,964.424627114,0,28,22,28,22,true,0,true,false,false,false,false,"COOLDOWN",false
"B-G1.045-C3",7961,1644,1074.1684504783,0,32,24,32,24,true,0,true,true,false,false,false,"",true
"B-G1.045-C3",7961,1824,1180.8654201752,1,32,25,32,25,false,0,true,true,false,false,false,"EQ",false
"B-G1.045-C3",7961,2004,1286.9187535085,1,35,29,35,29,true,0,true,true,false,false,false,"",true
"B-G1.045-C3",7961,2184,1413.8187535085,1,35,29,35,29,true,4,false,false,false,false,false,"OVERDUE|COOLDOWN",false
"B-G1.045-C3",7961,2364,1521.9226889407,1,42,35,42,35,true,0,true,false,false,false,false,"COOLDOWN",false
"B-G1.045-C3",7961,2544,1629.9679683271,1,45,39,45,39,true,0,true,true,false,false,false,"",true
"B-G1.045-C3",7961,2724,1735.2627302319,2,45,39,45,39,false,0,true,true,false,false,false,"EQ",false
"B-G1.045-C3",7961,2904,1851.6823167867,2,49,43,49,43,false,0,true,true,false,false,false,"EQ",false
"B-G1.045-C3",7961,3084,1960.0554117205,2,53,46,53,46,false,0,true,true,false,false,false,"EQ",false
"B-G1.045-C3",7961,3264,2069.3920908671,2,58,51,58,51,false,0,true,true,false,false,false,"EQ",false
"B-G1.045-C3",7961,3444,2174.7352803429,2,66,60,66,60,true,0,true,true,false,false,false,"",true
"B-G1.045-C3",7961,3624,2301.8855833732,2,66,60,66,60,true,1,true,false,false,false,false,"COOLDOWN",false
"B-G1.045-C3",7961,3804,2405.2189167065,2,70,63,70,63,true,0,true,false,false,false,false,"COOLDOWN",false
"B-G1.045-C3",7961,3984,2511.0540423685,2,72,66,72,66,true,0,true,true,false,false,false,"",true
"B-G1.045-C3",7961,4164,2626.0906015083,2,72,66,72,66,true,1,true,false,false,false,false,"COOLDOWN",false
"B-G1.045-C3",7961,4344,2733.5932113056,2,74,68,74,68,true,0,true,false,false,false,false,"COOLDOWN",false
"B-G1.045-C3",7961,4524,2836.6366895665,2,79,72,79,72,true,0,true,true,false,false,false,"",true
"B-G1.045-C3",7961,4704,2942.4185644519,3,79,72,79,72,false,0,true,true,false,false,false,"EQ",false
"B-G1.045-C3",7961,4884,3045.3464923798,3,83,76,83,76,false,0,true,true,false,false,false,"EQ",false
"B-G1.045-C3",7961,5064,3157.0234965992,3,88,82,88,82,false,0,true,true,false,false,false,"EQ",false
"B-G1.045-C3",7961,5244,3263.4021274327,3,91,84,91,84,false,0,true,true,false,false,false,"EQ",false
"B-G1.045-C3",7961,5424,3366.157147513,3,92,86,92,86,false,0,true,true,false,false,false,"EQ",false
"B-G1.045-C3",7961,5604,3468.8625738696,3,96,89,96,89,false,0,true,true,false,false,false,"EQ",false
"B-G1.045-C3",7961,5784,3574.8848071361,3,97,91,97,91,false,0,true,true,false,false,false,"EQ",false
"B-G1.045-C3",15880,24,24,0,13,7,13,7,false,0,true,true,false,false,false,"EQ",false
"B-G1.045-C3",15880,204,145,0,16,9,16,9,false,0,true,true,false,false,false,"EQ",false
"B-G1.045-C3",15880,384,264.9041008775,0,19,12,19,12,false,0,true,true,false,false,false,"EQ",false
"B-G1.045-C3",15880,564,379.7462661335,0,22,14,22,14,true,0,true,true,false,false,false,"",true
"B-G1.045-C3",15880,744,504.3220237093,0,22,14,22,14,true,0,true,false,false,false,false,"COOLDOWN",false
"B-G1.045-C3",15880,924,618.0512989494,0,24,17,24,17,true,0,true,false,false,false,false,"COOLDOWN",false
"B-G1.045-C3",15880,1104,729.7405318385,0,27,21,27,21,true,0,true,true,false,false,false,"",true
"B-G1.045-C3",15880,1284,841.5484860868,1,27,21,27,21,false,4,false,true,false,false,false,"EQ|OVERDUE",false
"B-G1.045-C3",15880,1464,947.7984860868,1,34,27,34,27,false,0,true,true,false,false,false,"EQ",false
"B-G1.045-C3",15880,1644,1057.0972258139,1,37,31,37,31,true,0,true,true,false,false,false,"",true
"B-G1.045-C3",15880,1824,1185.2096492374,1,37,31,37,31,true,2,true,false,false,false,false,"COOLDOWN",false
"B-G1.045-C3",15880,2004,1292.637962888,1,41,34,41,34,true,0,true,false,false,false,false,"COOLDOWN",false
"B-G1.045-C3",15880,2184,1403.2820765333,1,45,38,45,38,true,0,true,true,false,false,false,"",true
"B-G1.045-C3",15880,2364,1512.2159981019,1,45,38,45,38,true,0,true,false,false,false,false,"COOLDOWN",false
"B-G1.045-C3",15880,2544,1622.5325348247,1,49,42,49,42,true,0,true,false,false,false,false,"COOLDOWN",false
"B-G1.045-C3",15880,2724,1729.3586497225,1,52,45,52,45,true,0,true,true,false,false,false,"",true
"B-G1.045-C3",15880,2904,1833.5015068654,2,52,46,52,46,false,0,true,true,false,false,false,"EQ",false
"B-G1.045-C3",15880,3084,1937.1948401987,2,61,54,61,54,false,0,true,true,false,false,false,"EQ",false
"B-G1.045-C3",15880,3264,2043.1167957758,2,64,57,64,57,false,0,true,true,false,false,false,"EQ",false
"B-G1.045-C3",15880,3444,2148.8034175512,2,68,61,68,61,true,0,true,true,false,false,false,"",true
"B-G1.045-C3",15880,3624,2275.7034175512,2,68,61,68,61,true,0,true,false,false,false,false,"COOLDOWN",false
"B-G1.045-C3",15880,3804,2378.9097667576,2,73,67,73,67,true,0,true,false,false,false,false,"COOLDOWN",false
"B-G1.045-C3",15880,3984,2488.5798486216,2,77,70,77,70,true,0,true,true,false,false,false,"",true
"B-G1.045-C3",15880,4164,2596.807783432,2,77,70,77,70,true,0,true,false,false,false,false,"COOLDOWN",false
"B-G1.045-C3",15880,4344,2701.7142928647,2,81,74,81,74,true,0,true,false,false,false,false,"COOLDOWN",false
"B-G1.045-C3",15880,4524,2804.6422207926,2,83,76,83,76,true,0,true,true,false,false,false,"",true
"B-G1.045-C3",15880,4704,2907.5701487205,3,83,76,83,76,false,0,true,true,false,false,false,"EQ",false
"B-G1.045-C3",15880,4884,3012.6308915814,3,86,80,86,80,false,0,true,true,false,false,false,"EQ",false
"B-G1.045-C3",15880,5064,3124.2710150382,3,90,83,90,83,false,0,true,true,false,false,false,"EQ",false
"B-G1.045-C3",15880,5244,3234.3636133847,3,93,86,93,86,false,0,true,true,false,false,false,"EQ",false
"B-G1.045-C3",15880,5424,3340.4202865495,3,97,91,97,91,false,0,true,true,false,false,false,"EQ",false
"B-G1.045-C3",15880,5604,3446.3452007026,3,99,93,99,93,false,0,true,true,false,false,false,"EQ",false
"B-G1.045-C3",15880,5784,3554.4233535324,3,102,95,102,95,false,0,true,true,false,false,false,"EQ",false
"B-G1.045-C3",23799,24,24,0,14,7,14,7,false,0,true,true,false,false,false,"EQ",false
"B-G1.045-C3",23799,204,148.9333333333,0,16,9,16,9,false,0,true,true,false,false,false,"EQ",false
"B-G1.045-C3",23799,384,270.3865086354,0,18,11,18,11,false,0,true,true,false,false,false,"EQ",false
"B-G1.045-C3",23799,564,385.6858405536,0,21,13,21,13,true,0,true,true,false,false,false,"",true
"B-G1.045-C3",23799,744,512.5858405536,0,21,13,21,13,true,0,true,false,false,false,false,"COOLDOWN",false
"B-G1.045-C3",23799,924,625.7202662014,0,23,15,23,15,true,0,true,false,false,false,false,"COOLDOWN",false
"B-G1.045-C3",23799,1104,734.4285995347,0,27,20,27,20,true,0,true,true,false,false,false,"",true
"B-G1.045-C3",23799,1284,843.8079668185,1,27,20,27,20,false,1,true,true,false,false,false,"EQ",false
"B-G1.045-C3",23799,1464,951.3518264676,1,30,23,30,23,false,0,true,true,false,false,false,"EQ",false
"B-G1.045-C3",23799,1644,1060.4319016926,1,32,25,32,25,false,0,true,true,false,false,false,"EQ",false
"B-G1.045-C3",23799,1824,1169.1032092724,1,35,28,35,28,true,0,true,true,false,false,false,"",true
"B-G1.045-C3",23799,2004,1300.1528759391,1,35,28,35,28,true,0,true,false,false,false,false,"COOLDOWN",false
"B-G1.045-C3",23799,2184,1408.2441454395,1,39,32,39,32,true,0,true,false,false,false,false,"COOLDOWN",false
"B-G1.045-C3",23799,2364,1515.6115845179,1,43,36,43,36,true,0,true,true,false,false,false,"",true
"B-G1.045-C3",23799,2544,1622.3704023474,2,43,36,43,36,false,1,true,true,false,false,false,"EQ",false
"B-G1.045-C3",23799,2724,1729.09310256,2,51,44,51,44,false,0,true,true,false,false,false,"EQ",false
"B-G1.045-C3",23799,2904,1845.1739073474,2,60,53,60,53,false,0,true,true,false,false,false,"EQ",false
"B-G1.045-C3",23799,3084,1957.5836557751,2,64,57,64,57,false,0,true,true,false,false,false,"EQ",false
"B-G1.045-C3",23799,3264,2065.8390310335,2,71,64,71,64,true,0,true,true,false,false,false,"",true
"B-G1.045-C3",23799,3444,2182.9104066204,2,71,64,71,64,true,7,false,false,false,false,false,"OVERDUE|COOLDOWN",false
"B-G1.045-C3",23799,3624,2294.9091245692,2,75,68,75,68,true,0,true,false,false,false,false,"COOLDOWN",false
"B-G1.045-C3",23799,3804,2402.1628291283,2,77,71,77,71,true,0,true,true,false,false,false,"",true
"B-G1.045-C3",23799,3984,2510.9217639387,2,77,71,77,71,true,0,true,false,false,false,false,"COOLDOWN",false
"B-G1.045-C3",23799,4164,2626.655758464,2,80,74,80,74,true,0,true,false,false,false,false,"COOLDOWN",false
"B-G1.045-C3",23799,4344,2733.9457195767,2,82,76,82,76,true,0,true,true,false,false,false,"",true
"B-G1.045-C3",23799,4524,2843.2449465507,2,82,76,82,76,true,0,true,false,false,false,false,"COOLDOWN",false
"B-G1.045-C3",23799,4704,2949.9901972944,2,84,78,84,78,true,0,true,false,false,false,false,"COOLDOWN",false
"B-G1.045-C3",23799,4884,3056.3535464996,2,87,81,87,81,true,0,true,true,false,false,false,"",true
"B-G1.045-C3",23799,5064,3159.1997003458,3,87,81,87,81,false,0,true,true,false,false,false,"EQ",false
"B-G1.045-C3",23799,5244,3262.0080336791,3,90,83,90,83,false,0,true,true,false,false,false,"EQ",false
"B-G1.045-C3",23799,5424,3370.6003605395,3,94,88,94,88,false,0,true,true,false,false,false,"EQ",false
"B-G1.045-C3",23799,5604,3473.3057868961,3,96,89,96,89,false,0,true,true,false,false,false,"EQ",false
"B-G1.045-C3",23799,5784,3577.6527097326,3,98,91,98,91,false,0,true,true,false,false,false,"EQ",false
"B-G1.045-C3",31718,24,24,0,14,7,14,7,false,0,true,true,false,false,false,"EQ",false
"B-G1.045-C3",31718,204,145,0,16,9,16,9,false,0,true,true,false,false,false,"EQ",false
"B-G1.045-C3",31718,384,268.2944444444,0,19,12,19,12,false,0,true,true,false,false,false,"EQ",false
"B-G1.045-C3",31718,564,383.3095353378,0,21,14,21,14,true,0,true,true,false,false,false,"",true
"B-G1.045-C3",31718,744,512.1509162902,0,21,14,21,14,true,0,true,false,false,false,false,"COOLDOWN",false
"B-G1.045-C3",31718,924,621.3509162902,0,25,19,25,19,true,0,true,false,false,false,false,"COOLDOWN",false
"B-G1.045-C3",31718,1104,733.2089003007,0,27,20,27,20,true,0,true,true,false,false,false,"",true
"B-G1.045-C3",31718,1284,846.3880575927,1,27,20,27,20,false,0,true,true,false,false,false,"EQ",false
"B-G1.045-C3",31718,1464,956.5982223625,1,33,26,33,26,false,0,true,true,false,false,false,"EQ",false
"B-G1.045-C3",31718,1644,1075.0001514513,1,37,30,37,30,true,0,true,true,false,false,false,"",true
"B-G1.045-C3",31718,1824,1201.9001514513,1,37,30,37,30,true,0,true,false,false,false,false,"COOLDOWN",false
"B-G1.045-C3",31718,2004,1309.2491317121,1,44,37,44,37,true,0,true,false,false,false,false,"COOLDOWN",false
"B-G1.045-C3",31718,2184,1417.8374520422,1,47,40,47,40,true,0,true,true,false,false,false,"",true
"B-G1.045-C3",31718,2364,1522.4485631533,2,47,40,47,40,false,0,true,true,false,false,false,"EQ",false
"B-G1.045-C3",31718,2544,1626.5914202961,2,53,46,53,46,false,0,true,true,false,false,false,"EQ",false
"B-G1.045-C3",31718,2724,1732.8330259871,2,61,54,61,54,false,0,true,true,false,false,false,"EQ",false
"B-G1.045-C3",31718,2904,1838.2870807961,2,66,59,66,59,true,0,true,true,false,false,false,"",true
"B-G1.045-C3",31718,3084,1965.1870807961,2,66,59,66,59,true,0,true,false,false,false,false,"COOLDOWN",false
"B-G1.045-C3",31718,3264,2070.5790595493,2,72,66,72,66,true,0,true,false,false,false,false,"COOLDOWN",false
"B-G1.045-C3",31718,3444,2178.0052296949,2,76,70,76,70,true,0,true,true,false,false,false,"",true
"B-G1.045-C3",31718,3624,2287.5173009177,2,76,70,76,70,true,0,true,false,false,false,false,"COOLDOWN",false
"B-G1.045-C3",31718,3804,2396.7273105299,2,79,73,79,73,true,0,true,false,false,false,false,"COOLDOWN",false
"B-G1.045-C3",31718,3984,2502.9637891861,2,83,77,83,77,true,0,true,true,false,false,false,"",true
"B-G1.045-C3",31718,4164,2607.5420584796,3,83,77,83,77,false,2,false,true,false,false,false,"EQ|OVERDUE",false
"B-G1.045-C3",31718,4344,2713.5996386626,3,88,81,88,81,false,0,true,true,false,false,false,"EQ",false
"B-G1.045-C3",31718,4524,2840.4996386626,3,90,83,90,83,false,0,true,true,false,false,false,"EQ",false
"B-G1.045-C3",31718,4704,2947.557583401,3,93,86,93,86,false,0,true,true,false,false,false,"EQ",false
"B-G1.045-C3",31718,4884,3053.6274469067,3,97,90,97,90,false,0,true,true,false,false,false,"EQ",false
"B-G1.045-C3",31718,5064,3159.5356851178,3,100,93,100,93,false,0,true,true,false,false,false,"EQ",false
"B-G1.045-C3",31718,5244,3286.4356851178,3,101,94,101,94,false,0,true,true,false,false,false,"EQ",false
"B-G1.045-C3",31718,5424,3392.7872080151,3,103,97,103,97,false,0,true,true,false,false,false,"EQ",false
"B-G1.045-C3",31718,5604,3497.3975320283,3,104,98,104,98,false,0,true,true,false,false,false,"EQ",false
"B-G1.045-C3",39637,24,24,0,14,7,14,7,false,0,true,true,false,false,false,"EQ",false
"B-G1.045-C3",39637,204,150.9,0,18,11,18,11,false,0,true,true,false,false,false,"EQ",false
"B-G1.045-C3",39637,384,262.0666666667,0,23,16,23,16,true,0,true,true,false,false,false,"",true
"B-G1.045-C3",39637,564,388.9666666667,0,23,16,23,16,true,16,false,false,false,false,false,"OVERDUE|COOLDOWN",false
"B-G1.045-C3",39637,744,505.0651453015,0,24,17,24,17,true,0,true,false,false,false,false,"COOLDOWN",false
"B-G1.045-C3",39637,924,615.9765871543,0,28,21,28,21,true,0,true,true,false,false,false,"",true
"B-G1.045-C3",39637,1104,729.0760804751,1,28,21,28,21,false,0,true,true,false,false,false,"EQ",false
"B-G1.045-C3",39637,1284,838.6326622541,1,35,28,35,28,true,0,true,true,false,false,false,"",true
"B-G1.045-C3",39637,1464,967.4993289208,1,35,28,35,28,true,1,true,false,false,false,false,"COOLDOWN",false
"B-G1.045-C3",39637,1644,1072.639113867,1,41,34,41,34,true,0,true,false,false,false,false,"COOLDOWN",false
"B-G1.045-C3",39637,1824,1190.0346986341,1,44,37,44,37,true,0,true,true,false,false,false,"",true
"B-G1.045-C3",39637,2004,1294.9437895432,2,44,37,44,37,false,0,true,true,false,false,false,"EQ",false
"B-G1.045-C3",39637,2184,1403.6570359103,2,49,42,49,42,false,0,true,true,false,false,false,"EQ",false
"B-G1.045-C3",39637,2364,1507.7345552901,2,54,47,54,47,false,0,true,true,false,false,false,"EQ",false
"B-G1.045-C3",39637,2544,1617.4719150826,2,59,52,59,52,false,0,true,true,false,false,false,"EQ",false
"B-G1.045-C3",39637,2724,1722.9500716636,2,65,58,65,58,true,0,true,true,false,false,false,"",true
"B-G1.045-C3",39637,2904,1849.8500716636,2,65,58,65,58,true,1,true,false,false,false,false,"COOLDOWN",false
"B-G1.045-C3",39637,3084,1963.4023514746,2,68,61,68,61,true,0,true,false,false,false,false,"COOLDOWN",false
"B-G1.045-C3",39637,3264,2069.3914541389,2,71,64,71,64,true,0,true,true,false,false,false,"",true
"B-G1.045-C3",39637,3444,2186.4628297258,2,71,64,71,64,true,2,false,false,false,false,false,"OVERDUE|COOLDOWN",false
"B-G1.045-C3",39637,3624,2292.2405565913,2,74,68,74,68,true,0,true,false,false,false,false,"COOLDOWN",false
"B-G1.045-C3",39637,3804,2402.5037539099,2,77,70,77,70,true,0,true,true,false,false,false,"",true
"B-G1.045-C3",39637,3984,2511.2885886324,2,77,70,77,70,true,0,true,false,false,false,false,"COOLDOWN",false
"B-G1.045-C3",39637,4164,2617.6512134733,2,79,72,79,72,true,0,true,false,false,false,false,"COOLDOWN",false
"B-G1.045-C3",39637,4344,2720.6009851628,2,82,76,82,76,true,0,true,true,false,false,false,"",true
"B-G1.045-C3",39637,4524,2825.448830023,3,82,76,82,76,false,0,true,true,false,false,false,"EQ",false
"B-G1.045-C3",39637,4704,2930.0826214405,3,89,83,89,83,false,0,true,true,false,false,false,"EQ",false
"B-G1.045-C3",39637,4884,3038.7261696745,3,92,86,92,86,false,0,true,true,false,false,false,"EQ",false
"B-G1.045-C3",39637,5064,3141.4642649126,3,93,87,93,87,false,0,true,true,false,false,false,"EQ",false
"B-G1.045-C3",39637,5244,3248.1970702085,3,97,90,97,90,false,0,true,true,false,false,false,"EQ",false
"B-G1.045-C3",39637,5424,3353.1779371205,3,98,91,98,91,false,0,true,true,false,false,false,"EQ",false
"B-G1.045-C3",39637,5604,3455.8079737506,3,100,94,100,94,false,0,true,true,false,false,false,"EQ",false
"B-G1.045-C3",39637,5784,3558.4101242882,3,102,96,102,96,false,0,true,true,false,false,false,"EQ",false
"B-G1.045-C3",47556,24,24,0,13,7,13,7,false,0,true,true,false,false,false,"EQ",false
"B-G1.045-C3",47556,204,146.3407671957,0,18,10,18,10,false,0,true,true,false,false,false,"EQ",false
"B-G1.045-C3",47556,384,263.8217702465,0,20,13,20,13,true,0,true,true,false,false,false,"",true
"B-G1.045-C3",47556,564,390.9184369132,0,20,13,20,13,true,1,true,false,false,false,false,"COOLDOWN",false
"B-G1.045-C3",47556,744,506.2860892143,0,22,15,22,15,true,0,true,false,false,false,false,"COOLDOWN",false
"B-G1.045-C3",47556,924,615.4860892143,0,26,19,26,19,true,0,true,true,false,false,false,"",true
"B-G1.045-C3",47556,1104,725.6316020349,1,26,19,26,19,false,3,false,true,false,false,false,"EQ|OVERDUE",false
"B-G1.045-C3",47556,1284,836.3418146717,1,29,22,29,22,false,0,true,true,false,false,false,"EQ",false
"B-G1.045-C3",47556,1464,946.6954192352,1,31,24,31,24,false,0,true,true,false,false,false,"EQ",false
"B-G1.045-C3",47556,1644,1058.5200329289,1,35,29,35,29,true,0,true,true,false,false,false,"",true
"B-G1.045-C3",47556,1824,1189.1566995956,1,35,29,35,29,true,3,false,false,false,false,false,"OVERDUE|COOLDOWN",false
"B-G1.045-C3",47556,2004,1300.497182831,1,39,32,39,32,true,0,true,false,false,false,false,"COOLDOWN",false
"B-G1.045-C3",47556,2184,1408.9172208765,1,46,40,46,40,true,0,true,true,false,false,false,"",true
"B-G1.045-C3",47556,2364,1514.2027057353,2,47,40,47,40,false,0,true,true,false,false,false,"EQ",false
"B-G1.045-C3",47556,2544,1630.3084771171,2,53,46,53,46,false,0,true,true,false,false,false,"EQ",false
"B-G1.045-C3",47556,2724,1740.3031549235,2,58,51,58,51,false,0,true,true,false,false,false,"EQ",false
"B-G1.045-C3",47556,2904,1849.7552439726,2,65,59,65,59,true,0,true,true,false,false,false,"",true
"B-G1.045-C3",47556,3084,1978.6219106393,2,65,59,65,59,true,5,false,false,false,false,false,"OVERDUE|COOLDOWN",false
"B-G1.045-C3",47556,3264,2086.9554579034,2,69,62,69,62,true,0,true,false,false,false,false,"COOLDOWN",false
"B-G1.045-C3",47556,3444,2195.6081469087,2,73,66,73,66,true,0,true,true,false,false,false,"",true
"B-G1.045-C3",47556,3624,2309.2135828731,2,73,66,73,66,true,0,true,false,false,false,false,"COOLDOWN",false
"B-G1.045-C3",47556,3804,2413.9577812889,2,76,70,76,70,true,0,true,false,false,false,false,"COOLDOWN",false
"B-G1.045-C3",47556,3984,2529.9344613562,2,79,72,79,72,true,0,true,true,false,false,false,"",true
"B-G1.045-C3",47556,4164,2640.4119055998,2,79,72,79,72,true,1,true,false,false,false,false,"COOLDOWN",false
"B-G1.045-C3",47556,4344,2748.0984928162,2,82,76,82,76,true,0,true,false,false,false,false,"COOLDOWN",false
"B-G1.045-C3",47556,4524,2854.9795457969,2,86,79,86,79,true,0,true,true,false,false,false,"",true
"B-G1.045-C3",47556,4704,2957.8453466627,3,86,79,86,79,false,0,true,true,false,false,false,"EQ",false
"B-G1.045-C3",47556,4884,3060.6177043862,3,91,84,91,84,false,0,true,true,false,false,false,"EQ",false
"B-G1.045-C3",47556,5064,3163.3557996243,3,93,86,93,86,false,0,true,true,false,false,false,"EQ",false
"B-G1.045-C3",47556,5244,3269.4456150825,3,96,89,96,89,false,0,true,true,false,false,false,"EQ",false
"B-G1.045-C3",47556,5424,3384.8853742595,3,98,91,98,91,false,0,true,true,false,false,false,"EQ",false
"B-G1.045-C3",47556,5604,3490.7604108896,3,101,94,101,94,false,0,true,true,false,false,false,"EQ",false
"B-G1.045-C3",47556,5784,3595.5121094415,3,104,97,104,97,false,0,true,true,false,false,false,"EQ",false
"B-G1.045-C3",55475,24,24,0,13,7,13,7,false,0,true,true,false,false,false,"EQ",false
"B-G1.045-C3",55475,204,145,0,16,9,16,9,false,0,true,true,false,false,false,"EQ",false
"B-G1.045-C3",55475,384,261.0833333333,0,18,11,18,11,false,0,true,true,false,false,false,"EQ",false
"B-G1.045-C3",55475,564,371.4935897436,0,23,16,23,16,true,0,true,true,false,false,false,"",true
"B-G1.045-C3",55475,744,498.3935897436,0,23,16,23,16,true,17,false,false,false,false,false,"OVERDUE|COOLDOWN",false
"B-G1.045-C3",55475,924,611.6351143522,0,24,17,24,17,true,0,true,false,false,false,false,"COOLDOWN",false
"B-G1.045-C3",55475,1104,719.9096241561,0,28,21,28,21,true,0,true,true,false,false,false,"",true
"B-G1.045-C3",55475,1284,828.18413396,1,28,21,28,21,false,0,true,true,false,false,false,"EQ",false
"B-G1.045-C3",55475,1464,934.8811036569,1,33,26,33,26,false,0,true,true,false,false,false,"EQ",false
"B-G1.045-C3",55475,1644,1042.4532820648,1,40,34,40,34,true,0,true,true,false,false,false,"",true
"B-G1.045-C3",55475,1824,1156.3732820648,1,40,34,40,34,true,2,true,false,false,false,false,"COOLDOWN",false
"B-G1.045-C3",55475,2004,1267.455223531,1,45,38,45,38,true,0,true,false,false,false,false,"COOLDOWN",false
"B-G1.045-C3",55475,2184,1374.8859812537,1,50,43,50,43,true,0,true,true,false,false,false,"",true
"B-G1.045-C3",55475,2364,1479.2449556127,2,50,43,50,43,false,0,true,true,false,false,false,"EQ",false
"B-G1.045-C3",55475,2544,1588.4448187074,2,59,52,59,52,false,0,true,true,false,false,false,"EQ",false
"B-G1.045-C3",55475,2724,1696.9141217876,2,64,57,64,57,false,0,true,true,false,false,false,"EQ",false
"B-G1.045-C3",55475,2904,1802.0051932161,2,71,64,71,64,true,0,true,true,false,false,false,"",true
"B-G1.045-C3",55475,3084,1918.545568803,2,71,64,71,64,true,1,true,false,false,false,false,"COOLDOWN",false
"B-G1.045-C3",55475,3264,2027.295897677,2,75,68,75,68,true,0,true,false,false,false,false,"COOLDOWN",false
"B-G1.045-C3",55475,3444,2137.8984655464,2,78,72,78,72,true,0,true,true,false,false,false,"",true
"B-G1.045-C3",55475,3624,2244.8752771406,3,78,72,78,72,false,0,true,true,false,false,false,"EQ",false
"B-G1.045-C3",55475,3804,2350.1197541351,3,85,78,85,78,false,0,true,true,false,false,false,"EQ",false
"B-G1.045-C3",55475,3984,2456.1210015215,3,90,83,90,83,false,0,true,true,false,false,false,"EQ",false
"B-G1.045-C3",55475,4164,2560.78286493,3,94,87,94,87,false,0,true,true,false,false,false,"EQ",false
"B-G1.045-C3",55475,4344,2667.7195552533,3,97,91,97,91,false,0,true,true,false,false,false,"EQ",false
"B-G1.045-C3",55475,4524,2779.4536236667,3,100,94,100,94,false,0,true,true,false,false,false,"EQ",false
"B-G1.045-C3",55475,4704,2882.0695656957,3,101,95,101,95,false,0,true,true,false,false,false,"EQ",false
"B-G1.045-C3",55475,4884,2988.8793913033,3,103,96,103,96,false,0,true,true,false,false,false,"EQ",false
"B-G1.045-C3",55475,5064,3094.7930140282,3,104,97,104,97,false,0,true,true,false,false,false,"EQ",false
"B-G1.045-C3",55475,5244,3201.1430330755,3,106,99,106,99,false,0,true,true,false,false,false,"EQ",false
"B-G1.045-C3",55475,5424,3313.2616588974,3,107,100,107,100,false,0,true,true,false,false,false,"EQ",false
"B-G1.045-C3",55475,5604,3422.0443810184,3,109,102,109,102,false,0,true,true,false,false,false,"EQ",false
"B-G1.045-C3",55475,5784,3535.8958183272,3,110,103,110,103,true,0,true,true,false,false,false,"",true
"B-G1.045-C3",63394,24,24,0,13,7,13,7,false,0,true,true,false,false,false,"EQ",false
"B-G1.045-C3",63394,204,147.1268424476,0,16,10,16,10,false,0,true,true,false,false,false,"EQ",false
"B-G1.045-C3",63394,384,262.0332863429,0,22,15,22,15,true,0,true,true,false,false,false,"",true
"B-G1.045-C3",63394,564,385.7151045247,0,22,15,22,15,true,8,false,false,false,false,false,"OVERDUE|COOLDOWN",false
"B-G1.045-C3",63394,744,499.0944045047,0,23,16,23,16,true,0,true,false,false,false,false,"COOLDOWN",false
"B-G1.045-C3",63394,924,614.4669776804,0,26,19,26,19,true,0,true,true,false,false,false,"",true
"B-G1.045-C3",63394,1104,724.3477469112,1,26,19,26,19,false,0,true,true,false,false,false,"EQ",false
"B-G1.045-C3",63394,1284,837.5626324437,1,32,25,32,25,false,0,true,true,false,false,false,"EQ",false
"B-G1.045-C3",63394,1464,946.8792081415,1,37,30,37,30,true,0,true,true,false,false,false,"",true
"B-G1.045-C3",63394,1644,1069.4410931034,1,37,30,37,30,true,0,true,false,false,false,false,"COOLDOWN",false
"B-G1.045-C3",63394,1824,1174.3501840125,1,43,36,43,36,true,0,true,false,false,false,false,"COOLDOWN",false
"B-G1.045-C3",63394,2004,1280.9296617013,1,48,41,48,41,true,0,true,true,false,false,false,"",true
"B-G1.045-C3",63394,2184,1385.3682581925,2,48,42,48,42,false,0,true,true,false,false,false,"EQ",false
"B-G1.045-C3",63394,2364,1495.8784149725,2,56,49,56,49,false,0,true,true,false,false,false,"EQ",false
"B-G1.045-C3",63394,2544,1601.6198115465,2,61,54,61,54,false,0,true,true,false,false,false,"EQ",false
"B-G1.045-C3",63394,2724,1709.9515252473,2,66,59,66,59,true,0,true,true,false,false,false,"",true
"B-G1.045-C3",63394,2904,1836.8515252473,2,66,59,66,59,true,0,true,false,false,false,false,"COOLDOWN",false
"B-G1.045-C3",63394,3084,1942.3799170861,2,69,62,69,62,true,0,true,false,false,false,false,"COOLDOWN",false
"B-G1.045-C3",63394,3264,2058.3718323759,2,72,66,72,66,true,0,true,true,false,false,false,"",true
"B-G1.045-C3",63394,3444,2185.2718323759,2,72,66,72,66,true,2,false,false,false,false,false,"OVERDUE|COOLDOWN",false
"B-G1.045-C3",63394,3624,2288.3663597391,2,76,69,76,69,true,0,true,false,false,false,false,"COOLDOWN",false
"B-G1.045-C3",63394,3804,2404.4053797683,2,80,73,80,73,true,0,true,true,false,false,false,"",true
"B-G1.045-C3",63394,3984,2519.063018266,2,80,73,80,73,true,0,true,false,false,false,false,"COOLDOWN",false
"B-G1.045-C3",63394,4164,2623.5014883626,2,83,76,83,76,true,0,true,false,false,false,false,"COOLDOWN",false
"B-G1.045-C3",63394,4344,2735.2172892284,2,86,79,86,79,true,0,true,true,false,false,false,"",true
"B-G1.045-C3",63394,4524,2838.0830900942,3,86,79,86,79,false,0,true,true,false,false,false,"EQ",false
"B-G1.045-C3",63394,4704,2946.4717908246,3,92,85,92,85,false,0,true,true,false,false,false,"EQ",false
"B-G1.045-C3",63394,4884,3053.3275177296,3,96,89,96,89,false,0,true,true,false,false,false,"EQ",false
"B-G1.045-C3",63394,5064,3161.5108643673,3,98,91,98,91,false,1,false,true,false,false,false,"EQ|OVERDUE",false
"B-G1.045-C3",63394,5244,3273.3838409974,3,100,94,100,94,false,0,true,true,false,false,false,"EQ",false
"B-G1.045-C3",63394,5424,3377.9588508844,3,101,95,101,95,false,0,true,true,false,false,false,"EQ",false
"B-G1.045-C3",63394,5604,3487.2648908414,3,103,97,103,97,false,0,true,true,false,false,false,"EQ",false
"B-G1.045-C3",63394,5784,3597.7831206312,3,105,98,105,98,false,0,true,true,false,false,false,"EQ",false
"B-G1.045-C3",71313,24,24,0,14,7,14,7,false,0,true,true,false,false,false,"EQ",false
"B-G1.045-C3",71313,204,148.9333333333,0,16,9,16,9,false,0,true,true,false,false,false,"EQ",false
"B-G1.045-C3",71313,384,275.8333333333,0,19,12,19,12,false,0,true,true,false,false,false,"EQ",false
"B-G1.045-C3",71313,564,391.1293649324,0,21,14,21,14,true,0,true,true,false,false,false,"",true
"B-G1.045-C3",71313,744,518.0293649324,0,21,14,21,14,true,5,false,false,false,false,false,"OVERDUE|COOLDOWN",false
"B-G1.045-C3",71313,924,631.7094818251,0,23,16,23,16,true,0,true,false,false,false,false,"COOLDOWN",false
"B-G1.045-C3",71313,1104,740.4178151584,0,27,20,27,20,true,0,true,true,false,false,false,"",true
"B-G1.045-C3",71313,1284,852.0575101474,1,27,20,27,20,false,8,false,true,false,false,false,"EQ|OVERDUE",false
"B-G1.045-C3",71313,1464,958.7544798443,1,33,26,33,26,false,0,true,true,false,false,false,"EQ",false
"B-G1.045-C3",71313,1644,1069.6468157972,1,39,33,39,33,true,0,true,true,false,false,false,"",true
"B-G1.045-C3",71313,1824,1186.2439864426,1,39,33,39,33,true,7,false,false,false,false,false,"OVERDUE|COOLDOWN",false
"B-G1.045-C3",71313,2004,1293.4729764654,1,44,37,44,37,true,0,true,false,false,false,false,"COOLDOWN",false
"B-G1.045-C3",71313,2184,1400.2610586466,1,46,39,46,39,true,0,true,true,false,false,false,"",true
"B-G1.045-C3",71313,2364,1504.8721697577,2,46,40,46,40,false,0,true,true,false,false,false,"EQ",false
"B-G1.045-C3",71313,2544,1613.6304697323,2,52,45,52,45,false,0,true,true,false,false,false,"EQ",false
"B-G1.045-C3",71313,2724,1730.6830715233,2,55,48,55,48,false,0,true,true,false,false,false,"EQ",false
"B-G1.045-C3",71313,2904,1837.852918132,2,60,53,60,53,false,0,true,true,false,false,false,"EQ",false
"B-G1.045-C3",71313,3084,1941.2933943225,2,67,60,67,60,true,0,true,true,false,false,false,"",true
"B-G1.045-C3",71313,3264,2068.1933943225,2,67,60,67,60,true,2,false,false,false,false,false,"OVERDUE|COOLDOWN",false
"B-G1.045-C3",71313,3444,2177.3644912655,2,70,64,70,64,true,0,true,false,false,false,false,"COOLDOWN",false
"B-G1.045-C3",71313,3624,2282.207465971,2,75,68,75,68,true,0,true,true,false,false,false,"",true
"B-G1.045-C3",71313,3804,2393.0655172531,2,75,68,75,68,true,0,true,false,false,false,false,"COOLDOWN",false
"B-G1.045-C3",71313,3984,2504.958995514,2,78,72,78,72,true,0,true,false,false,false,false,"COOLDOWN",false
"B-G1.045-C3",71313,4164,2611.0681489081,2,80,74,80,74,true,0,true,true,false,false,false,"",true
"B-G1.045-C3",71313,4344,2723.8967874058,2,80,74,80,74,true,0,true,false,false,false,false,"COOLDOWN",false
"B-G1.045-C3",71313,4524,2835.6534540725,2,84,78,84,78,true,0,true,false,false,false,false,"COOLDOWN",false
"B-G1.045-C3",71313,4704,2945.5924357385,2,87,80,87,80,true,0,true,true,false,false,false,"",true
"B-G1.045-C3",71313,4884,3048.4385895847,3,87,80,87,80,false,0,true,true,false,false,false,"EQ",false
"B-G1.045-C3",71313,5064,3155.2952554577,3,94,88,94,88,false,0,true,true,false,false,false,"EQ",false
"B-G1.045-C3",71313,5244,3263.7317231475,3,98,91,98,91,false,0,true,true,false,false,false,"EQ",false
"B-G1.045-C3",71313,5424,3366.3617597776,3,100,94,100,94,false,0,true,true,false,false,false,"EQ",false
"B-G1.045-C3",71313,5604,3471.1332486341,3,102,95,102,95,false,0,true,true,false,false,false,"EQ",false
"B-G1.045-C3",71313,5784,3576.7044021765,3,104,98,104,98,false,0,true,true,false,false,false,"EQ",false
"A-G1.040-C3",79232,24,24,0,14,7,14,7,false,0,true,true,false,false,false,"EQ",false
"A-G1.040-C3",79232,204,145,0,17,10,17,10,false,0,true,true,false,false,false,"EQ",false
"A-G1.040-C3",79232,384,263.7709881944,0,20,13,20,13,true,0,true,true,false,false,false,"",true
"A-G1.040-C3",79232,564,390.8676548611,0,20,13,20,13,true,0,true,false,false,false,false,"COOLDOWN",false
"A-G1.040-C3",79232,744,506.0886043883,0,23,15,23,15,true,0,true,false,false,false,false,"COOLDOWN",false
"A-G1.040-C3",79232,924,620.5224171398,0,25,17,25,17,true,0,true,true,false,false,false,"",true
"A-G1.040-C3",79232,1104,731.0900068834,1,25,17,25,17,false,0,true,true,false,false,false,"EQ",false
"A-G1.040-C3",79232,1284,837.7869765803,1,34,26,34,26,false,0,true,true,false,false,false,"EQ",false
"A-G1.040-C3",79232,1464,945.956983001,1,38,30,38,30,true,0,true,true,false,false,false,"",true
"A-G1.040-C3",79232,1644,1072.856983001,1,38,30,38,30,true,2,true,false,false,false,false,"COOLDOWN",false
"A-G1.040-C3",79232,1824,1177.7660739101,1,45,37,45,37,true,0,true,false,false,false,false,"COOLDOWN",false
"A-G1.040-C3",79232,2004,1285.4800023414,1,51,43,51,43,true,0,true,true,false,false,false,"",true
"A-G1.040-C3",79232,2184,1389.7633356747,2,52,44,52,44,false,0,true,true,false,false,false,"EQ",false
"A-G1.040-C3",79232,2364,1497.7621000989,2,59,51,59,51,false,0,true,true,false,false,false,"EQ",false
"A-G1.040-C3",79232,2544,1610.1762623927,2,64,56,64,56,true,0,true,true,false,false,false,"",true
"A-G1.040-C3",79232,2724,1737.0762623927,2,64,56,64,56,true,0,true,false,false,false,false,"COOLDOWN",false
"A-G1.040-C3",79232,2904,1849.2262623927,2,71,64,71,64,true,0,true,false,false,false,false,"COOLDOWN",false
"A-G1.040-C3",79232,3084,1957.4675192308,2,74,68,74,68,true,0,true,true,false,false,false,"",true
"A-G1.040-C3",79232,3264,2061.9982191615,3,74,68,74,68,false,1,false,true,false,false,false,"EQ|OVERDUE",false
"A-G1.040-C3",79232,3444,2164.947990851,3,83,76,83,76,false,0,true,true,false,false,false,"EQ",false
"A-G1.040-C3",79232,3624,2267.7563241843,3,89,83,89,83,false,0,true,true,false,false,false,"EQ",false
"A-G1.040-C3",79232,3804,2376.8586998052,3,94,88,94,88,false,0,true,true,false,false,false,"EQ",false
"A-G1.040-C3",79232,3984,2483.7794958671,3,98,92,98,92,false,0,true,true,false,false,false,"EQ",false
"A-G1.040-C3",79232,4164,2593.9967339758,3,101,95,101,95,true,0,true,true,false,false,false,"",true
"A-G1.040-C3",79232,4344,2720.8967339758,3,101,95,101,95,true,0,true,false,false,false,false,"COOLDOWN",false
"A-G1.040-C3",79232,4524,2827.3786071342,3,103,97,103,97,true,0,true,false,false,false,false,"COOLDOWN",false
"A-G1.040-C3",79232,4704,2929.9540457307,3,105,98,105,98,true,0,true,true,false,false,false,"",true
"A-G1.040-C3",79232,4884,3056.8540457307,3,105,98,105,98,true,0,true,false,false,false,false,"COOLDOWN",false
"A-G1.040-C3",79232,5064,3163.2403735335,3,107,101,107,101,true,0,true,false,false,false,false,"COOLDOWN",false
"A-G1.040-C3",79232,5244,3272.2313357081,3,111,105,111,105,true,0,true,true,false,false,false,"",true
"A-G1.040-C3",79232,5424,3389.2589191739,3,111,105,111,105,true,9,false,false,false,false,false,"OVERDUE|COOLDOWN",false
"A-G1.040-C3",79232,5604,3491.7268678918,3,113,107,113,107,true,0,true,false,false,false,false,"COOLDOWN",false
"A-G1.040-C3",79232,5784,3598.306600084,3,115,109,115,109,true,0,true,true,false,false,false,"",true
"A-G1.040-C3",87151,24,24,0,14,6,14,6,false,0,true,true,false,false,false,"EQ",false
"A-G1.040-C3",87151,204,137.1333333333,0,22,15,22,15,true,0,true,true,false,false,false,"",true
"A-G1.040-C3",87151,384,262.7818181818,0,22,15,22,15,true,4,false,false,false,false,false,"OVERDUE|COOLDOWN",false
"A-G1.040-C3",87151,564,376.0634502303,0,23,16,23,16,true,0,true,false,false,false,false,"COOLDOWN",false
"A-G1.040-C3",87151,744,496.6777181989,0,26,19,26,19,true,0,true,true,false,false,false,"",true
"A-G1.040-C3",87151,924,607.8491233392,1,26,19,26,19,false,0,true,true,false,false,false,"EQ",false
"A-G1.040-C3",87151,1104,714.5460930361,1,33,26,33,26,false,0,true,true,false,false,false,"EQ",false
"A-G1.040-C3",87151,1284,826.0735549672,1,38,31,38,31,true,0,true,true,false,false,false,"",true
"A-G1.040-C3",87151,1464,945.6474341095,1,38,31,38,31,true,0,true,false,false,false,false,"COOLDOWN",false
"A-G1.040-C3",87151,1644,1055.0432215988,1,43,35,43,35,true,0,true,false,false,false,false,"COOLDOWN",false
"A-G1.040-C3",87151,1824,1162.9989992439,1,46,39,46,39,true,0,true,true,false,false,false,"",true
"A-G1.040-C3",87151,2004,1270.3566234675,2,47,39,47,39,false,0,true,true,false,false,false,"EQ",false
"A-G1.040-C3",87151,2184,1376.4965058178,2,57,50,57,50,false,0,true,true,false,false,false,"EQ",false
"A-G1.040-C3",87151,2364,1482.6152988936,2,62,54,62,54,true,0,true,true,false,false,false,"",true
"A-G1.040-C3",87151,2544,1609.5152988936,2,62,54,62,54,true,1,true,false,false,false,false,"COOLDOWN",false
"A-G1.040-C3",87151,2724,1718.0833365189,2,72,66,72,66,true,0,true,false,false,false,false,"COOLDOWN",false
"A-G1.040-C3",87151,2904,1824.521441779,2,77,70,77,70,true,0,true,true,false,false,false,"",true
"A-G1.040-C3",87151,3084,1927.59006923,3,77,71,77,71,false,0,true,true,false,false,false,"EQ",false
"A-G1.040-C3",87151,3264,2034.5937938437,3,89,83,89,83,false,0,true,true,false,false,false,"EQ",false
"A-G1.040-C3",87151,3444,2146.1492202003,3,95,89,95,89,false,0,true,true,false,false,false,"EQ",false
"A-G1.040-C3",87151,3624,2250.7935499136,3,98,91,98,91,false,0,true,true,false,false,false,"EQ",false
"A-G1.040-C3",87151,3804,2355.3493532529,3,102,96,102,96,true,0,true,true,false,false,false,"",true
"A-G1.040-C3",87151,3984,2482.2493532529,3,102,96,102,96,true,4,false,false,false,false,false,"OVERDUE|COOLDOWN",false
"A-G1.040-C3",87151,4164,2593.6747918494,3,105,99,105,99,true,0,true,false,false,false,false,"COOLDOWN",false
"A-G1.040-C3",87151,4344,2699.3409982479,3,108,101,108,101,true,0,true,true,false,false,false,"",true
"A-G1.040-C3",87151,4524,2826.2409982479,3,108,101,108,101,true,0,true,false,false,false,false,"COOLDOWN",false
"A-G1.040-C3",87151,4704,2928.7543315812,3,110,103,110,103,true,0,true,false,false,false,false,"COOLDOWN",false
"A-G1.040-C3",87151,4884,3038.8309032209,3,112,105,112,105,true,0,true,true,false,false,false,"",true
"A-G1.040-C3",87151,5064,3165.7309032209,3,112,105,112,105,true,0,true,false,false,false,false,"COOLDOWN",false
"A-G1.040-C3",87151,5244,3268.1988519388,3,114,107,114,107,true,0,true,false,false,false,false,"COOLDOWN",false
"A-G1.040-C3",87151,5424,3373.6570637169,3,115,109,115,109,true,0,true,true,false,false,false,"",true
"A-G1.040-C3",87151,5604,3500.5570637169,3,115,109,115,109,true,0,true,false,false,false,false,"COOLDOWN",false
"A-G1.040-C3",95070,24,24,0,14,6,14,6,false,0,true,true,false,false,false,"EQ",false
"A-G1.040-C3",95070,204,137.1333333333,0,22,15,22,15,true,0,true,true,false,false,false,"",true
"A-G1.040-C3",95070,384,262.7818181818,0,22,15,22,15,true,5,false,false,false,false,false,"OVERDUE|COOLDOWN",false
"A-G1.040-C3",95070,564,376.623350789,0,24,16,24,16,true,0,true,false,false,false,false,"COOLDOWN",false
"A-G1.040-C3",95070,744,488.5241761984,0,26,19,26,19,true,0,true,true,false,false,false,"",true
"A-G1.040-C3",95070,924,599.6778758321,1,26,19,26,19,false,1,true,true,false,false,false,"EQ",false
"A-G1.040-C3",95070,1104,711.1744446034,1,29,22,29,22,false,0,true,true,false,false,false,"EQ",false
"A-G1.040-C3",95070,1284,820.3542607909,1,37,30,37,30,true,0,true,true,false,false,false,"",true
"A-G1.040-C3",95070,1464,943.0976842144,1,37,30,37,30,true,7,false,false,false,false,false,"OVERDUE|COOLDOWN",false
"A-G1.040-C3",95070,1644,1051.7019746324,1,44,36,44,36,true,0,true,false,false,false,false,"COOLDOWN",false
"A-G1.040-C3",95070,1824,1160.6932103875,1,48,40,48,40,true,0,true,true,false,false,false,"",true
"A-G1.040-C3",95070,2004,1265.1318068787,2,49,41,49,41,false,0,true,true,false,false,false,"EQ",false
"A-G1.040-C3",95070,2184,1374.8581111729,2,57,50,57,50,false,0,true,true,false,false,false,"EQ",false
"A-G1.040-C3",95070,2364,1489.1731202387,2,67,59,67,59,true,0,true,true,false,false,false,"",true
"A-G1.040-C3",95070,2544,1608.311705882,2,67,59,67,59,true,0,true,false,false,false,false,"COOLDOWN",false
"A-G1.040-C3",95070,2724,1720.3982650218,2,73,66,73,66,true,0,true,false,false,false,false,"COOLDOWN",false
"A-G1.040-C3",95070,2904,1827.6016990893,2,76,70,76,70,true,0,true,true,false,false,false,"",true
"A-G1.040-C3",95070,3084,1936.5641387332,2,76,70,76,70,true,0,true,false,false,false,false,"COOLDOWN",false
"A-G1.040-C3",95070,3264,2041.4241921616,2,81,75,81,75,true,0,true,false,false,false,false,"COOLDOWN",false
"A-G1.040-C3",95070,3444,2147.5640202184,2,84,78,84,78,true,0,true,true,false,false,false,"",true
"A-G1.040-C3",95070,3624,2250.4706868851,3,84,78,84,78,false,0,true,true,false,false,false,"EQ",false
"A-G1.040-C3",95070,3804,2353.2608103419,3,90,84,90,84,false,0,true,true,false,false,false,"EQ",false
"A-G1.040-C3",95070,3984,2464.3959638325,3,95,88,95,88,false,0,true,true,false,false,false,"EQ",false
"A-G1.040-C3",95070,4164,2573.5834793547,3,102,96,102,96,true,0,true,true,false,false,false,"",true
"A-G1.040-C3",95070,4344,2700.4834793547,3,102,96,102,96,true,7,false,false,false,false,false,"OVERDUE|COOLDOWN",false
"A-G1.040-C3",95070,4524,2806.3439973148,3,107,100,107,100,true,0,true,false,false,false,false,"COOLDOWN",false
"A-G1.040-C3",95070,4704,2908.86924984,3,108,102,108,102,true,0,true,true,false,false,false,"",true
"A-G1.040-C3",95070,4884,3026.5247245875,3,108,102,108,102,true,0,true,false,false,false,false,"COOLDOWN",false
"A-G1.040-C3",95070,5064,3135.9476212955,3,112,106,112,106,true,0,true,false,false,false,false,"COOLDOWN",false
"A-G1.040-C3",95070,5244,3245.0105020043,3,115,108,115,108,true,0,true,true,false,false,false,"",true
"A-G1.040-C3",95070,5424,3355.5053260209,3,115,108,115,108,true,3,false,false,false,false,false,"OVERDUE|COOLDOWN",false
"A-G1.040-C3",95070,5604,3461.85856843,3,116,110,116,110,true,0,true,false,false,false,false,"COOLDOWN",false
"A-G1.040-C3",95070,5784,3576.8165854168,3,118,112,118,112,true,0,true,true,false,false,false,"",true
"A-G1.040-C3",102989,24,24,0,14,6,14,6,false,0,true,true,false,false,false,"EQ",false
"A-G1.040-C3",102989,204,137.1333333333,0,22,14,22,14,true,0,true,true,false,false,false,"",true
"A-G1.040-C3",102989,384,262.7818181818,0,22,14,22,14,true,6,false,false,false,false,false,"OVERDUE|COOLDOWN",false
"A-G1.040-C3",102989,564,375.6117734708,0,26,19,26,19,true,0,true,false,false,false,false,"COOLDOWN",false
"A-G1.040-C3",102989,744,487.3580976548,0,27,20,27,20,true,0,true,true,false,false,false,"",true
"A-G1.040-C3",102989,924,601.1338754325,0,27,20,27,20,true,0,true,false,false,false,false,"COOLDOWN",false
"A-G1.040-C3",102989,1104,711.6358614128,0,30,23,30,23,true,0,true,false,false,false,false,"COOLDOWN",false
"A-G1.040-C3",102989,1284,821.4220870308,0,33,26,33,26,true,0,true,true,false,false,false,"",true
"A-G1.040-C3",102989,1464,928.1190567277,1,34,26,34,26,false,0,true,true,false,false,false,"EQ",false
"A-G1.040-C3",102989,1644,1037.8695523585,1,38,31,38,31,true,0,true,true,false,false,false,"",true
"A-G1.040-C3",102989,1824,1157.4434315008,1,38,31,38,31,true,0,true,false,false,false,false,"COOLDOWN",false
"A-G1.040-C3",102989,2004,1264.6614923482,1,43,35,43,35,true,0,true,false,false,false,false,"COOLDOWN",false
"A-G1.040-C3",102989,2184,1369.0204667072,1,50,43,50,43,true,0,true,true,false,false,false,"",true
"A-G1.040-C3",102989,2364,1473.3038000405,2,51,44,51,44,false,0,true,true,false,false,false,"EQ",false
"A-G1.040-C3",102989,2544,1583.3557060462,2,58,50,58,50,false,0,true,true,false,false,false,"EQ",false
"A-G1.040-C3",102989,2724,1695.684493925,2,67,59,67,59,true,0,true,true,false,false,false,"",true
"A-G1.040-C3",102989,2904,1822.584493925,2,67,59,67,59,true,6,false,false,false,false,false,"OVERDUE|COOLDOWN",false
"A-G1.040-C3",102989,3084,1928.6407662475,2,70,63,70,63,true,0,true,false,false,false,false,"COOLDOWN",false
"A-G1.040-C3",102989,3264,2037.2666211933,2,74,67,74,67,true,0,true,true,false,false,false,"",true
"A-G1.040-C3",102989,3444,2141.8256865086,3,74,67,74,67,false,1,false,true,false,false,false,"EQ|OVERDUE",false
"A-G1.040-C3",102989,3624,2250.447338855,3,87,81,87,81,false,0,true,true,false,false,false,"EQ",false
"A-G1.040-C3",102989,3804,2354.930057749,3,94,88,94,88,false,0,true,true,false,false,false,"EQ",false
"A-G1.040-C3",102989,3984,2457.5892337789,3,98,92,98,92,false,0,true,true,false,false,false,"EQ",false
"A-G1.040-C3",102989,4164,2560.2051758079,3,102,95,102,95,true,0,true,true,false,false,false,"",true
"A-G1.040-C3",102989,4344,2687.1051758079,3,102,95,102,95,true,0,true,false,false,false,false,"COOLDOWN",false
"A-G1.040-C3",102989,4524,2798.5306144044,3,105,98,105,98,true,0,true,false,false,false,false,"COOLDOWN",false
"A-G1.040-C3",102989,4704,2901.0680293704,3,108,101,108,101,true,0,true,true,false,false,false,"",true
"A-G1.040-C3",102989,4884,3018.0276665586,3,108,101,108,101,true,0,true,false,false,false,false,"COOLDOWN",false
"A-G1.040-C3",102989,5064,3123.4752044224,3,110,104,110,104,true,0,true,false,false,false,false,"COOLDOWN",false
"A-G1.040-C3",102989,5244,3225.9654005008,3,111,105,111,105,true,0,true,true,false,false,false,"",true
"A-G1.040-C3",102989,5424,3340.7509839666,3,111,105,111,105,true,0,true,false,false,false,false,"COOLDOWN",false
"A-G1.040-C3",102989,5604,3443.2189326845,3,113,107,113,107,true,0,true,false,false,false,false,"COOLDOWN",false
"A-G1.040-C3",102989,5784,3554.5260755417,3,115,108,115,108,true,0,true,true,false,false,false,"",true
"A-G1.040-C3",110908,24,24,0,14,7,14,7,false,0,true,true,false,false,false,"EQ",false
"A-G1.040-C3",110908,204,148.0774136178,0,17,9,17,9,false,0,true,true,false,false,false,"EQ",false
"A-G1.040-C3",110908,384,267.1234558887,0,19,12,19,12,false,0,true,true,false,false,false,"EQ",false
"A-G1.040-C3",110908,564,382.7008937064,0,22,15,22,15,true,0,true,true,false,false,false,"",true
"A-G1.040-C3",110908,744,507.2766512822,0,22,15,22,15,true,3,true,false,false,false,false,"COOLDOWN",false
"A-G1.040-C3",110908,924,618.8269764798,0,27,20,27,20,true,0,true,false,false,false,false,"COOLDOWN",false
"A-G1.040-C3",110908,1104,729.1925459627,0,29,21,29,21,true,0,true,true,false,false,false,"",true
"A-G1.040-C3",110908,1284,837.0814348516,1,29,22,29,22,false,0,true,true,false,false,false,"EQ",false
"A-G1.040-C3",110908,1464,942.9532297234,1,37,30,37,30,true,0,true,true,false,false,false,"",true
"A-G1.040-C3",110908,1644,1069.8532297234,1,37,30,37,30,true,7,false,false,false,false,false,"OVERDUE|COOLDOWN",false
"A-G1.040-C3",110908,1824,1180.3948754638,1,44,37,44,37,true,0,true,false,false,false,false,"COOLDOWN",false
"A-G1.040-C3",110908,2004,1290.9211175199,1,49,42,49,42,true,0,true,true,false,false,false,"",true
"A-G1.040-C3",110908,2184,1395.3597140111,2,49,42,49,42,false,0,true,true,false,false,false,"EQ",false
"A-G1.040-C3",110908,2364,1501.1429313022,2,62,54,62,54,true,0,true,true,false,false,false,"",true
"A-G1.040-C3",110908,2544,1628.0429313022,2,62,54,62,54,true,0,true,false,false,false,false,"COOLDOWN",false
"A-G1.040-C3",110908,2724,1738.4741031543,2,70,63,70,63,true,0,true,false,false,false,false,"COOLDOWN",false
"A-G1.040-C3",110908,2904,1843.5491411817,2,74,68,74,68,true,0,true,true,false,false,false,"",true
"A-G1.040-C3",110908,3084,1952.7998411124,2,74,68,74,68,true,0,true,false,false,false,false,"COOLDOWN",false
"A-G1.040-C3",110908,3264,2063.6507422317,2,78,72,78,72,true,0,true,false,false,false,false,"COOLDOWN",false
"A-G1.040-C3",110908,3444,2169.9052830323,2,83,76,83,76,true,0,true,true,false,false,false,"",true
"A-G1.040-C3",110908,3624,2272.8550547218,3,83,76,83,76,false,0,true,true,false,false,false,"EQ",false
"A-G1.040-C3",110908,3804,2375.6451781786,3,90,84,90,84,false,0,true,true,false,false,false,"EQ",false
"A-G1.040-C3",110908,3984,2480.4042743459,3,93,86,93,86,false,0,true,true,false,false,false,"EQ",false
"A-G1.040-C3",110908,4164,2584.7190626207,3,99,92,99,92,false,0,true,true,false,false,false,"EQ",false
"A-G1.040-C3",110908,4344,2687.3490992508,3,101,94,101,94,true,0,true,true,false,false,false,"",true
"A-G1.040-C3",110908,4524,2814.2490992508,3,101,94,101,94,true,0,true,false,false,false,false,"COOLDOWN",false
"A-G1.040-C3",110908,4704,2928.0238551536,3,103,96,103,96,true,0,true,false,false,false,false,"COOLDOWN",false
"A-G1.040-C3",110908,4884,3040.2505852744,3,105,99,105,99,true,0,true,true,false,false,false,"",true
"A-G1.040-C3",110908,5064,3167.1505852744,3,105,99,105,99,true,2,false,false,false,false,false,"OVERDUE|COOLDOWN",false
"A-G1.040-C3",110908,5244,3271.7937564404,3,107,101,107,101,true,0,true,false,false,false,false,"COOLDOWN",false
"A-G1.040-C3",110908,5424,3376.6623663514,3,110,103,110,103,true,0,true,true,false,false,false,"",true
"A-G1.040-C3",110908,5604,3503.5623663514,3,110,103,110,103,true,0,true,false,false,false,false,"COOLDOWN",false
"A-G1.040-C3",118827,24,24,0,14,7,14,7,false,0,true,true,false,false,false,"EQ",false
"A-G1.040-C3",118827,204,145,0,17,9,17,9,false,0,true,true,false,false,false,"EQ",false
"A-G1.040-C3",118827,384,263.17171748,0,20,12,20,12,true,0,true,true,false,false,false,"",true
"A-G1.040-C3",118827,564,390.07171748,0,20,12,20,12,true,2,true,false,false,false,false,"COOLDOWN",false
"A-G1.040-C3",118827,744,507.3910038398,0,22,15,22,15,true,0,true,false,false,false,false,"COOLDOWN",false
"A-G1.040-C3",118827,924,616.5910038398,0,26,19,26,19,true,0,true,true,false,false,false,"",true
"A-G1.040-C3",118827,1104,726.3961320449,1,27,19,27,19,false,6,false,true,false,false,false,"EQ|OVERDUE",false
"A-G1.040-C3",118827,1284,844.9573752675,1,31,23,31,23,false,0,true,true,false,false,false,"EQ",false
"A-G1.040-C3",118827,1464,950.6610789712,1,38,30,38,30,true,0,true,true,false,false,false,"",true
"A-G1.040-C3",118827,1644,1077.5610789712,1,38,30,38,30,true,8,false,false,false,false,false,"OVERDUE|COOLDOWN",false
"A-G1.040-C3",118827,1824,1185.8100041279,1,40,33,40,33,true,0,true,false,false,false,false,"COOLDOWN",false
"A-G1.040-C3",118827,2004,1290.6139256965,1,46,38,46,38,true,0,true,true,false,false,false,"",true
"A-G1.040-C3",118827,2184,1395.7154124825,2,46,38,46,38,false,4,false,true,false,false,false,"EQ|OVERDUE",false
"A-G1.040-C3",118827,2364,1502.3349671995,2,53,45,53,45,false,0,true,true,false,false,false,"EQ",false
"A-G1.040-C3",118827,2544,1611.1704410189,2,64,57,64,57,true,0,true,true,false,false,false,"",true
"A-G1.040-C3",118827,2724,1731.1715227799,2,64,57,64,57,true,3,false,false,false,false,false,"OVERDUE|COOLDOWN",false
"A-G1.040-C3",118827,2904,1836.5343213947,2,72,66,72,66,true,0,true,false,false,false,false,"COOLDOWN",false
"A-G1.040-C3",118827,3084,1946.4603557825,2,76,70,76,70,true,0,true,true,false,false,false,"",true
"A-G1.040-C3",118827,3264,2050.294970865,3,76,70,76,70,false,0,true,true,false,false,false,"EQ",false
"A-G1.040-C3",118827,3444,2155.3995002945,3,85,78,85,78,false,0,true,true,false,false,false,"EQ",false
"A-G1.040-C3",118827,3624,2262.0626738436,3,91,85,91,85,false,0,true,true,false,false,false,"EQ",false
"A-G1.040-C3",118827,3804,2364.8007690817,3,94,88,94,88,false,0,true,true,false,false,false,"EQ",false
"A-G1.040-C3",118827,3984,2479.8529107819,3,98,92,98,92,false,0,true,true,false,false,false,"EQ",false
"A-G1.040-C3",118827,4164,2582.4688528109,3,101,95,101,95,true,0,true,true,false,false,false,"",true
"A-G1.040-C3",118827,4344,2709.3688528109,3,101,95,101,95,true,2,false,false,false,false,false,"OVERDUE|COOLDOWN",false
"A-G1.040-C3",118827,4524,2811.9442914074,3,105,98,105,98,true,0,true,false,false,false,false,"COOLDOWN",false
"A-G1.040-C3",118827,4704,2914.5067914074,3,106,100,106,100,true,0,true,true,false,false,false,"",true
"A-G1.040-C3",118827,4884,3041.4067914074,3,106,100,106,100,true,0,true,false,false,false,false,"COOLDOWN",false
"A-G1.040-C3",118827,5064,3143.9442063734,3,108,102,108,102,true,0,true,false,false,false,false,"COOLDOWN",false
"A-G1.040-C3",118827,5244,3250.6664297479,3,110,103,110,103,true,0,true,true,false,false,false,"",true
"A-G1.040-C3",118827,5424,3368.6449145964,3,110,103,110,103,true,1,false,false,false,false,false,"OVERDUE|COOLDOWN",false
"A-G1.040-C3",118827,5604,3474.0227151112,3,112,106,112,106,true,0,true,false,false,false,false,"COOLDOWN",false
"A-G1.040-C3",118827,5784,3581.6673728882,3,114,108,114,108,true,0,true,true,false,false,false,"",true
"A-G1.040-C3",126746,24,24,0,14,7,14,7,false,0,true,true,false,false,false,"EQ",false
"A-G1.040-C3",126746,204,145,0,17,9,17,9,false,0,true,true,false,false,false,"EQ",false
"A-G1.040-C3",126746,384,262.0611726644,0,20,12,20,12,true,0,true,true,false,false,false,"",true
"A-G1.040-C3",126746,564,389.8658393311,0,20,12,20,12,true,1,true,false,false,false,false,"COOLDOWN",false
"A-G1.040-C3",126746,744,505.2197652562,0,22,15,22,15,true,0,true,false,false,false,false,"COOLDOWN",false
"A-G1.040-C3",126746,924,618.0353490273,0,26,19,26,19,true,0,true,true,false,false,false,"",true
"A-G1.040-C3",126746,1104,729.1103819943,1,26,19,26,19,false,12,false,true,false,false,false,"EQ|OVERDUE",false
"A-G1.040-C3",126746,1284,841.7086238212,1,29,21,29,21,false,0,true,true,false,false,false,"EQ",false
"A-G1.040-C3",126746,1464,956.8086238212,1,35,28,35,28,true,0,true,true,false,false,false,"",true
"A-G1.040-C3",126746,1644,1083.7086238212,1,35,28,35,28,true,0,true,false,false,false,false,"COOLDOWN",false
"A-G1.040-C3",126746,1824,1193.5197097682,1,38,31,38,31,true,0,true,false,false,false,false,"COOLDOWN",false
"A-G1.040-C3",126746,2004,1303.9200761401,1,43,36,43,36,true,0,true,true,false,false,false,"",true
"A-G1.040-C3",126746,2184,1413.6288939696,1,43,36,43,36,true,0,true,false,false,false,false,"COOLDOWN",false
"A-G1.040-C3",126746,2364,1520.0719894087,1,48,41,48,41,true,0,true,false,false,false,false,"COOLDOWN",false
"A-G1.040-C3",126746,2544,1635.5815645662,1,55,48,55,48,true,0,true,true,false,false,false,"",true
"A-G1.040-C3",126746,2724,1739.5371201218,2,56,48,56,48,false,0,true,true,false,false,false,"EQ",false
"A-G1.040-C3",126746,2904,1843.0968685495,2,65,57,65,57,true,0,true,true,false,false,false,"",true
"A-G1.040-C3",126746,3084,1960.7561041567,2,65,57,65,57,true,3,false,false,false,false,false,"OVERDUE|COOLDOWN",false
"A-G1.040-C3",126746,3264,2065.7616506117,2,72,66,72,66,true,0,true,false,false,false,false,"COOLDOWN",false
"A-G1.040-C3",126746,3444,2175.6391742337,2,77,71,77,71,true,0,true,true,false,false,false,"",true
"A-G1.040-C3",126746,3624,2278.7078016847,3,77,71,77,71,false,0,true,true,false,false,false,"EQ",false
"A-G1.040-C3",126746,3804,2381.593766597,3,85,79,85,79,false,0,true,true,false,false,false,"EQ",false
"A-G1.040-C3",126746,3984,2488.3613122804,3,89,83,89,83,false,0,true,true,false,false,false,"EQ",false
"A-G1.040-C3",126746,4164,2595.588304537,3,92,86,92,86,false,0,true,true,false,false,false,"EQ",false
"A-G1.040-C3",126746,4344,2702.5152331878,3,97,91,97,91,false,0,true,true,false,false,false,"EQ",false
"A-G1.040-C3",126746,4524,2808.7166879481,3,100,93,100,93,true,0,true,true,false,false,false,"",true
"A-G1.040-C3",126746,4704,2935.6166879481,3,100,93,100,93,true,0,true,false,false,false,false,"COOLDOWN",false
"A-G1.040-C3",126746,4884,3044.6549894729,3,103,97,103,97,true,0,true,false,false,false,false,"COOLDOWN",false
"A-G1.040-C3",126746,5064,3150.0534904707,3,106,99,106,99,true,0,true,true,false,false,false,"",true
"A-G1.040-C3",126746,5244,3269.0172483323,3,106,99,106,99,true,1,false,false,false,false,false,"OVERDUE|COOLDOWN",false
"A-G1.040-C3",126746,5424,3371.5546632983,3,108,101,108,101,true,0,true,false,false,false,false,"COOLDOWN",false
"A-G1.040-C3",126746,5604,3479.7123227174,3,110,104,110,104,true,0,true,true,false,false,false,"",true
"A-G1.040-C3",126746,5784,3594.7291243976,3,110,104,110,104,true,0,true,false,false,false,false,"COOLDOWN",false
"A-G1.040-C3",134665,24,24,0,14,7,14,7,false,0,true,true,false,false,false,"EQ",false
"A-G1.040-C3",134665,204,148.9333333333,0,16,9,16,9,false,0,true,true,false,false,false,"EQ",false
"A-G1.040-C3",134665,384,267.1238095238,0,18,11,18,11,false,0,true,true,false,false,false,"EQ",false
"A-G1.040-C3",134665,564,383.9102362515,0,21,13,21,13,true,0,true,true,false,false,false,"",true
"A-G1.040-C3",134665,744,510.8102362515,0,21,13,21,13,true,2,true,false,false,false,false,"COOLDOWN",false
"A-G1.040-C3",134665,924,620.5721410134,0,25,18,25,18,true,0,true,false,false,false,false,"COOLDOWN",false
"A-G1.040-C3",134665,1104,729.7721410134,0,27,20,27,20,true,0,true,true,false,false,false,"",true
"A-G1.040-C3",134665,1284,838.4804743467,1,27,20,27,20,false,0,true,true,false,false,false,"EQ",false
"A-G1.040-C3",134665,1464,949.3375144881,1,31,24,31,24,false,0,true,true,false,false,false,"EQ",false
"A-G1.040-C3",134665,1644,1058.4174774219,1,39,32,39,32,true,0,true,true,false,false,false,"",true
"A-G1.040-C3",134665,1824,1175.8470529204,1,39,32,39,32,true,5,false,false,false,false,false,"OVERDUE|COOLDOWN",false
"A-G1.040-C3",134665,2004,1280.650974489,1,45,38,45,38,true,0,true,false,false,false,false,"COOLDOWN",false
"A-G1.040-C3",134665,2184,1387.2078559011,1,49,41,49,41,true,0,true,true,false,false,false,"",true
"A-G1.040-C3",134665,2364,1491.6464523923,2,49,42,49,42,false,0,true,true,false,false,false,"EQ",false
"A-G1.040-C3",134665,2544,1595.3879489909,2,60,53,60,53,true,0,true,true,false,false,false,"",true
"A-G1.040-C3",134665,2724,1727.7946156576,2,60,53,60,53,true,8,false,false,false,false,false,"OVERDUE|COOLDOWN",false
"A-G1.040-C3",134665,2904,1840.0850918481,2,67,60,67,60,true,0,true,false,false,false,false,"COOLDOWN",false
"A-G1.040-C3",134665,3084,1948.9541764822,2,72,66,72,66,true,0,true,true,false,false,false,"",true
"A-G1.040-C3",134665,3264,2056.1240689554,3,72,66,72,66,false,3,false,true,false,false,false,"EQ|OVERDUE",false
"A-G1.040-C3",134665,3444,2162.3479197282,3,79,73,79,73,false,0,true,true,false,false,false,"EQ",false
"A-G1.040-C3",134665,3624,2265.2758476561,3,83,77,83,77,false,0,true,true,false,false,false,"EQ",false
"A-G1.040-C3",134665,3804,2371.1481789129,3,90,83,90,83,false,0,true,true,false,false,false,"EQ",false
"A-G1.040-C3",134665,3984,2475.6667859497,3,93,86,93,86,false,0,true,true,false,false,false,"EQ",false
"A-G1.040-C3",134665,4164,2582.6245486731,3,96,90,96,90,false,0,true,true,false,false,false,"EQ",false
"A-G1.040-C3",134665,4344,2693.9958655078,3,99,92,99,92,false,0,true,true,false,false,false,"EQ",false
"A-G1.040-C3",134665,4524,2800.1240194217,3,100,94,100,94,true,0,true,true,false,false,false,"",true
"A-G1.040-C3",134665,4704,2927.1026860884,3,100,94,100,94,true,1,false,false,false,false,false,"OVERDUE|COOLDOWN",false
"A-G1.040-C3",134665,4884,3029.6781246849,3,104,98,104,98,true,0,true,false,false,false,false,"COOLDOWN",false
"A-G1.040-C3",134665,5064,3137.9372777482,3,108,101,108,101,true,0,true,true,false,false,false,"",true
"A-G1.040-C3",134665,5244,3264.8372777482,3,108,101,108,101,true,1,false,false,false,false,false,"OVERDUE|COOLDOWN",false
"A-G1.040-C3",134665,5424,3371.6349639356,3,110,104,110,104,true,0,true,false,false,false,false,"COOLDOWN",false
"A-G1.040-C3",134665,5604,3474.125160014,3,112,105,112,105,true,0,true,true,false,false,false,"",true
"A-G1.040-C3",134665,5784,3587.2915465685,3,112,105,112,105,true,0,true,false,false,false,false,"COOLDOWN",false
"A-G1.040-C3",142584,24,24,0,14,7,14,7,false,0,true,true,false,false,false,"EQ",false
"A-G1.040-C3",142584,204,145,0,17,9,17,9,false,0,true,true,false,false,false,"EQ",false
"A-G1.040-C3",142584,384,265.8565458788,0,19,12,19,12,false,0,true,true,false,false,false,"EQ",false
"A-G1.040-C3",142584,564,381.2567996571,0,22,15,22,15,true,0,true,true,false,false,false,"",true
"A-G1.040-C3",142584,744,507.4362845056,0,22,15,22,15,true,1,true,false,false,false,false,"COOLDOWN",false
"A-G1.040-C3",142584,924,620.0295504583,0,24,17,24,17,true,0,true,false,false,false,false,"COOLDOWN",false
"A-G1.040-C3",142584,1104,732.0868238892,0,27,20,27,20,true,0,true,true,false,false,false,"",true
"A-G1.040-C3",142584,1284,851.3102683336,0,27,20,27,20,true,0,true,false,false,false,false,"COOLDOWN",false
"A-G1.040-C3",142584,1464,961.6673483635,0,29,21,29,21,true,0,true,false,false,false,false,"COOLDOWN",false
"A-G1.040-C3",142584,1644,1072.6086242649,0,31,24,31,24,true,0,true,true,false,false,false,"",true
"A-G1.040-C3",142584,1824,1179.8419575982,1,32,25,32,25,false,0,true,true,false,false,false,"EQ",false
"A-G1.040-C3",142584,2004,1288.2572882852,1,37,29,37,29,true,0,true,true,false,false,false,"",true
"A-G1.040-C3",142584,2184,1415.1572882852,1,37,29,37,29,true,0,true,false,false,false,false,"COOLDOWN",false
"A-G1.040-C3",142584,2364,1524.3219715776,1,41,33,41,33,true,0,true,false,false,false,false,"COOLDOWN",false
"A-G1.040-C3",142584,2544,1633.2140312126,1,45,38,45,38,true,0,true,true,false,false,false,"",true
"A-G1.040-C3",142584,2724,1738.3424527812,2,46,38,46,38,false,1,true,true,false,false,false,"EQ",false
"A-G1.040-C3",142584,2904,1842.2980083368,2,56,49,56,49,false,0,true,true,false,false,false,"EQ",false
"A-G1.040-C3",142584,3084,1951.0600418706,2,61,54,61,54,true,0,true,true,false,false,false,"",true
"A-G1.040-C3",142584,3264,2077.9600418706,2,61,54,61,54,true,4,false,false,false,false,false,"OVERDUE|COOLDOWN",false
"A-G1.040-C3",142584,3444,2190.4279097356,2,67,59,67,59,true,0,true,false,false,false,false,"COOLDOWN",false
"A-G1.040-C3",142584,3624,2300.893261024,2,77,71,77,71,true,0,true,true,false,false,false,"",true
"A-G1.040-C3",142584,3804,2410.0253516785,2,77,71,77,71,true,7,false,false,false,false,false,"OVERDUE|COOLDOWN",false
"A-G1.040-C3",142584,3984,2516.5519975385,2,85,79,85,79,true,0,true,false,false,false,false,"COOLDOWN",false
"A-G1.040-C3",142584,4164,2624.6210097524,2,88,82,88,82,true,0,true,true,false,false,false,"",true
"A-G1.040-C3",142584,4344,2727.4480139718,3,89,83,89,83,false,0,true,true,false,false,false,"EQ",false
"A-G1.040-C3",142584,4524,2834.0722032384,3,92,86,92,86,false,0,true,true,false,false,false,"EQ",false
"A-G1.040-C3",142584,4704,2936.7937718659,3,95,88,95,88,false,0,true,true,false,false,false,"EQ",false
"A-G1.040-C3",142584,4884,3043.1521306088,3,99,92,99,92,false,0,true,true,false,false,false,"EQ",false
"A-G1.040-C3",142584,5064,3147.7282691593,3,101,95,101,95,true,0,true,true,false,false,false,"",true
"A-G1.040-C3",142584,5244,3274.6282691593,3,101,95,101,95,true,0,true,false,false,false,false,"COOLDOWN",false
"A-G1.040-C3",142584,5424,3379.559412691,3,103,97,103,97,true,0,true,false,false,false,false,"COOLDOWN",false
"A-G1.040-C3",142584,5604,3482.1348512875,3,105,99,105,99,true,0,true,true,false,false,false,"",true
"A-G1.040-C3",150503,24,24,0,15,7,15,7,false,0,true,true,false,false,false,"EQ",false
"A-G1.040-C3",150503,204,144.2010416667,0,19,12,19,12,false,0,true,true,false,false,false,"EQ",false
"A-G1.040-C3",150503,384,259.0296630841,0,22,15,22,15,true,0,true,true,false,false,false,"",true
"A-G1.040-C3",150503,564,383.6054206599,0,22,15,22,15,true,2,true,false,false,false,false,"COOLDOWN",false
"A-G1.040-C3",150503,744,498.3631623335,0,25,18,25,18,true,0,true,false,false,false,false,"COOLDOWN",false
"A-G1.040-C3",150503,924,610.7038224921,0,28,20,28,20,true,0,true,true,false,false,false,"",true
"A-G1.040-C3",150503,1104,719.4121558254,1,28,21,28,21,false,0,true,true,false,false,false,"EQ",false
"A-G1.040-C3",150503,1284,828.8679448755,1,32,25,32,25,false,0,true,true,false,false,false,"EQ",false
"A-G1.040-C3",150503,1464,947.6135749496,1,35,28,35,28,true,0,true,true,false,false,false,"",true
"A-G1.040-C3",150503,1644,1074.5135749496,1,35,28,35,28,true,1,true,false,false,false,false,"COOLDOWN",false
"A-G1.040-C3",150503,1824,1182.6899182652,1,40,32,40,32,true,0,true,false,false,false,false,"COOLDOWN",false
"A-G1.040-C3",150503,2004,1290.2139953516,1,47,39,47,39,true,0,true,true,false,false,false,"",true
"A-G1.040-C3",150503,2184,1394.8251064627,2,47,39,47,39,false,0,true,true,false,false,false,"EQ",false
"A-G1.040-C3",150503,2364,1505.1247243107,2,55,48,55,48,false,0,true,true,false,false,false,"EQ",false
"A-G1.040-C3",150503,2544,1608.6844727384,2,64,57,64,57,true,0,true,true,false,false,false,"",true
"A-G1.040-C3",150503,2724,1727.9775544994,2,64,57,64,57,true,3,false,false,false,false,false,"OVERDUE|COOLDOWN",false
"A-G1.040-C3",150503,2904,1831.2775544994,2,71,64,71,64,true,0,true,false,false,false,false,"COOLDOWN",false
"A-G1.040-C3",150503,3084,1943.2487666206,2,75,69,75,69,true,0,true,true,false,false,false,"",true
"A-G1.040-C3",150503,3264,2046.5273120752,3,75,69,75,69,false,2,false,true,false,false,false,"EQ|OVERDUE",false
"A-G1.040-C3",150503,3444,2153.2769430311,3,86,80,86,80,false,0,true,true,false,false,false,"EQ",false
"A-G1.040-C3",150503,3624,2256.0319631114,3,93,86,93,86,false,0,true,true,false,false,false,"EQ",false
"A-G1.040-C3",150503,3804,2370.5151826259,3,96,89,96,89,false,0,true,true,false,false,false,"EQ",false
"A-G1.040-C3",150503,3984,2479.2660655922,3,99,93,99,93,false,0,true,true,false,false,false,"EQ",false
"A-G1.040-C3",150503,4164,2585.0055178737,3,104,97,104,97,true,0,true,true,false,false,false,"",true
"A-G1.040-C3",150503,4344,2713.0552614634,3,104,97,104,97,true,0,true,false,false,false,false,"COOLDOWN",false
"A-G1.040-C3",150503,4524,2827.4369137919,3,106,99,106,99,true,0,true,false,false,false,false,"COOLDOWN",false
"A-G1.040-C3",150503,4704,2938.8243287579,3,107,101,107,101,true,0,true,true,false,false,false,"",true
"A-G1.040-C3",150503,4884,3065.7243287579,3,107,101,107,101,true,1,false,false,false,false,false,"OVERDUE|COOLDOWN",false
"A-G1.040-C3",150503,5064,3170.9735772277,3,109,102,109,102,true,0,true,false,false,false,false,"COOLDOWN",false
"A-G1.040-C3",150503,5244,3286.2622308004,3,111,105,111,105,true,0,true,true,false,false,false,"",true
"A-G1.040-C3",150503,5424,3400.3398142662,3,111,105,111,105,true,1,false,false,false,false,false,"OVERDUE|COOLDOWN",false
"A-G1.040-C3",150503,5604,3502.8187786675,3,112,106,112,106,true,0,true,false,false,false,false,"COOLDOWN",false
"A-G1.040-C3",158422,24,24,0,14,7,14,7,false,0,true,true,false,false,false,"EQ",false
"A-G1.040-C3",158422,204,147.4203657406,0,18,11,18,11,false,0,true,true,false,false,false,"EQ",false
"A-G1.040-C3",158422,384,258.5870324073,0,23,16,23,16,true,0,true,true,false,false,false,"",true
"A-G1.040-C3",158422,564,377.7913802334,0,23,16,23,16,true,14,false,false,false,false,false,"OVERDUE|COOLDOWN",false
"A-G1.040-C3",158422,744,488.2016366437,0,25,17,25,17,true,0,true,false,false,false,false,"COOLDOWN",false
"A-G1.040-C3",158422,924,599.6991425301,0,28,21,28,21,true,0,true,true,false,false,false,"",true
"A-G1.040-C3",158422,1104,707.973652334,1,28,21,28,21,false,0,true,true,false,false,false,"EQ",false
"A-G1.040-C3",158422,1284,820.4931762574,1,33,26,33,26,false,0,true,true,false,false,false,"EQ",false
"A-G1.040-C3",158422,1464,929.3225592879,1,36,29,36,29,true,0,true,true,false,false,false,"",true
"A-G1.040-C3",158422,1644,1056.2225592879,1,36,29,36,29,true,0,true,false,false,false,false,"COOLDOWN",false
"A-G1.040-C3",158422,1824,1164.7300270407,1,40,33,40,33,true,0,true,false,false,false,false,"COOLDOWN",false
"A-G1.040-C3",158422,2004,1282.5588746369,1,44,36,44,36,true,0,true,true,false,false,false,"",true
"A-G1.040-C3",158422,2184,1387.467965546,2,44,36,44,36,false,0,true,true,false,false,false,"EQ",false
"A-G1.040-C3",158422,2364,1500.676939905,2,51,43,51,43,false,0,true,true,false,false,false,"EQ",false
"A-G1.040-C3",158422,2544,1606.8289853819,2,54,47,54,47,false,0,true,true,false,false,false,"EQ",false
"A-G1.040-C3",158422,2724,1713.1626603808,2,60,53,60,53,true,0,true,true,false,false,false,"",true
"A-G1.040-C3",158422,2904,1840.0626603808,2,60,53,60,53,true,2,false,false,false,false,false,"OVERDUE|COOLDOWN",false
"A-G1.040-C3",158422,3084,1943.6224088085,2,64,57,64,57,true,0,true,false,false,false,false,"COOLDOWN",false
"A-G1.040-C3",158422,3264,2049.0425695966,2,69,62,69,62,true,0,true,true,false,false,false,"",true
"A-G1.040-C3",158422,3444,2166.938066848,2,69,62,69,62,true,1,true,false,false,false,false,"COOLDOWN",false
"A-G1.040-C3",158422,3624,2271.7810415535,2,75,69,75,69,true,0,true,false,false,false,false,"COOLDOWN",false
"A-G1.040-C3",158422,3804,2379.3048284988,2,80,74,80,74,true,0,true,true,false,false,false,"",true
"A-G1.040-C3",158422,3984,2483.2834669965,3,80,74,80,74,false,1,false,true,false,false,false,"EQ|OVERDUE",false
"A-G1.040-C3",158422,4164,2586.0918003298,3,89,83,89,83,false,0,true,true,false,false,false,"EQ",false
"A-G1.040-C3",158422,4344,2692.6379181529,3,94,88,94,88,false,0,true,true,false,false,false,"EQ",false
"A-G1.040-C3",158422,4524,2795.3275733253,3,97,90,97,90,false,0,true,true,false,false,false,"EQ",false
"A-G1.040-C3",158422,4704,2905.0723363563,3,100,94,100,94,true,0,true,true,false,false,false,"",true
"A-G1.040-C3",158422,4884,3031.9723363563,3,100,94,100,94,true,0,true,false,false,false,false,"COOLDOWN",false
"A-G1.040-C3",158422,5064,3134.5477749528,3,104,98,104,98,true,0,true,false,false,false,false,"COOLDOWN",false
"A-G1.040-C3",158422,5244,3249.7788619616,3,106,100,106,100,true,0,true,true,false,false,false,"",true
"A-G1.040-C3",158422,5424,3376.6788619616,3,106,100,106,100,true,0,true,false,false,false,false,"COOLDOWN",false
"A-G1.040-C3",158422,5604,3488.0541144868,3,109,102,109,102,true,0,true,false,false,false,false,"COOLDOWN",false
"A-G1.040-C3",158422,5784,3594.6009304031,3,111,105,111,105,true,0,true,true,false,false,false,"",true
"A-G1.040-C3",166341,24,24,0,14,6,14,6,false,0,true,true,false,false,false,"EQ",false
"A-G1.040-C3",166341,204,145,0,17,9,17,9,false,0,true,true,false,false,false,"EQ",false
"A-G1.040-C3",166341,384,263.6999218752,0,20,12,20,12,true,0,true,true,false,false,false,"",true
"A-G1.040-C3",166341,564,390.5999218752,0,20,12,20,12,true,0,true,false,false,false,false,"COOLDOWN",false
"A-G1.040-C3",166341,744,508.0040214005,0,22,15,22,15,true,0,true,false,false,false,false,"COOLDOWN",false
"A-G1.040-C3",166341,924,621.2357825257,0,24,17,24,17,true,0,true,true,false,false,false,"",true
"A-G1.040-C3",166341,1104,735.5793722693,1,24,17,24,17,false,0,true,true,false,false,false,"EQ",false
"A-G1.040-C3",166341,1284,847.9693544349,1,28,21,28,21,false,0,true,true,false,false,false,"EQ",false
"A-G1.040-C3",166341,1464,954.2193544349,1,35,28,35,28,true,0,true,true,false,false,false,"",true
"A-G1.040-C3",166341,1644,1081.3160211016,1,35,28,35,28,true,8,false,false,false,false,false,"OVERDUE|COOLDOWN",false
"A-G1.040-C3",166341,1824,1187.0197248053,1,39,32,39,32,true,0,true,false,false,false,false,"COOLDOWN",false
"A-G1.040-C3",166341,2004,1294.3909593217,1,42,35,42,35,true,0,true,true,false,false,false,"",true
"A-G1.040-C3",166341,2184,1406.4140776012,1,42,35,42,35,true,0,true,false,false,false,false,"COOLDOWN",false
"A-G1.040-C3",166341,2364,1516.8873719072,1,46,39,46,39,true,0,true,false,false,false,false,"COOLDOWN",false
"A-G1.040-C3",166341,2544,1623.7926569267,1,51,44,51,44,true,0,true,true,false,false,false,"",true
"A-G1.040-C3",166341,2724,1728.07599026,2,52,44,52,44,false,0,true,true,false,false,false,"EQ",false
"A-G1.040-C3",166341,2904,1831.7230490836,2,62,55,62,55,true,0,true,true,false,false,false,"",true
"A-G1.040-C3",166341,3084,1958.6230490836,2,62,55,62,55,true,4,false,false,false,false,false,"OVERDUE|COOLDOWN",false
"A-G1.040-C3",166341,3264,2070.8063824169,2,70,62,70,62,true,0,true,false,false,false,false,"COOLDOWN",false
"A-G1.040-C3",166341,3444,2173.9834657502,2,74,68,74,68,true,0,true,true,false,false,false,"",true
"A-G1.040-C3",166341,3624,2278.5425310655,3,74,68,74,68,false,1,false,true,false,false,false,"EQ|OVERDUE",false
"A-G1.040-C3",166341,3804,2392.0293504399,3,81,75,81,75,false,1,false,true,false,false,false,"EQ|OVERDUE",false
"A-G1.040-C3",166341,3984,2503.5317445742,3,88,81,88,81,false,0,true,true,false,false,false,"EQ",false
"A-G1.040-C3",166341,4164,2609.4084152626,3,90,84,90,84,false,0,true,true,false,false,false,"EQ",false
"A-G1.040-C3",166341,4344,2713.8217363561,3,96,90,96,90,false,0,true,true,false,false,false,"EQ",false
"A-G1.040-C3",166341,4524,2825.330912386,3,99,92,99,92,false,0,true,true,false,false,false,"EQ",false
"A-G1.040-C3",166341,4704,2940.837544494,3,103,96,103,96,true,0,true,true,false,false,false,"",true
"A-G1.040-C3",166341,4884,3067.737544494,3,103,96,103,96,true,1,false,false,false,false,false,"OVERDUE|COOLDOWN",false
"A-G1.040-C3",166341,5064,3177.341211908,3,108,101,108,101,true,0,true,false,false,false,false,"COOLDOWN",false
"A-G1.040-C3",166341,5244,3279.8545452413,3,110,104,110,104,true,0,true,true,false,false,false,"",true
"A-G1.040-C3",166341,5424,3394.8830300898,3,110,104,110,104,true,0,true,false,false,false,false,"COOLDOWN",false
"A-G1.040-C3",166341,5604,3500.5338395936,3,112,106,112,106,true,0,true,false,false,false,false,"COOLDOWN",false
"A-G1.040-C3",174260,24,24,0,14,6,14,6,false,0,true,true,false,false,false,"EQ",false
"A-G1.040-C3",174260,204,148.9333333333,0,16,9,16,9,false,0,true,true,false,false,false,"EQ",false
"A-G1.040-C3",174260,384,267.1238095238,0,18,11,18,11,false,0,true,true,false,false,false,"EQ",false
"A-G1.040-C3",174260,564,383.6118408259,0,21,14,21,14,true,0,true,true,false,false,false,"",true
"A-G1.040-C3",174260,744,510.5118408259,0,21,14,21,14,true,2,true,false,false,false,false,"COOLDOWN",false
"A-G1.040-C3",174260,924,620.2737455878,0,26,19,26,19,true,0,true,false,false,false,false,"COOLDOWN",false
"A-G1.040-C3",174260,1104,732.0742078413,0,28,20,28,20,true,0,true,true,false,false,false,"",true
"A-G1.040-C3",174260,1284,845.5544392365,1,28,21,28,21,false,0,true,true,false,false,false,"EQ",false
"A-G1.040-C3",174260,1464,955.678395027,1,35,27,35,27,true,0,true,true,false,false,false,"",true
"A-G1.040-C3",174260,1644,1083.5420616937,1,35,27,35,27,true,0,true,false,false,false,false,"COOLDOWN",false
"A-G1.040-C3",174260,1824,1188.8087283604,1,42,34,42,34,true,0,true,false,false,false,false,"COOLDOWN",false
"A-G1.040-C3",174260,2004,1293.5134902652,1,47,39,47,39,true,0,true,true,false,false,false,"",true
"A-G1.040-C3",174260,2184,1398.1246013763,2,47,39,47,39,false,0,true,true,false,false,false,"EQ",false
"A-G1.040-C3",174260,2364,1502.2674585191,2,53,45,53,45,false,0,true,true,false,false,false,"EQ",false
"A-G1.040-C3",174260,2544,1607.8955299456,2,63,56,63,56,true,0,true,true,false,false,false,"",true
"A-G1.040-C3",174260,2724,1734.7955299456,2,63,56,63,56,true,2,false,false,false,false,false,"OVERDUE|COOLDOWN",false
"A-G1.040-C3",174260,2904,1839.8316927835,2,71,65,71,65,true,0,true,false,false,false,false,"COOLDOWN",false
"A-G1.040-C3",174260,3084,1942.9529049047,2,76,69,76,69,true,0,true,true,false,false,false,"",true
"A-G1.040-C3",174260,3264,2047.9890293067,3,76,69,76,69,false,3,false,true,false,false,false,"EQ|OVERDUE",false
"A-G1.040-C3",174260,3444,2150.961251529,3,82,75,82,75,false,0,true,true,false,false,false,"EQ",false
"A-G1.040-C3",174260,3624,2253.7882557484,3,89,83,89,83,false,0,true,true,false,false,false,"EQ",false
"A-G1.040-C3",174260,3804,2362.7294401904,3,94,87,94,87,false,0,true,true,false,false,false,"EQ",false
"A-G1.040-C3",174260,3984,2472.6971440196,3,101,94,101,94,true,0,true,true,false,false,false,"",true
"A-G1.040-C3",174260,4164,2602.6252265279,3,101,94,101,94,true,1,false,false,false,false,false,"OVERDUE|COOLDOWN",false
"A-G1.040-C3",174260,4344,2711.3159981978,3,105,98,105,98,true,0,true,false,false,false,false,"COOLDOWN",false
"A-G1.040-C3",174260,4524,2816.8871257383,3,108,101,108,101,true,0,true,true,false,false,false,"",true
"A-G1.040-C3",174260,4704,2933.8467629265,3,108,101,108,101,true,0,true,false,false,false,false,"COOLDOWN",false
"A-G1.040-C3",174260,4884,3039.6677070227,3,109,103,109,103,true,0,true,false,false,false,false,"COOLDOWN",false
"A-G1.040-C3",174260,5064,3147.9774110641,3,111,105,111,105,true,0,true,true,false,false,false,"",true
"A-G1.040-C3",174260,5244,3262.0549945299,3,111,105,111,105,true,0,true,false,false,false,false,"COOLDOWN",false
"A-G1.040-C3",174260,5424,3367.3644772566,3,115,108,115,108,true,0,true,false,false,false,false,"COOLDOWN",false
"A-G1.040-C3",174260,5604,3469.8110181371,3,116,110,116,110,true,0,true,true,false,false,false,"",true
"A-G1.040-C3",174260,5784,3579.4460647647,3,116,110,116,110,true,0,true,false,false,false,false,"COOLDOWN",false
"A-G1.040-C3",182179,24,24,0,14,7,14,7,false,0,true,true,false,false,false,"EQ",false
"A-G1.040-C3",182179,204,145,0,17,9,17,9,false,0,true,true,false,false,false,"EQ",false
"A-G1.040-C3",182179,384,257.0606060606,0,23,16,23,16,true,0,true,true,false,false,false,"",true
"A-G1.040-C3",182179,564,377.1588932807,0,23,16,23,16,true,10,false,false,false,false,false,"OVERDUE|COOLDOWN",false
"A-G1.040-C3",182179,744,489.877197205,0,25,18,25,18,true,0,true,false,false,false,false,"COOLDOWN",false
"A-G1.040-C3",182179,924,602.5157644137,0,28,20,28,20,true,0,true,true,false,false,false,"",true
"A-G1.040-C3",182179,1104,714.1731858838,1,28,21,28,21,false,0,true,true,false,false,false,"EQ",false
"A-G1.040-C3",182179,1284,829.4869539997,1,34,27,34,27,false,0,true,true,false,false,false,"EQ",false
"A-G1.040-C3",182179,1464,939.5322269829,1,37,30,37,30,true,0,true,true,false,false,false,"",true
"A-G1.040-C3",182179,1644,1066.4322269829,1,37,30,37,30,true,0,true,false,false,false,false,"COOLDOWN",false
"A-G1.040-C3",182179,1824,1175.101239842,1,42,34,42,34,true,0,true,false,false,false,false,"COOLDOWN",false
"A-G1.040-C3",182179,2004,1283.9277525534,1,47,39,47,39,true,0,true,true,false,false,false,"",true
"A-G1.040-C3",182179,2184,1388.4502750759,2,48,40,48,40,false,0,true,true,false,false,false,"EQ",false
"A-G1.040-C3",182179,2364,1503.4235277576,2,55,48,55,48,false,0,true,true,false,false,false,"EQ",false
"A-G1.040-C3",182179,2544,1610.9133497159,2,65,57,65,57,true,0,true,true,false,false,false,"",true
"A-G1.040-C3",182179,2724,1728.5313554139,2,65,57,65,57,true,0,true,false,false,false,false,"COOLDOWN",false
"A-G1.040-C3",182179,2904,1833.7499591511,2,72,66,72,66,true,0,true,false,false,false,false,"COOLDOWN",false
"A-G1.040-C3",182179,3084,1936.8711712723,2,75,69,75,69,true,0,true,true,false,false,false,"",true
"A-G1.040-C3",182179,3264,2040.1497167269,3,75,69,75,69,false,0,true,true,false,false,false,"EQ",false
"A-G1.040-C3",182179,3444,2151.9063833936,3,85,79,85,79,false,0,true,true,false,false,false,"EQ",false
"A-G1.040-C3",182179,3624,2258.2864186334,3,92,85,92,85,false,0,true,true,false,false,false,"EQ",false
"A-G1.040-C3",182179,3804,2367.3883513107,3,96,89,96,89,false,0,true,true,false,false,false,"EQ",false
"A-G1.040-C3",182179,3984,2470.0327957551,3,99,93,99,93,false,0,true,true,false,false,false,"EQ",false
"A-G1.040-C3",182179,4164,2575.818770938,3,103,96,103,96,true,0,true,true,false,false,false,"",true
"A-G1.040-C3",182179,4344,2702.718770938,3,103,96,103,96,true,0,true,false,false,false,false,"COOLDOWN",false
"A-G1.040-C3",182179,4524,2809.8682190697,3,105,99,105,99,true,0,true,false,false,false,false,"COOLDOWN",false
"A-G1.040-C3",182179,4704,2919.1578731285,3,109,103,109,103,true,0,true,true,false,false,false,"",true
"A-G1.040-C3",182179,4884,3035.1311452998,3,109,103,109,103,true,3,false,false,false,false,false,"OVERDUE|COOLDOWN",false
"A-G1.040-C3",182179,5064,3143.9267255236,3,112,106,112,106,true,0,true,false,false,false,false,"COOLDOWN",false
"A-G1.040-C3",182179,5244,3248.8091874122,3,113,107,113,107,true,0,true,true,false,false,false,"",true
"A-G1.040-C3",182179,5424,3361.0582570741,3,113,107,113,107,true,0,true,false,false,false,false,"COOLDOWN",false
"A-G1.040-C3",182179,5604,3468.7607136296,3,115,109,115,109,true,0,true,false,false,false,false,"COOLDOWN",false
"A-G1.040-C3",182179,5784,3577.9304314119,3,118,111,118,111,true,0,true,true,false,false,false,"",true
"A-G1.040-C3",190098,24,24,0,14,7,14,7,false,0,true,true,false,false,false,"EQ",false
"A-G1.040-C3",190098,204,145,0,17,10,17,10,false,0,true,true,false,false,false,"EQ",false
"A-G1.040-C3",190098,384,257.0606060606,0,23,16,23,16,true,0,true,true,false,false,false,"",true
"A-G1.040-C3",190098,564,380.1088932807,0,23,16,23,16,true,18,false,false,false,false,false,"OVERDUE|COOLDOWN",false
"A-G1.040-C3",190098,744,490.519149691,0,24,17,24,17,true,0,true,false,false,false,false,"COOLDOWN",false
"A-G1.040-C3",190098,924,602.6934880928,0,27,20,27,20,true,0,true,true,false,false,false,"",true
"A-G1.040-C3",190098,1104,711.4018214261,1,27,20,27,20,false,0,true,true,false,false,false,"EQ",false
"A-G1.040-C3",190098,1284,820.0957545453,1,36,29,36,29,true,0,true,true,false,false,false,"",true
"A-G1.040-C3",190098,1464,946.9957545453,1,36,29,36,29,true,3,false,false,false,false,false,"OVERDUE|COOLDOWN",false
"A-G1.040-C3",190098,1644,1055.4685205525,1,40,32,40,32,true,0,true,false,false,false,false,"COOLDOWN",false
"A-G1.040-C3",190098,1824,1164.4366454031,1,43,35,43,35,true,0,true,true,false,false,false,"",true
"A-G1.040-C3",190098,2004,1271.3144148455,2,43,35,43,35,false,0,true,true,false,false,false,"EQ",false
"A-G1.040-C3",190098,2184,1375.3295663607,2,55,48,55,48,false,0,true,true,false,false,false,"EQ",false
"A-G1.040-C3",190098,2364,1483.4586657266,2,62,55,62,55,true,0,true,true,false,false,false,"",true
"A-G1.040-C3",190098,2544,1610.3586657266,2,62,55,62,55,true,0,true,false,false,false,false,"COOLDOWN",false
"A-G1.040-C3",190098,2724,1715.5097531819,2,70,63,70,63,true,0,true,false,false,false,false,"COOLDOWN",false
"A-G1.040-C3",190098,2904,1824.361218924,2,74,67,74,67,true,0,true,true,false,false,false,"",true
"A-G1.040-C3",190098,3084,1933.6402842393,2,74,67,74,67,true,0,true,false,false,false,false,"COOLDOWN",false
"A-G1.040-C3",190098,3264,2036.6593318584,2,80,73,80,73,true,0,true,false,false,false,false,"COOLDOWN",false
"A-G1.040-C3",190098,3444,2139.6091035479,2,83,76,83,76,true,0,true,true,false,false,false,"",true
"A-G1.040-C3",190098,3624,2243.6274226891,3,83,77,83,77,false,0,true,true,false,false,false,"EQ",false
"A-G1.040-C3",190098,3804,2355.2497804126,3,92,85,92,85,false,0,true,true,false,false,false,"EQ",false
"A-G1.040-C3",190098,3984,2461.3555249796,3,96,90,96,90,false,0,true,true,false,false,false,"EQ",false
"A-G1.040-C3",190098,4164,2568.7246131318,3,99,93,99,93,false,0,true,true,false,false,false,"EQ",false
"A-G1.040-C3",190098,4344,2678.1290353245,3,103,97,103,97,true,0,true,true,false,false,false,"",true
"A-G1.040-C3",190098,4524,2805.0290353245,3,103,97,103,97,true,5,false,false,false,false,false,"OVERDUE|COOLDOWN",false
"A-G1.040-C3",190098,4704,2907.5664502905,3,107,101,107,101,true,0,true,false,false,false,false,"COOLDOWN",false
"A-G1.040-C3",190098,4884,3010.0917028157,3,109,103,109,103,true,0,true,true,false,false,false,"",true
"A-G1.040-C3",190098,5064,3136.9917028157,3,109,103,109,103,true,0,true,false,false,false,false,"COOLDOWN",false
"A-G1.040-C3",190098,5244,3243.5353660726,3,112,105,112,105,true,0,true,false,false,false,false,"COOLDOWN",false
"A-G1.040-C3",190098,5424,3348.8426287701,3,114,107,114,107,true,0,true,true,false,false,false,"",true
"A-G1.040-C3",190098,5604,3460.7433318739,3,114,107,114,107,true,2,false,false,false,false,false,"OVERDUE|COOLDOWN",false
"A-G1.040-C3",190098,5784,3563.1898727544,3,116,110,116,110,true,0,true,false,false,false,false,"COOLDOWN",false
"A-G1.040-C3",198017,24,24,0,14,7,14,7,false,0,true,true,false,false,false,"EQ",false
"A-G1.040-C3",198017,204,147.421377996,0,17,9,17,9,false,0,true,true,false,false,false,"EQ",false
"A-G1.040-C3",198017,384,261.8658224404,0,20,12,20,12,true,0,true,true,false,false,false,"",true
"A-G1.040-C3",198017,564,388.9624891071,0,20,12,20,12,true,0,true,false,false,false,false,"COOLDOWN",false
"A-G1.040-C3",198017,744,503.5218695365,0,23,15,23,15,true,0,true,false,false,false,false,"COOLDOWN",false
"A-G1.040-C3",198017,924,612.7218695365,0,27,20,27,20,true,0,true,true,false,false,false,"",true
"A-G1.040-C3",198017,1104,722.9974120453,1,27,20,27,20,false,3,false,true,false,false,false,"EQ|OVERDUE",false
"A-G1.040-C3",198017,1284,832.6341758955,1,30,23,30,23,false,0,true,true,false,false,false,"EQ",false
"A-G1.040-C3",198017,1464,942.4338220263,1,38,30,38,30,true,0,true,true,false,false,false,"",true
"A-G1.040-C3",198017,1644,1062.0077011686,1,38,30,38,30,true,0,true,false,false,false,false,"COOLDOWN",false
"A-G1.040-C3",198017,1824,1169.7386759178,1,45,38,45,38,true,0,true,false,false,false,false,"COOLDOWN",false
"A-G1.040-C3",198017,2004,1277.5964804448,1,52,44,52,44,true,0,true,true,false,false,false,"",true
"A-G1.040-C3",198017,2184,1381.8078625586,2,52,45,52,45,false,0,true,true,false,false,false,"EQ",false
"A-G1.040-C3",198017,2364,1490.0750987918,2,57,50,57,50,false,0,true,true,false,false,false,"EQ",false
"A-G1.040-C3",198017,2544,1596.2310829011,2,62,55,62,55,true,0,true,true,false,false,false,"",true
"A-G1.040-C3",198017,2724,1723.1310829011,2,62,55,62,55,true,2,false,false,false,false,false,"OVERDUE|COOLDOWN",false
"A-G1.040-C3",198017,2904,1834.5542827313,2,68,61,68,61,true,0,true,false,false,false,false,"COOLDOWN",false
"A-G1.040-C3",198017,3084,1949.5844285271,2,74,67,74,67,true,0,true,true,false,false,false,"",true
"A-G1.040-C3",198017,3264,2057.0934938424,2,74,67,74,67,true,1,true,false,false,false,false,"COOLDOWN",false
"A-G1.040-C3",198017,3444,2173.1390582059,2,79,73,79,73,true,0,true,false,false,false,false,"COOLDOWN",false
"A-G1.040-C3",198017,3624,2280.4456750264,2,82,76,82,76,true,0,true,true,false,false,false,"",true
"A-G1.040-C3",198017,3804,2387.81603546,2,82,76,82,76,true,3,false,false,false,false,false,"OVERDUE|COOLDOWN",false
"A-G1.040-C3",198017,3984,2494.922288849,2,85,79,85,79,true,0,true,false,false,false,false,"COOLDOWN",false
"A-G1.040-C3",198017,4164,2601.6446862704,2,87,81,87,81,true,0,true,true,false,false,false,"",true
"A-G1.040-C3",198017,4344,2704.4908401166,3,88,82,88,82,false,0,true,true,false,false,false,"EQ",false
"A-G1.040-C3",198017,4524,2812.6517927481,3,92,86,92,86,false,0,true,true,false,false,false,"EQ",false
"A-G1.040-C3",198017,4704,2923.6001586311,3,96,90,96,90,false,0,true,true,false,false,false,"EQ",false
"A-G1.040-C3",198017,4884,3030.1943519258,3,98,92,98,92,false,0,true,true,false,false,false,"EQ",false
"A-G1.040-C3",198017,5064,3132.8243885559,3,100,94,100,94,true,0,true,true,false,false,false,"",true
"A-G1.040-C3",198017,5244,3259.7243885559,3,100,94,100,94,true,0,true,false,false,false,false,"COOLDOWN",false
"A-G1.040-C3",198017,5424,3364.2033233847,3,104,98,104,98,true,0,true,false,false,false,false,"COOLDOWN",false
"A-G1.040-C3",198017,5604,3469.9923057012,3,107,100,107,100,true,0,true,true,false,false,false,"",true
"A-G1.040-C3",198017,5784,3587.9446260918,3,107,100,107,100,true,0,true,false,false,false,false,"COOLDOWN",false
"A-G1.040-C3",205936,24,24,0,14,6,14,6,false,0,true,true,false,false,false,"EQ",false
"A-G1.040-C3",205936,204,139.4210055097,0,22,15,22,15,true,0,true,true,false,false,false,"",true
"A-G1.040-C3",205936,384,263.9967630855,0,22,15,22,15,true,5,false,false,false,false,false,"OVERDUE|COOLDOWN",false
"A-G1.040-C3",205936,564,377.846687606,0,25,18,25,18,true,0,true,false,false,false,false,"COOLDOWN",false
"A-G1.040-C3",205936,744,489.4772323087,0,27,20,27,20,true,0,true,true,false,false,false,"",true
"A-G1.040-C3",205936,924,598.185565642,1,27,20,27,20,false,0,true,true,false,false,false,"EQ",false
"A-G1.040-C3",205936,1104,705.7294252911,1,30,23,30,23,false,0,true,true,false,false,false,"EQ",false
"A-G1.040-C3",205936,1284,811.4331289948,1,38,31,38,31,true,0,true,true,false,false,false,"",true
"A-G1.040-C3",205936,1464,931.0070081371,1,38,31,38,31,true,4,false,false,false,false,false,"OVERDUE|COOLDOWN",false
"A-G1.040-C3",205936,1644,1035.9160990462,1,44,37,44,37,true,0,true,false,false,false,false,"COOLDOWN",false
"A-G1.040-C3",205936,1824,1149.1250734052,1,50,43,50,43,true,0,true,true,false,false,false,"",true
"A-G1.040-C3",205936,2004,1253.4840477642,2,51,43,51,43,false,0,true,true,false,false,false,"EQ",false
"A-G1.040-C3",205936,2184,1359.6561343726,2,57,50,57,50,false,0,true,true,false,false,false,"EQ",false
"A-G1.040-C3",205936,2364,1463.3031931962,2,62,55,62,55,true,0,true,true,false,false,false,"",true
"A-G1.040-C3",205936,2544,1590.2031931962,2,62,55,62,55,true,0,true,false,false,false,false,"COOLDOWN",false
"A-G1.040-C3",205936,2724,1697.635873168,2,66,59,66,59,true,0,true,false,false,false,false,"COOLDOWN",false
"A-G1.040-C3",205936,2904,1804.3259922553,2,73,67,73,67,true,0,true,true,false,false,false,"",true
"A-G1.040-C3",205936,3084,1910.17252411,3,73,67,73,67,false,0,true,true,false,false,false,"EQ",false
"A-G1.040-C3",205936,3264,2015.515092412,3,83,77,83,77,false,0,true,true,false,false,false,"EQ",false
"A-G1.040-C3",205936,3444,2125.393078243,3,89,82,89,82,false,0,true,true,false,false,false,"EQ",false
"A-G1.040-C3",205936,3624,2236.3208692953,3,93,87,93,87,false,0,true,true,false,false,false,"EQ",false
"A-G1.040-C3",205936,3804,2345.4097154404,3,99,93,99,93,false,0,true,true,false,false,false,"EQ",false
"A-G1.040-C3",205936,3984,2451.2457563213,3,101,94,101,94,true,0,true,true,false,false,false,"",true
"A-G1.040-C3",205936,4164,2578.9908388296,3,101,94,101,94,true,1,false,false,false,false,false,"OVERDUE|COOLDOWN",false
"A-G1.040-C3",205936,4344,2685.3581038776,3,104,98,104,98,true,0,true,false,false,false,false,"COOLDOWN",false
"A-G1.040-C3",205936,4524,2787.9206038776,3,106,99,106,99,true,0,true,true,false,false,false,"",true
"A-G1.040-C3",205936,4704,2906.8843617392,3,106,99,106,99,true,0,true,false,false,false,false,"COOLDOWN",false
"A-G1.040-C3",205936,4884,3018.2596142644,3,109,102,109,102,true,0,true,false,false,false,false,"COOLDOWN",false
"A-G1.040-C3",205936,5064,3124.0390422072,3,111,104,111,104,true,0,true,true,false,false,false,"",true
"A-G1.040-C3",205936,5244,3238.1280797596,3,111,104,111,104,true,0,true,false,false,false,false,"COOLDOWN",false
"A-G1.040-C3",205936,5424,3340.5960284775,3,113,107,113,107,true,0,true,false,false,false,false,"COOLDOWN",false
"A-G1.040-C3",205936,5604,3443.042569358,3,116,109,116,109,true,0,true,true,false,false,false,"",true
"A-G1.040-C3",205936,5784,3555.5096159856,3,116,109,116,109,true,0,true,false,false,false,false,"COOLDOWN",false
"A-G1.040-C3",213855,24,24,0,14,7,14,7,false,0,true,true,false,false,false,"EQ",false
"A-G1.040-C3",213855,204,137.1333333333,0,22,14,22,14,true,0,true,true,false,false,false,"",true
"A-G1.040-C3",213855,384,262.7818181818,0,22,14,22,14,true,6,false,false,false,false,false,"OVERDUE|COOLDOWN",false
"A-G1.040-C3",213855,564,376.7100383006,0,23,16,23,16,true,0,true,false,false,false,false,"COOLDOWN",false
"A-G1.040-C3",213855,744,489.7692208587,0,26,19,26,19,true,0,true,true,false,false,false,"",true
"A-G1.040-C3",213855,924,599.0902471494,1,26,19,26,19,false,0,true,true,false,false,false,"EQ",false
"A-G1.040-C3",213855,1104,705.5540152653,1,34,27,34,27,false,0,true,true,false,false,false,"EQ",false
"A-G1.040-C3",213855,1284,817.3185260004,1,40,32,40,32,true,0,true,true,false,false,false,"",true
"A-G1.040-C3",213855,1464,936.2394783813,1,40,32,40,32,true,1,true,false,false,false,false,"COOLDOWN",false
"A-G1.040-C3",213855,1644,1043.5800596846,1,47,40,47,40,true,0,true,false,false,false,false,"COOLDOWN",false
"A-G1.040-C3",213855,1824,1152.4418962787,1,51,44,51,44,true,0,true,true,false,false,false,"",true
"A-G1.040-C3",213855,2004,1258.3941207386,2,52,45,52,45,false,0,true,true,false,false,false,"EQ",false
"A-G1.040-C3",213855,2184,1365.1495492755,2,65,58,65,58,true,0,true,true,false,false,false,"",true
"A-G1.040-C3",213855,2364,1482.7675549735,2,65,58,65,58,true,1,true,false,false,false,false,"COOLDOWN",false
"A-G1.040-C3",213855,2544,1590.6484535846,2,72,66,72,66,true,0,true,false,false,false,false,"COOLDOWN",false
"A-G1.040-C3",213855,2724,1698.5132611765,2,77,71,77,71,true,0,true,true,false,false,false,"",true
"A-G1.040-C3",213855,2904,1801.5818886275,3,78,72,78,72,false,0,true,true,false,false,false,"EQ",false
"A-G1.040-C3",213855,3084,1913.2976894933,3,87,81,87,81,false,0,true,true,false,false,false,"EQ",false
"A-G1.040-C3",213855,3264,2019.4472296407,3,90,84,90,84,false,0,true,true,false,false,false,"EQ",false
"A-G1.040-C3",213855,3444,2128.2668775328,3,96,90,96,90,false,0,true,true,false,false,false,"EQ",false
"A-G1.040-C3",213855,3624,2241.8478810592,3,98,92,98,92,false,0,true,true,false,false,false,"EQ",false
"A-G1.040-C3",213855,3804,2357.2743640862,3,102,96,102,96,true,0,true,true,false,false,false,"",true
"A-G1.040-C3",213855,3984,2484.1743640862,3,102,96,102,96,true,1,false,false,false,false,false,"OVERDUE|COOLDOWN",false
"A-G1.040-C3",213855,4164,2603.1975777437,3,105,99,105,99,true,0,true,false,false,false,false,"COOLDOWN",false
"A-G1.040-C3",213855,4344,2712.5405063288,3,108,101,108,101,true,0,true,true,false,false,false,"",true
"A-G1.040-C3",213855,4524,2839.4405063288,3,108,101,108,101,true,1,false,false,false,false,false,"OVERDUE|COOLDOWN",false
"A-G1.040-C3",213855,4704,2941.9538396621,3,109,103,109,103,true,0,true,false,false,false,false,"COOLDOWN",false
"A-G1.040-C3",213855,4884,3053.2940357405,3,111,105,111,105,true,0,true,true,false,false,false,"",true
"A-G1.040-C3",213855,5064,3167.9026192063,3,111,105,111,105,true,1,false,false,false,false,false,"OVERDUE|COOLDOWN",false
"A-G1.040-C3",213855,5244,3279.2205679242,3,113,107,113,107,true,0,true,false,false,false,false,"COOLDOWN",false
"A-G1.040-C3",213855,5424,3387.7613812685,3,116,109,116,109,true,0,true,true,false,false,false,"",true
"A-G1.040-C3",213855,5604,3497.3964278961,3,116,109,116,109,true,0,true,false,false,false,false,"COOLDOWN",false
"A-G1.040-C3",221774,24,24,0,14,6,14,6,false,0,true,true,false,false,false,"EQ",false
"A-G1.040-C3",221774,204,148.9333333333,0,16,9,16,9,false,0,true,true,false,false,false,"EQ",false
"A-G1.040-C3",221774,384,263.3110940016,0,23,16,23,16,true,0,true,true,false,false,false,"",true
"A-G1.040-C3",221774,564,382.5154418277,0,23,16,23,16,true,12,false,false,false,false,false,"OVERDUE|COOLDOWN",false
"A-G1.040-C3",221774,744,496.394446682,0,26,18,26,18,true,0,true,false,false,false,false,"COOLDOWN",false
"A-G1.040-C3",221774,924,607.6081756823,0,28,21,28,21,true,0,true,true,false,false,false,"",true
"A-G1.040-C3",221774,1104,715.8826854862,1,28,21,28,21,false,0,true,true,false,false,false,"EQ",false
"A-G1.040-C3",221774,1284,825.6783694171,1,37,29,37,29,true,0,true,true,false,false,false,"",true
"A-G1.040-C3",221774,1464,952.5783694171,1,37,29,37,29,true,0,true,false,false,false,false,"COOLDOWN",false
"A-G1.040-C3",221774,1644,1064.7882571664,1,41,33,41,33,true,0,true,false,false,false,false,"COOLDOWN",false
"A-G1.040-C3",221774,1824,1172.0139172036,1,45,37,45,37,true,0,true,true,false,false,false,"",true
"A-G1.040-C3",221774,2004,1276.8178387722,2,45,37,45,37,false,0,true,true,false,false,false,"EQ",false
"A-G1.040-C3",221774,2184,1383.071797101,2,51,44,51,44,false,0,true,true,false,false,false,"EQ",false
"A-G1.040-C3",221774,2364,1489.4181227651,2,58,51,58,51,false,0,true,true,false,false,false,"EQ",false
"A-G1.040-C3",221774,2544,1594.9690279148,2,64,57,64,57,true,0,true,true,false,false,false,"",true
"A-G1.040-C3",221774,2724,1721.8690279148,2,64,57,64,57,true,0,true,false,false,false,false,"COOLDOWN",false
"A-G1.040-C3",221774,2904,1830.2838201302,2,68,61,68,61,true,0,true,false,false,false,false,"COOLDOWN",false
"A-G1.040-C3",221774,3084,1936.4920000731,2,75,68,75,68,true,0,true,true,false,false,false,"",true
"A-G1.040-C3",221774,3264,2042.7480513552,3,75,68,75,68,false,1,false,true,false,false,false,"EQ|OVERDUE",false
"A-G1.040-C3",221774,3444,2151.2638770981,3,81,74,81,74,false,0,true,true,false,false,false,"EQ",false
"A-G1.040-C3",221774,3624,2257.7004110172,3,91,84,91,84,false,0,true,true,false,false,false,"EQ",false
"A-G1.040-C3",221774,3804,2372.3127592819,3,98,91,98,91,false,0,true,true,false,false,false,"EQ",false
"A-G1.040-C3",221774,3984,2478.6609140816,3,102,95,102,95,true,0,true,true,false,false,false,"",true
"A-G1.040-C3",221774,4164,2605.5609140816,3,102,95,102,95,true,2,false,false,false,false,false,"OVERDUE|COOLDOWN",false
"A-G1.040-C3",221774,4344,2712.6626727679,3,104,98,104,98,true,0,true,false,false,false,false,"COOLDOWN",false
"A-G1.040-C3",221774,4524,2821.8645286707,3,108,102,108,102,true,0,true,true,false,false,false,"",true
"A-G1.040-C3",221774,4704,2948.7645286707,3,108,102,108,102,true,1,false,false,false,false,false,"OVERDUE|COOLDOWN",false
"A-G1.040-C3",221774,4884,3054.1782686632,3,111,105,111,105,true,0,true,false,false,false,false,"COOLDOWN",false
"A-G1.040-C3",221774,5064,3159.2882643143,3,113,106,113,106,true,0,true,true,false,false,false,"",true
"A-G1.040-C3",221774,5244,3271.5483496596,3,113,106,113,106,true,2,false,false,false,false,false,"OVERDUE|COOLDOWN",false
"A-G1.040-C3",221774,5424,3378.0386486008,3,115,108,115,108,true,0,true,false,false,false,false,"COOLDOWN",false
"A-G1.040-C3",221774,5604,3480.4747856724,3,116,110,116,110,true,0,true,true,false,false,false,"",true
"A-G1.040-C3",221774,5784,3590.0994284912,3,116,110,116,110,true,0,true,false,false,false,false,"COOLDOWN",false
"A-G1.040-C3",229693,24,24,0,14,6,14,6,false,0,true,true,false,false,false,"EQ",false
"A-G1.040-C3",229693,204,148.9333333333,0,16,9,16,9,false,0,true,true,false,false,false,"EQ",false
"A-G1.040-C3",229693,384,275.8333333333,0,19,12,19,12,false,0,true,true,false,false,false,"EQ",false
"A-G1.040-C3",229693,564,387,0,24,17,24,17,true,0,true,true,false,false,false,"",true
"A-G1.040-C3",229693,744,502.1,1,24,17,24,17,false,13,false,true,false,false,false,"EQ|OVERDUE",false
"A-G1.040-C3",229693,924,611.3,1,26,19,26,19,false,0,true,true,false,false,false,"EQ",false
"A-G1.040-C3",229693,1104,722.7387304926,1,29,22,29,22,false,0,true,true,false,false,false,"EQ",false
"A-G1.040-C3",229693,1284,836.0737504969,1,34,27,34,27,false,0,true,true,false,false,false,"EQ",false
"A-G1.040-C3",229693,1464,945.5949092781,1,37,30,37,30,true,0,true,true,false,false,false,"",true
"A-G1.040-C3",229693,1644,1072.4949092781,1,37,30,37,30,true,0,true,false,false,false,false,"COOLDOWN",false
"A-G1.040-C3",229693,1824,1180.07194851,1,41,33,41,33,true,0,true,false,false,false,false,"COOLDOWN",false
"A-G1.040-C3",229693,2004,1289.2188934205,1,45,37,45,37,true,0,true,true,false,false,false,"",true
"A-G1.040-C3",229693,2184,1394.0228149891,2,45,37,45,37,false,0,true,true,false,false,false,"EQ",false
"A-G1.040-C3",229693,2364,1502.0202843302,2,57,49,57,49,false,0,true,true,false,false,false,"EQ",false
"A-G1.040-C3",229693,2544,1605.5388028487,2,65,58,65,58,true,0,true,true,false,false,false,"",true
"A-G1.040-C3",229693,2724,1732.4388028487,2,65,58,65,58,true,2,false,false,false,false,false,"OVERDUE|COOLDOWN",false
"A-G1.040-C3",229693,2904,1837.472407482,2,72,65,72,65,true,0,true,false,false,false,false,"COOLDOWN",false
"A-G1.040-C3",229693,3084,1949.4436196032,2,75,69,75,69,true,0,true,true,false,false,false,"",true
"A-G1.040-C3",229693,3264,2052.7221650578,3,75,69,75,69,false,0,true,true,false,false,false,"EQ",false
"A-G1.040-C3",229693,3444,2157.7781785826,3,86,80,86,80,false,0,true,true,false,false,false,"EQ",false
"A-G1.040-C3",229693,3624,2266.3602111876,3,94,88,94,88,false,0,true,true,false,false,false,"EQ",false
"A-G1.040-C3",229693,3804,2369.0344536118,3,98,92,98,92,false,0,true,true,false,false,false,"EQ",false
"A-G1.040-C3",229693,3984,2474.5835935799,3,101,94,101,94,true,0,true,true,false,false,false,"",true
"A-G1.040-C3",229693,4164,2601.4835935799,3,101,94,101,94,true,0,true,false,false,false,false,"COOLDOWN",false
"A-G1.040-C3",229693,4344,2704.0722460622,3,104,98,104,98,true,0,true,false,false,false,false,"COOLDOWN",false
"A-G1.040-C3",229693,4524,2818.8832468057,3,106,100,106,100,true,0,true,true,false,false,false,"",true
"A-G1.040-C3",229693,4704,2937.8470046673,3,106,100,106,100,true,1,false,false,false,false,false,"OVERDUE|COOLDOWN",false
"A-G1.040-C3",229693,4884,3049.2222571925,3,109,102,109,102,true,0,true,false,false,false,false,"COOLDOWN",false
"A-G1.040-C3",229693,5064,3162.9831531038,3,110,104,110,104,true,0,true,true,false,false,false,"",true
"A-G1.040-C3",229693,5244,3277.999954784,3,110,104,110,104,true,1,false,false,false,false,false,"OVERDUE|COOLDOWN",false
"A-G1.040-C3",229693,5424,3380.4901508624,3,112,105,112,105,true,0,true,false,false,false,false,"COOLDOWN",false
"A-G1.040-C3",229693,5604,3482.9580995803,3,114,107,114,107,true,0,true,true,false,false,false,"",true
"A-G1.042-C3",79232,24,24,0,14,7,14,7,false,0,true,true,false,false,false,"EQ",false
"A-G1.042-C3",79232,204,145,0,17,10,17,10,false,0,true,true,false,false,false,"EQ",false
"A-G1.042-C3",79232,384,261.5349981725,0,19,12,19,12,false,0,true,true,false,false,false,"EQ",false
"A-G1.042-C3",79232,564,374.5747325117,0,24,17,24,17,true,0,true,true,false,false,false,"",true
"A-G1.042-C3",79232,744,495.4083222553,0,24,17,24,17,true,15,false,false,false,false,false,"OVERDUE|COOLDOWN",false
"A-G1.042-C3",79232,924,608.6143123382,0,26,19,26,19,true,0,true,false,false,false,false,"COOLDOWN",false
"A-G1.042-C3",79232,1104,722.6622369029,0,29,21,29,21,true,0,true,true,false,false,false,"",true
"A-G1.042-C3",79232,1284,831.9142292401,1,29,21,29,21,false,0,true,true,false,false,false,"EQ",false
"A-G1.042-C3",79232,1464,938.1642292401,1,34,27,34,27,false,0,true,true,false,false,false,"EQ",false
"A-G1.042-C3",79232,1644,1043.3040141863,1,41,34,41,34,true,0,true,true,false,false,false,"",true
"A-G1.042-C3",79232,1824,1155.2105714902,1,41,34,41,34,true,4,false,false,false,false,false,"OVERDUE|COOLDOWN",false
"A-G1.042-C3",79232,2004,1261.5719741906,1,48,41,48,41,true,0,true,false,false,false,false,"COOLDOWN",false
"A-G1.042-C3",79232,2184,1370.8110583419,1,54,46,54,46,true,0,true,true,false,false,false,"",true
"A-G1.042-C3",79232,2364,1474.8262098571,2,54,47,54,47,false,0,true,true,false,false,false,"EQ",false
"A-G1.042-C3",79232,2544,1580.4531702807,2,63,55,63,55,true,0,true,true,false,false,false,"",true
"A-G1.042-C3",79232,2724,1707.3531702807,2,63,55,63,55,true,0,true,false,false,false,false,"COOLDOWN",false
"A-G1.042-C3",79232,2904,1816.7629216071,2,68,61,68,61,true,0,true,false,false,false,false,"COOLDOWN",false
"A-G1.042-C3",79232,3084,1926.7077618296,2,73,66,73,66,true,0,true,true,false,false,false,"",true
"A-G1.042-C3",79232,3264,2035.5345036177,2,73,66,73,66,true,0,true,false,false,false,false,"COOLDOWN",false
"A-G1.042-C3",79232,3444,2140.6919662533,2,77,71,77,71,true,0,true,false,false,false,false,"COOLDOWN",false
"A-G1.042-C3",79232,3624,2247.182005535,2,82,76,82,76,true,0,true,true,false,false,false,"",true
"A-G1.042-C3",79232,3804,2350.1317772245,3,82,76,82,76,false,0,true,true,false,false,false,"EQ",false
"A-G1.042-C3",79232,3984,2457.1677661695,3,89,82,89,82,false,0,true,true,false,false,false,"EQ",false
"A-G1.042-C3",79232,4164,2567.4453365696,3,94,87,94,87,false,0,true,true,false,false,false,"EQ",false
"A-G1.042-C3",79232,4344,2670.1195789938,3,97,91,97,91,false,0,true,true,false,false,false,"EQ",false
"A-G1.042-C3",79232,4524,2775.9871026607,3,100,94,100,94,true,0,true,true,false,false,false,"",true
"A-G1.042-C3",79232,4704,2904.8537693274,3,100,94,100,94,true,4,false,false,false,false,false,"OVERDUE|COOLDOWN",false
"A-G1.042-C3",79232,4884,3010.1169463822,3,103,96,103,96,true,0,true,false,false,false,false,"COOLDOWN",false
"A-G1.042-C3",79232,5064,3124.6737432359,3,106,99,106,99,true,0,true,true,false,false,false,"",true
"A-G1.042-C3",79232,5244,3251.5737432359,3,106,99,106,99,true,3,false,false,false,false,false,"OVERDUE|COOLDOWN",false
"A-G1.042-C3",79232,5424,3360.2641363146,3,108,101,108,101,true,0,true,false,false,false,false,"COOLDOWN",false
"A-G1.042-C3",79232,5604,3465.9494241436,3,110,104,110,104,true,0,true,true,false,false,false,"",true
"A-G1.042-C3",79232,5784,3580.9662258238,3,110,104,110,104,true,1,false,false,false,false,false,"OVERDUE|COOLDOWN",false
"A-G1.042-C3",87151,24,24,0,14,6,14,6,false,0,true,true,false,false,false,"EQ",false
"A-G1.042-C3",87151,204,136.0606060606,0,21,14,21,14,true,0,true,true,false,false,false,"",true
"A-G1.042-C3",87151,384,262.9606060606,0,21,14,21,14,true,3,true,false,false,false,false,"COOLDOWN",false
"A-G1.042-C3",87151,564,379.9442961666,0,23,16,23,16,true,0,true,false,false,false,false,"COOLDOWN",false
"A-G1.042-C3",87151,744,491.1352709782,0,27,20,27,20,true,0,true,true,false,false,false,"",true
"A-G1.042-C3",87151,924,599.4097807821,1,28,20,28,20,false,0,true,true,false,false,false,"EQ",false
"A-G1.042-C3",87151,1104,713.118067396,1,33,26,33,26,false,0,true,true,false,false,false,"EQ",false
"A-G1.042-C3",87151,1284,821.3499772407,1,38,31,38,31,true,0,true,true,false,false,false,"",true
"A-G1.042-C3",87151,1464,940.7677717269,1,38,31,38,31,true,0,true,false,false,false,false,"COOLDOWN",false
"A-G1.042-C3",87151,1644,1048.8609760652,1,45,38,45,38,true,0,true,false,false,false,false,"COOLDOWN",false
"A-G1.042-C3",87151,1824,1157.3884228732,1,48,40,48,40,true,0,true,true,false,false,false,"",true
"A-G1.042-C3",87151,2004,1261.8270193644,2,48,41,48,41,false,0,true,true,false,false,false,"EQ",false
"A-G1.042-C3",87151,2184,1371.4602796396,2,58,51,58,51,false,0,true,true,false,false,false,"EQ",false
"A-G1.042-C3",87151,2364,1475.0628437422,2,63,56,63,56,true,0,true,true,false,false,false,"",true
"A-G1.042-C3",87151,2544,1601.9628437422,2,63,56,63,56,true,0,true,false,false,false,false,"COOLDOWN",false
"A-G1.042-C3",87151,2724,1710.7298361266,2,70,63,70,63,true,0,true,false,false,false,false,"COOLDOWN",false
"A-G1.042-C3",87151,2904,1818.9691392136,2,73,67,73,67,true,0,true,true,false,false,false,"",true
"A-G1.042-C3",87151,3084,1924.8156710683,3,73,67,73,67,false,0,true,true,false,false,false,"EQ",false
"A-G1.042-C3",87151,3264,2030.0101880029,3,78,72,78,72,false,0,true,true,false,false,false,"EQ",false
"A-G1.042-C3",87151,3444,2136.9893031722,3,82,76,82,76,false,0,true,true,false,false,false,"EQ",false
"A-G1.042-C3",87151,3624,2241.6617464449,3,89,82,89,82,false,0,true,true,false,false,false,"EQ",false
"A-G1.042-C3",87151,3804,2344.399841683,3,94,87,94,87,false,0,true,true,false,false,false,"EQ",false
"A-G1.042-C3",87151,3984,2449.8108943198,3,96,90,96,90,false,0,true,true,false,false,false,"EQ",false
"A-G1.042-C3",87151,4164,2552.4553387642,3,100,93,100,93,true,0,true,true,false,false,false,"",true
"A-G1.042-C3",87151,4344,2679.3553387642,3,100,93,100,93,true,2,false,false,false,false,false,"OVERDUE|COOLDOWN",false
"A-G1.042-C3",87151,4524,2787.6994521378,3,104,97,104,97,true,0,true,false,false,false,false,"COOLDOWN",false
"A-G1.042-C3",87151,4704,2897.7876727137,3,106,99,106,99,true,0,true,true,false,false,false,"",true
"A-G1.042-C3",87151,4884,3016.738758754,3,106,99,106,99,true,2,false,false,false,false,false,"OVERDUE|COOLDOWN",false
"A-G1.042-C3",87151,5064,3126.6051855676,3,109,102,109,102,true,0,true,false,false,false,false,"COOLDOWN",false
"A-G1.042-C3",87151,5244,3235.9240175506,3,111,104,111,104,true,0,true,true,false,false,false,"",true
"A-G1.042-C3",87151,5424,3362.8240175506,3,111,104,111,104,true,2,false,false,false,false,false,"OVERDUE|COOLDOWN",false
"A-G1.042-C3",87151,5604,3468.0456834949,3,112,105,112,105,true,0,true,false,false,false,false,"COOLDOWN",false
"A-G1.042-C3",87151,5784,3573.7043893416,3,113,107,113,107,true,0,true,true,false,false,false,"",true
"A-G1.042-C3",95070,24,24,0,14,6,14,6,false,0,true,true,false,false,false,"EQ",false
"A-G1.042-C3",95070,204,137.1333333333,0,21,14,21,14,true,0,true,true,false,false,false,"",true
"A-G1.042-C3",95070,384,264.0333333333,0,21,14,21,14,true,5,false,false,false,false,false,"OVERDUE|COOLDOWN",false
"A-G1.042-C3",95070,564,377.393339251,0,23,16,23,16,true,0,true,false,false,false,false,"COOLDOWN",false
"A-G1.042-C3",95070,744,489.9278926367,0,25,18,25,18,true,0,true,true,false,false,false,"",true
"A-G1.042-C3",95070,924,604.5671307319,0,25,18,25,18,true,1,true,false,false,false,false,"COOLDOWN",false
"A-G1.042-C3",95070,1104,714.9006244874,0,27,20,27,20,true,0,true,false,false,false,false,"COOLDOWN",false
"A-G1.042-C3",95070,1284,825.2525969415,0,30,23,30,23,true,0,true,true,false,false,false,"",true
"A-G1.042-C3",95070,1464,932.4859302748,1,31,23,31,23,false,0,true,true,false,false,false,"EQ",false
"A-G1.042-C3",95070,1644,1045.5133882882,1,35,27,35,27,true,0,true,true,false,false,false,"",true
"A-G1.042-C3",95070,1824,1176.6810549549,1,35,27,35,27,true,2,true,false,false,false,false,"COOLDOWN",false
"A-G1.042-C3",95070,2004,1281.8208399011,1,41,34,41,34,true,0,true,false,false,false,false,"COOLDOWN",false
"A-G1.042-C3",95070,2184,1390.553102268,1,45,38,45,38,true,0,true,true,false,false,false,"",true
"A-G1.042-C3",95070,2364,1495.3570238366,2,45,38,45,38,false,0,true,true,false,false,false,"EQ",false
"A-G1.042-C3",95070,2544,1602.226858738,2,52,45,52,45,false,0,true,true,false,false,false,"EQ",false
"A-G1.042-C3",95070,2724,1707.8188564142,2,63,56,63,56,true,0,true,true,false,false,false,"",true
"A-G1.042-C3",95070,2904,1834.7188564142,2,63,56,63,56,true,2,false,false,false,false,false,"OVERDUE|COOLDOWN",false
"A-G1.042-C3",95070,3084,1938.1223651861,2,67,60,67,60,true,0,true,false,false,false,false,"COOLDOWN",false
"A-G1.042-C3",95070,3264,2048.138054049,2,74,68,74,68,true,0,true,true,false,false,false,"",true
"A-G1.042-C3",95070,3444,2159.1871193643,2,74,68,74,68,true,1,true,false,false,false,false,"COOLDOWN",false
"A-G1.042-C3",95070,3624,2262.1593415866,2,81,75,81,75,true,0,true,false,false,false,false,"COOLDOWN",false
"A-G1.042-C3",95070,3804,2365.0872695145,2,84,77,84,77,true,0,true,true,false,false,false,"",true
"A-G1.042-C3",95070,3984,2467.9939361812,3,84,77,84,77,false,0,true,true,false,false,false,"EQ",false
"A-G1.042-C3",95070,4164,2575.2500779231,3,89,82,89,82,false,0,true,true,false,false,false,"EQ",false
"A-G1.042-C3",95070,4344,2682.3326493629,3,92,85,92,85,false,0,true,true,false,false,false,"EQ",false
"A-G1.042-C3",95070,4524,2788.1976225794,3,94,87,94,87,false,0,true,true,false,false,false,"EQ",false
"A-G1.042-C3",95070,4704,2890.8872777518,3,96,89,96,89,false,0,true,true,false,false,false,"EQ",false
"A-G1.042-C3",95070,4884,2996.7433304643,3,99,92,99,92,false,0,true,true,false,false,false,"EQ",false
"A-G1.042-C3",95070,5064,3106.3354676424,3,102,96,102,96,true,0,true,true,false,false,false,"",true
"A-G1.042-C3",95070,5244,3235.1639578385,3,102,96,102,96,true,2,false,false,false,false,false,"OVERDUE|COOLDOWN",false
"A-G1.042-C3",95070,5424,3345.380876287,3,106,100,106,100,true,0,true,false,false,false,false,"COOLDOWN",false
"A-G1.042-C3",95070,5604,3447.9061288122,3,109,102,109,102,true,0,true,true,false,false,false,"",true
"A-G1.042-C3",95070,5784,3563.8913201754,3,109,102,109,102,true,4,false,false,false,false,false,"OVERDUE|COOLDOWN",false
"A-G1.042-C3",102989,24,24,0,14,6,14,6,false,0,true,true,false,false,false,"EQ",false
"A-G1.042-C3",102989,204,137.1333333333,0,21,14,21,14,true,0,true,true,false,false,false,"",true
"A-G1.042-C3",102989,384,264.0333333333,0,21,14,21,14,true,6,false,false,false,false,false,"OVERDUE|COOLDOWN",false
"A-G1.042-C3",102989,564,378.053742532,0,22,15,22,15,true,0,true,false,false,false,false,"COOLDOWN",false
"A-G1.042-C3",102989,744,491.2584986105,0,25,17,25,17,true,0,true,true,false,false,false,"",true
"A-G1.042-C3",102989,924,601.1777367057,1,25,17,25,17,false,1,true,true,false,false,false,"EQ",false
"A-G1.042-C3",102989,1104,710.9742597673,1,33,25,33,25,false,0,true,true,false,false,false,"EQ",false
"A-G1.042-C3",102989,1284,821.4583283097,1,36,28,36,28,true,0,true,true,false,false,false,"",true
"A-G1.042-C3",102989,1464,954.0813283097,1,36,28,36,28,true,3,false,false,false,false,false,"OVERDUE|COOLDOWN",false
"A-G1.042-C3",102989,1644,1068.0711132559,1,42,35,42,35,true,0,true,false,false,false,false,"COOLDOWN",false
"A-G1.042-C3",102989,1824,1175.6278473961,1,45,38,45,38,true,0,true,true,false,false,false,"",true
"A-G1.042-C3",102989,2004,1280.3326093009,2,45,38,45,38,false,0,true,true,false,false,false,"EQ",false
"A-G1.042-C3",102989,2184,1384.2881648565,2,55,48,55,48,false,0,true,true,false,false,false,"EQ",false
"A-G1.042-C3",102989,2364,1496.6979132842,2,63,56,63,56,true,0,true,true,false,false,false,"",true
"A-G1.042-C3",102989,2544,1623.5979132842,2,63,56,63,56,true,2,false,false,false,false,false,"OVERDUE|COOLDOWN",false
"A-G1.042-C3",102989,2724,1727.0014220561,2,68,60,68,60,true,0,true,false,false,false,false,"COOLDOWN",false
"A-G1.042-C3",102989,2904,1833.1771114772,2,73,66,73,66,true,0,true,true,false,false,false,"",true
"A-G1.042-C3",102989,3084,1943.7436433319,2,73,66,73,66,true,4,false,false,false,false,false,"OVERDUE|COOLDOWN",false
"A-G1.042-C3",102989,3264,2050.3289815086,2,78,72,78,72,true,0,true,false,false,false,false,"COOLDOWN",false
"A-G1.042-C3",102989,3444,2153.3012037309,2,82,75,82,75,true,0,true,true,false,false,false,"",true
"A-G1.042-C3",102989,3624,2258.8907714815,3,82,76,82,76,false,0,true,true,false,false,false,"EQ",false
"A-G1.042-C3",102989,3804,2365.363136211,3,86,80,86,80,false,0,true,true,false,false,false,"EQ",false
"A-G1.042-C3",102989,3984,2471.4531381666,3,89,82,89,82,false,0,true,true,false,false,false,"EQ",false
"A-G1.042-C3",102989,4164,2577.6668286176,3,94,87,94,87,false,0,true,true,false,false,false,"EQ",false
"A-G1.042-C3",102989,4344,2689.1760046475,3,98,91,98,91,false,0,true,true,false,false,false,"EQ",false
"A-G1.042-C3",102989,4524,2795.0451931416,3,100,93,100,93,true,0,true,true,false,false,false,"",true
"A-G1.042-C3",102989,4704,2923.9118598083,3,100,93,100,93,true,2,false,false,false,false,false,"OVERDUE|COOLDOWN",false
"A-G1.042-C3",102989,4884,3031.403132508,3,103,97,103,97,true,0,true,false,false,false,false,"COOLDOWN",false
"A-G1.042-C3",102989,5064,3133.9529606867,3,106,100,106,100,true,0,true,true,false,false,false,"",true
"A-G1.042-C3",102989,5244,3260.8529606867,3,106,100,106,100,true,10,false,false,false,false,false,"OVERDUE|COOLDOWN",false
"A-G1.042-C3",102989,5424,3366.4115485264,3,108,101,108,101,true,0,true,false,false,false,false,"COOLDOWN",false
"A-G1.042-C3",102989,5604,3474.6971387406,3,110,103,110,103,true,0,true,true,false,false,false,"",true
"A-G1.042-C3",102989,5784,3589.7256235891,3,110,103,110,103,true,0,true,false,false,false,false,"COOLDOWN",false
"A-G1.042-C3",110908,24,24,0,14,7,14,7,false,0,true,true,false,false,false,"EQ",false
"A-G1.042-C3",110908,204,148.8262496823,0,17,9,17,9,false,0,true,true,false,false,false,"EQ",false
"A-G1.042-C3",110908,384,268.4111495441,0,19,12,19,12,false,0,true,true,false,false,false,"EQ",false
"A-G1.042-C3",110908,564,381.5444828774,0,21,14,21,14,true,0,true,true,false,false,false,"",true
"A-G1.042-C3",110908,744,508.4444828774,0,21,14,21,14,true,1,true,false,false,false,false,"COOLDOWN",false
"A-G1.042-C3",110908,924,621.8761929298,0,23,15,23,15,true,0,true,false,false,false,false,"COOLDOWN",false
"A-G1.042-C3",110908,1104,733.832987947,0,25,18,25,18,true,0,true,true,false,false,false,"",true
"A-G1.042-C3",110908,1284,843.7522260422,1,25,18,25,18,false,3,false,true,false,false,false,"EQ|OVERDUE",false
"A-G1.042-C3",110908,1464,958.0049198436,1,31,24,31,24,false,0,true,true,false,false,false,"EQ",false
"A-G1.042-C3",110908,1644,1067.5385525428,1,36,28,36,28,true,0,true,true,false,false,false,"",true
"A-G1.042-C3",110908,1824,1195.5595525428,1,36,28,36,28,true,0,true,false,false,false,false,"COOLDOWN",false
"A-G1.042-C3",110908,2004,1302.9850138031,1,43,36,43,36,true,0,true,false,false,false,false,"COOLDOWN",false
"A-G1.042-C3",110908,2184,1418.4797532764,1,49,41,49,41,true,0,true,true,false,false,false,"",true
"A-G1.042-C3",110908,2364,1522.8387276354,2,49,42,49,42,false,0,true,true,false,false,false,"EQ",false
"A-G1.042-C3",110908,2544,1631.5130063624,2,57,49,57,49,false,0,true,true,false,false,false,"EQ",false
"A-G1.042-C3",110908,2724,1741.0538489068,2,63,55,63,55,true,0,true,true,false,false,false,"",true
"A-G1.042-C3",110908,2904,1869.8952298593,2,63,55,63,55,true,0,true,false,false,false,false,"COOLDOWN",false
"A-G1.042-C3",110908,3084,1979.6349972472,2,72,65,72,65,true,0,true,false,false,false,false,"COOLDOWN",false
"A-G1.042-C3",110908,3264,2087.7080314822,2,74,68,74,68,true,0,true,true,false,false,false,"",true
"A-G1.042-C3",110908,3444,2199.2597314129,2,74,68,74,68,true,0,true,false,false,false,false,"COOLDOWN",false
"A-G1.042-C3",110908,3624,2308.0111795494,2,77,71,77,71,true,0,true,false,false,false,false,"COOLDOWN",false
"A-G1.042-C3",110908,3804,2412.5334912862,2,81,75,81,75,true,0,true,true,false,false,false,"",true
"A-G1.042-C3",110908,3984,2519.0391579529,3,81,75,81,75,false,1,false,true,false,false,false,"EQ|OVERDUE",false
"A-G1.042-C3",110908,4164,2624.8830376115,3,86,80,86,80,false,0,true,true,false,false,false,"EQ",false
"A-G1.042-C3",110908,4344,2735.2082236188,3,93,87,93,87,false,0,true,true,false,false,false,"EQ",false
"A-G1.042-C3",110908,4524,2837.882466043,3,97,91,97,91,false,0,true,true,false,false,false,"EQ",false
"A-G1.042-C3",110908,4704,2947.865726345,3,101,95,101,95,true,0,true,true,false,false,false,"",true
"A-G1.042-C3",110908,4884,3079.1508088533,3,101,95,101,95,true,0,true,false,false,false,false,"COOLDOWN",false
"A-G1.042-C3",110908,5064,3181.7394613356,3,103,96,103,96,true,0,true,false,false,false,false,"COOLDOWN",false
"A-G1.042-C3",110908,5244,3293.1648999321,3,105,98,105,98,true,0,true,true,false,false,false,"",true
"A-G1.042-C3",110908,5424,3420.0648999321,3,105,98,105,98,true,1,false,false,false,false,false,"OVERDUE|COOLDOWN",false
"A-G1.042-C3",110908,5604,3526.5644374516,3,107,100,107,100,true,0,true,false,false,false,false,"COOLDOWN",false
"A-G1.042-C3",118827,24,24,0,14,7,14,7,false,0,true,true,false,false,false,"EQ",false
"A-G1.042-C3",118827,204,145,0,17,9,17,9,false,0,true,true,false,false,false,"EQ",false
"A-G1.042-C3",118827,384,271.9,0,19,12,19,12,false,0,true,true,false,false,false,"EQ",false
"A-G1.042-C3",118827,564,387.0088148809,0,21,14,21,14,true,0,true,true,false,false,false,"",true
"A-G1.042-C3",118827,744,513.9088148809,0,21,14,21,14,true,2,true,false,false,false,false,"COOLDOWN",false
"A-G1.042-C3",118827,924,626.7479720615,0,26,19,26,19,true,0,true,false,false,false,false,"COOLDOWN",false
"A-G1.042-C3",118827,1104,738.5070318481,0,27,20,27,20,true,0,true,true,false,false,false,"",true
"A-G1.042-C3",118827,1284,846.781541652,1,27,20,27,20,false,0,true,true,false,false,false,"EQ",false
"A-G1.042-C3",118827,1464,957.1027289603,1,35,28,35,28,true,0,true,true,false,false,false,"",true
"A-G1.042-C3",118827,1644,1084.966395627,1,35,28,35,28,true,4,false,false,false,false,false,"OVERDUE|COOLDOWN",false
"A-G1.042-C3",118827,1824,1193.3139168402,1,41,34,41,34,true,0,true,false,false,false,false,"COOLDOWN",false
"A-G1.042-C3",118827,2004,1303.6736021429,1,45,38,45,38,true,0,true,true,false,false,false,"",true
"A-G1.042-C3",118827,2184,1408.3783640477,2,45,38,45,38,false,0,true,true,false,false,false,"EQ",false
"A-G1.042-C3",118827,2364,1514.7118570728,2,57,50,57,50,false,0,true,true,false,false,false,"EQ",false
"A-G1.042-C3",118827,2544,1626.2591883152,2,62,55,62,55,true,0,true,true,false,false,false,"",true
"A-G1.042-C3",118827,2724,1753.1591883152,2,62,55,62,55,true,0,true,false,false,false,false,"COOLDOWN",false
"A-G1.042-C3",118827,2904,1860.956717766,2,70,63,70,63,true,0,true,false,false,false,false,"COOLDOWN",false
"A-G1.042-C3",118827,3084,1968.3132474546,2,74,68,74,68,true,0,true,true,false,false,false,"",true
"A-G1.042-C3",118827,3264,2072.8439473853,3,74,68,74,68,false,0,true,true,false,false,false,"EQ",false
"A-G1.042-C3",118827,3444,2191.4777645316,3,85,78,85,78,false,0,true,true,false,false,false,"EQ",false
"A-G1.042-C3",118827,3624,2300.2270580044,3,89,83,89,83,false,0,true,true,false,false,false,"EQ",false
"A-G1.042-C3",118827,3804,2405.5327740366,3,91,85,91,85,false,0,true,true,false,false,false,"EQ",false
"A-G1.042-C3",118827,3984,2508.2543426641,3,94,87,94,87,false,0,true,true,false,false,false,"EQ",false
"A-G1.042-C3",118827,4164,2614.9942965456,3,98,92,98,92,false,0,true,true,false,false,false,"EQ",false
"A-G1.042-C3",118827,4344,2719.2166742181,3,101,95,101,95,true,0,true,true,false,false,false,"",true
"A-G1.042-C3",118827,4524,2852.3307567264,3,101,95,101,95,true,0,true,false,false,false,false,"COOLDOWN",false
"A-G1.042-C3",118827,4704,2958.6482700942,3,104,97,104,97,true,0,true,false,false,false,false,"COOLDOWN",false
"A-G1.042-C3",118827,4884,3061.2107700942,3,105,99,105,99,true,0,true,true,false,false,false,"",true
"A-G1.042-C3",118827,5064,3188.1107700942,3,105,99,105,99,true,2,false,false,false,false,false,"OVERDUE|COOLDOWN",false
"A-G1.042-C3",118827,5244,3301.8631700656,3,107,100,107,100,true,0,true,false,false,false,false,"COOLDOWN",false
"A-G1.042-C3",118827,5424,3407.5766774437,3,109,103,109,103,true,0,true,true,false,false,false,"",true
"A-G1.042-C3",118827,5604,3538.948949615,3,109,103,109,103,true,2,false,false,false,false,false,"OVERDUE|COOLDOWN",false
"A-G1.042-C3",126746,24,24,0,14,7,14,7,false,0,true,true,false,false,false,"EQ",false
"A-G1.042-C3",126746,204,145,0,17,9,17,9,false,0,true,true,false,false,false,"EQ",false
"A-G1.042-C3",126746,384,263.9872201755,0,21,13,21,13,true,0,true,true,false,false,false,"",true
"A-G1.042-C3",126746,564,390.8872201755,0,21,13,21,13,true,0,true,false,false,false,false,"COOLDOWN",false
"A-G1.042-C3",126746,744,503.4297156363,0,24,17,24,17,true,0,true,false,false,false,false,"COOLDOWN",false
"A-G1.042-C3",126746,924,615.0401841974,0,27,20,27,20,true,0,true,true,false,false,false,"",true
"A-G1.042-C3",126746,1104,725.4529619751,1,27,20,27,20,false,0,true,true,false,false,false,"EQ",false
"A-G1.042-C3",126746,1284,831.916730091,1,34,27,34,27,false,0,true,true,false,false,false,"EQ",false
"A-G1.042-C3",126746,1464,937.1833967577,1,40,33,40,33,true,0,true,true,false,false,false,"",true
"A-G1.042-C3",126746,1644,1054.0533967577,1,40,33,40,33,true,0,true,false,false,false,false,"COOLDOWN",false
"A-G1.042-C3",126746,1824,1158.6645078688,1,46,39,46,39,true,0,true,false,false,false,false,"COOLDOWN",false
"A-G1.042-C3",126746,2004,1266.4310341909,1,50,42,50,42,true,0,true,true,false,false,false,"",true
"A-G1.042-C3",126746,2184,1370.7900085499,2,50,42,50,42,false,0,true,true,false,false,false,"EQ",false
"A-G1.042-C3",126746,2364,1479.7164451666,2,56,49,56,49,false,0,true,true,false,false,false,"EQ",false
"A-G1.042-C3",126746,2544,1594.4337053994,2,60,53,60,53,true,0,true,true,false,false,false,"",true
"A-G1.042-C3",126746,2724,1721.3337053994,2,60,53,60,53,true,0,true,false,false,false,false,"COOLDOWN",false
"A-G1.042-C3",126746,2904,1828.2507770336,2,65,58,65,58,true,0,true,false,false,false,false,"COOLDOWN",false
"A-G1.042-C3",126746,3084,1935.8638279123,2,70,62,70,62,true,0,true,true,false,false,false,"",true
"A-G1.042-C3",126746,3264,2054.0876374362,2,70,62,70,62,true,3,false,false,false,false,false,"OVERDUE|COOLDOWN",false
"A-G1.042-C3",126746,3444,2159.137187257,2,75,69,75,69,true,0,true,false,false,false,false,"COOLDOWN",false
"A-G1.042-C3",126746,3624,2271.0062348761,2,79,73,79,73,true,0,true,true,false,false,false,"",true
"A-G1.042-C3",126746,3804,2375.2949027483,3,80,73,80,73,false,0,true,true,false,false,false,"EQ",false
"A-G1.042-C3",126746,3984,2478.1808676606,3,85,78,85,78,false,0,true,true,false,false,false,"EQ",false
"A-G1.042-C3",126746,4164,2581.00787188,3,89,82,89,82,false,0,true,true,false,false,false,"EQ",false
"A-G1.042-C3",126746,4344,2683.7459671181,3,93,87,93,87,false,0,true,true,false,false,false,"EQ",false
"A-G1.042-C3",126746,4524,2790.3671591494,3,96,89,96,89,false,0,true,true,false,false,false,"EQ",false
"A-G1.042-C3",126746,4704,2895.0789075751,3,99,92,99,92,false,0,true,true,false,false,false,"EQ",false
"A-G1.042-C3",126746,4884,2997.6810581127,3,102,96,102,96,true,0,true,true,false,false,false,"",true
"A-G1.042-C3",126746,5064,3124.5810581127,3,102,96,102,96,true,2,false,false,false,false,false,"OVERDUE|COOLDOWN",false
"A-G1.042-C3",126746,5244,3227.1564967092,3,105,98,105,98,true,0,true,false,false,false,false,"COOLDOWN",false
"A-G1.042-C3",126746,5424,3332.609561581,3,106,100,106,100,true,0,true,true,false,false,false,"",true
"A-G1.042-C3",126746,5604,3451.5606476213,3,106,100,106,100,true,1,false,false,false,false,false,"OVERDUE|COOLDOWN",false
"A-G1.042-C3",126746,5784,3560.7543434857,3,108,102,108,102,true,0,true,false,false,false,false,"COOLDOWN",false
"A-G1.042-C3",134665,24,24,0,14,7,14,7,false,0,true,true,false,false,false,"EQ",false
"A-G1.042-C3",134665,204,148.9333333333,0,16,9,16,9,false,0,true,true,false,false,false,"EQ",false
"A-G1.042-C3",134665,384,270.7159963651,0,18,11,18,11,false,0,true,true,false,false,false,"EQ",false
"A-G1.042-C3",134665,564,386.0185745584,0,20,13,20,13,true,0,true,true,false,false,false,"",true
"A-G1.042-C3",134665,744,512.9185745584,0,20,13,20,13,true,1,true,false,false,false,false,"COOLDOWN",false
"A-G1.042-C3",134665,924,627.4622808659,0,22,15,22,15,true,0,true,false,false,false,false,"COOLDOWN",false
"A-G1.042-C3",134665,1104,740.4750181588,0,25,17,25,17,true,0,true,true,false,false,false,"",true
"A-G1.042-C3",134665,1284,860.483256254,0,25,17,25,17,true,2,true,false,false,false,false,"COOLDOWN",false
"A-G1.042-C3",134665,1464,972.4472391849,0,27,20,27,20,true,0,true,false,false,false,false,"COOLDOWN",false
"A-G1.042-C3",134665,1644,1082.9177095413,0,30,23,30,23,true,0,true,true,false,false,false,"",true
"A-G1.042-C3",134665,1824,1190.4615691904,1,30,23,30,23,false,0,true,true,false,false,false,"EQ",false
"A-G1.042-C3",134665,2004,1298.9923865484,1,34,26,34,26,false,0,true,true,false,false,false,"EQ",false
"A-G1.042-C3",134665,2184,1406.4866636687,1,41,34,41,34,true,0,true,true,false,false,false,"",true
"A-G1.042-C3",134665,2364,1522.8182209726,1,41,34,41,34,true,5,false,false,false,false,false,"OVERDUE|COOLDOWN",false
"A-G1.042-C3",134665,2544,1627.4293320837,1,47,40,47,40,true,0,true,false,false,false,false,"COOLDOWN",false
"A-G1.042-C3",134665,2724,1733.776638942,1,52,45,52,45,true,0,true,true,false,false,false,"",true
"A-G1.042-C3",134665,2904,1837.9880210558,2,52,45,52,45,false,0,true,true,false,false,false,"EQ",false
"A-G1.042-C3",134665,3084,1944.4756222235,2,57,50,57,50,false,0,true,true,false,false,false,"EQ",false
"A-G1.042-C3",134665,3264,2053.7051940151,2,63,55,63,55,true,0,true,true,false,false,false,"",true
"A-G1.042-C3",134665,3444,2180.6051940151,2,63,55,63,55,true,0,true,false,false,false,false,"COOLDOWN",false
"A-G1.042-C3",134665,3624,2286.4417008292,2,66,59,66,59,true,0,true,false,false,false,false,"COOLDOWN",false
"A-G1.042-C3",134665,3804,2393.6061109521,2,71,64,71,64,true,0,true,true,false,false,false,"",true
"A-G1.042-C3",134665,3984,2509.1577813132,2,71,64,71,64,true,1,true,false,false,false,false,"COOLDOWN",false
"A-G1.042-C3",134665,4164,2621.1289934344,2,75,69,75,69,true,0,true,false,false,false,false,"COOLDOWN",false
"A-G1.042-C3",134665,4344,2729.6524831627,2,78,72,78,72,true,0,true,true,false,false,false,"",true
"A-G1.042-C3",134665,4524,2832.6959614236,3,78,72,78,72,false,0,true,true,false,false,false,"EQ",false
"A-G1.042-C3",134665,4704,2939.3208381465,3,87,81,87,81,false,0,true,true,false,false,false,"EQ",false
"A-G1.042-C3",134665,4884,3042.0758582268,3,92,86,92,86,false,0,true,true,false,false,false,"EQ",false
"A-G1.042-C3",134665,5064,3146.523490684,3,95,88,95,88,false,0,true,true,false,false,false,"EQ",false
"A-G1.042-C3",134665,5244,3249.2131458564,3,97,90,97,90,false,0,true,true,false,false,false,"EQ",false
"A-G1.042-C3",134665,5424,3351.8723218863,3,99,92,99,92,false,0,true,true,false,false,false,"EQ",false
"A-G1.042-C3",134665,5604,3463.3382639153,3,102,95,102,95,true,0,true,true,false,false,false,"",true
"A-G1.042-C3",134665,5784,3590.2382639153,3,102,95,102,95,true,5,false,false,false,false,false,"OVERDUE|COOLDOWN",false
"A-G1.042-C3",142584,24,24,0,14,7,14,7,false,0,true,true,false,false,false,"EQ",false
"A-G1.042-C3",142584,204,145,0,17,9,17,9,false,0,true,true,false,false,false,"EQ",false
"A-G1.042-C3",142584,384,266.4683977307,0,19,12,19,12,false,0,true,true,false,false,false,"EQ",false
"A-G1.042-C3",142584,564,384.3430651207,0,22,15,22,15,true,0,true,true,false,false,false,"",true
"A-G1.042-C3",142584,744,508.9188226965,0,22,15,22,15,true,0,true,false,false,false,false,"COOLDOWN",false
"A-G1.042-C3",142584,924,620.8394851137,0,24,17,24,17,true,0,true,false,false,false,false,"COOLDOWN",false
"A-G1.042-C3",142584,1104,732.3512591027,0,27,20,27,20,true,0,true,true,false,false,false,"",true
"A-G1.042-C3",142584,1284,845.0079564247,1,27,20,27,20,false,0,true,true,false,false,false,"EQ",false
"A-G1.042-C3",142584,1464,953.9789692803,1,35,28,35,28,true,0,true,true,false,false,false,"",true
"A-G1.042-C3",142584,1644,1081.075635947,1,35,28,35,28,true,2,true,false,false,false,false,"COOLDOWN",false
"A-G1.042-C3",142584,1824,1185.9847268561,1,44,37,44,37,true,0,true,false,false,false,false,"COOLDOWN",false
"A-G1.042-C3",142584,2004,1295.3911066632,1,48,41,48,41,true,0,true,true,false,false,false,"",true
"A-G1.042-C3",142584,2184,1399.8297031544,2,48,41,48,41,false,0,true,true,false,false,false,"EQ",false
"A-G1.042-C3",142584,2364,1507.3117697456,2,65,57,65,57,true,0,true,true,false,false,false,"",true
"A-G1.042-C3",142584,2544,1624.9297754436,2,65,57,65,57,true,2,false,false,false,false,false,"OVERDUE|COOLDOWN",false
"A-G1.042-C3",142584,2724,1730.0801377625,2,70,63,70,63,true,0,true,false,false,false,false,"COOLDOWN",false
"A-G1.042-C3",142584,2904,1837.0758363146,2,73,66,73,66,true,0,true,true,false,false,false,"",true
"A-G1.042-C3",142584,3084,1942.9223681693,3,73,66,73,66,false,2,false,true,false,false,false,"EQ|OVERDUE",false
"A-G1.042-C3",142584,3264,2045.9176733336,3,81,74,81,74,false,0,true,true,false,false,false,"EQ",false
"A-G1.042-C3",142584,3444,2148.8243400003,3,84,78,84,78,false,0,true,true,false,false,false,"EQ",false
"A-G1.042-C3",142584,3624,2251.6144634571,3,90,84,90,84,false,0,true,true,false,false,false,"EQ",false
"A-G1.042-C3",142584,3804,2358.2503381323,3,95,88,95,88,false,0,true,true,false,false,false,"EQ",false
"A-G1.042-C3",142584,3984,2466.5775111563,3,98,92,98,92,false,0,true,true,false,false,false,"EQ",false
"A-G1.042-C3",142584,4164,2569.1934531853,3,102,95,102,95,true,0,true,true,false,false,false,"",true
"A-G1.042-C3",142584,4344,2699.3789433814,3,102,95,102,95,true,3,false,false,false,false,false,"OVERDUE|COOLDOWN",false
"A-G1.042-C3",142584,4524,2810.8043819779,3,104,98,104,98,true,0,true,false,false,false,false,"COOLDOWN",false
"A-G1.042-C3",142584,4704,2916.4155309114,3,107,100,107,100,true,0,true,true,false,false,false,"",true
"A-G1.042-C3",142584,4884,3034.367851302,3,107,100,107,100,true,0,true,false,false,false,false,"COOLDOWN",false
"A-G1.042-C3",142584,5064,3144.0124371609,3,109,102,109,102,true,0,true,false,false,false,false,"COOLDOWN",false
"A-G1.042-C3",142584,5244,3248.8314464167,3,110,104,110,104,true,0,true,true,false,false,false,"",true
"A-G1.042-C3",142584,5424,3363.8482480969,3,110,104,110,104,true,1,false,false,false,false,false,"OVERDUE|COOLDOWN",false
"A-G1.042-C3",142584,5604,3470.4594081393,3,111,105,111,105,true,0,true,false,false,false,false,"COOLDOWN",false
"A-G1.042-C3",142584,5784,3572.9383725405,3,112,106,112,106,true,0,true,true,false,false,false,"",true
"A-G1.042-C3",150503,24,24,0,15,7,15,7,false,0,true,true,false,false,false,"EQ",false
"A-G1.042-C3",150503,204,144.4324142157,0,19,12,19,12,false,0,true,true,false,false,false,"EQ",false
"A-G1.042-C3",150503,384,258.7255739881,0,22,15,22,15,true,0,true,true,false,false,false,"",true
"A-G1.042-C3",150503,564,383.3013315639,0,22,15,22,15,true,1,true,false,false,false,false,"COOLDOWN",false
"A-G1.042-C3",150503,744,497.6956756705,0,24,17,24,17,true,0,true,false,false,false,false,"COOLDOWN",false
"A-G1.042-C3",150503,924,609.9407776862,0,27,19,27,19,true,0,true,true,false,false,false,"",true
"A-G1.042-C3",150503,1104,720.3535554639,1,27,19,27,19,false,0,true,true,false,false,false,"EQ",false
"A-G1.042-C3",150503,1284,831.9260001711,1,31,24,31,24,false,0,true,true,false,false,false,"EQ",false
"A-G1.042-C3",150503,1464,944.4758372801,1,36,28,36,28,true,0,true,true,false,false,false,"",true
"A-G1.042-C3",150503,1644,1071.3758372801,1,36,28,36,28,true,2,true,false,false,false,false,"COOLDOWN",false
"A-G1.042-C3",150503,1824,1176.7781361307,1,39,32,39,32,true,0,true,false,false,false,false,"COOLDOWN",false
"A-G1.042-C3",150503,2004,1285.1990727851,1,43,36,43,36,true,0,true,true,false,false,false,"",true
"A-G1.042-C3",150503,2184,1391.8461481904,2,43,36,43,36,false,0,true,true,false,false,false,"EQ",false
"A-G1.042-C3",150503,2364,1503.977054461,2,47,40,47,40,false,0,true,true,false,false,false,"EQ",false
"A-G1.042-C3",150503,2544,1608.1199116038,2,53,45,53,45,false,0,true,true,false,false,false,"EQ",false
"A-G1.042-C3",150503,2724,1711.8132449371,2,60,53,60,53,true,0,true,true,false,false,false,"",true
"A-G1.042-C3",150503,2904,1838.7132449371,2,60,53,60,53,true,2,false,false,false,false,false,"OVERDUE|COOLDOWN",false
"A-G1.042-C3",150503,3084,1942.0465782704,2,70,63,70,63,true,0,true,false,false,false,false,"COOLDOWN",false
"A-G1.042-C3",150503,3264,2055.1321595535,2,74,68,74,68,true,1,true,true,false,false,false,"",true
"A-G1.042-C3",150503,3444,2159.6628594842,3,74,68,74,68,false,1,false,true,false,false,false,"EQ|OVERDUE",false
"A-G1.042-C3",150503,3624,2269.0261436614,3,84,78,84,78,false,0,true,true,false,false,false,"EQ",false
"A-G1.042-C3",150503,3804,2375.7598031178,3,89,83,89,83,false,0,true,true,false,false,false,"EQ",false
"A-G1.042-C3",150503,3984,2491.5429844299,3,91,85,91,85,false,0,true,true,false,false,false,"EQ",false
"A-G1.042-C3",150503,4164,2594.2484107865,3,96,89,96,89,false,0,true,true,false,false,false,"EQ",false
"A-G1.042-C3",150503,4344,2704.3392278909,3,99,92,99,92,false,0,true,true,false,false,false,"EQ",false
"A-G1.042-C3",150503,4524,2806.969264521,3,101,94,101,94,true,0,true,true,false,false,false,"",true
"A-G1.042-C3",150503,4704,2933.869264521,3,101,94,101,94,true,0,true,false,false,false,false,"COOLDOWN",false
"A-G1.042-C3",150503,4884,3039.6084024401,3,104,97,104,97,true,0,true,false,false,false,false,"COOLDOWN",false
"A-G1.042-C3",150503,5064,3145.2195513736,3,107,100,107,100,true,0,true,true,false,false,false,"",true
"A-G1.042-C3",150503,5244,3263.1718717642,3,107,100,107,100,true,0,true,false,false,false,false,"COOLDOWN",false
"A-G1.042-C3",150503,5424,3365.6971242894,3,108,101,108,101,true,0,true,false,false,false,false,"COOLDOWN",false
"A-G1.042-C3",150503,5604,3471.3316389074,3,109,103,109,103,true,0,true,true,false,false,false,"",true
"A-G1.042-C3",150503,5784,3598.2316389074,3,109,103,109,103,true,1,false,false,false,false,false,"OVERDUE|COOLDOWN",false
"A-G1.042-C3",158422,24,24,0,14,7,14,7,false,0,true,true,false,false,false,"EQ",false
"A-G1.042-C3",158422,204,145.1910889354,0,18,10,18,10,false,0,true,true,false,false,false,"EQ",false
"A-G1.042-C3",158422,384,256.3577556021,0,23,16,23,16,true,0,true,true,false,false,false,"",true
"A-G1.042-C3",158422,564,375.5621034282,0,23,16,23,16,true,13,false,false,false,false,false,"OVERDUE|COOLDOWN",false
"A-G1.042-C3",158422,744,489.4266300663,0,24,17,24,17,true,0,true,false,false,false,false,"COOLDOWN",false
"A-G1.042-C3",158422,924,602.2294409616,0,27,20,27,20,true,0,true,true,false,false,false,"",true
"A-G1.042-C3",158422,1104,710.5039507655,1,27,20,27,20,false,0,true,true,false,false,false,"EQ",false
"A-G1.042-C3",158422,1284,817.7372840988,1,31,24,31,24,false,0,true,true,false,false,false,"EQ",false
"A-G1.042-C3",158422,1464,929.0240049719,1,36,28,36,28,true,0,true,true,false,false,false,"",true
"A-G1.042-C3",158422,1644,1055.9240049719,1,36,28,36,28,true,1,true,false,false,false,false,"COOLDOWN",false
"A-G1.042-C3",158422,1824,1163.6620760631,1,42,35,42,35,true,0,true,false,false,false,false,"COOLDOWN",false
"A-G1.042-C3",158422,2004,1272.0983058282,1,46,39,46,39,true,0,true,true,false,false,false,"",true
"A-G1.042-C3",158422,2184,1380.7877054141,1,46,39,46,39,true,0,true,false,false,false,false,"COOLDOWN",false
"A-G1.042-C3",158422,2364,1485.0710387474,1,50,43,50,43,true,0,true,false,false,false,false,"COOLDOWN",false
"A-G1.042-C3",158422,2544,1592.1471177756,1,54,47,54,47,true,0,true,true,false,false,false,"",true
"A-G1.042-C3",158422,2724,1696.1622692908,2,55,47,55,47,false,0,true,true,false,false,false,"EQ",false
"A-G1.042-C3",158422,2904,1799.9539359575,2,59,52,59,52,false,0,true,true,false,false,false,"EQ",false
"A-G1.042-C3",158422,3084,1906.5191268557,2,66,59,66,59,true,0,true,true,false,false,false,"",true
"A-G1.042-C3",158422,3264,2022.4747545614,2,66,59,66,59,true,1,true,false,false,false,false,"COOLDOWN",false
"A-G1.042-C3",158422,3444,2125.7747545614,2,71,63,71,63,true,0,true,false,false,false,false,"COOLDOWN",false
"A-G1.042-C3",158422,3624,2231.0463083257,2,74,68,74,68,true,0,true,true,false,false,false,"",true
"A-G1.042-C3",158422,3804,2339.322373641,2,74,68,74,68,true,1,true,false,false,false,false,"COOLDOWN",false
"A-G1.042-C3",158422,3984,2442.4169010042,2,77,70,77,70,true,0,true,false,false,false,false,"COOLDOWN",false
"A-G1.042-C3",158422,4164,2545.4122061685,2,81,74,81,74,true,0,true,true,false,false,false,"",true
"A-G1.042-C3",158422,4344,2650.1119557773,3,81,74,81,74,false,1,false,true,false,false,false,"EQ|OVERDUE",false
"A-G1.042-C3",158422,4524,2752.9777566431,3,86,80,86,80,false,0,true,true,false,false,false,"EQ",false
"A-G1.042-C3",158422,4704,2857.8187845631,3,90,84,90,84,false,0,true,true,false,false,false,"EQ",false
"A-G1.042-C3",158422,4884,2966.1868689284,3,96,89,96,89,false,0,true,true,false,false,false,"EQ",false
"A-G1.042-C3",158422,5064,3078.1750741952,3,101,95,101,95,true,0,true,true,false,false,false,"",true
"A-G1.042-C3",158422,5244,3205.0750741952,3,101,95,101,95,true,2,false,false,false,false,false,"OVERDUE|COOLDOWN",false
"A-G1.042-C3",158422,5424,3310.898874615,3,105,98,105,98,true,0,true,false,false,false,false,"COOLDOWN",false
"A-G1.042-C3",158422,5604,3416.4689998613,3,108,101,108,101,true,0,true,true,false,false,false,"",true
"A-G1.042-C3",158422,5784,3533.4286370495,3,108,101,108,101,true,1,false,false,false,false,false,"OVERDUE|COOLDOWN",false
"A-G1.042-C3",166341,24,24,0,14,6,14,6,false,0,true,true,false,false,false,"EQ",false
"A-G1.042-C3",166341,204,145,0,17,9,17,9,false,0,true,true,false,false,false,"EQ",false
"A-G1.042-C3",166341,384,259.4444444444,0,19,12,19,12,false,0,true,true,false,false,false,"EQ",false
"A-G1.042-C3",166341,564,371.505050505,0,22,14,22,14,true,0,true,true,false,false,false,"",true
"A-G1.042-C3",166341,744,496.0808080808,0,22,14,22,14,true,0,true,false,false,false,false,"COOLDOWN",false
"A-G1.042-C3",166341,924,609.7560789427,0,24,17,24,17,true,0,true,false,false,false,false,"COOLDOWN",false
"A-G1.042-C3",166341,1104,730.6345740211,0,27,19,27,19,true,0,true,true,false,false,false,"",true
"A-G1.042-C3",166341,1284,839.8083517988,1,27,19,27,19,false,1,true,true,false,false,false,"EQ",false
"A-G1.042-C3",166341,1464,947.3522114479,1,30,23,30,23,false,0,true,true,false,false,false,"EQ",false
"A-G1.042-C3",166341,1644,1053.2240063197,1,37,30,37,30,true,0,true,true,false,false,false,"",true
"A-G1.042-C3",166341,1824,1175.7858912816,1,37,30,37,30,true,9,false,false,false,false,false,"OVERDUE|COOLDOWN",false
"A-G1.042-C3",166341,2004,1289.5449821907,1,43,36,43,36,true,0,true,false,false,false,false,"COOLDOWN",false
"A-G1.042-C3",166341,2184,1393.9835786819,1,49,42,49,42,true,0,true,true,false,false,false,"",true
"A-G1.042-C3",166341,2364,1498.3425530409,2,49,42,49,42,false,0,true,true,false,false,false,"EQ",false
"A-G1.042-C3",166341,2544,1605.1345208686,2,53,46,53,46,false,0,true,true,false,false,false,"EQ",false
"A-G1.042-C3",166341,2724,1713.1951067265,2,58,50,58,50,false,0,true,true,false,false,false,"EQ",false
"A-G1.042-C3",166341,2904,1821.7111528608,2,64,57,64,57,true,0,true,true,false,false,false,"",true
"A-G1.042-C3",166341,3084,1940.9630047126,2,64,57,64,57,true,0,true,false,false,false,false,"COOLDOWN",false
"A-G1.042-C3",166341,3264,2047.6558220113,2,73,67,73,67,true,0,true,false,false,false,false,"COOLDOWN",false
"A-G1.042-C3",166341,3444,2152.9838732631,2,77,70,77,70,true,0,true,true,false,false,false,"",true
"A-G1.042-C3",166341,3624,2258.6018638297,3,77,70,77,70,false,0,true,true,false,false,false,"EQ",false
"A-G1.042-C3",166341,3804,2364.1390512189,3,82,76,82,76,false,0,true,true,false,false,false,"EQ",false
"A-G1.042-C3",166341,3984,2473.4534608605,3,87,80,87,80,false,0,true,true,false,false,false,"EQ",false
"A-G1.042-C3",166341,4164,2581.274785539,3,92,86,92,86,false,0,true,true,false,false,false,"EQ",false
"A-G1.042-C3",166341,4344,2687.8846894697,3,95,89,95,89,false,0,true,true,false,false,false,"EQ",false
"A-G1.042-C3",166341,4524,2795.8838250403,3,98,91,98,91,false,0,true,true,false,false,false,"EQ",false
"A-G1.042-C3",166341,4704,2910.1660373187,3,99,93,99,93,false,0,true,true,false,false,false,"EQ",false
"A-G1.042-C3",166341,4884,3027.3895281985,3,102,96,102,96,true,0,true,true,false,false,false,"",true
"A-G1.042-C3",166341,5064,3154.2895281985,3,102,96,102,96,true,6,false,false,false,false,false,"OVERDUE|COOLDOWN",false
"A-G1.042-C3",166341,5244,3265.6893563772,3,106,99,106,99,true,0,true,false,false,false,false,"COOLDOWN",false
"A-G1.042-C3",166341,5424,3371.3359365116,3,108,102,108,102,true,0,true,true,false,false,false,"",true
"A-G1.042-C3",166341,5604,3489.4634112591,3,108,102,108,102,true,7,false,false,false,false,false,"OVERDUE|COOLDOWN",false
"A-G1.042-C3",174260,24,24,0,14,6,14,6,false,0,true,true,false,false,false,"EQ",false
"A-G1.042-C3",174260,204,148.9333333333,0,16,9,16,9,false,0,true,true,false,false,false,"EQ",false
"A-G1.042-C3",174260,384,269.4713175483,0,18,11,18,11,false,0,true,true,false,false,false,"EQ",false
"A-G1.042-C3",174260,564,392.5270266406,0,23,16,23,16,true,0,true,true,false,false,false,"",true
"A-G1.042-C3",174260,744,519.4270266406,0,23,16,23,16,true,16,false,false,false,false,false,"OVERDUE|COOLDOWN",false
"A-G1.042-C3",174260,924,629.1889314025,0,25,18,25,18,true,0,true,false,false,false,false,"COOLDOWN",false
"A-G1.042-C3",174260,1104,741.3520293885,0,27,20,27,20,true,0,true,true,false,false,false,"",true
"A-G1.042-C3",174260,1284,849.6265391924,1,27,20,27,20,false,0,true,true,false,false,false,"EQ",false
"A-G1.042-C3",174260,1464,959.6962951849,1,30,23,30,23,false,0,true,true,false,false,false,"EQ",false
"A-G1.042-C3",174260,1644,1066.3932648818,1,33,26,33,26,false,0,true,true,false,false,false,"EQ",false
"A-G1.042-C3",174260,1824,1175.2752431189,1,39,32,39,32,true,0,true,true,false,false,false,"",true
"A-G1.042-C3",174260,2004,1302.1752431189,1,39,32,39,32,true,4,false,false,false,false,false,"OVERDUE|COOLDOWN",false
"A-G1.042-C3",174260,2184,1407.3150280651,1,42,35,42,35,true,0,true,false,false,false,false,"COOLDOWN",false
"A-G1.042-C3",174260,2364,1514.1284135103,1,45,38,45,38,true,0,true,true,false,false,false,"",true
"A-G1.042-C3",174260,2544,1618.8331754151,2,45,38,45,38,false,0,true,true,false,false,false,"EQ",false
"A-G1.042-C3",174260,2724,1725.4103733056,2,57,50,57,50,false,0,true,true,false,false,false,"EQ",false
"A-G1.042-C3",174260,2904,1831.3414618256,2,62,55,62,55,true,0,true,true,false,false,false,"",true
"A-G1.042-C3",174260,3084,1958.2414618256,2,62,55,62,55,true,0,true,false,false,false,false,"COOLDOWN",false
"A-G1.042-C3",174260,3264,2070.4949705975,2,68,61,68,61,true,0,true,false,false,false,false,"COOLDOWN",false
"A-G1.042-C3",174260,3444,2178.9100285983,2,72,65,72,65,true,0,true,true,false,false,false,"",true
"A-G1.042-C3",174260,3624,2286.0799210714,3,72,65,72,65,false,0,true,true,false,false,false,"EQ",false
"A-G1.042-C3",174260,3804,2391.0345712974,3,82,76,82,76,false,0,true,true,false,false,false,"EQ",false
"A-G1.042-C3",174260,3984,2498.0081402087,3,87,80,87,80,false,0,true,true,false,false,false,"EQ",false
"A-G1.042-C3",174260,4164,2604.3979759544,3,92,85,92,85,false,0,true,true,false,false,false,"EQ",false
"A-G1.042-C3",174260,4344,2710.7202650944,3,94,88,94,88,false,0,true,true,false,false,false,"EQ",false
"A-G1.042-C3",174260,4524,2817.0779468021,3,98,91,98,91,false,0,true,true,false,false,false,"EQ",false
"A-G1.042-C3",174260,4704,2919.6938888311,3,101,94,101,94,true,0,true,true,false,false,false,"",true
"A-G1.042-C3",174260,4884,3046.5938888311,3,101,94,101,94,true,0,true,false,false,false,false,"COOLDOWN",false
"A-G1.042-C3",174260,5064,3152.9164397052,3,104,98,104,98,true,0,true,false,false,false,false,"COOLDOWN",false
"A-G1.042-C3",174260,5244,3260.7189597864,3,107,100,107,100,true,0,true,true,false,false,false,"",true
"A-G1.042-C3",174260,5424,3378.6588669642,3,107,100,107,100,true,1,false,false,false,false,false,"OVERDUE|COOLDOWN",false
"A-G1.042-C3",174260,5604,3484.4968248779,3,109,103,109,103,true,0,true,false,false,false,false,"COOLDOWN",false
"A-G1.042-C3",174260,5784,3594.0510027594,3,111,104,111,104,true,0,true,true,false,false,false,"",true
"A-G1.042-C3",182179,24,24,0,14,7,14,7,false,0,true,true,false,false,false,"EQ",false
"A-G1.042-C3",182179,204,145,0,17,9,17,9,false,0,true,true,false,false,false,"EQ",false
"A-G1.042-C3",182179,384,267.4358884709,0,19,11,19,11,false,0,true,true,false,false,false,"EQ",false
"A-G1.042-C3",182179,564,383.7462254825,0,21,14,21,14,true,0,true,true,false,false,false,"",true
"A-G1.042-C3",182179,744,510.6462254825,0,21,14,21,14,true,1,true,false,false,false,false,"COOLDOWN",false
"A-G1.042-C3",182179,924,628.74622549,0,24,17,24,17,true,0,true,false,false,false,false,"COOLDOWN",false
"A-G1.042-C3",182179,1104,741.2957957277,0,27,19,27,19,true,0,true,true,false,false,false,"",true
"A-G1.042-C3",182179,1284,854.4843874998,1,27,20,27,20,false,0,true,true,false,false,false,"EQ",false
"A-G1.042-C3",182179,1464,960.9481556157,1,33,26,33,26,false,0,true,true,false,false,false,"EQ",false
"A-G1.042-C3",182179,1644,1069.0561210231,1,37,29,37,29,true,0,true,true,false,false,false,"",true
"A-G1.042-C3",182179,1824,1195.9561210231,1,37,29,37,29,true,1,true,false,false,false,false,"COOLDOWN",false
"A-G1.042-C3",182179,2004,1300.8652119322,1,44,37,44,37,true,0,true,false,false,false,false,"COOLDOWN",false
"A-G1.042-C3",182179,2184,1416.6906395955,1,47,40,47,40,true,0,true,true,false,false,false,"",true
"A-G1.042-C3",182179,2364,1522.2135308485,2,47,40,47,40,false,1,true,true,false,false,false,"EQ",false
"A-G1.042-C3",182179,2544,1628.6058059561,2,57,50,57,50,false,0,true,true,false,false,false,"EQ",false
"A-G1.042-C3",182179,2724,1736.7328605087,2,61,54,61,54,true,0,true,true,false,false,false,"",true
"A-G1.042-C3",182179,2904,1863.6328605087,2,61,54,61,54,true,0,true,false,false,false,false,"COOLDOWN",false
"A-G1.042-C3",182179,3084,1979.8033905583,2,71,64,71,64,true,0,true,false,false,false,false,"COOLDOWN",false
"A-G1.042-C3",182179,3264,2088.4780683048,2,74,68,74,68,true,0,true,true,false,false,false,"",true
"A-G1.042-C3",182179,3444,2215.3780683048,2,74,68,74,68,true,0,true,false,false,false,false,"COOLDOWN",false
"A-G1.042-C3",182179,3624,2325.0475203529,2,80,74,80,74,true,0,true,false,false,false,false,"COOLDOWN",false
"A-G1.042-C3",182179,3804,2430.1402069963,2,83,76,83,76,true,0,true,true,false,false,false,"",true
"A-G1.042-C3",182179,3984,2534.0211835049,3,83,77,83,77,false,0,true,true,false,false,false,"EQ",false
"A-G1.042-C3",182179,4164,2636.8673373511,3,88,81,88,81,false,0,true,true,false,false,false,"EQ",false
"A-G1.042-C3",182179,4344,2752.3804590685,3,93,86,93,86,false,0,true,true,false,false,false,"EQ",false
"A-G1.042-C3",182179,4524,2858.7736528914,3,95,89,95,89,false,0,true,true,false,false,false,"EQ",false
"A-G1.042-C3",182179,4704,2972.9043034668,3,98,91,98,91,false,0,true,true,false,false,false,"EQ",false
"A-G1.042-C3",182179,4884,3088.5373073787,3,100,93,100,93,true,0,true,true,false,false,false,"",true
"A-G1.042-C3",182179,5064,3215.4373073787,3,100,93,100,93,true,0,true,false,false,false,false,"COOLDOWN",false
"A-G1.042-C3",182179,5244,3320.3881305959,3,101,95,101,95,true,0,true,false,false,false,false,"COOLDOWN",false
"A-G1.042-C3",182179,5424,3430.1797286237,3,104,97,104,97,true,0,true,true,false,false,false,"",true
"A-G1.042-C3",182179,5604,3557.0797286237,3,104,97,104,97,true,0,true,false,false,false,false,"COOLDOWN",false
"A-G1.042-C3",190098,24,24,0,14,7,14,7,false,0,true,true,false,false,false,"EQ",false
"A-G1.042-C3",190098,204,145,0,17,10,17,10,false,0,true,true,false,false,false,"EQ",false
"A-G1.042-C3",190098,384,256.1666666667,0,22,15,22,15,true,0,true,true,false,false,false,"",true
"A-G1.042-C3",190098,564,379.8484848485,0,22,15,22,15,true,18,false,false,false,false,false,"OVERDUE|COOLDOWN",false
"A-G1.042-C3",190098,744,494.4212198151,0,24,17,24,17,true,0,true,false,false,false,false,"COOLDOWN",false
"A-G1.042-C3",190098,924,602.695729619,0,27,20,27,20,true,0,true,true,false,false,false,"",true
"A-G1.042-C3",190098,1104,716.1656838359,1,28,21,28,21,false,0,true,true,false,false,false,"EQ",false
"A-G1.042-C3",190098,1284,822.4156838359,1,34,27,34,27,false,0,true,true,false,false,false,"EQ",false
"A-G1.042-C3",190098,1464,927.6823505026,1,41,33,41,33,true,0,true,true,false,false,false,"",true
"A-G1.042-C3",190098,1644,1039.184789527,1,41,33,41,33,true,4,false,false,false,false,false,"OVERDUE|COOLDOWN",false
"A-G1.042-C3",190098,1824,1145.8893139533,1,47,40,47,40,true,0,true,false,false,false,false,"COOLDOWN",false
"A-G1.042-C3",190098,2004,1252.2709720026,1,51,44,51,44,true,0,true,true,false,false,false,"",true
"A-G1.042-C3",190098,2184,1356.4823541164,2,51,44,51,44,false,0,true,true,false,false,false,"EQ",false
"A-G1.042-C3",190098,2364,1465.9737140382,2,58,51,58,51,false,0,true,true,false,false,false,"EQ",false
"A-G1.042-C3",190098,2544,1574.0563905731,2,63,55,63,55,true,0,true,true,false,false,false,"",true
"A-G1.042-C3",190098,2724,1700.956390573,2,63,55,63,55,true,1,true,false,false,false,false,"COOLDOWN",false
"A-G1.042-C3",190098,2904,1806.4731280434,2,67,60,67,60,true,0,true,false,false,false,false,"COOLDOWN",false
"A-G1.042-C3",190098,3084,1915.3146514312,2,73,67,73,67,true,0,true,true,false,false,false,"",true
"A-G1.042-C3",190098,3264,2024.8781832859,2,73,67,73,67,true,0,true,false,false,false,false,"COOLDOWN",false
"A-G1.042-C3",190098,3444,2127.9468107369,2,77,71,77,71,true,0,true,false,false,false,false,"COOLDOWN",false
"A-G1.042-C3",190098,3624,2238.2094643962,2,81,75,81,75,true,0,true,true,false,false,false,"",true
"A-G1.042-C3",190098,3804,2342.3796208869,3,82,75,82,75,false,0,true,true,false,false,false,"EQ",false
"A-G1.042-C3",190098,3984,2445.2454217527,3,86,80,86,80,false,0,true,true,false,false,false,"EQ",false
"A-G1.042-C3",190098,4164,2555.0523258162,3,93,86,93,86,false,0,true,true,false,false,false,"EQ",false
"A-G1.042-C3",190098,4344,2666.6077521727,3,95,88,95,88,false,0,true,true,false,false,false,"EQ",false
"A-G1.042-C3",190098,4524,2769.2819945969,3,97,91,97,91,false,0,true,true,false,false,false,"EQ",false
"A-G1.042-C3",190098,4704,2874.4606737603,3,100,93,100,93,true,0,true,true,false,false,false,"",true
"A-G1.042-C3",190098,4884,3005.274340427,3,100,93,100,93,true,4,false,false,false,false,false,"OVERDUE|COOLDOWN",false
"A-G1.042-C3",190098,5064,3111.989646813,3,102,95,102,95,true,0,true,false,false,false,false,"COOLDOWN",false
"A-G1.042-C3",190098,5244,3218.4925107968,3,104,98,104,98,true,0,true,true,false,false,false,"",true
"A-G1.042-C3",190098,5424,3345.3925107968,3,104,98,104,98,true,0,true,false,false,false,false,"COOLDOWN",false
"A-G1.042-C3",190098,5604,3451.4144336163,3,107,100,107,100,true,0,true,false,false,false,false,"COOLDOWN",false
"A-G1.042-C3",190098,5784,3553.9396861415,3,108,101,108,101,true,0,true,true,false,false,false,"",true
"A-G1.042-C3",198017,24,24,0,14,7,14,7,false,0,true,true,false,false,false,"EQ",false
"A-G1.042-C3",198017,204,147.0049074078,0,17,9,17,9,false,0,true,true,false,false,false,"EQ",false
"A-G1.042-C3",198017,384,264.9711996984,0,20,12,20,12,true,0,true,true,false,false,false,"",true
"A-G1.042-C3",198017,564,397.3778663651,0,20,12,20,12,true,0,true,false,false,false,false,"COOLDOWN",false
"A-G1.042-C3",198017,744,512.7140377458,0,22,14,22,14,true,0,true,false,false,false,false,"COOLDOWN",false
"A-G1.042-C3",198017,924,625.6048650769,0,24,17,24,17,true,0,true,true,false,false,false,"",true
"A-G1.042-C3",198017,1104,739.9484548205,1,24,17,24,17,false,0,true,true,false,false,false,"EQ",false
"A-G1.042-C3",198017,1284,855.8525868932,1,28,20,28,20,false,0,true,true,false,false,false,"EQ",false
"A-G1.042-C3",198017,1464,967.6501899851,1,33,26,33,26,false,0,true,true,false,false,false,"EQ",false
"A-G1.042-C3",198017,1644,1074.9196512547,1,45,37,45,37,true,0,true,true,false,false,false,"",true
"A-G1.042-C3",198017,1824,1181.8022302307,2,45,37,45,37,false,11,false,true,false,false,false,"EQ|OVERDUE",false
"A-G1.042-C3",198017,2004,1290.5328505572,2,57,49,57,49,false,1,true,true,false,false,false,"EQ",false
"A-G1.042-C3",198017,2184,1406.0034909369,2,63,55,63,55,true,0,true,true,false,false,false,"",true
"A-G1.042-C3",198017,2364,1532.9034909369,2,63,55,63,55,true,4,false,false,false,false,false,"OVERDUE|COOLDOWN",false
"A-G1.042-C3",198017,2544,1636.2368242702,2,69,62,69,62,true,0,true,false,false,false,false,"COOLDOWN",false
"A-G1.042-C3",198017,2724,1743.4535550084,2,72,66,72,66,true,0,true,true,false,false,false,"",true
"A-G1.042-C3",198017,2904,1850.6234474816,3,72,66,72,66,false,0,true,true,false,false,false,"EQ",false
"A-G1.042-C3",198017,3084,1953.7179748448,3,77,70,77,70,false,0,true,true,false,false,false,"EQ",false
"A-G1.042-C3",198017,3264,2062.138083111,3,82,75,82,75,false,0,true,true,false,false,false,"EQ",false
"A-G1.042-C3",198017,3444,2177.3905531589,3,88,81,88,81,false,0,true,true,false,false,false,"EQ",false
"A-G1.042-C3",198017,3624,2282.105114302,3,93,86,93,86,false,0,true,true,false,false,false,"EQ",false
"A-G1.042-C3",198017,3804,2384.8266829295,3,95,88,95,88,false,0,true,true,false,false,false,"EQ",false
"A-G1.042-C3",198017,3984,2491.8502178649,3,98,92,98,92,false,0,true,true,false,false,false,"EQ",false
"A-G1.042-C3",198017,4164,2606.0421200288,3,100,93,100,93,true,0,true,true,false,false,false,"",true
"A-G1.042-C3",198017,4344,2732.9421200288,3,100,93,100,93,true,0,true,false,false,false,false,"COOLDOWN",false
"A-G1.042-C3",198017,4524,2835.5580620578,3,102,95,102,95,true,0,true,false,false,false,false,"COOLDOWN",false
"A-G1.042-C3",198017,4704,2948.377930238,3,104,97,104,97,true,0,true,true,false,false,false,"",true
"A-G1.042-C3",198017,4884,3075.277930238,3,104,97,104,97,true,0,true,false,false,false,false,"COOLDOWN",false
"A-G1.042-C3",198017,5064,3181.4205612299,3,106,99,106,99,true,0,true,false,false,false,false,"COOLDOWN",false
"A-G1.042-C3",198017,5244,3283.9458137551,3,108,101,108,101,true,0,true,true,false,false,false,"",true
"A-G1.042-C3",198017,5424,3410.8458137551,3,108,101,108,101,true,0,true,false,false,false,false,"COOLDOWN",false
"A-G1.042-C3",198017,5604,3517.2878015953,3,110,103,110,103,true,0,true,false,false,false,false,"COOLDOWN",false
"A-G1.042-C3",205936,24,24,0,14,6,14,6,false,0,true,true,false,false,false,"EQ",false
"A-G1.042-C3",205936,204,139.5884740259,0,22,15,22,15,true,0,true,true,false,false,false,"",true
"A-G1.042-C3",205936,384,264.1642316017,0,22,15,22,15,true,5,false,false,false,false,false,"OVERDUE|COOLDOWN",false
"A-G1.042-C3",205936,564,377.0102272727,0,26,18,26,18,true,0,true,false,false,false,false,"COOLDOWN",false
"A-G1.042-C3",205936,744,488.5111315777,0,29,21,29,21,true,0,true,true,false,false,false,"",true
"A-G1.042-C3",205936,924,596.4000204665,1,29,21,29,21,false,0,true,true,false,false,false,"EQ",false
"A-G1.042-C3",205936,1104,706.8036594059,1,36,28,36,28,true,0,true,true,false,false,false,"",true
"A-G1.042-C3",205936,1284,833.7036594059,1,36,28,36,28,true,5,false,false,false,false,false,"OVERDUE|COOLDOWN",false
"A-G1.042-C3",205936,1464,942.8104875356,1,38,30,38,30,true,0,true,false,false,false,false,"COOLDOWN",false
"A-G1.042-C3",205936,1644,1051.4054592635,1,41,34,41,34,true,0,true,true,false,false,false,"",true
"A-G1.042-C3",205936,1824,1163.4388982879,1,41,34,41,34,true,0,true,false,false,false,false,"COOLDOWN",false
"A-G1.042-C3",205936,2004,1273.9519999497,1,45,38,45,38,true,0,true,false,false,false,false,"COOLDOWN",false
"A-G1.042-C3",205936,2184,1383.6737222851,1,50,43,50,43,true,0,true,true,false,false,false,"",true
"A-G1.042-C3",205936,2364,1487.9570556184,2,51,44,51,44,false,0,true,true,false,false,false,"EQ",false
"A-G1.042-C3",205936,2544,1593.7001740619,2,61,54,61,54,true,0,true,true,false,false,false,"",true
"A-G1.042-C3",205936,2724,1720.6001740619,2,61,54,61,54,true,0,true,false,false,false,false,"COOLDOWN",false
"A-G1.042-C3",205936,2904,1824.0036828338,2,67,60,67,60,true,0,true,false,false,false,false,"COOLDOWN",false
"A-G1.042-C3",205936,3084,1931.0070878956,2,73,66,73,66,true,0,true,true,false,false,false,"",true
"A-G1.042-C3",205936,3264,2036.8838296838,3,73,66,73,66,false,2,false,true,false,false,false,"EQ|OVERDUE",false
"A-G1.042-C3",205936,3444,2144.2697216195,3,77,71,77,71,false,0,true,true,false,false,false,"EQ",false
"A-G1.042-C3",205936,3624,2247.1763882862,3,84,78,84,78,false,0,true,true,false,false,false,"EQ",false
"A-G1.042-C3",205936,3804,2353.8432012107,3,91,84,91,84,false,0,true,true,false,false,false,"EQ",false
"A-G1.042-C3",205936,3984,2456.5486275673,3,95,88,95,88,false,0,true,true,false,false,false,"EQ",false
"A-G1.042-C3",205936,4164,2559.2382827397,3,97,90,97,90,false,0,true,true,false,false,false,"EQ",false
"A-G1.042-C3",205936,4344,2668.0916237775,3,99,93,99,93,false,0,true,true,false,false,false,"EQ",false
"A-G1.042-C3",205936,4524,2776.3571392258,3,102,95,102,95,true,0,true,true,false,false,false,"",true
"A-G1.042-C3",205936,4704,2903.2571392258,3,102,95,102,95,true,1,false,false,false,false,false,"OVERDUE|COOLDOWN",false
"A-G1.042-C3",205936,4884,3008.1128127205,3,104,97,104,97,true,0,true,false,false,false,false,"COOLDOWN",false
"A-G1.042-C3",205936,5064,3116.8573174413,3,106,99,106,99,true,0,true,true,false,false,false,"",true
"A-G1.042-C3",205936,5244,3235.8210753029,3,106,99,106,99,true,0,true,false,false,false,false,"COOLDOWN",false
"A-G1.042-C3",205936,5424,3347.5754190738,3,108,101,108,101,true,0,true,false,false,false,false,"COOLDOWN",false
"A-G1.042-C3",205936,5604,3453.631238094,3,111,104,111,104,true,0,true,true,false,false,false,"",true
"A-G1.042-C3",205936,5784,3567.7088215598,3,111,104,111,104,true,0,true,false,false,false,false,"COOLDOWN",false
"A-G1.042-C3",213855,24,24,0,14,7,14,7,false,0,true,true,false,false,false,"EQ",false
"A-G1.042-C3",213855,204,137.1333333333,0,21,14,21,14,true,0,true,true,false,false,false,"",true
"A-G1.042-C3",213855,384,264.0333333333,0,21,14,21,14,true,5,false,false,false,false,false,"OVERDUE|COOLDOWN",false
"A-G1.042-C3",213855,564,378.0349357488,0,23,15,23,15,true,0,true,false,false,false,false,"COOLDOWN",false
"A-G1.042-C3",213855,744,491.7067212112,0,26,18,26,18,true,0,true,true,false,false,false,"",true
"A-G1.042-C3",213855,924,602.8604208449,1,26,18,26,18,false,0,true,true,false,false,false,"EQ",false
"A-G1.042-C3",213855,1104,712.1602536011,1,33,25,33,25,false,0,true,true,false,false,false,"EQ",false
"A-G1.042-C3",213855,1284,818.4102536011,1,36,28,36,28,true,0,true,true,false,false,false,"",true
"A-G1.042-C3",213855,1464,945.3102536011,1,36,28,36,28,true,2,true,false,false,false,false,"COOLDOWN",false
"A-G1.042-C3",213855,1644,1061.67741384,1,39,32,39,32,true,0,true,false,false,false,false,"COOLDOWN",false
"A-G1.042-C3",213855,1824,1170.4773717342,1,42,35,42,35,true,0,true,true,false,false,false,"",true
"A-G1.042-C3",213855,2004,1279.4315384009,2,42,35,42,35,false,0,true,true,false,false,false,"EQ",false
"A-G1.042-C3",213855,2184,1383.4466899161,2,55,47,55,47,false,0,true,true,false,false,false,"EQ",false
"A-G1.042-C3",213855,2364,1492.1886869095,2,61,54,61,54,true,0,true,true,false,false,false,"",true
"A-G1.042-C3",213855,2544,1619.0886869095,2,61,54,61,54,true,0,true,false,false,false,false,"COOLDOWN",false
"A-G1.042-C3",213855,2724,1725.8315580958,2,67,60,67,60,true,0,true,false,false,false,false,"COOLDOWN",false
"A-G1.042-C3",213855,2904,1834.5542426215,2,72,66,72,66,true,0,true,true,false,false,false,"",true
"A-G1.042-C3",213855,3084,1941.7241350946,3,72,66,72,66,false,0,true,true,false,false,false,"EQ",false
"A-G1.042-C3",213855,3264,2048.2844203833,3,81,74,81,74,false,0,true,true,false,false,false,"EQ",false
"A-G1.042-C3",213855,3444,2160.7843508468,3,85,79,85,79,false,0,true,true,false,false,false,"EQ",false
"A-G1.042-C3",213855,3624,2263.5744743036,3,91,84,91,84,false,0,true,true,false,false,false,"EQ",false
"A-G1.042-C3",213855,3804,2369.0219610006,3,93,87,93,87,false,0,true,true,false,false,false,"EQ",false
"A-G1.042-C3",213855,3984,2473.8747247732,3,97,90,97,90,false,0,true,true,false,false,false,"EQ",false
"A-G1.042-C3",213855,4164,2583.8225332432,3,99,93,99,93,false,0,true,true,false,false,false,"EQ",false
"A-G1.042-C3",213855,4344,2692.2398645555,3,102,95,102,95,true,0,true,true,false,false,false,"",true
"A-G1.042-C3",213855,4524,2819.1398645555,3,102,95,102,95,true,0,true,false,false,false,false,"COOLDOWN",false
"A-G1.042-C3",213855,4704,2929.1535583995,3,104,98,104,98,true,0,true,false,false,false,false,"COOLDOWN",false
"A-G1.042-C3",213855,4884,3034.8909419032,3,106,100,106,100,true,0,true,true,false,false,false,"",true
"A-G1.042-C3",213855,5064,3153.8420279435,3,106,100,106,100,true,0,true,false,false,false,false,"COOLDOWN",false
"A-G1.042-C3",213855,5244,3256.3794429095,3,108,101,108,101,true,0,true,false,false,false,false,"COOLDOWN",false
"A-G1.042-C3",213855,5424,3361.6538434836,3,110,103,110,103,true,0,true,true,false,false,false,"",true
"A-G1.042-C3",213855,5604,3488.5538434836,3,110,103,110,103,true,2,false,false,false,false,false,"OVERDUE|COOLDOWN",false
"A-G1.042-C3",213855,5784,3597.1209991752,3,113,106,113,106,true,0,true,false,false,false,false,"COOLDOWN",false
"A-G1.042-C3",221774,24,24,0,14,6,14,6,false,0,true,true,false,false,false,"EQ",false
"A-G1.042-C3",221774,204,148.9333333333,0,16,9,16,9,false,0,true,true,false,false,false,"EQ",false
"A-G1.042-C3",221774,384,260.9939393939,0,22,15,22,15,true,0,true,true,false,false,false,"",true
"A-G1.042-C3",221774,564,385.5696969697,0,22,15,22,15,true,13,false,false,false,false,false,"OVERDUE|COOLDOWN",false
"A-G1.042-C3",221774,744,503.5379501817,0,24,16,24,16,true,0,true,false,false,false,false,"COOLDOWN",false
"A-G1.042-C3",221774,924,617.024827305,0,29,21,29,21,true,0,true,true,false,false,false,"",true
"A-G1.042-C3",221774,1104,724.5686869541,1,29,22,29,22,false,0,true,true,false,false,false,"EQ",false
"A-G1.042-C3",221774,1284,833.2220261957,1,34,26,34,26,false,0,true,true,false,false,false,"EQ",false
"A-G1.042-C3",221774,1464,941.8368760715,1,37,29,37,29,true,0,true,true,false,false,false,"",true
"A-G1.042-C3",221774,1644,1068.7368760715,1,37,29,37,29,true,1,true,false,false,false,false,"COOLDOWN",false
"A-G1.042-C3",221774,1824,1183.888908818,1,44,36,44,36,true,0,true,false,false,false,false,"COOLDOWN",false
"A-G1.042-C3",221774,2004,1288.0317659608,1,52,45,52,45,true,0,true,true,false,false,false,"",true
"A-G1.042-C3",221774,2184,1392.1746231036,2,53,45,53,45,false,0,true,true,false,false,false,"EQ",false
"A-G1.042-C3",221774,2364,1495.9662897703,2,59,51,59,51,false,0,true,true,false,false,false,"EQ",false
"A-G1.042-C3",221774,2544,1602.3401864699,2,62,55,62,55,true,0,true,true,false,false,false,"",true
"A-G1.042-C3",221774,2724,1729.2401864699,2,62,55,62,55,true,0,true,false,false,false,false,"COOLDOWN",false
"A-G1.042-C3",221774,2904,1836.9886716208,2,67,60,67,60,true,0,true,false,false,false,false,"COOLDOWN",false
"A-G1.042-C3",221774,3084,1942.7967022179,2,72,65,72,65,true,0,true,true,false,false,false,"",true
"A-G1.042-C3",221774,3264,2049.966594691,3,72,65,72,65,false,0,true,true,false,false,false,"EQ",false
"A-G1.042-C3",221774,3444,2160.2784062058,3,79,73,79,73,false,0,true,true,false,false,false,"EQ",false
"A-G1.042-C3",221774,3624,2265.3624097532,3,85,79,85,79,false,0,true,true,false,false,false,"EQ",false
"A-G1.042-C3",221774,3804,2377.0207430865,3,90,83,90,83,false,0,true,true,false,false,false,"EQ",false
"A-G1.042-C3",221774,3984,2483.2876780557,3,94,87,94,87,false,0,true,true,false,false,false,"EQ",false
"A-G1.042-C3",221774,4164,2589.9221101855,3,98,91,98,91,false,0,true,true,false,false,false,"EQ",false
"A-G1.042-C3",221774,4344,2695.797448189,3,100,94,100,94,true,0,true,true,false,false,false,"",true
"A-G1.042-C3",221774,4524,2826.4341148557,3,100,94,100,94,true,0,true,false,false,false,false,"COOLDOWN",false
"A-G1.042-C3",221774,4704,2929.022767338,3,103,97,103,97,true,0,true,false,false,false,false,"COOLDOWN",false
"A-G1.042-C3",221774,4884,3031.585267338,3,106,99,106,99,true,0,true,true,false,false,false,"",true
"A-G1.042-C3",221774,5064,3158.485267338,3,106,99,106,99,true,0,true,false,false,false,false,"COOLDOWN",false
"A-G1.042-C3",221774,5244,3264.0151494929,3,109,102,109,102,true,0,true,false,false,false,false,"COOLDOWN",false
"A-G1.042-C3",221774,5424,3369.4667996579,3,111,104,111,104,true,0,true,true,false,false,false,"",true
"A-G1.042-C3",221774,5604,3496.3667996579,3,111,104,111,104,true,1,false,false,false,false,false,"OVERDUE|COOLDOWN",false
"A-G1.042-C3",229693,24,24,0,14,6,14,6,false,0,true,true,false,false,false,"EQ",false
"A-G1.042-C3",229693,204,148.9333333333,0,16,9,16,9,false,0,true,true,false,false,false,"EQ",false
"A-G1.042-C3",229693,384,268.022699415,0,19,12,19,12,false,0,true,true,false,false,false,"EQ",false
"A-G1.042-C3",229693,564,378.4329558253,0,24,16,24,16,true,0,true,true,false,false,false,"",true
"A-G1.042-C3",229693,744,502.8655455689,0,24,16,24,16,true,18,false,false,false,false,false,"OVERDUE|COOLDOWN",false
"A-G1.042-C3",229693,924,621.2820372796,0,26,18,26,18,true,0,true,false,false,false,false,"COOLDOWN",false
"A-G1.042-C3",229693,1104,733.9536879193,0,29,21,29,21,true,0,true,true,false,false,false,"",true
"A-G1.042-C3",229693,1284,845.342047265,1,29,22,29,22,false,7,false,true,false,false,false,"EQ|OVERDUE",false
"A-G1.042-C3",229693,1464,951.592047265,1,35,28,35,28,true,0,true,true,false,false,false,"",true
"A-G1.042-C3",229693,1644,1078.492047265,1,35,28,35,28,true,0,true,false,false,false,false,"COOLDOWN",false
"A-G1.042-C3",229693,1824,1196.1736502897,1,42,35,42,35,true,0,true,false,false,false,false,"COOLDOWN",false
"A-G1.042-C3",229693,2004,1307.0686607958,1,46,39,46,39,true,0,true,true,false,false,false,"",true
"A-G1.042-C3",229693,2184,1411.7734227006,2,46,39,46,39,false,0,true,true,false,false,false,"EQ",false
"A-G1.042-C3",229693,2364,1519.2087488519,2,56,49,56,49,false,0,true,true,false,false,false,"EQ",false
"A-G1.042-C3",229693,2544,1625.1274086418,2,61,54,61,54,true,0,true,true,false,false,false,"",true
"A-G1.042-C3",229693,2724,1759.3940261281,2,61,54,61,54,true,0,true,false,false,false,false,"COOLDOWN",false
"A-G1.042-C3",229693,2904,1867.6525165894,2,66,59,66,59,true,0,true,false,false,false,false,"COOLDOWN",false
"A-G1.042-C3",229693,3084,1973.1708503413,2,71,64,71,64,true,0,true,true,false,false,false,"",true
"A-G1.042-C3",229693,3264,2081.7015207023,2,71,64,71,64,true,1,true,false,false,false,false,"COOLDOWN",false
"A-G1.042-C3",229693,3444,2188.0929766423,2,74,68,74,68,true,0,true,false,false,false,false,"COOLDOWN",false
"A-G1.042-C3",229693,3624,2303.3409513867,2,78,72,78,72,true,0,true,true,false,false,false,"",true
"A-G1.042-C3",229693,3804,2406.3844296476,3,78,72,78,72,false,0,true,true,false,false,false,"EQ",false
"A-G1.042-C3",229693,3984,2522.3736789059,3,84,78,84,78,false,0,true,true,false,false,false,"EQ",false
"A-G1.042-C3",229693,4164,2631.5377704526,3,89,82,89,82,false,0,true,true,false,false,false,"EQ",false
"A-G1.042-C3",229693,4344,2741.0819618163,3,92,85,92,85,false,0,true,true,false,false,false,"EQ",false
"A-G1.042-C3",229693,4524,2851.1177675899,3,97,90,97,90,false,0,true,true,false,false,false,"EQ",false
"A-G1.042-C3",229693,4704,2955.59155422,3,100,94,100,94,true,0,true,true,false,false,false,"",true
"A-G1.042-C3",229693,4884,3082.6882208867,3,100,94,100,94,true,0,true,false,false,false,false,"COOLDOWN",false
"A-G1.042-C3",229693,5064,3185.276873369,3,104,97,104,97,true,0,true,false,false,false,false,"COOLDOWN",false
"A-G1.042-C3",229693,5244,3290.0152298221,3,105,99,105,99,true,0,true,true,false,false,false,"",true
"A-G1.042-C3",229693,5424,3417.0276107745,3,105,99,105,99,true,0,true,false,false,false,false,"COOLDOWN",false
"A-G1.042-C3",229693,5604,3523.6232133297,3,109,102,109,102,true,0,true,false,false,false,false,"COOLDOWN",false
"A-G1.045-C3",79232,24,24,0,14,7,14,7,false,0,true,true,false,false,false,"EQ",false
"A-G1.045-C3",79232,384,262.0383389818,0,19,12,19,12,false,0,true,true,false,false,false,"EQ",false
"A-G1.045-C3",79232,564,376.7725826261,0,22,14,22,14,true,0,true,true,false,false,false,"",true
"A-G1.045-C3",79232,744,501.3483402019,0,22,14,22,14,true,2,true,false,false,false,false,"COOLDOWN",false
"A-G1.045-C3",79232,924,613.7714903411,0,26,19,26,19,true,0,true,false,false,false,false,"COOLDOWN",false
"A-G1.045-C3",79232,1104,722.046000145,0,27,20,27,20,true,0,true,true,false,false,false,"",true
"A-G1.045-C3",79232,1284,830.5747198254,1,27,21,27,21,false,0,true,true,false,false,false,"EQ",false
"A-G1.045-C3",79232,1464,937.0384879413,1,34,27,34,27,false,0,true,true,false,false,false,"EQ",false
"A-G1.045-C3",79232,1644,1046.1567791567,1,37,31,37,31,true,0,true,true,false,false,false,"",true
"A-G1.045-C3",79232,1824,1168.5505729505,1,37,31,37,31,true,0,true,false,false,false,false,"COOLDOWN",false
"A-G1.045-C3",79232,2004,1282.4214062838,1,43,36,43,36,true,0,true,false,false,false,false,"COOLDOWN",false
"A-G1.045-C3",79232,2184,1389.2460375185,1,46,39,46,39,true,0,true,true,false,false,false,"",true
"A-G1.045-C3",79232,2364,1506.2544371044,1,46,39,46,39,true,0,true,false,false,false,false,"COOLDOWN",false
"A-G1.045-C3",79232,2544,1616.9659757254,1,50,43,50,43,true,0,true,false,false,false,false,"COOLDOWN",false
"A-G1.045-C3",79232,2724,1723.0545777183,1,55,48,55,48,true,0,true,true,false,false,false,"",true
"A-G1.045-C3",79232,2904,1827.0101332741,2,55,49,55,49,false,0,true,true,false,false,false,"EQ",false
"A-G1.045-C3",79232,3084,1932.715690224,2,64,57,64,57,true,0,true,true,false,false,false,"",true
"A-G1.045-C3",79232,3264,2059.615690224,2,64,57,64,57,true,3,false,false,false,false,false,"OVERDUE|COOLDOWN",false
"A-G1.045-C3",79232,3444,2167.3260468147,2,69,62,69,62,true,0,true,false,false,false,false,"COOLDOWN",false
"A-G1.045-C3",79232,3624,2270.5626059545,2,72,66,72,66,true,0,true,true,false,false,false,"",true
"A-G1.045-C3",79232,3804,2380.6824984276,2,72,66,72,66,true,0,true,false,false,false,false,"COOLDOWN",false
"A-G1.045-C3",79232,3984,2492.6270257908,2,77,70,77,70,true,0,true,false,false,false,false,"COOLDOWN",false
"A-G1.045-C3",79232,4164,2599.3014097958,2,79,73,79,73,true,0,true,true,false,false,false,"",true
"A-G1.045-C3",79232,4344,2702.3204574149,3,80,73,80,73,false,0,true,true,false,false,false,"EQ",false
"A-G1.045-C3",79232,4524,2806.9918905399,3,88,82,88,82,false,0,true,true,false,false,false,"EQ",false
"A-G1.045-C3",79232,4704,2911.6748953376,3,94,88,94,88,false,0,true,true,false,false,false,"EQ",false
"A-G1.045-C3",79232,4884,3016.7223137103,3,96,90,96,90,false,0,true,true,false,false,false,"EQ",false
"A-G1.045-C3",79232,5064,3119.3814897402,3,98,92,98,92,false,0,true,true,false,false,false,"EQ",false
"A-G1.045-C3",79232,5244,3224.2843989314,3,100,93,100,93,true,0,true,true,false,false,false,"",true
"A-G1.045-C3",79232,5424,3351.3810655981,3,100,93,100,93,true,2,false,false,false,false,false,"OVERDUE|COOLDOWN",false
"A-G1.045-C3",79232,5604,3457.4553274766,3,101,95,101,95,true,0,true,false,false,false,false,"COOLDOWN",false
"A-G1.045-C3",79232,5784,3565.5047903869,3,103,97,103,97,true,0,true,true,false,false,false,"",true
"A-G1.045-C3",87151,24,24,0,13,7,13,7,false,0,true,true,false,false,false,"EQ",false
"A-G1.045-C3",87151,204,137.1333333333,0,21,14,21,14,true,0,true,true,false,false,false,"",true
"A-G1.045-C3",87151,384,264.0333333333,0,21,14,21,14,true,4,false,false,false,false,false,"OVERDUE|COOLDOWN",false
"A-G1.045-C3",87151,564,379.0840384055,0,23,16,23,16,true,0,true,false,false,false,false,"COOLDOWN",false
"A-G1.045-C3",87151,744,500.7994885547,0,25,18,25,18,true,0,true,true,false,false,false,"",true
"A-G1.045-C3",87151,924,610.7187266499,1,25,18,25,18,false,0,true,true,false,false,false,"EQ",false
"A-G1.045-C3",87151,1104,717.1824947658,1,34,27,34,27,false,0,true,true,false,false,false,"EQ",false
"A-G1.045-C3",87151,1284,825.7784762104,1,37,30,37,30,true,0,true,true,false,false,false,"",true
"A-G1.045-C3",87151,1464,948.3403611723,1,37,30,37,30,true,0,true,false,false,false,false,"COOLDOWN",false
"A-G1.045-C3",87151,1644,1053.3611945056,1,43,36,43,36,true,0,true,false,false,false,false,"COOLDOWN",false
"A-G1.045-C3",87151,1824,1169.7524268231,1,48,41,48,41,true,0,true,true,false,false,false,"",true
"A-G1.045-C3",87151,2004,1274.2749493456,2,48,41,48,41,false,0,true,true,false,false,false,"EQ",false
"A-G1.045-C3",87151,2184,1383.9336038191,2,54,47,54,47,false,0,true,true,false,false,false,"EQ",false
"A-G1.045-C3",87151,2364,1489.5157141723,2,63,56,63,56,true,0,true,true,false,false,false,"",true
"A-G1.045-C3",87151,2544,1616.4157141723,2,63,56,63,56,true,1,true,false,false,false,false,"COOLDOWN",false
"A-G1.045-C3",87151,2724,1724.635427057,2,67,61,67,61,true,0,true,false,false,false,false,"COOLDOWN",false
"A-G1.045-C3",87151,2904,1833.3516055546,2,72,66,72,66,true,0,true,true,false,false,false,"",true
"A-G1.045-C3",87151,3084,1945.2112880943,2,72,66,72,66,true,1,true,false,false,false,false,"COOLDOWN",false
"A-G1.045-C3",87151,3264,2049.9081622985,2,77,71,77,71,true,0,true,false,false,false,false,"COOLDOWN",false
"A-G1.045-C3",87151,3444,2158.0512542917,2,81,74,81,74,true,0,true,true,false,false,false,"",true
"A-G1.045-C3",87151,3624,2261.023476514,3,81,74,81,74,false,0,true,true,false,false,false,"EQ",false
"A-G1.045-C3",87151,3804,2363.8892773798,3,86,80,86,80,false,0,true,true,false,false,false,"EQ",false
"A-G1.045-C3",87151,3984,2466.6976107131,3,89,83,89,83,false,0,true,true,false,false,false,"EQ",false
"A-G1.045-C3",87151,4164,2571.2384317512,3,92,85,92,85,false,0,true,true,false,false,false,"EQ",false
"A-G1.045-C3",87151,4344,2681.3549197799,3,96,90,96,90,false,0,true,true,false,false,false,"EQ",false
"A-G1.045-C3",87151,4524,2783.9993642243,3,99,93,99,93,false,0,true,true,false,false,false,"EQ",false
"A-G1.045-C3",87151,4704,2893.6567593495,3,102,95,102,95,true,0,true,true,false,false,false,"",true
"A-G1.045-C3",87151,4884,3020.5567593495,3,102,95,102,95,true,0,true,false,false,false,false,"COOLDOWN",false
"A-G1.045-C3",87151,5064,3125.0689465471,3,103,96,103,96,true,0,true,false,false,false,false,"COOLDOWN",false
"A-G1.045-C3",87151,5244,3230.420608257,3,104,98,104,98,true,0,true,true,false,false,false,"",true
"A-G1.045-C3",87151,5424,3357.320608257,3,104,98,104,98,true,1,false,false,false,false,false,"OVERDUE|COOLDOWN",false
"A-G1.045-C3",87151,5604,3472.7456595837,3,107,100,107,100,true,0,true,false,false,false,false,"COOLDOWN",false
"A-G1.045-C3",87151,5784,3578.2755417386,3,109,102,109,102,true,0,true,true,false,false,false,"",true
"A-G1.045-C3",95070,24,24,0,13,7,13,7,false,0,true,true,false,false,false,"EQ",false
"A-G1.045-C3",95070,204,137.1333333333,0,21,14,21,14,true,0,true,true,false,false,false,"",true
"A-G1.045-C3",95070,384,264.0333333333,0,21,14,21,14,true,5,false,false,false,false,false,"OVERDUE|COOLDOWN",false
"A-G1.045-C3",95070,564,377.393339251,0,23,16,23,16,true,0,true,false,false,false,false,"COOLDOWN",false
"A-G1.045-C3",95070,744,499.672290226,0,25,17,25,17,true,0,true,true,false,false,false,"",true
"A-G1.045-C3",95070,924,609.5915283212,1,25,17,25,17,false,0,true,true,false,false,false,"EQ",false
"A-G1.045-C3",95070,1104,719.4504821287,1,32,26,32,26,false,0,true,true,false,false,false,"EQ",false
"A-G1.045-C3",95070,1284,829.1183631645,1,36,29,36,29,true,0,true,true,false,false,false,"",true
"A-G1.045-C3",95070,1464,956.0183631645,1,36,29,36,29,true,2,true,false,false,false,false,"COOLDOWN",false
"A-G1.045-C3",95070,1644,1064.1753114752,1,38,31,38,31,true,0,true,false,false,false,false,"COOLDOWN",false
"A-G1.045-C3",95070,1824,1169.4419781419,1,41,34,41,34,true,0,true,true,false,false,false,"",true
"A-G1.045-C3",95070,2004,1287.8474171663,1,41,34,41,34,true,1,true,false,false,false,false,"COOLDOWN",false
"A-G1.045-C3",95070,2184,1404.8631786434,1,48,42,48,42,true,0,true,false,false,false,false,"COOLDOWN",false
"A-G1.045-C3",95070,2364,1520.8599552266,1,51,45,51,45,true,0,true,true,false,false,false,"",true
"A-G1.045-C3",95070,2544,1625.5980955104,2,52,45,52,45,false,0,true,true,false,false,false,"EQ",false
"A-G1.045-C3",95070,2724,1734.7869944867,2,61,54,61,54,true,0,true,true,false,false,false,"",true
"A-G1.045-C3",95070,2904,1861.6869944867,2,61,54,61,54,true,14,false,false,false,false,false,"OVERDUE|COOLDOWN",false
"A-G1.045-C3",95070,3084,1968.6526349055,2,65,58,65,58,true,0,true,false,false,false,false,"COOLDOWN",false
"A-G1.045-C3",95070,3264,2077.1079356497,2,69,62,69,62,true,0,true,true,false,false,false,"",true
"A-G1.045-C3",95070,3444,2188.5134329011,2,69,62,69,62,true,0,true,false,false,false,false,"COOLDOWN",false
"A-G1.045-C3",95070,3624,2296.0147178577,2,74,68,74,68,true,0,true,false,false,false,false,"COOLDOWN",false
"A-G1.045-C3",95070,3804,2406.9607612447,2,78,71,78,71,true,0,true,true,false,false,false,"",true
"A-G1.045-C3",95070,3984,2516.7650343774,2,78,71,78,71,true,0,true,false,false,false,false,"COOLDOWN",false
"A-G1.045-C3",95070,4164,2631.8079347705,2,82,76,82,76,true,0,true,false,false,false,false,"COOLDOWN",false
"A-G1.045-C3",95070,4344,2736.207160961,2,85,78,85,78,true,0,true,true,false,false,false,"",true
"A-G1.045-C3",95070,4524,2843.9495139022,3,85,78,85,78,false,0,true,true,false,false,false,"EQ",false
"A-G1.045-C3",95070,4704,2950.2110924353,3,89,83,89,83,false,0,true,true,false,false,false,"EQ",false
"A-G1.045-C3",95070,4884,3059.8780661927,3,94,87,94,87,false,0,true,true,false,false,false,"EQ",false
"A-G1.045-C3",95070,5064,3162.5834925493,3,95,89,95,89,false,0,true,true,false,false,false,"EQ",false
"A-G1.045-C3",95070,5244,3267.5798726962,3,98,92,98,92,false,0,true,true,false,false,false,"EQ",false
"A-G1.045-C3",95070,5424,3381.2717674253,3,101,94,101,94,true,0,true,true,false,false,false,"",true
"A-G1.045-C3",95070,5604,3515.7428499336,3,101,94,101,94,true,0,true,false,false,false,false,"COOLDOWN",false
"A-G1.045-C3",102989,24,24,0,13,7,13,7,false,0,true,true,false,false,false,"EQ",false
"A-G1.045-C3",102989,204,137.1333333333,0,21,14,21,14,true,0,true,true,false,false,false,"",true
"A-G1.045-C3",102989,384,264.0333333333,0,21,14,21,14,true,5,false,false,false,false,false,"OVERDUE|COOLDOWN",false
"A-G1.045-C3",102989,564,378.244054408,0,23,16,23,16,true,0,true,false,false,false,false,"COOLDOWN",false
"A-G1.045-C3",102989,744,490.1644644789,0,25,18,25,18,true,0,true,true,false,false,false,"",true
"A-G1.045-C3",102989,924,600.0837025741,1,25,18,25,18,false,0,true,true,false,false,false,"EQ",false
"A-G1.045-C3",102989,1104,712.8671464805,1,35,28,35,28,true,0,true,true,false,false,false,"",true
"A-G1.045-C3",102989,1284,843.5038131472,1,35,28,35,28,true,3,false,false,false,false,false,"OVERDUE|COOLDOWN",false
"A-G1.045-C3",102989,1464,948.6435980934,1,42,35,42,35,true,0,true,false,false,false,false,"COOLDOWN",false
"A-G1.045-C3",102989,1644,1064.4016940522,1,45,38,45,38,true,0,true,true,false,false,false,"",true
"A-G1.045-C3",102989,1824,1169.2056156208,2,45,38,45,38,false,0,true,true,false,false,false,"EQ",false
"A-G1.045-C3",102989,2004,1273.1611711764,2,56,49,56,49,false,0,true,true,false,false,false,"EQ",false
"A-G1.045-C3",102989,2184,1382.8861695137,2,61,54,61,54,true,0,true,true,false,false,false,"",true
"A-G1.045-C3",102989,2364,1511.665787,2,61,54,61,54,true,0,true,false,false,false,false,"COOLDOWN",false
"A-G1.045-C3",102989,2544,1623.9562631905,2,67,60,67,60,true,0,true,false,false,false,false,"COOLDOWN",false
"A-G1.045-C3",102989,2724,1729.9570474408,2,71,64,71,64,true,0,true,true,false,false,false,"",true
"A-G1.045-C3",102989,2904,1838.519958239,2,71,64,71,64,true,2,false,false,false,false,false,"OVERDUE|COOLDOWN",false
"A-G1.045-C3",102989,3084,1943.2641566547,2,76,70,76,70,true,0,true,false,false,false,false,"COOLDOWN",false
"A-G1.045-C3",102989,3264,2046.259461819,2,80,73,80,73,true,0,true,true,false,false,false,"",true
"A-G1.045-C3",102989,3444,2149.2547669833,3,80,74,80,74,false,0,true,true,false,false,false,"EQ",false
"A-G1.045-C3",102989,3624,2254.2901880262,3,86,79,86,79,false,0,true,true,false,false,false,"EQ",false
"A-G1.045-C3",102989,3804,2361.4991060627,3,88,81,88,81,false,0,true,true,false,false,false,"EQ",false
"A-G1.045-C3",102989,3984,2469.2359543983,3,90,84,90,84,false,0,true,true,false,false,false,"EQ",false
"A-G1.045-C3",102989,4164,2579.3594634081,3,94,88,94,88,false,0,true,true,false,false,false,"EQ",false
"A-G1.045-C3",102989,4344,2685.9374946175,3,99,93,99,93,false,0,true,true,false,false,false,"EQ",false
"A-G1.045-C3",102989,4524,2791.7663079337,3,102,95,102,95,true,0,true,true,false,false,false,"",true
"A-G1.045-C3",102989,4704,2918.6663079337,3,102,95,102,95,true,0,true,false,false,false,false,"COOLDOWN",false
"A-G1.045-C3",102989,4884,3024.2172479974,3,104,97,104,97,true,0,true,false,false,false,false,"COOLDOWN",false
"A-G1.045-C3",102989,5064,3129.7095111441,3,106,99,106,99,true,0,true,true,false,false,false,"",true
"A-G1.045-C3",102989,5244,3248.6732690057,3,106,99,106,99,true,1,false,false,false,false,false,"OVERDUE|COOLDOWN",false
"A-G1.045-C3",102989,5424,3354.711363483,3,107,100,107,100,true,0,true,false,false,false,false,"COOLDOWN",false
"A-G1.045-C3",102989,5604,3460.2412456379,3,108,102,108,102,true,0,true,true,false,false,false,"",true
"A-G1.045-C3",102989,5784,3577.1887203854,3,108,102,108,102,true,1,false,false,false,false,false,"OVERDUE|COOLDOWN",false
"A-G1.045-C3",110908,24,24,0,14,7,14,7,false,0,true,true,false,false,false,"EQ",false
"A-G1.045-C3",110908,204,148.8262496823,0,16,10,16,10,false,0,true,true,false,false,false,"EQ",false
"A-G1.045-C3",110908,384,267.1994106121,0,18,11,18,11,false,0,true,true,false,false,false,"EQ",false
"A-G1.045-C3",110908,564,383.7914576324,0,20,13,20,13,true,0,true,true,false,false,false,"",true
"A-G1.045-C3",110908,744,510.6914576324,0,20,13,20,13,true,0,true,false,false,false,false,"COOLDOWN",false
"A-G1.045-C3",110908,924,620.4533623943,0,25,18,25,18,true,0,true,false,false,false,false,"COOLDOWN",false
"A-G1.045-C3",110908,1104,731.8328885002,0,27,19,27,19,true,0,true,true,false,false,false,"",true
"A-G1.045-C3",110908,1284,845.5744317101,1,27,20,27,20,false,0,true,true,false,false,false,"EQ",false
"A-G1.045-C3",110908,1464,955.4540039917,1,34,27,34,27,false,0,true,true,false,false,false,"EQ",false
"A-G1.045-C3",110908,1644,1060.8563028423,1,40,33,40,33,true,0,true,true,false,false,false,"",true
"A-G1.045-C3",110908,1824,1176.6229350262,1,40,33,40,33,true,4,false,false,false,false,false,"OVERDUE|COOLDOWN",false
"A-G1.045-C3",110908,2004,1283.8733928993,1,44,37,44,37,true,0,true,false,false,false,false,"COOLDOWN",false
"A-G1.045-C3",110908,2184,1391.9258053603,1,47,40,47,40,true,0,true,true,false,false,false,"",true
"A-G1.045-C3",110908,2364,1496.4483278828,2,47,40,47,40,false,0,true,true,false,false,false,"EQ",false
"A-G1.045-C3",110908,2544,1605.5039109185,2,54,48,54,48,false,0,true,true,false,false,false,"EQ",false
"A-G1.045-C3",110908,2724,1713.5697647415,2,62,55,62,55,true,0,true,true,false,false,false,"",true
"A-G1.045-C3",110908,2904,1840.4697647415,2,62,55,62,55,true,3,false,false,false,false,false,"OVERDUE|COOLDOWN",false
"A-G1.045-C3",110908,3084,1948.8215664328,2,70,64,70,64,true,0,true,false,false,false,false,"COOLDOWN",false
"A-G1.045-C3",110908,3264,2051.9702843816,2,74,68,74,68,true,0,true,true,false,false,false,"",true
"A-G1.045-C3",110908,3444,2157.0319843123,3,74,68,74,68,false,0,true,true,false,false,false,"EQ",false
"A-G1.045-C3",110908,3624,2259.9817560018,3,82,76,82,76,false,0,true,true,false,false,false,"EQ",false
"A-G1.045-C3",110908,3804,2366.5513657643,3,85,78,85,78,false,0,true,true,false,false,false,"EQ",false
"A-G1.045-C3",110908,3984,2471.3978457109,3,89,82,89,82,false,0,true,true,false,false,false,"EQ",false
"A-G1.045-C3",110908,4164,2580.5625191674,3,91,85,91,85,false,0,true,true,false,false,false,"EQ",false
"A-G1.045-C3",110908,4344,2695.8022235712,3,95,89,95,89,false,0,true,true,false,false,false,"EQ",false
"A-G1.045-C3",110908,4524,2800.555085945,3,98,91,98,91,false,0,true,true,false,false,false,"EQ",false
"A-G1.045-C3",110908,4704,2903.1995303894,3,99,93,99,93,false,0,true,true,false,false,false,"EQ",false
"A-G1.045-C3",110908,4884,3009.9615143473,3,102,95,102,95,true,0,true,true,false,false,false,"",true
"A-G1.045-C3",110908,5064,3138.9080045434,3,102,95,102,95,true,1,false,false,false,false,false,"OVERDUE|COOLDOWN",false
"A-G1.045-C3",110908,5244,3245.1952579806,3,104,97,104,97,true,0,true,false,false,false,false,"COOLDOWN",false
"A-G1.045-C3",110908,5424,3353.681140573,3,105,99,105,99,true,0,true,true,false,false,false,"",true
"A-G1.045-C3",110908,5604,3480.581140573,3,105,99,105,99,true,0,true,false,false,false,false,"COOLDOWN",false
"A-G1.045-C3",110908,5784,3583.118555539,3,107,100,107,100,true,0,true,false,false,false,false,"COOLDOWN",false
"A-G1.045-C3",118827,24,24,0,14,7,14,7,false,0,true,true,false,false,false,"EQ",false
"A-G1.045-C3",118827,204,145,0,16,10,16,10,false,0,true,true,false,false,false,"EQ",false
"A-G1.045-C3",118827,384,262.5912404972,0,19,12,19,12,false,0,true,true,false,false,false,"EQ",false
"A-G1.045-C3",118827,564,376.6301316027,0,22,15,22,15,true,0,true,true,false,false,false,"",true
"A-G1.045-C3",118827,744,503.5301316027,0,22,15,22,15,true,1,true,false,false,false,false,"COOLDOWN",false
"A-G1.045-C3",118827,924,616.1922854117,0,24,17,24,17,true,0,true,false,false,false,false,"COOLDOWN",false
"A-G1.045-C3",118827,1104,729.3537190042,0,26,19,26,19,true,0,true,true,false,false,false,"",true
"A-G1.045-C3",118827,1284,838.0620523375,1,26,19,26,19,false,0,true,true,false,false,false,"EQ",false
"A-G1.045-C3",118827,1464,949.8408678243,1,29,22,29,22,false,0,true,true,false,false,false,"EQ",false
"A-G1.045-C3",118827,1644,1062.0838713813,1,37,30,37,30,true,0,true,true,false,false,false,"",true
"A-G1.045-C3",118827,1824,1188.9838713813,1,37,30,37,30,true,5,false,false,false,false,false,"OVERDUE|COOLDOWN",false
"A-G1.045-C3",118827,2004,1297.6422168468,1,40,33,40,33,true,0,true,false,false,false,false,"COOLDOWN",false
"A-G1.045-C3",118827,2184,1406.7400508398,1,44,37,44,37,true,0,true,true,false,false,false,"",true
"A-G1.045-C3",118827,2364,1517.6763966509,1,44,37,44,37,true,1,true,false,false,false,false,"COOLDOWN",false
"A-G1.045-C3",118827,2544,1626.16216668,1,47,41,47,41,true,0,true,false,false,false,false,"COOLDOWN",false
"A-G1.045-C3",118827,2724,1733.0390991304,1,51,44,51,44,true,0,true,true,false,false,false,"",true
"A-G1.045-C3",118827,2904,1837.3224324637,2,51,44,51,44,false,0,true,true,false,false,false,"EQ",false
"A-G1.045-C3",118827,3084,1941.1140991304,2,59,52,59,52,false,0,true,true,false,false,false,"EQ",false
"A-G1.045-C3",118827,3264,2049.853640513,2,63,56,63,56,true,0,true,true,false,false,false,"",true
"A-G1.045-C3",118827,3444,2176.753640513,2,63,56,63,56,true,0,true,false,false,false,false,"COOLDOWN",false
"A-G1.045-C3",118827,3624,2280.053640513,2,71,64,71,64,true,0,true,false,false,false,false,"COOLDOWN",false
"A-G1.045-C3",118827,3804,2387.8213078993,2,75,68,75,68,true,0,true,true,false,false,false,"",true
"A-G1.045-C3",118827,3984,2491.6308533539,3,75,68,75,68,false,0,true,true,false,false,false,"EQ",false
"A-G1.045-C3",118827,4164,2594.5806250434,3,82,75,82,75,false,0,true,true,false,false,false,"EQ",false
"A-G1.045-C3",118827,4344,2697.4267788896,3,87,81,87,81,false,0,true,true,false,false,false,"EQ",false
"A-G1.045-C3",118827,4524,2805.635334838,3,91,84,91,84,false,0,true,true,false,false,false,"EQ",false
"A-G1.045-C3",118827,4704,2911.9309262597,3,94,87,94,87,false,0,true,true,false,false,false,"EQ",false
"A-G1.045-C3",118827,4884,3018.0007897654,3,97,90,97,90,false,0,true,true,false,false,false,"EQ",false
"A-G1.045-C3",118827,5064,3126.6193075914,3,100,93,100,93,true,0,true,true,false,false,false,"",true
"A-G1.045-C3",118827,5244,3253.5979742581,3,100,93,100,93,true,1,false,false,false,false,false,"OVERDUE|COOLDOWN",false
"A-G1.045-C3",118827,5424,3368.2658524486,3,101,94,101,94,true,0,true,false,false,false,false,"COOLDOWN",false
"A-G1.045-C3",118827,5604,3474.7390801624,3,103,96,103,96,true,0,true,true,false,false,false,"",true
"A-G1.045-C3",126746,24,24,0,13,7,13,7,false,0,true,true,false,false,false,"EQ",false
"A-G1.045-C3",126746,204,145,0,16,9,16,9,false,0,true,true,false,false,false,"EQ",false
"A-G1.045-C3",126746,384,264.1528859647,0,19,12,19,12,false,0,true,true,false,false,false,"EQ",false
"A-G1.045-C3",126746,564,379.3349588132,0,21,14,21,14,true,0,true,true,false,false,false,"",true
"A-G1.045-C3",126746,744,506.2349588132,0,21,14,21,14,true,5,false,false,false,false,false,"OVERDUE|COOLDOWN",false
"A-G1.045-C3",126746,924,619.4919399104,0,23,16,23,16,true,0,true,false,false,false,false,"COOLDOWN",false
"A-G1.045-C3",126746,1104,732.6429436232,0,25,18,25,18,true,0,true,true,false,false,false,"",true
"A-G1.045-C3",126746,1284,842.5312769565,1,25,18,25,18,false,0,true,true,false,false,false,"EQ",false
"A-G1.045-C3",126746,1464,953.3814112899,1,30,23,30,23,false,0,true,true,false,false,false,"EQ",false
"A-G1.045-C3",126746,1644,1062.9151811811,1,33,27,33,27,false,0,true,true,false,false,false,"EQ",false
"A-G1.045-C3",126746,1824,1173.2624841199,1,36,29,36,29,true,0,true,true,false,false,false,"",true
"A-G1.045-C3",126746,2004,1300.1624841199,1,36,29,36,29,true,0,true,false,false,false,false,"COOLDOWN",false
"A-G1.045-C3",126746,2184,1416.5416780863,1,42,36,42,36,true,0,true,false,false,false,false,"COOLDOWN",false
"A-G1.045-C3",126746,2364,1527.1517083892,1,46,39,46,39,true,0,true,true,false,false,false,"",true
"A-G1.045-C3",126746,2544,1631.7628195003,2,46,39,46,39,false,0,true,true,false,false,false,"EQ",false
"A-G1.045-C3",126746,2724,1738.2530091212,2,53,46,53,46,false,0,true,true,false,false,false,"EQ",false
"A-G1.045-C3",126746,2904,1844.6319773724,2,59,53,59,53,false,0,true,true,false,false,false,"EQ",false
"A-G1.045-C3",126746,3084,1950.6598395764,2,63,56,63,56,true,0,true,true,false,false,false,"",true
"A-G1.045-C3",126746,3264,2077.5598395764,2,63,56,63,56,true,1,true,false,false,false,false,"COOLDOWN",false
"A-G1.045-C3",126746,3444,2182.9594845426,2,69,62,69,62,true,0,true,false,false,false,false,"COOLDOWN",false
"A-G1.045-C3",126746,3624,2297.7764077635,2,71,65,71,65,true,0,true,true,false,false,false,"",true
"A-G1.045-C3",126746,3804,2407.0150781246,2,71,65,71,65,true,0,true,false,false,false,false,"COOLDOWN",false
"A-G1.045-C3",126746,3984,2510.1362902458,2,75,68,75,68,true,0,true,false,false,false,false,"COOLDOWN",false
"A-G1.045-C3",126746,4164,2615.7572174221,2,77,71,77,71,true,0,true,true,false,false,false,"",true
"A-G1.045-C3",126746,4344,2726.1873080766,3,77,71,77,71,false,1,false,true,false,false,false,"EQ|OVERDUE",false
"A-G1.045-C3",126746,4524,2829.1595302989,3,81,74,81,74,false,0,true,true,false,false,false,"EQ",false
"A-G1.045-C3",126746,4704,2932.0874582268,3,84,77,84,77,false,0,true,true,false,false,false,"EQ",false
"A-G1.045-C3",126746,4884,3038.2958154414,3,86,80,86,80,false,0,true,true,false,false,false,"EQ",false
"A-G1.045-C3",126746,5064,3141.1041487747,3,89,83,89,83,false,0,true,true,false,false,false,"EQ",false
"A-G1.045-C3",126746,5244,3248.7831844501,3,92,85,92,85,false,0,true,true,false,false,false,"EQ",false
"A-G1.045-C3",126746,5424,3351.4886108066,3,95,88,95,88,false,0,true,true,false,false,false,"EQ",false
"A-G1.045-C3",126746,5604,3457.1959108607,3,98,91,98,91,false,0,true,true,false,false,false,"EQ",false
"A-G1.045-C3",126746,5784,3563.3710213798,3,100,93,100,93,true,0,true,true,false,false,false,"",true
"A-G1.045-C3",134665,24,24,0,14,7,14,7,false,0,true,true,false,false,false,"EQ",false
"A-G1.045-C3",134665,204,145,0,16,9,16,9,false,0,true,true,false,false,false,"EQ",false
"A-G1.045-C3",134665,384,263.6764842283,0,22,15,22,15,true,0,true,true,false,false,false,"",true
"A-G1.045-C3",134665,564,388.2522418041,0,22,15,22,15,true,19,false,false,false,false,false,"OVERDUE|COOLDOWN",false
"A-G1.045-C3",134665,744,502.2137339151,0,23,16,23,16,true,0,true,false,false,false,false,"COOLDOWN",false
"A-G1.045-C3",134665,924,616.7186903795,0,29,22,29,22,true,0,true,true,false,false,false,"",true
"A-G1.045-C3",134665,1104,725.7807976592,1,29,22,29,22,false,11,false,true,false,false,false,"EQ|OVERDUE",false
"A-G1.045-C3",134665,1284,832.4777673561,1,33,26,33,26,false,0,true,true,false,false,false,"EQ",false
"A-G1.045-C3",134665,1464,942.5973368161,1,36,29,36,29,true,0,true,true,false,false,false,"",true
"A-G1.045-C3",134665,1644,1069.4973368161,1,36,29,36,29,true,1,true,false,false,false,false,"COOLDOWN",false
"A-G1.045-C3",134665,1824,1177.098514701,1,39,32,39,32,true,0,true,false,false,false,false,"COOLDOWN",false
"A-G1.045-C3",134665,2004,1284.3811814962,1,42,35,42,35,true,0,true,true,false,false,false,"",true
"A-G1.045-C3",134665,2184,1401.5953481629,1,42,35,42,35,true,0,true,false,false,false,false,"COOLDOWN",false
"A-G1.045-C3",134665,2364,1519.2460578114,1,45,39,45,39,true,0,true,false,false,false,false,"COOLDOWN",false
"A-G1.045-C3",134665,2544,1625.3763109735,1,51,44,51,44,true,0,true,true,false,false,false,"",true
"A-G1.045-C3",134665,2724,1729.6596443068,2,51,44,51,44,false,0,true,true,false,false,false,"EQ",false
"A-G1.045-C3",134665,2904,1836.3017504496,2,61,54,61,54,true,0,true,true,false,false,false,"",true
"A-G1.045-C3",134665,3084,1963.2017504496,2,61,54,61,54,true,4,false,false,false,false,false,"OVERDUE|COOLDOWN",false
"A-G1.045-C3",134665,3264,2069.3559994048,2,68,61,68,61,true,0,true,false,false,false,false,"COOLDOWN",false
"A-G1.045-C3",134665,3444,2175.0584402712,2,74,68,74,68,true,0,true,true,false,false,false,"",true
"A-G1.045-C3",134665,3624,2279.6175055865,3,74,68,74,68,false,0,true,true,false,false,false,"EQ",false
"A-G1.045-C3",134665,3804,2385.2930275056,3,77,71,77,71,false,0,true,true,false,false,false,"EQ",false
"A-G1.045-C3",134665,3984,2492.8748906716,3,82,75,82,75,false,0,true,true,false,false,false,"EQ",false
"A-G1.045-C3",134665,4164,2604.5710445178,3,87,80,87,80,false,0,true,true,false,false,false,"EQ",false
"A-G1.045-C3",134665,4344,2715.7613656154,3,90,84,90,84,false,0,true,true,false,false,false,"EQ",false
"A-G1.045-C3",134665,4524,2818.4829342429,3,95,88,95,88,false,0,true,true,false,false,false,"EQ",false
"A-G1.045-C3",134665,4704,2926.7769374978,3,97,90,97,90,false,0,true,true,false,false,false,"EQ",false
"A-G1.045-C3",134665,4884,3032.9589081252,3,99,92,99,92,false,0,true,true,false,false,false,"EQ",false
"A-G1.045-C3",134665,5064,3137.1988582014,3,101,94,101,94,true,0,true,true,false,false,false,"",true
"A-G1.045-C3",134665,5244,3264.9439407097,3,101,94,101,94,true,0,true,false,false,false,false,"COOLDOWN",false
"A-G1.045-C3",134665,5424,3374.1193890922,3,104,98,104,98,true,0,true,false,false,false,false,"COOLDOWN",false
"A-G1.045-C3",134665,5604,3485.2917760364,3,107,100,107,100,true,0,true,true,false,false,false,"",true
"A-G1.045-C3",142584,24,24,0,14,7,14,7,false,0,true,true,false,false,false,"EQ",false
"A-G1.045-C3",142584,204,145,0,16,10,16,10,false,0,true,true,false,false,false,"EQ",false
"A-G1.045-C3",142584,384,264.2806546053,0,19,12,19,12,false,0,true,true,false,false,false,"EQ",false
"A-G1.045-C3",142584,564,381.6019391146,0,21,14,21,14,true,0,true,true,false,false,false,"",true
"A-G1.045-C3",142584,744,508.5019391146,0,21,14,21,14,true,0,true,false,false,false,false,"COOLDOWN",false
"A-G1.045-C3",142584,924,622.5703276084,0,23,17,23,17,true,0,true,false,false,false,false,"COOLDOWN",false
"A-G1.045-C3",142584,1104,734.0278037745,0,26,19,26,19,true,0,true,true,false,false,false,"",true
"A-G1.045-C3",142584,1284,856.4785986463,0,26,19,26,19,true,0,true,false,false,false,false,"COOLDOWN",false
"A-G1.045-C3",142584,1464,967.0078908163,0,28,21,28,21,true,0,true,false,false,false,false,"COOLDOWN",false
"A-G1.045-C3",142584,1644,1076.4634058267,0,30,23,30,23,true,0,true,true,false,false,false,"",true
"A-G1.045-C3",142584,1824,1183.69673916,1,30,24,30,24,false,0,true,true,false,false,false,"EQ",false
"A-G1.045-C3",142584,2004,1292.2624284208,1,35,28,35,28,true,0,true,true,false,false,false,"",true
"A-G1.045-C3",142584,2184,1419.1624284208,1,35,28,35,28,true,0,true,false,false,false,false,"COOLDOWN",false
"A-G1.045-C3",142584,2364,1528.923769779,1,39,32,39,32,true,0,true,false,false,false,false,"COOLDOWN",false
"A-G1.045-C3",142584,2544,1639.5501551915,1,43,36,43,36,true,0,true,true,false,false,false,"",true
"A-G1.045-C3",142584,2724,1746.1972305968,2,43,36,43,36,false,3,false,true,false,false,false,"EQ|OVERDUE",false
"A-G1.045-C3",142584,2904,1853.3156351707,2,50,44,50,44,false,0,true,true,false,false,false,"EQ",false
"A-G1.045-C3",142584,3084,1957.2711907263,2,56,49,56,49,false,0,true,true,false,false,false,"EQ",false
"A-G1.045-C3",142584,3264,2063.0549223175,2,60,53,60,53,true,0,true,true,false,false,false,"",true
"A-G1.045-C3",142584,3444,2189.9549223175,2,60,53,60,53,true,1,true,false,false,false,false,"COOLDOWN",false
"A-G1.045-C3",142584,3624,2293.5574864201,2,63,56,63,56,true,0,true,false,false,false,false,"COOLDOWN",false
"A-G1.045-C3",142584,3804,2398.8977716288,2,66,60,66,60,true,0,true,true,false,false,false,"",true
"A-G1.045-C3",142584,3984,2525.7977716288,2,66,60,66,60,true,0,true,false,false,false,false,"COOLDOWN",false
"A-G1.045-C3",142584,4164,2629.1311049621,2,69,63,69,63,true,0,true,false,false,false,false,"COOLDOWN",false
"A-G1.045-C3",142584,4344,2738.5611686791,2,72,66,72,66,true,0,true,true,false,false,false,"",true
"A-G1.045-C3",142584,4524,2846.2620611522,2,72,66,72,66,true,2,false,false,false,false,false,"OVERDUE|COOLDOWN",false
"A-G1.045-C3",142584,4704,2951.006259568,2,77,70,77,70,true,0,true,false,false,false,false,"COOLDOWN",false
"A-G1.045-C3",142584,4884,3058.8192743541,2,81,75,81,75,true,0,true,true,false,false,false,"",true
"A-G1.045-C3",142584,5064,3165.3249410208,3,81,75,81,75,false,0,true,true,false,false,false,"EQ",false
"A-G1.045-C3",142584,5244,3281.2106381631,3,87,81,87,81,false,0,true,true,false,false,false,"EQ",false
"A-G1.045-C3",142584,5424,3385.9958480938,3,89,83,89,83,false,0,true,true,false,false,false,"EQ",false
"A-G1.045-C3",142584,5604,3497.6182058173,3,91,85,91,85,false,0,true,true,false,false,false,"EQ",false
"A-G1.045-C3",150503,24,24,0,15,7,15,7,false,0,true,true,false,false,false,"EQ",false
"A-G1.045-C3",150503,204,144.4324142157,0,19,12,19,12,false,0,true,true,false,false,false,"EQ",false
"A-G1.045-C3",150503,384,258.8891648972,0,22,14,22,14,true,0,true,true,false,false,false,"",true
"A-G1.045-C3",150503,564,383.464922473,0,22,14,22,14,true,1,true,false,false,false,false,"COOLDOWN",false
"A-G1.045-C3",150503,744,498.0910085318,0,23,17,23,17,true,0,true,false,false,false,false,"COOLDOWN",false
"A-G1.045-C3",150503,924,609.5301330225,0,26,19,26,19,true,0,true,true,false,false,false,"",true
"A-G1.045-C3",150503,1104,719.307112227,1,26,19,26,19,false,0,true,true,false,false,false,"EQ",false
"A-G1.045-C3",150503,1284,829.9100999706,1,34,27,34,27,false,0,true,true,false,false,false,"EQ",false
"A-G1.045-C3",150503,1464,939.2669750617,1,37,30,37,30,true,0,true,true,false,false,false,"",true
"A-G1.045-C3",150503,1644,1061.8288600236,1,37,30,37,30,true,0,true,false,false,false,false,"COOLDOWN",false
"A-G1.045-C3",150503,1824,1172.4089408326,1,41,34,41,34,true,0,true,false,false,false,false,"COOLDOWN",false
"A-G1.045-C3",150503,2004,1281.2803370066,1,47,40,47,40,true,0,true,true,false,false,false,"",true
"A-G1.045-C3",150503,2184,1388.0422282596,2,47,40,47,40,false,0,true,true,false,false,false,"EQ",false
"A-G1.045-C3",150503,2364,1503.5520265591,2,52,46,52,46,false,0,true,true,false,false,false,"EQ",false
"A-G1.045-C3",150503,2544,1612.0283856156,2,57,51,57,51,false,0,true,true,false,false,false,"EQ",false
"A-G1.045-C3",150503,2724,1727.2911389656,2,63,57,63,57,true,0,true,true,false,false,false,"",true
"A-G1.045-C3",150503,2904,1854.1911389657,2,63,57,63,57,true,1,true,false,false,false,false,"COOLDOWN",false
"A-G1.045-C3",150503,3084,1966.4089550576,2,69,62,69,62,true,0,true,false,false,false,false,"COOLDOWN",false
"A-G1.045-C3",150503,3264,2086.3201330531,2,72,65,72,65,true,0,true,true,false,false,false,"",true
"A-G1.045-C3",150503,3444,2193.5212259493,3,72,65,72,65,false,0,true,true,false,false,false,"EQ",false
"A-G1.045-C3",150503,3624,2305.4398534003,3,77,71,77,71,false,0,true,true,false,false,false,"EQ",false
"A-G1.045-C3",150503,3804,2420.5251511418,3,83,77,83,77,false,0,true,true,false,false,false,"EQ",false
"A-G1.045-C3",150503,3984,2530.8385618196,3,88,82,88,82,false,0,true,true,false,false,false,"EQ",false
"A-G1.045-C3",150503,4164,2639.8882250488,3,93,86,93,86,false,0,true,true,false,false,false,"EQ",false
"A-G1.045-C3",150503,4344,2744.2679843879,3,96,90,96,90,false,0,true,true,false,false,false,"EQ",false
"A-G1.045-C3",150503,4524,2857.4301291945,3,99,92,99,92,false,0,true,true,false,false,false,"EQ",false
"A-G1.045-C3",150503,4704,2963.7750048746,3,100,94,100,94,true,0,true,true,false,false,false,"",true
"A-G1.045-C3",150503,4884,3090.6750048746,3,100,94,100,94,true,1,false,false,false,false,false,"OVERDUE|COOLDOWN",false
"A-G1.045-C3",150503,5064,3198.7907504258,3,102,95,102,95,true,0,true,false,false,false,false,"COOLDOWN",false
"A-G1.045-C3",150503,5244,3312.463395516,3,104,97,104,97,true,0,true,true,false,false,false,"",true
"A-G1.045-C3",150503,5424,3439.363395516,3,104,97,104,97,true,4,false,false,false,false,false,"OVERDUE|COOLDOWN",false
"A-G1.045-C3",150503,5604,3545.0061708634,3,106,99,106,99,true,0,true,false,false,false,false,"COOLDOWN",false
"A-G1.045-C3",158422,24,24,0,14,7,14,7,false,0,true,true,false,false,false,"EQ",false
"A-G1.045-C3",158422,204,147.4527462122,0,18,11,18,11,false,0,true,true,false,false,false,"EQ",false
"A-G1.045-C3",158422,384,271.6009566939,0,20,13,20,13,true,0,true,true,false,false,false,"",true
"A-G1.045-C3",158422,564,398.5009566939,0,20,13,20,13,true,0,true,false,false,false,false,"COOLDOWN",false
"A-G1.045-C3",158422,744,508.5725368033,0,25,18,25,18,true,0,true,false,false,false,false,"COOLDOWN",false
"A-G1.045-C3",158422,924,621.1119230989,0,27,20,27,20,true,0,true,true,false,false,false,"",true
"A-G1.045-C3",158422,1104,729.8202564322,1,27,20,27,20,false,0,true,true,false,false,false,"EQ",false
"A-G1.045-C3",158422,1284,839.3234314983,1,35,28,35,28,true,0,true,true,false,false,false,"",true
"A-G1.045-C3",158422,1464,966.2234314983,1,35,28,35,28,true,6,false,false,false,false,false,"OVERDUE|COOLDOWN",false
"A-G1.045-C3",158422,1644,1075.0684925711,1,38,31,38,31,true,0,true,false,false,false,false,"COOLDOWN",false
"A-G1.045-C3",158422,1824,1179.9775834802,1,43,37,43,37,true,0,true,true,false,false,false,"",true
"A-G1.045-C3",158422,2004,1289.4566588855,1,43,37,43,37,true,2,true,false,false,false,false,"COOLDOWN",false
"A-G1.045-C3",158422,2184,1396.6241774941,1,47,40,47,40,true,0,true,false,false,false,false,"COOLDOWN",false
"A-G1.045-C3",158422,2364,1513.0661263169,1,50,43,50,43,true,0,true,true,false,false,false,"",true
"A-G1.045-C3",158422,2544,1617.4251006759,2,50,43,50,43,false,0,true,true,false,false,false,"EQ",false
"A-G1.045-C3",158422,2724,1733.597192325,2,57,50,57,50,false,0,true,true,false,false,false,"EQ",false
"A-G1.045-C3",158422,2904,1846.0497564276,2,63,56,63,56,true,0,true,true,false,false,false,"",true
"A-G1.045-C3",158422,3084,1972.9497564276,2,63,56,63,56,true,2,false,false,false,false,false,"OVERDUE|COOLDOWN",false
"A-G1.045-C3",158422,3264,2078.1034923712,2,70,63,70,63,true,0,true,false,false,false,false,"COOLDOWN",false
"A-G1.045-C3",158422,3444,2187.6321297733,2,73,67,73,67,true,0,true,true,false,false,false,"",true
"A-G1.045-C3",158422,3624,2298.198661628,2,73,67,73,67,true,0,true,false,false,false,false,"COOLDOWN",false
"A-G1.045-C3",158422,3804,2413.7508202594,2,75,68,75,68,true,0,true,false,false,false,false,"COOLDOWN",false
"A-G1.045-C3",158422,3984,2520.9975891744,2,77,71,77,71,true,0,true,true,false,false,false,"",true
"A-G1.045-C3",158422,4164,2630.7196798289,3,77,71,77,71,false,0,true,true,false,false,false,"EQ",false
"A-G1.045-C3",158422,4344,2742.5194515184,3,82,75,82,75,false,0,true,true,false,false,false,"EQ",false
"A-G1.045-C3",158422,4524,2858.2996539568,3,85,78,85,78,false,0,true,true,false,false,false,"EQ",false
"A-G1.045-C3",158422,4704,2964.8337533792,3,88,81,88,81,false,0,true,true,false,false,false,"EQ",false
"A-G1.045-C3",158422,4884,3076.3276520928,3,91,84,91,84,false,0,true,true,false,false,false,"EQ",false
"A-G1.045-C3",158422,5064,3183.2376102396,3,95,88,95,88,false,0,true,true,false,false,false,"EQ",false
"A-G1.045-C3",158422,5244,3289.499499883,3,97,90,97,90,false,0,true,true,false,false,false,"EQ",false
"A-G1.045-C3",158422,5424,3392.1439443274,3,99,93,99,93,false,0,true,true,false,false,false,"EQ",false
"A-G1.045-C3",158422,5604,3502.0751541998,3,102,96,102,96,true,0,true,true,false,false,false,"",true
"A-G1.045-C3",166341,24,24,0,14,7,14,7,false,0,true,true,false,false,false,"EQ",false
"A-G1.045-C3",166341,204,145,0,17,10,17,10,false,0,true,true,false,false,false,"EQ",false
"A-G1.045-C3",166341,384,263.1087627924,0,19,12,19,12,false,0,true,true,false,false,false,"EQ",false
"A-G1.045-C3",166341,564,376.2420961257,0,21,14,21,14,true,0,true,true,false,false,false,"",true
"A-G1.045-C3",166341,744,503.1420961257,0,21,14,21,14,true,0,true,false,false,false,false,"COOLDOWN",false
"A-G1.045-C3",166341,924,617.8708059207,0,23,16,23,16,true,0,true,false,false,false,false,"COOLDOWN",false
"A-G1.045-C3",166341,1104,739.7637755139,0,26,19,26,19,true,0,true,true,false,false,false,"",true
"A-G1.045-C3",166341,1284,848.9637755139,1,26,19,26,19,false,0,true,true,false,false,false,"EQ",false
"A-G1.045-C3",166341,1464,959.8097762298,1,29,23,29,23,false,0,true,true,false,false,false,"EQ",false
"A-G1.045-C3",166341,1644,1068.6673305553,1,33,26,33,26,false,0,true,true,false,false,false,"EQ",false
"A-G1.045-C3",166341,1824,1174.7206638886,1,35,28,35,28,true,0,true,true,false,false,false,"",true
"A-G1.045-C3",166341,2004,1301.6206638886,1,35,28,35,28,true,0,true,false,false,false,false,"COOLDOWN",false
"A-G1.045-C3",166341,2184,1409.4976505817,1,39,31,39,31,true,0,true,false,false,false,false,"COOLDOWN",false
"A-G1.045-C3",166341,2364,1521.5274836653,1,42,35,42,35,true,0,true,true,false,false,false,"",true
"A-G1.045-C3",166341,2544,1638.033650332,1,42,35,42,35,true,0,true,false,false,false,false,"COOLDOWN",false
"A-G1.045-C3",166341,2724,1748.0132623661,1,46,39,46,39,true,0,true,false,false,false,false,"COOLDOWN",false
"A-G1.045-C3",166341,2904,1856.3656501178,1,50,43,50,43,true,0,true,true,false,false,false,"",true
"A-G1.045-C3",166341,3084,1960.6489834511,2,50,44,50,44,false,0,true,true,false,false,false,"EQ",false
"A-G1.045-C3",166341,3264,2067.1185750226,2,56,49,56,49,false,0,true,true,false,false,false,"EQ",false
"A-G1.045-C3",166341,3444,2177.1651351874,2,62,55,62,55,true,0,true,true,false,false,false,"",true
"A-G1.045-C3",166341,3624,2304.0651351874,2,62,55,62,55,true,0,true,false,false,false,false,"COOLDOWN",false
"A-G1.045-C3",166341,3804,2409.6061488157,2,67,60,67,60,true,0,true,false,false,false,false,"COOLDOWN",false
"A-G1.045-C3",166341,3984,2515.5493465704,2,72,65,72,65,true,0,true,true,false,false,false,"",true
"A-G1.045-C3",166341,4164,2627.4392390436,2,72,65,72,65,true,0,true,false,false,false,false,"COOLDOWN",false
"A-G1.045-C3",166341,4344,2732.5457785967,2,76,70,76,70,true,0,true,false,false,false,false,"COOLDOWN",false
"A-G1.045-C3",166341,4524,2839.5126795541,2,80,73,80,73,true,0,true,true,false,false,false,"",true
"A-G1.045-C3",166341,4704,2944.4377763851,3,80,73,80,73,false,0,true,true,false,false,false,"EQ",false
"A-G1.045-C3",166341,4884,3047.2647806045,3,88,82,88,82,false,0,true,true,false,false,false,"EQ",false
"A-G1.045-C3",166341,5064,3150.0549040613,3,90,84,90,84,false,0,true,true,false,false,false,"EQ",false
"A-G1.045-C3",166341,5244,3265.3866626741,3,93,86,93,86,false,0,true,true,false,false,false,"EQ",false
"A-G1.045-C3",166341,5424,3371.4565261798,3,97,90,97,90,false,0,true,true,false,false,false,"EQ",false
"A-G1.045-C3",166341,5604,3474.1157022097,3,98,92,98,92,false,0,true,true,false,false,false,"EQ",false
"A-G1.045-C3",166341,5784,3578.3707706291,3,100,93,100,93,true,0,true,true,false,false,false,"",true
"A-G1.045-C3",174260,24,24,0,13,7,13,7,false,0,true,true,false,false,false,"EQ",false
"A-G1.045-C3",174260,204,145,0,16,9,16,9,false,0,true,true,false,false,false,"EQ",false
"A-G1.045-C3",174260,384,263.3913848684,0,19,12,19,12,false,0,true,true,false,false,false,"EQ",false
"A-G1.045-C3",174260,564,379.8103740518,0,21,14,21,14,true,0,true,true,false,false,false,"",true
"A-G1.045-C3",174260,744,506.7103740518,0,21,14,21,14,true,0,true,false,false,false,false,"COOLDOWN",false
"A-G1.045-C3",174260,924,620.2600929295,0,23,16,23,16,true,0,true,false,false,false,false,"COOLDOWN",false
"A-G1.045-C3",174260,1104,733.6653041988,0,25,18,25,18,true,0,true,true,false,false,false,"",true
"A-G1.045-C3",174260,1284,843.584542294,1,25,18,25,18,false,0,true,true,false,false,false,"EQ",false
"A-G1.045-C3",174260,1464,950.0483104099,1,33,26,33,26,false,0,true,true,false,false,false,"EQ",false
"A-G1.045-C3",174260,1644,1058.3567399307,1,36,29,36,29,true,0,true,true,false,false,false,"",true
"A-G1.045-C3",174260,1824,1185.2567399307,1,36,29,36,29,true,2,true,false,false,false,false,"COOLDOWN",false
"A-G1.045-C3",174260,2004,1294.0006601406,1,39,32,39,32,true,0,true,false,false,false,false,"COOLDOWN",false
"A-G1.045-C3",174260,2184,1401.793987508,1,42,35,42,35,true,0,true,true,false,false,false,"",true
"A-G1.045-C3",174260,2364,1517.2381541747,1,42,35,42,35,true,0,true,false,false,false,false,"COOLDOWN",false
"A-G1.045-C3",174260,2544,1626.4616363879,1,46,39,46,39,true,0,true,false,false,false,false,"COOLDOWN",false
"A-G1.045-C3",174260,2724,1734.343789799,1,49,43,49,43,true,0,true,true,false,false,false,"",true
"A-G1.045-C3",174260,2904,1839.6580022533,2,50,43,50,43,false,0,true,true,false,false,false,"EQ",false
"A-G1.045-C3",174260,3084,1953.8379263544,2,57,50,57,50,false,0,true,true,false,false,false,"EQ",false
"A-G1.045-C3",174260,3264,2059.249145713,2,66,59,66,59,true,0,true,true,false,false,false,"",true
"A-G1.045-C3",174260,3444,2175.2430851069,2,66,59,66,59,true,6,false,false,false,false,false,"OVERDUE|COOLDOWN",false
"A-G1.045-C3",174260,3624,2285.6902829639,2,70,64,70,64,true,0,true,false,false,false,false,"COOLDOWN",false
"A-G1.045-C3",174260,3804,2392.4523894788,2,76,69,76,69,true,0,true,true,false,false,false,"",true
"A-G1.045-C3",174260,3984,2495.546916842,3,76,69,76,69,false,0,true,true,false,false,false,"EQ",false
"A-G1.045-C3",174260,4164,2600.5491840657,3,81,74,81,74,false,0,true,true,false,false,false,"EQ",false
"A-G1.045-C3",174260,4344,2707.7787442021,3,84,78,84,78,false,0,true,true,false,false,false,"EQ",false
"A-G1.045-C3",174260,4524,2814.3378509871,3,89,82,89,82,false,0,true,true,false,false,false,"EQ",false
"A-G1.045-C3",174260,4704,2924.5649536414,3,96,89,96,89,false,0,true,true,false,false,false,"EQ",false
"A-G1.045-C3",174260,4884,3031.425302608,3,99,92,99,92,false,0,true,true,false,false,false,"EQ",false
"A-G1.045-C3",174260,5064,3146.9460391896,3,102,95,102,95,true,0,true,true,false,false,false,"",true
"A-G1.045-C3",174260,5244,3273.8460391896,3,102,95,102,95,true,4,false,false,false,false,false,"OVERDUE|COOLDOWN",false
"A-G1.045-C3",174260,5424,3381.0214717123,3,104,98,104,98,true,0,true,false,false,false,false,"COOLDOWN",false
"A-G1.045-C3",174260,5604,3487.4984750648,3,106,100,106,100,true,0,true,true,false,false,false,"",true
"A-G1.045-C3",182179,24,24,0,14,7,14,7,false,0,true,true,false,false,false,"EQ",false
"A-G1.045-C3",182179,204,145,0,16,10,16,10,false,0,true,true,false,false,false,"EQ",false
"A-G1.045-C3",182179,384,264.8130131578,0,19,12,19,12,false,0,true,true,false,false,false,"EQ",false
"A-G1.045-C3",182179,564,380.5248747157,0,21,14,21,14,true,0,true,true,false,false,false,"",true
"A-G1.045-C3",182179,744,507.4248747157,0,21,14,21,14,true,0,true,false,false,false,false,"COOLDOWN",false
"A-G1.045-C3",182179,924,625.8006967925,0,23,16,23,16,true,0,true,false,false,false,false,"COOLDOWN",false
"A-G1.045-C3",182179,1104,739.6238773628,0,25,18,25,18,true,0,true,true,false,false,false,"",true
"A-G1.045-C3",182179,1284,850.074115458,1,25,18,25,18,false,2,true,true,false,false,false,"EQ",false
"A-G1.045-C3",182179,1464,962.5161000652,1,28,21,28,21,false,0,true,true,false,false,false,"EQ",false
"A-G1.045-C3",182179,1644,1069.7494333985,1,31,24,31,24,false,0,true,true,false,false,false,"EQ",false
"A-G1.045-C3",182179,1824,1179.242304265,1,35,28,35,28,true,0,true,true,false,false,false,"",true
"A-G1.045-C3",182179,2004,1306.142304265,1,35,28,35,28,true,0,true,false,false,false,false,"COOLDOWN",false
"A-G1.045-C3",182179,2184,1423.2259596108,1,38,31,38,31,true,0,true,false,false,false,false,"COOLDOWN",false
"A-G1.045-C3",182179,2364,1534.1779681438,1,45,38,45,38,true,0,true,true,false,false,false,"",true
"A-G1.045-C3",182179,2544,1639.2808966579,2,45,39,45,39,false,0,true,true,false,false,false,"EQ",false
"A-G1.045-C3",182179,2724,1752.7875594635,2,53,47,53,47,false,0,true,true,false,false,false,"EQ",false
"A-G1.045-C3",182179,2904,1856.3473078912,2,63,57,63,57,true,0,true,true,false,false,false,"",true
"A-G1.045-C3",182179,3084,1983.2473078912,2,63,57,63,57,true,5,false,false,false,false,false,"OVERDUE|COOLDOWN",false
"A-G1.045-C3",182179,3264,2094.1381761892,2,70,64,70,64,true,0,true,false,false,false,false,"COOLDOWN",false
"A-G1.045-C3",182179,3444,2206.0827035524,2,76,69,76,69,true,0,true,true,false,false,false,"",true
"A-G1.045-C3",182179,3624,2310.2867155647,3,76,70,76,70,false,9,false,true,false,false,false,"EQ|OVERDUE",false
"A-G1.045-C3",182179,3804,2415.1694627697,3,84,77,84,77,false,0,true,true,false,false,false,"EQ",false
"A-G1.045-C3",182179,3984,2519.8008298109,3,89,83,89,83,false,0,true,true,false,false,false,"EQ",false
"A-G1.045-C3",182179,4164,2622.5731875344,3,91,84,91,84,false,0,true,true,false,false,false,"EQ",false
"A-G1.045-C3",182179,4344,2725.3112827725,3,93,86,93,86,false,0,true,true,false,false,false,"EQ",false
"A-G1.045-C3",182179,4524,2828.0167091291,3,96,89,96,89,false,0,true,true,false,false,false,"EQ",false
"A-G1.045-C3",182179,4704,2941.662825172,3,98,91,98,91,false,0,true,true,false,false,false,"EQ",false
"A-G1.045-C3",182179,4884,3046.4124501092,3,100,93,100,93,true,0,true,true,false,false,false,"",true
"A-G1.045-C3",182179,5064,3180.6481167759,3,100,93,100,93,true,1,false,false,false,false,false,"OVERDUE|COOLDOWN",false
"A-G1.045-C3",182179,5244,3295.417733781,3,102,95,102,95,true,0,true,false,false,false,false,"COOLDOWN",false
"A-G1.045-C3",182179,5424,3402.8100685485,3,103,97,103,97,true,0,true,true,false,false,false,"",true
"A-G1.045-C3",182179,5604,3530.1473177395,3,103,97,103,97,true,1,false,false,false,false,false,"OVERDUE|COOLDOWN",false
"A-G1.045-C3",190098,24,24,0,14,7,14,7,false,0,true,true,false,false,false,"EQ",false
"A-G1.045-C3",190098,204,144.7080729167,0,18,11,18,11,false,0,true,true,false,false,false,"EQ",false
"A-G1.045-C3",190098,384,262.5563128797,0,21,14,21,14,true,0,true,true,false,false,false,"",true
"A-G1.045-C3",190098,564,389.4563128797,0,21,14,21,14,true,0,true,false,false,false,false,"COOLDOWN",false
"A-G1.045-C3",190098,744,506.2459784197,0,24,17,24,17,true,0,true,false,false,false,false,"COOLDOWN",false
"A-G1.045-C3",190098,924,619.2252724812,0,27,20,27,20,true,0,true,true,false,false,false,"",true
"A-G1.045-C3",190098,1104,729.9442761123,1,27,20,27,20,false,12,false,true,false,false,false,"EQ|OVERDUE",false
"A-G1.045-C3",190098,1284,836.6412458092,1,32,25,32,25,false,0,true,true,false,false,false,"EQ",false
"A-G1.045-C3",190098,1464,944.4142747422,1,39,33,39,33,true,0,true,true,false,false,false,"",true
"A-G1.045-C3",190098,1644,1061.0114453876,1,39,33,39,33,true,9,false,false,false,false,false,"OVERDUE|COOLDOWN",false
"A-G1.045-C3",190098,1824,1174.6653669562,1,45,38,45,38,true,0,true,false,false,false,false,"COOLDOWN",false
"A-G1.045-C3",190098,2004,1283.0274942713,1,48,42,48,42,true,0,true,true,false,false,false,"",true
"A-G1.045-C3",190098,2184,1387.9321206394,2,49,42,49,42,false,0,true,true,false,false,false,"EQ",false
"A-G1.045-C3",190098,2364,1497.5807858056,2,61,54,61,54,true,0,true,true,false,false,false,"",true
"A-G1.045-C3",190098,2544,1624.4807858056,2,61,54,61,54,true,7,false,false,false,false,false,"OVERDUE|COOLDOWN",false
"A-G1.045-C3",190098,2724,1731.4982594673,2,65,58,65,58,true,0,true,false,false,false,false,"COOLDOWN",false
"A-G1.045-C3",190098,2904,1839.584033506,2,69,62,69,62,true,0,true,true,false,false,false,"",true
"A-G1.045-C3",190098,3084,1950.9895307574,2,69,62,69,62,true,0,true,false,false,false,false,"COOLDOWN",false
"A-G1.045-C3",190098,3264,2055.8842933182,2,73,67,73,67,true,0,true,false,false,false,false,"COOLDOWN",false
"A-G1.045-C3",190098,3444,2171.6503059713,2,77,70,77,70,true,0,true,true,false,false,false,"",true
"A-G1.045-C3",190098,3624,2274.7189334223,3,77,71,77,71,false,0,true,true,false,false,false,"EQ",false
"A-G1.045-C3",190098,3804,2377.7142385866,3,81,74,81,74,false,0,true,true,false,false,false,"EQ",false
"A-G1.045-C3",190098,3984,2480.5800394524,3,86,80,86,80,false,0,true,true,false,false,false,"EQ",false
"A-G1.045-C3",190098,4164,2583.3701629092,3,90,84,90,84,false,0,true,true,false,false,false,"EQ",false
"A-G1.045-C3",190098,4344,2686.0917315367,3,94,87,94,87,false,0,true,true,false,false,false,"EQ",false
"A-G1.045-C3",190098,4524,2792.5320743663,3,97,90,97,90,false,0,true,true,false,false,false,"EQ",false
"A-G1.045-C3",190098,4704,2895.1912503962,3,98,91,98,91,false,0,true,true,false,false,false,"EQ",false
"A-G1.045-C3",190098,4884,3022.0912503962,3,100,93,100,93,true,0,true,true,false,false,false,"",true
"A-G1.045-C3",190098,5064,3148.9912503962,3,100,93,100,93,true,0,true,false,false,false,false,"COOLDOWN",false
"A-G1.045-C3",190098,5244,3251.5934009338,3,102,96,102,96,true,0,true,false,false,false,false,"COOLDOWN",false
"A-G1.045-C3",190098,5424,3354.1820534161,3,104,97,104,97,true,0,true,true,false,false,false,"",true
"A-G1.045-C3",190098,5604,3481.0820534161,3,104,97,104,97,true,0,true,false,false,false,false,"COOLDOWN",false
"A-G1.045-C3",190098,5784,3587.0333491001,3,107,100,107,100,true,0,true,false,false,false,false,"COOLDOWN",false
"A-G1.045-C3",198017,24,24,0,13,7,13,7,false,0,true,true,false,false,false,"EQ",false
"A-G1.045-C3",198017,204,148.9333333333,0,16,9,16,9,false,0,true,true,false,false,false,"EQ",false
"A-G1.045-C3",198017,384,269.2697213451,0,19,12,19,12,false,0,true,true,false,false,false,"EQ",false
"A-G1.045-C3",198017,564,384.9212306413,0,22,14,22,14,true,0,true,true,false,false,false,"",true
"A-G1.045-C3",198017,744,511.8212306413,0,22,14,22,14,true,0,true,false,false,false,false,"COOLDOWN",false
"A-G1.045-C3",198017,924,633.1274043366,0,24,17,24,17,true,0,true,false,false,false,false,"COOLDOWN",false
"A-G1.045-C3",198017,1104,744.512468078,0,26,19,26,19,true,0,true,true,false,false,false,"",true
"A-G1.045-C3",198017,1284,860.4732629498,0,26,19,26,19,true,0,true,false,false,false,false,"COOLDOWN",false
"A-G1.045-C3",198017,1464,970.6249322769,0,28,21,28,21,true,0,true,false,false,false,false,"COOLDOWN",false
"A-G1.045-C3",198017,1644,1083.6764239133,0,31,24,31,24,true,0,true,true,false,false,false,"",true
"A-G1.045-C3",198017,1824,1190.6288048657,1,31,24,31,24,false,0,true,true,false,false,false,"EQ",false
"A-G1.045-C3",198017,2004,1296.682138199,1,35,28,35,28,true,0,true,true,false,false,false,"",true
"A-G1.045-C3",198017,2184,1423.582138199,1,35,28,35,28,true,2,true,false,false,false,false,"COOLDOWN",false
"A-G1.045-C3",198017,2364,1531.4896541034,1,39,32,39,32,true,0,true,false,false,false,false,"COOLDOWN",false
"A-G1.045-C3",198017,2544,1640.8037865714,1,43,36,43,36,true,0,true,true,false,false,false,"",true
"A-G1.045-C3",198017,2724,1747.4508619767,2,43,36,43,36,false,0,true,true,false,false,false,"EQ",false
"A-G1.045-C3",198017,2904,1857.6723917827,2,49,42,49,42,false,0,true,true,false,false,false,"EQ",false
"A-G1.045-C3",198017,3084,1968.3712982332,2,54,48,54,48,false,0,true,true,false,false,false,"EQ",false
"A-G1.045-C3",198017,3264,2074.345666473,2,59,52,59,52,false,0,true,true,false,false,false,"EQ",false
"A-G1.045-C3",198017,3444,2184.6260287463,2,64,57,64,57,true,0,true,true,false,false,false,"",true
"A-G1.045-C3",198017,3624,2311.5260287463,2,64,57,64,57,true,1,true,false,false,false,false,"COOLDOWN",false
"A-G1.045-C3",198017,3804,2417.0103067227,2,70,64,70,64,true,0,true,false,false,false,false,"COOLDOWN",false
"A-G1.045-C3",198017,3984,2533.0636371573,2,74,68,74,68,true,0,true,true,false,false,false,"",true
"A-G1.045-C3",198017,4164,2637.6227024726,3,74,68,74,68,false,3,false,true,false,false,false,"EQ|OVERDUE",false
"A-G1.045-C3",198017,4344,2740.5949246949,3,81,75,81,75,false,0,true,true,false,false,false,"EQ",false
"A-G1.045-C3",198017,4524,2843.5015913616,3,85,78,85,78,false,0,true,true,false,false,false,"EQ",false
"A-G1.045-C3",198017,4704,2949.9382744284,3,90,84,90,84,false,0,true,true,false,false,false,"EQ",false
"A-G1.045-C3",198017,4884,3052.6598430559,3,94,87,94,87,false,0,true,true,false,false,false,"EQ",false
"A-G1.045-C3",198017,5064,3160.3183944905,3,96,89,96,89,false,0,true,true,false,false,false,"EQ",false
"A-G1.045-C3",198017,5244,3265.4240204137,3,97,91,97,91,false,0,true,true,false,false,false,"EQ",false
"A-G1.045-C3",198017,5424,3372.107788028,3,99,92,99,92,false,0,true,true,false,false,false,"EQ",false
"A-G1.045-C3",198017,5604,3485.9796207274,3,100,94,100,94,true,0,true,true,false,false,false,"",true
"A-G1.045-C3",205936,24,24,0,13,7,13,7,false,0,true,true,false,false,false,"EQ",false
"A-G1.045-C3",205936,204,139.5884740259,0,22,15,22,15,true,0,true,true,false,false,false,"",true
"A-G1.045-C3",205936,384,264.1642316017,0,22,15,22,15,true,5,false,false,false,false,false,"OVERDUE|COOLDOWN",false
"A-G1.045-C3",205936,564,377.1539341115,0,25,18,25,18,true,0,true,false,false,false,false,"COOLDOWN",false
"A-G1.045-C3",205936,744,487.6916584221,0,28,21,28,21,true,0,true,true,false,false,false,"",true
"A-G1.045-C3",205936,924,595.966168226,1,28,21,28,21,false,0,true,true,false,false,false,"EQ",false
"A-G1.045-C3",205936,1104,702.0195015593,1,35,28,35,28,true,0,true,true,false,false,false,"",true
"A-G1.045-C3",205936,1284,828.9195015593,1,35,28,35,28,true,1,true,false,false,false,false,"COOLDOWN",false
"A-G1.045-C3",205936,1464,937.5927723064,1,45,37,45,37,true,0,true,false,false,false,false,"COOLDOWN",false
"A-G1.045-C3",205936,1644,1043.8392754048,1,49,43,49,43,true,0,true,true,false,false,false,"",true
"A-G1.045-C3",205936,1824,1148.1982497638,2,50,43,50,43,false,0,true,true,false,false,false,"EQ",false
"A-G1.045-C3",205936,2004,1258.2280887651,2,55,48,55,48,false,0,true,true,false,false,false,"EQ",false
"A-G1.045-C3",205936,2184,1363.7825197028,2,64,57,64,57,true,0,true,true,false,false,false,"",true
"A-G1.045-C3",205936,2364,1483.0756014638,2,64,57,64,57,true,3,false,false,false,false,false,"OVERDUE|COOLDOWN",false
"A-G1.045-C3",205936,2544,1586.4089347971,2,70,63,70,63,true,0,true,false,false,false,false,"COOLDOWN",false
"A-G1.045-C3",205936,2724,1689.67669436,2,71,65,71,65,true,0,true,true,false,false,false,"",true
"A-G1.045-C3",205936,2904,1798.2073647211,2,71,65,71,65,true,4,false,false,false,false,false,"OVERDUE|COOLDOWN",false
"A-G1.045-C3",205936,3084,1908.9802125751,2,74,68,74,68,true,0,true,false,false,false,false,"COOLDOWN",false
"A-G1.045-C3",205936,3264,2022.9004011487,2,77,71,77,71,true,0,true,true,false,false,false,"",true
"A-G1.045-C3",205936,3444,2130.7934918032,2,77,71,77,71,true,0,true,false,false,false,false,"COOLDOWN",false
"A-G1.045-C3",205936,3624,2237.3428819195,2,80,73,80,73,true,0,true,false,false,false,false,"COOLDOWN",false
"A-G1.045-C3",205936,3804,2353.2369426071,2,82,75,82,75,true,0,true,true,false,false,false,"",true
"A-G1.045-C3",205936,3984,2456.1867142966,3,82,75,82,75,false,0,true,true,false,false,false,"EQ",false
"A-G1.045-C3",205936,4164,2565.168280767,3,85,79,85,79,false,0,true,true,false,false,false,"EQ",false
"A-G1.045-C3",205936,4344,2679.7042388609,3,91,84,91,84,false,0,true,true,false,false,false,"EQ",false
"A-G1.045-C3",205936,4524,2788.8185807004,3,94,88,94,88,false,0,true,true,false,false,false,"EQ",false
"A-G1.045-C3",205936,4704,2899.1309056459,3,97,90,97,90,false,0,true,true,false,false,false,"EQ",false
"A-G1.045-C3",205936,4884,3001.7753500903,3,99,92,99,92,false,0,true,true,false,false,false,"EQ",false
"A-G1.045-C3",205936,5064,3106.5952146832,3,100,94,100,94,true,0,true,true,false,false,false,"",true
"A-G1.045-C3",205936,5244,3233.5738813499,3,100,94,100,94,true,1,false,false,false,false,false,"OVERDUE|COOLDOWN",false
"A-G1.045-C3",205936,5424,3341.9356120841,3,103,96,103,96,true,0,true,false,false,false,false,"COOLDOWN",false
"A-G1.045-C3",205936,5604,3447.116222808,3,105,98,105,98,true,0,true,true,false,false,false,"",true
"A-G1.045-C3",205936,5784,3574.016222808,3,105,98,105,98,true,2,false,false,false,false,false,"OVERDUE|COOLDOWN",false
"A-G1.045-C3",213855,24,24,0,13,7,13,7,false,0,true,true,false,false,false,"EQ",false
"A-G1.045-C3",213855,204,137.1333333333,0,21,14,21,14,true,0,true,true,false,false,false,"",true
"A-G1.045-C3",213855,384,264.0333333333,0,21,14,21,14,true,6,false,false,false,false,false,"OVERDUE|COOLDOWN",false
"A-G1.045-C3",213855,564,378.5226684341,0,22,15,22,15,true,0,true,false,false,false,false,"COOLDOWN",false
"A-G1.045-C3",213855,744,491.2160268945,0,25,17,25,17,true,0,true,true,false,false,false,"",true
"A-G1.045-C3",213855,924,601.1352649897,1,25,17,25,17,false,0,true,true,false,false,false,"EQ",false
"A-G1.045-C3",213855,1104,711.4206368675,1,32,25,32,25,false,0,true,true,false,false,false,"EQ",false
"A-G1.045-C3",213855,1284,822.6074980382,1,36,29,36,29,true,0,true,true,false,false,false,"",true
"A-G1.045-C3",213855,1464,949.5074980382,1,36,29,36,29,true,0,true,false,false,false,false,"COOLDOWN",false
"A-G1.045-C3",213855,1644,1061.4427873397,1,39,33,39,33,true,0,true,false,false,false,false,"COOLDOWN",false
"A-G1.045-C3",213855,1824,1177.2196031681,1,45,38,45,38,true,0,true,true,false,false,false,"",true
"A-G1.045-C3",213855,2004,1284.3835247367,2,45,38,45,38,false,0,true,true,false,false,false,"EQ",false
"A-G1.045-C3",213855,2184,1404.8861910102,2,54,47,54,47,false,0,true,true,false,false,false,"EQ",false
"A-G1.045-C3",213855,2364,1508.5332498338,2,61,55,61,55,true,0,true,true,false,false,false,"",true
"A-G1.045-C3",213855,2544,1635.5428673201,2,61,55,61,55,true,0,true,false,false,false,false,"COOLDOWN",false
"A-G1.045-C3",213855,2724,1745.0363277843,2,68,61,68,61,true,0,true,false,false,false,false,"COOLDOWN",false
"A-G1.045-C3",213855,2904,1849.9870063541,2,73,66,73,66,true,0,true,true,false,false,false,"",true
"A-G1.045-C3",213855,3084,1955.8335382088,3,73,66,73,66,false,0,true,true,false,false,false,"EQ",false
"A-G1.045-C3",213855,3264,2061.6240772863,3,77,71,77,71,false,0,true,true,false,false,false,"EQ",false
"A-G1.045-C3",213855,3444,2166.5849515241,3,84,77,84,77,false,1,false,true,false,false,false,"EQ|OVERDUE",false
"A-G1.045-C3",213855,3624,2271.6577950987,3,86,80,86,80,false,0,true,true,false,false,false,"EQ",false
"A-G1.045-C3",213855,3804,2374.4479185555,3,90,84,90,84,false,0,true,true,false,false,false,"EQ",false
"A-G1.045-C3",213855,3984,2477.2029386358,3,92,86,92,86,false,0,true,true,false,false,false,"EQ",false
"A-G1.045-C3",213855,4164,2585.4964575991,3,95,88,95,88,false,0,true,true,false,false,false,"EQ",false
"A-G1.045-C3",213855,4344,2691.1588933781,3,96,89,96,89,false,0,true,true,false,false,false,"EQ",false
"A-G1.045-C3",213855,4524,2793.8033378225,3,99,92,99,92,false,0,true,true,false,false,false,"EQ",false
"A-G1.045-C3",213855,4704,2896.4333744526,3,100,94,100,94,true,0,true,true,false,false,false,"",true
"A-G1.045-C3",213855,4884,3023.3333744526,3,100,94,100,94,true,0,true,false,false,false,false,"COOLDOWN",false
"A-G1.045-C3",213855,5064,3125.9493164816,3,102,95,102,95,true,0,true,false,false,false,false,"COOLDOWN",false
"A-G1.045-C3",213855,5244,3237.3879689639,3,103,96,103,96,true,0,true,true,false,false,false,"",true
"A-G1.045-C3",213855,5424,3366.4952181549,3,103,96,103,96,true,0,true,false,false,false,false,"COOLDOWN",false
"A-G1.045-C3",213855,5604,3474.3165741247,3,104,97,104,97,true,0,true,false,false,false,false,"COOLDOWN",false
"A-G1.045-C3",213855,5784,3581.2383666635,3,105,98,105,98,true,0,true,true,false,false,false,"",true
"A-G1.045-C3",221774,24,24,0,13,7,13,7,false,0,true,true,false,false,false,"EQ",false
"A-G1.045-C3",221774,204,148.292015625,0,16,10,16,10,false,0,true,true,false,false,false,"EQ",false
"A-G1.045-C3",221774,384,268.333329849,0,19,12,19,12,false,0,true,true,false,false,false,"EQ",false
"A-G1.045-C3",221774,564,381.4666631823,0,21,14,21,14,true,0,true,true,false,false,false,"",true
"A-G1.045-C3",221774,744,508.3666631823,0,21,14,21,14,true,0,true,false,false,false,false,"COOLDOWN",false
"A-G1.045-C3",221774,924,622.8129700007,0,22,15,22,15,true,0,true,false,false,false,false,"COOLDOWN",false
"A-G1.045-C3",221774,1104,734.9662471551,0,25,17,25,17,true,0,true,true,false,false,false,"",true
"A-G1.045-C3",221774,1284,851.3754852503,0,25,17,25,17,true,0,true,false,false,false,false,"COOLDOWN",false
"A-G1.045-C3",221774,1464,962.2535825541,0,27,20,27,20,true,0,true,false,false,false,false,"COOLDOWN",false
"A-G1.045-C3",221774,1644,1074.1583025677,0,29,22,29,22,true,0,true,true,false,false,false,"",true
"A-G1.045-C3",221774,1824,1185.1986871506,1,29,23,29,23,false,0,true,true,false,false,false,"EQ",false
"A-G1.045-C3",221774,2004,1290.7463061982,1,39,32,39,32,true,0,true,true,false,false,false,"",true
"A-G1.045-C3",221774,2184,1407.4887970407,1,39,32,39,32,true,12,false,false,false,false,false,"OVERDUE|COOLDOWN",false
"A-G1.045-C3",221774,2364,1521.1427186093,1,45,38,45,38,true,0,true,false,false,false,false,"COOLDOWN",false
"A-G1.045-C3",221774,2544,1628.0363969343,1,49,42,49,42,true,0,true,true,false,false,false,"",true
"A-G1.045-C3",221774,2724,1733.5566600922,2,49,42,49,42,false,1,true,true,false,false,false,"EQ",false
"A-G1.045-C3",221774,2904,1837.5122156478,2,56,49,56,49,false,0,true,true,false,false,false,"EQ",false
"A-G1.045-C3",221774,3084,1950.1037122464,2,59,53,59,53,false,0,true,true,false,false,false,"EQ",false
"A-G1.045-C3",221774,3264,2056.8707965432,2,64,57,64,57,true,0,true,true,false,false,false,"",true
"A-G1.045-C3",221774,3444,2176.1638783042,2,64,57,64,57,true,3,false,false,false,false,false,"OVERDUE|COOLDOWN",false
"A-G1.045-C3",221774,3624,2281.2551905367,2,70,63,70,63,true,0,true,false,false,false,false,"COOLDOWN",false
"A-G1.045-C3",221774,3804,2387.070694539,2,74,68,74,68,true,0,true,true,false,false,false,"",true
"A-G1.045-C3",221774,3984,2491.6297598543,3,74,68,74,68,false,0,true,true,false,false,false,"EQ",false
"A-G1.045-C3",221774,4164,2595.4609228215,3,82,75,82,75,false,0,true,true,false,false,false,"EQ",false
"A-G1.045-C3",221774,4344,2701.8903698764,3,87,81,87,81,false,0,true,true,false,false,false,"EQ",false
"A-G1.045-C3",221774,4524,2804.6987032097,3,89,83,89,83,false,0,true,true,false,false,false,"EQ",false
"A-G1.045-C3",221774,4704,2910.9095528102,3,94,88,94,88,false,0,true,true,false,false,false,"EQ",false
"A-G1.045-C3",221774,4884,3021.2876390292,3,96,90,96,90,false,0,true,true,false,false,false,"EQ",false
"A-G1.045-C3",221774,5064,3123.9618814534,3,98,91,98,91,false,0,true,true,false,false,false,"EQ",false
"A-G1.045-C3",221774,5244,3232.3767264443,3,100,93,100,93,true,0,true,true,false,false,false,"",true
"A-G1.045-C3",221774,5424,3359.2767264443,3,100,93,100,93,true,0,true,false,false,false,false,"COOLDOWN",false
"A-G1.045-C3",221774,5604,3466.6011445128,3,103,96,103,96,true,0,true,false,false,false,false,"COOLDOWN",false
"A-G1.045-C3",221774,5784,3571.5662995137,3,104,97,104,97,true,0,true,true,false,false,false,"",true
"A-G1.045-C3",229693,24,24,0,13,7,13,7,false,0,true,true,false,false,false,"EQ",false
"A-G1.045-C3",229693,204,148.9333333333,0,16,9,16,9,false,0,true,true,false,false,false,"EQ",false
"A-G1.045-C3",229693,384,267.5538806326,0,18,11,18,11,false,0,true,true,false,false,false,"EQ",false
"A-G1.045-C3",229693,564,378.7205472993,0,23,16,23,16,true,0,true,true,false,false,false,"",true
"A-G1.045-C3",229693,744,498.4558951254,0,23,16,23,16,true,27,false,false,false,false,false,"OVERDUE|COOLDOWN",false
"A-G1.045-C3",229693,924,608.8661515357,0,23,17,23,17,true,0,true,false,false,false,false,"COOLDOWN",false
"A-G1.045-C3",229693,1104,720.471736317,0,28,21,28,21,true,0,true,true,false,false,false,"",true
"A-G1.045-C3",229693,1284,830.1437585261,1,28,21,28,21,false,0,true,true,false,false,false,"EQ",false
"A-G1.045-C3",229693,1464,940.3229855838,1,32,25,32,25,false,0,true,true,false,false,false,"EQ",false
"A-G1.045-C3",229693,1644,1045.8706046314,1,38,31,38,31,true,0,true,true,false,false,false,"",true
"A-G1.045-C3",229693,1824,1165.2883991176,1,38,31,38,31,true,1,true,false,false,false,false,"COOLDOWN",false
"A-G1.045-C3",229693,2004,1270.5550657843,1,41,34,41,34,true,0,true,false,false,false,false,"COOLDOWN",false
"A-G1.045-C3",229693,2184,1379.6849058336,1,44,37,44,37,true,0,true,true,false,false,false,"",true
"A-G1.045-C3",229693,2364,1484.5939967427,2,44,37,44,37,false,0,true,true,false,false,false,"EQ",false
"A-G1.045-C3",229693,2544,1588.877330076,2,50,43,50,43,false,0,true,true,false,false,false,"EQ",false
"A-G1.045-C3",229693,2724,1692.8924815912,2,54,47,54,47,false,0,true,true,false,false,false,"EQ",false
"A-G1.045-C3",229693,2904,1799.089348178,2,59,52,59,52,false,0,true,true,false,false,false,"EQ",false
"A-G1.045-C3",229693,3084,1908.9428584212,2,66,59,66,59,true,0,true,true,false,false,false,"",true
"A-G1.045-C3",229693,3264,2024.9367978151,2,66,59,66,59,true,2,false,false,false,false,false,"OVERDUE|COOLDOWN",false
"A-G1.045-C3",229693,3444,2130.167701971,2,71,65,71,65,true,0,true,false,false,false,false,"COOLDOWN",false
"A-G1.045-C3",229693,3624,2246.3106782728,2,76,69,76,69,true,0,true,true,false,false,false,"",true
"A-G1.045-C3",229693,3804,2350.1719781134,3,76,69,76,69,false,0,true,true,false,false,false,"EQ",false
"A-G1.045-C3",229693,3984,2457.9281645228,3,84,77,84,77,false,0,true,true,false,false,false,"EQ",false
"A-G1.045-C3",229693,4164,2563.3612271167,3,88,82,88,82,false,0,true,true,false,false,false,"EQ",false
"A-G1.045-C3",229693,4344,2677.2245580645,3,93,87,93,87,false,0,true,true,false,false,false,"EQ",false
"A-G1.045-C3",229693,4524,2787.5677304437,3,96,90,96,90,false,0,true,true,false,false,false,"EQ",false
"A-G1.045-C3",229693,4704,2892.5507412853,3,101,94,101,94,true,0,true,true,false,false,false,"",true
"A-G1.045-C3",229693,4884,3019.4507412853,3,101,94,101,94,true,1,false,false,false,false,false,"OVERDUE|COOLDOWN",false
"A-G1.045-C3",229693,5064,3125.5620583677,3,104,97,104,97,true,0,true,false,false,false,false,"COOLDOWN",false
"A-G1.045-C3",229693,5244,3228.1245583677,3,105,98,105,98,true,0,true,true,false,false,false,"",true
"A-G1.045-C3",229693,5424,3355.0245583677,3,105,98,105,98,true,0,true,false,false,false,false,"COOLDOWN",false
"A-G1.045-C3",229693,5604,3457.5498108929,3,108,101,108,101,true,0,true,false,false,false,false,"COOLDOWN",false
"A-G1.045-C3",229693,5784,3565.8140134328,3,109,103,109,103,true,0,true,true,false,false,false,"",true
