seed,id,level,rank,realSeconds,worldTime,cost,sincePreviousAnyUpgradeSeconds,efficiencyNextBuyETA,qualityNextBuyETA,flatteryNextBuyETA,lifeManagementNextBuyETA,slackingNextBuyETA
42,"efficiency",1,0,0.25,0.25,35,"","","","","",""
42,"efficiency",2,0,0.25,0.25,36,0,"","","","",""
42,"efficiency",3,0,0.25,0.25,37,0,"","","","",""
42,"efficiency",4,0,23,23,38,22.75,0,0,0,0,0
42,"efficiency",5,0,33.75,33.75,39,10.75,0,0.5192307692307693,8.307692307692308,3.1153846153846154,5.711538461538462
42,"efficiency",6,0,57.75,57.75,40,24,0,0,3.0394736842105265,0,0.506578947368421
42,"quality",1,0,98.5,98.5,40,40.75,0,0,8.048780487804878,0.7317073170731707,4.390243902439025
42,"efficiency",7,0,116.25,116.25,41,17.75,0,0,8.4,2.4,5.3999999999999995
42,"quality",2,0,175.5,230.5666666667,41,59.25,0,0,0,0,0
42,"efficiency",8,0,212.5,267.5666666667,42,37,0,0,0,0,0
42,"efficiency",9,0,225.25,280.3166666667,43,12.75,0,0,4.821428571428571,0,2.142857142857143
42,"quality",3,0,237.25,292.3166666667,43,12,0,0,0,0,0
42,"efficiency",10,0,238.75,293.8166666667,44,1.5,0,0,4.026845637583892,0,2.013422818791946
42,"quality",4,0,295,403.1666666667,44,56.25,0,0,0,0,0
42,"efficiency",11,0,298.5,406.6666666667,45,3.5,0,0,1.0169491525423728,0,0
42,"quality",5,0,308,416.1666666667,45,9.5,0,0,0,0,0
42,"lifeManagement",1,0,348.25,456.4166666667,45,40.25,0,0,1.89873417721519,0,0
42,"efficiency",12,0,356.75,464.9166666667,46,8.5,0,0,0,0,0
42,"quality",6,0,364.75,472.9166666667,46,8,0,0,0,0,0
42,"quality",7,0,369.5,477.6666666667,47,4.75,0,0,0,0,0
42,"lifeManagement",2,0,417.75,582.3889599115,47,48.25,0,0,0,0,0
42,"efficiency",13,0,424.25,588.8889599115,48,6.5,0,0,0,0,0
42,"quality",8,0,432.75,597.3889599115,48,8.5,0,0,0,0,0
42,"lifeManagement",3,0,443.5,608.1389599115,48,10.75,0,0,0,0,0
42,"efficiency",14,0,466.25,630.8889599115,49,22.75,0,0,0,0,0
42,"quality",9,0,466.25,630.8889599115,49,0,0,0,0,0,0
42,"lifeManagement",4,0,474.75,639.3889599115,49,8.5,0,0,0,0,0
42,"efficiency",15,0,480.5,645.1389599115,50,5.75,0,0,0,0,0
42,"quality",10,0,480.5,645.1389599115,50,0,0,0,0,0,0
42,"lifeManagement",5,0,480.5,645.1389599115,50,0,0,0,0,0,0
42,"slacking",1,0,480.5,645.1389599115,50,0,0,0,0,0,0
42,"efficiency",16,0,480.5,645.1389599115,51,0,0,0,0,0,0
42,"lifeManagement",6,0,480.5,645.1389599115,51,0,0,0,0,0,0
42,"efficiency",17,0,480.5,645.1389599115,52,0,0,0,0,0,0
42,"quality",11,0,480.5,645.1389599115,52,0,0,0,0,0,0
42,"slacking",2,0,480.5,645.1389599115,52,0,0,0,0,0,0
42,"quality",12,0,480.5,645.1389599115,53,0,0,0,0,0,0
42,"lifeManagement",7,0,480.5,645.1389599115,53,0,0,0,0,0,0
42,"slacking",3,0,480.5,645.1389599115,53,0,0,0,0,0,0
42,"efficiency",18,0,480.5,645.1389599115,54,0,0,0,0,0,0
42,"quality",13,0,518,751.4722932448,54,37.5,0,0,0,0,0
42,"lifeManagement",8,0,521.5,754.9722932448,54,3.5,0,0,0,0,0
42,"slacking",4,0,529.25,762.7222932448,54,7.75,0,0,0,0,0
42,"efficiency",19,0,534.75,768.2222932448,55,5.5,0,0,0,0,0
42,"flattery",1,0,544.5,777.9722932448,55,9.75,0,0,0,0,0
42,"lifeManagement",9,0,572.5,805.9722932448,55,28,0,0,0,0,0
42,"efficiency",20,0,576.5,809.9722932448,56,4,0,0,0,0,0
42,"quality",14,0,580.5,813.9722932448,56,4,0,0,0,0,0
42,"slacking",5,0,585.75,819.2222932448,56,5.25,0,0,0,0,0
42,"quality",15,0,591,824.4722932448,57,5.25,0,0,0,0,0
42,"flattery",2,0,595.5,828.9722932448,57,4.5,0,0,0,0,0
42,"lifeManagement",10,0,602.25,835.7222932448,57,6.75,0,0,0,0,0
42,"slacking",6,0,631,932.7195765009,57,28.75,0,0,0,0,0
42,"efficiency",21,0,636.5,938.2195765009,58,5.5,0,0,0,0,0
42,"quality",16,0,646.75,948.4695765009,58,10.25,0,0,0,0,0
42,"flattery",3,0,652.5,954.2195765009,58,5.75,0,0,0,0,0
42,"lifeManagement",11,0,652.5,954.2195765009,58,0,0,0,0,0,0
42,"slacking",7,0,660.25,961.9695765009,58,7.75,0,0,0,0,0
42,"efficiency",22,0,687.25,988.9695765009,59,27,0,0,0,0,0
42,"quality",17,0,687.25,988.9695765009,60,0,0,0,0,0,0
42,"flattery",4,0,687.25,988.9695765009,60,0,0,0,0,0,0
42,"lifeManagement",12,0,687.25,988.9695765009,60,0,0,0,0,0,0
42,"slacking",8,0,687.25,988.9695765009,60,0,0,0,0,0,0
42,"efficiency",23,0,687.25,988.9695765009,61,0,0,0,0,0,0
42,"quality",18,0,687.25,988.9695765009,61,0,0,0,0,0,0
42,"flattery",5,0,687.25,988.9695765009,61,0,0,0,0,0,0
42,"lifeManagement",13,0,687.25,988.9695765009,61,0,0,0,0,0,0
42,"slacking",9,0,687.25,988.9695765009,61,0,0,0,0,0,0
42,"efficiency",24,0,687.25,988.9695765009,62,0,0,0,0,0,0
42,"quality",19,0,692.5,994.2195765009,63,5.25,0,0,0,0,0
42,"flattery",6,0,698.75,1000.4695765009,63,6.25,0,0,0,0,0
42,"lifeManagement",14,0,701.5,1003.2195765009,63,2.75,0,0,0,0,0
42,"slacking",10,0,707,1008.7195765009,63,5.5,0,0,0,0,0
42,"efficiency",25,0,718,1019.7195765009,64,11,0,0,0,0,0
42,"quality",20,0,744.5,1118.6757168518,64,26.5,0,0,0,0,0
42,"flattery",7,0,747,1121.1757168518,64,2.5,0,0,0,0,0
42,"lifeManagement",15,0,749.75,1123.9257168518,64,2.75,0,0,0,0,0
42,"efficiency",26,0,752.25,1126.4257168518,65,2.5,0,0.11257035647279551,0.11257035647279551,0.11257035647279551,0
42,"slacking",11,0,758,1132.1757168518,65,5.75,0,0,0,0,0
42,"quality",21,0,761.25,1135.4257168518,66,3.25,0,0,0,0,0
42,"flattery",8,0,765.25,1139.4257168518,66,4,0.111731843575419,0.223463687150838,0,0,0
42,"lifeManagement",16,0,795,1169.1757168518,66,29.75,0,0,0,0,0
42,"slacking",12,0,800,1174.1757168518,66,5,0,0,0,0,0
42,"efficiency",27,0,804.25,1178.4257168518,67,4.25,0,0,0,0,0
42,"lifeManagement",17,0,809,1183.1757168518,67,4.75,0,0,0,0,0
42,"quality",22,0,814.5,1188.6757168518,68,5.5,0,0,0,0,0
42,"flattery",9,0,819,1193.1757168518,68,4.5,0,0,0,0,0
42,"slacking",13,0,821.5,1195.6757168518,68,2.5,0.11363636363636363,0.11363636363636363,0.11363636363636363,0.11363636363636363,0
42,"efficiency",28,0,847.5,1292.5775292991,69,26,0,0,0,0,0
42,"quality",23,0,853.25,1298.3275292991,69,5.75,0,0,0,0,0
42,"flattery",10,0,860.5,1305.5775292991,69,7.25,0,0,0,0,0
42,"lifeManagement",18,0,864,1309.0775292991,69,3.5,0,0,0,0,0
42,"slacking",14,0,870.75,1315.8275292991,69,6.75,0,0,0,0,0
42,"efficiency",29,0,901,1346.0775292991,70,30.25,0,0,0,0,0
42,"quality",24,0,906.25,1351.3275292991,71,5.25,0,0,0,0,0
42,"flattery",11,0,909,1354.0775292991,71,2.75,0,0,0,0,0
42,"lifeManagement",19,0,914,1359.0775292991,71,5,0,0,0,0,0
42,"slacking",15,0,916,1361.0775292991,71,2,0.10810810810810811,0.21621621621621623,0.21621621621621623,0.10810810810810811,0
42,"efficiency",30,0,922,1367.0775292991,72,6,0,0,0,0,0
42,"lifeManagement",20,0,927,1372.0775292991,72,5,0,0,0,0,0
42,"quality",25,0,930.5,1375.5775292991,73,3.5,0,0,0,0,0
42,"flattery",12,0,953.5,1469.0394592505,73,23,0,0,0,0,0
42,"slacking",16,0,956.5,1472.0394592505,73,3,0,0,0,0,0
42,"efficiency",31,0,962.5,1478.0394592505,74,6,0,0,0,0,0
42,"flattery",13,0,966.5,1482.0394592505,74,4,0,0,0,0,0
42,"lifeManagement",21,0,972,1487.5394592505,74,5.5,0.17910447761194032,0.08955223880597016,0.17910447761194032,0,0.08955223880597016
42,"quality",26,0,978.75,1494.2894592505,75,6.75,0,0,0,0,0
42,"slacking",17,0,983,1498.5394592505,75,4.25,0,0,0,0,0
42,"efficiency",32,0,1011.5,1527.0394592505,76,28.5,0,0,0,0,0
42,"flattery",14,0,1014.75,1530.2894592505,76,3.25,0,0,0,0,0
42,"lifeManagement",22,0,1020.5,1536.0394592505,76,5.75,0,0,0,0,0
42,"quality",27,0,1022.5,1538.0394592505,77,2,0,0,0,0,0
42,"slacking",18,0,1025.5,1541.0394592505,77,3,0,0,0,0,0
42,"efficiency",33,0,1030.5,1546.0394592505,78,5,0,0,0,0,0
42,"quality",28,0,1032.5,1548.0394592505,78,2,0,0,0,0,0
42,"flattery",15,0,1035,1550.5394592505,78,2.5,0,0,0,0,0
42,"lifeManagement",23,0,1039.25,1554.7894592505,78,4.25,0,0,0,0,0
42,"slacking",19,0,1042,1557.5394592505,78,2.75,0.07692307692307693,0.07692307692307693,0.07692307692307693,0.07692307692307693,0
42,"efficiency",34,0,1064.5,1651.9042435737,80,22.5,0,0,0,0,0
42,"quality",29,0,1067,1654.4042435737,80,2.5,0,0,0,0,0
42,"flattery",16,0,1069.75,1657.1542435737,80,2.75,0,0,0,0,0
42,"lifeManagement",24,0,1075.25,1662.6542435737,80,5.5,0,0,0,0,0
42,"slacking",20,0,1079.75,1667.1542435737,80,4.5,0,0,0,0,0
42,"efficiency",35,0,1083.75,1671.1542435737,82,4,0,0,0,0,0
42,"quality",30,0,1086.25,1673.6542435737,82,2.5,0,0,0,0,0
42,"flattery",17,0,1090,1677.4042435737,82,3.75,0,0,0,0,0
42,"lifeManagement",25,0,1118.25,1705.6542435737,82,28.25,0,0,0,0,0
42,"slacking",21,0,1122.75,1710.1542435737,82,4.5,0,0,0,0,0
42,"efficiency",36,0,1125.5,1712.9042435737,84,2.75,0,0,0,0,0
42,"quality",31,0,1129.75,1717.1542435737,84,4.25,0,0,0,0,0
42,"flattery",18,0,1134,1721.4042435737,84,4.25,0,0,0,0,0
42,"lifeManagement",26,0,1137,1724.4042435737,84,3,0,0,0,0,0
42,"slacking",22,0,1141.25,1728.6542435737,84,4.25,0,0,0,0,0
42,"efficiency",37,0,1144.5,1731.9042435737,86,3.25,0,0,0,0,0
42,"flattery",19,0,1147.25,1734.6542435737,86,2.75,0,0,0,0,0
42,"lifeManagement",27,0,1155.25,1742.6542435737,86,8,0,0,0,0,0
42,"quality",32,0,1171,1831.0058979232,87,15.75,0,0,0,0,0
42,"slacking",23,0,1174.5,1834.5058979232,87,3.5,0,0,0,0,0
42,"efficiency",38,0,1177.75,1837.7558979232,88,3.25,0,0.057692307692307696,0,0,0.057692307692307696
42,"flattery",20,0,1182.75,1842.7558979232,88,5,0,0,0,0,0
42,"lifeManagement",28,0,1185,1845.0058979232,88,2.25,0.1149425287356322,0.0574712643678161,0.1724137931034483,0,0.0574712643678161
42,"quality",33,0,1188.5,1848.5058979232,89,3.5,0,0,0,0,0
42,"slacking",24,0,1194,1854.0058979232,89,5.5,0,0,0,0,0
42,"efficiency",39,0,1196.25,1856.2558979232,90,2.25,0,0,0,0,0
42,"lifeManagement",29,0,1226.75,1886.7558979232,90,30.5,0,0,0,0,0
42,"quality",34,0,1229,1889.0058979232,91,2.25,0,0,0,0,0
42,"flattery",21,0,1231.25,1891.2558979232,91,2.25,0,0,0,0,0
42,"slacking",25,0,1234.25,1894.2558979232,91,3,0,0,0,0,0
42,"efficiency",40,0,1237.5,1897.5058979232,92,3.25,0,0,0,0,0
42,"quality",35,0,1240,1900.0058979232,93,2.5,0,0,0,0,0
42,"flattery",22,0,1242.5,1902.5058979232,93,2.5,0,0,0,0,0
42,"lifeManagement",30,0,1246.5,1906.5058979232,93,4,0,0,0,0,0
42,"slacking",26,0,1248.5,1908.5058979232,93,2,0,0,0,0,0
42,"efficiency",41,0,1251.5,1911.5058979232,94,3,0,0,0,0,0
42,"quality",36,0,1255,1915.0058979232,95,3.5,0,0,0,0,0
42,"flattery",23,0,1262.5,1922.5058979232,95,7.5,0,0,0,0,0
42,"lifeManagement",31,0,1278.25,2011.247207402,95,15.75,0,0,0,0,0
42,"slacking",27,0,1282.25,2015.247207402,96,4,0,0,0,0,0
42,"efficiency",42,0,1284.75,2017.747207402,97,2.5,0,0,0,0,0
42,"lifeManagement",32,0,1288,2020.997207402,97,3.25,0,0,0,0,0
42,"quality",37,0,1290.75,2023.747207402,98,2.75,0,0,0,0,0
42,"flattery",24,0,1294,2026.997207402,98,3.25,0,0,0,0,0
42,"slacking",28,0,1297,2029.997207402,98,3,0,0,0,0,0
42,"efficiency",43,0,1299.25,2032.247207402,99,2.25,0,0,0,0,0
42,"quality",38,0,1302.75,2035.747207402,100,3.5,0,0,0,0,0
42,"flattery",25,0,1305.75,2038.747207402,100,3,0,0,0,0,0
42,"lifeManagement",33,0,1333,2065.997207402,100,27.25,0,0,0,0,0
42,"slacking",29,0,1336.5,2069.497207402,100,3.5,0,0,0,0,0
42,"efficiency",44,0,1339.25,2072.247207402,102,2.75,0,0,0,0,0
42,"flattery",26,0,1342.25,2075.247207402,102,3,0,0,0,0,0
42,"lifeManagement",34,0,1345.25,2078.247207402,102,3,0,0,0,0,0
42,"quality",39,0,1348.75,2081.747207402,103,3.5,0,0,0,0,0
42,"slacking",30,0,1352.25,2085.247207402,103,3.5,0,0,0,0,0
42,"efficiency",45,0,1355,2087.997207402,104,2.75,0,0,0,0,0
42,"quality",40,0,1357.5,2090.497207402,105,2.5,0,0,0,0,0
42,"flattery",27,0,1360,2092.997207402,105,2.5,0,0,0,0,0
42,"lifeManagement",35,0,1365,2097.997207402,105,5,0,0,0,0,0
42,"slacking",31,0,1385.5,2191.472149682,105,20.5,0,0,0,0,0
42,"efficiency",46,0,1390,2195.972149682,107,4.5,0,0,0,0,0
42,"lifeManagement",36,0,1393.25,2199.222149682,107,3.25,0,0,0,0,0
42,"quality",41,0,1397.75,2203.722149682,108,4.5,0,0,0,0,0
42,"flattery",28,0,1401,2206.972149682,108,3.25,0,0,0,0,0
42,"slacking",32,0,1404.5,2210.472149682,108,3.5,0,0,0,0,0
42,"efficiency",47,0,1410.75,2216.722149682,109,6.25,0,0,0,0,0
42,"flattery",29,0,1413.5,2219.472149682,110,2.75,0,0,0,0,0
42,"lifeManagement",37,0,1440.5,2246.472149682,110,27,0,0,0,0,0
42,"quality",42,0,1442.75,2248.722149682,111,2.25,0,0,0,0,0
42,"slacking",33,0,1445.75,2251.722149682,111,3,0,0,0,0,0
42,"efficiency",48,0,1449,2254.972149682,112,3.25,0,0,0,0,0
42,"quality",43,0,1451.75,2257.722149682,113,2.75,0,0,0,0,0
42,"flattery",30,0,1455,2260.972149682,113,3.25,0,0,0,0,0
42,"lifeManagement",38,0,1458.5,2264.472149682,113,3.5,0,0,0,0,0
42,"slacking",34,0,1462.25,2268.222149682,113,3.75,0,0,0,0,0
42,"efficiency",49,0,1466.25,2272.222149682,115,4,0,0,0,0,0
42,"quality",44,0,1495,2370.1497182808,116,28.75,0,0,0,0,0
42,"flattery",31,0,1498.75,2373.8997182808,116,3.75,0,0,0,0,0
42,"lifeManagement",39,0,1501,2376.1497182808,116,2.25,0,0,0,0,0
42,"slacking",35,0,1504,2379.1497182808,116,3,0,0,0,0,0
42,"efficiency",50,0,1508.5,2383.6497182808,118,4.5,0,0,0,0,0
42,"lifeManagement",40,0,1513.5,2388.6497182808,118,5,0,0,0,0,0
42,"quality",45,0,1516.75,2391.8997182808,119,3.25,0,0,0,0,0
42,"flattery",32,0,1520.25,2395.3997182808,119,3.5,0,0,0,0,0
42,"slacking",36,0,1523.75,2398.8997182808,119,3.5,0,0,0,0,0
42,"efficiency",51,0,1551,2426.1497182808,121,27.25,0,0,0,0,0
42,"lifeManagement",41,0,1554.5,2429.6497182808,121,3.5,0,0,0,0,0
42,"quality",46,0,1557.5,2432.6497182808,122,3,0,0,0,0,0
42,"flattery",33,0,1560,2435.1497182808,122,2.5,0,0,0,0,0
42,"slacking",37,0,1563.25,2438.3997182808,122,3.25,0,0,0,0,0
42,"efficiency",52,0,1566.75,2441.8997182808,124,3.5,0,0,0,0,0
42,"lifeManagement",42,0,1569.5,2444.6497182808,124,2.75,0,0,0,0,0
42,"quality",47,0,1573.75,2448.8997182808,125,4.25,0,0,0,0,0
42,"flattery",34,0,1576.25,2451.3997182808,125,2.5,0,0,0,0,0
42,"slacking",38,0,1579,2454.1497182808,125,2.75,0,0,0,0,0
42,"efficiency",53,0,1583,2458.1497182808,127,4,0,0,0,0,0
42,"lifeManagement",43,0,1611.5,2551.0667642846,127,28.5,0,0,0,0,0
42,"quality",48,0,1614.75,2554.3167642846,128,3.25,0.04477611940298508,0,0,0.08955223880597016,0
42,"flattery",35,0,1618,2557.5667642846,128,3.25,0,0,0,0,0
42,"slacking",39,0,1621.25,2560.8167642846,128,3.25,0,0,0,0,0
42,"efficiency",54,0,1625,2564.5667642846,130,3.75,0,0,0,0,0
42,"quality",49,0,1628.5,2568.0667642846,131,3.5,0,0,0,0,0
42,"flattery",36,0,1632,2571.5667642846,131,3.5,0,0,0,0,0
42,"lifeManagement",44,0,1634.75,2574.3167642846,131,2.75,0,0,0,0,0
42,"slacking",40,0,1639.75,2579.3167642846,131,5,0,0,0,0,0
42,"efficiency",55,0,1667,2606.5667642846,133,27.25,0,0,0,0,0
42,"flattery",37,0,1671.25,2610.8167642846,134,4.25,0,0,0,0,0
42,"lifeManagement",45,0,1675,2614.5667642846,134,3.75,0,0,0,0,0
42,"quality",50,0,1678.5,2618.0667642846,135,3.5,0,0,0,0,0
42,"slacking",41,0,1681.5,2621.0667642846,135,3,0,0,0,0,0
42,"efficiency",56,0,1684.75,2624.3167642846,137,3.25,0,0,0,0,0
42,"lifeManagement",46,0,1688,2627.5667642846,137,3.25,0,0,0,0,0
42,"quality",51,0,1690.5,2630.0667642846,138,2.5,0,0,0,0,0
42,"flattery",38,0,1693,2632.5667642846,138,2.5,0,0,0,0,0
42,"slacking",42,0,1696.5,2636.0667642846,138,3.5,0,0,0,0,0
42,"efficiency",57,0,1715.5,2728.8666212266,140,19,0,0,0,0,0
42,"quality",52,0,1718.75,2732.1166212266,141,3.25,0,0,0,0,0
42,"flattery",39,0,1724,2737.3666212266,141,5.25,0.0684931506849315,0.136986301369863,0,0,0.03424657534246575
42,"lifeManagement",47,0,1729.5,2742.8666212266,141,5.5,0,0,0,0,0
42,"slacking",43,0,1733.25,2746.6166212266,142,3.75,0,0.03498542274052478,0.03498542274052478,0,0
42,"efficiency",58,0,1738.75,2752.1166212266,143,5.5,0,0,0,0,0
42,"lifeManagement",48,0,1743.25,2756.6166212266,144,4.5,0.10995723885155773,0.03665241295051924,0.03665241295051924,0,0.03665241295051924
42,"quality",53,0,1771.25,2784.6166212266,145,28,0,0,0,0,0
42,"flattery",40,0,1774,2787.3666212266,145,2.75,0,0,0,0,0
42,"slacking",44,0,1776.75,2790.1166212266,145,2.75,0,0.04769475357710652,0,0,0
42,"efficiency",59,0,1779.75,2793.1166212266,147,3,0,0,0,0,0
42,"flattery",41,0,1783.25,2796.6166212266,148,3.5,0,0,0,0,0
42,"lifeManagement",49,0,1786.25,2799.6166212266,148,3,0,0,0,0,0
42,"quality",54,0,1788.25,2801.6166212266,149,2,0,0,0,0,0
42,"slacking",45,0,1791.5,2804.8666212266,149,3.25,0,0,0,0,0
42,"efficiency",60,0,1794,2807.3666212266,151,2.5,0,0,0,0,0
42,"lifeManagement",50,0,1798,2811.3666212266,151,4,0,0,0,0,0
42,"quality",55,0,1801.5,2814.8666212266,152,3.5,0.03535651149086623,0,0,0.07071302298173246,0
42,"flattery",42,0,1809.25,2822.6166212266,152,7.75,0,0,0,0,0
42,"slacking",46,0,1814.5,2827.8666212266,152,5.25,0,0,0,0,0
42,"efficiency",61,0,1823,2909.2711636949,154,8.5,0,0,0,0,0
42,"lifeManagement",51,0,1826.5,2912.7711636949,155,3.5,0,0,0,0,0
42,"quality",56,0,1829.75,2916.0211636949,156,3.25,0,0,0,0,0
42,"flattery",43,0,1829.75,2916.0211636949,156,0,0,0,0,0,0
42,"slacking",47,0,1832.25,2918.5211636949,156,2.5,0,0,0,0,0
42,"efficiency",62,0,1835,2921.2711636949,158,2.75,0,0.023932987634623055,0.023932987634623055,0,0.023932987634623055
42,"lifeManagement",52,0,1840,2926.2711636949,159,5,0,0,0,0,0
42,"quality",57,0,1842.75,2929.0211636949,160,2.75,0,0,0,0,0
42,"flattery",44,0,1846.25,2932.5211636949,160,3.5,0,0.024077046548956663,0,0,0
42,"slacking",48,0,1850.5,2936.7711636949,160,4.25,0.0502302218501465,0.100460443700293,0.100460443700293,0.07534533277521975,0
42,"efficiency",63,0,1853.75,2940.0211636949,162,3.25,0,0,0,0,0
42,"lifeManagement",53,0,1880.5,2966.7711636949,163,26.75,0,0,0,0,0
42,"quality",58,0,1882.75,2969.0211636949,164,2.25,0,0,0,0,0
42,"flattery",45,0,1886.5,2972.7711636949,164,3.75,0,0,0,0,0
42,"slacking",49,0,1889.75,2976.0211636949,164,3.25,0,0,0,0,0
42,"efficiency",64,0,1892.25,2978.5211636949,166,2.5,0,0.033185840707964605,0.033185840707964605,0,0.033185840707964605
42,"lifeManagement",54,0,1895.25,2981.5211636949,167,3,0,0,0,0,0
42,"quality",59,0,1898.5,2984.7711636949,168,3.25,0,0,0,0,0
42,"flattery",46,0,1902.25,2988.5211636949,168,3.75,0,0,0,0,0
42,"slacking",50,0,1905.25,2991.5211636949,168,3,0,0,0,0,0
42,"efficiency",65,0,1908,2994.2711636949,170,2.75,0,0,0,0,0
42,"lifeManagement",55,0,1911.5,2997.7711636949,171,3.5,0,0,0,0,0
42,"quality",60,0,1931,3091.6792052556,172,19.5,0,0,0,0,0
42,"flattery",47,0,1934.5,3095.1792052556,172,3.5,0,0,0,0,0
42,"slacking",51,0,1938.25,3098.9292052556,172,3.75,0,0,0,0,0
42,"efficiency",66,0,1943.75,3104.4292052556,175,5.5,0,0,0,0,0
42,"lifeManagement",56,0,1948.25,3108.9292052556,175,4.5,0,0,0,0,0
42,"quality",61,0,1953.5,3114.1792052556,176,5.25,0,0,0,0,0
42,"flattery",48,0,1957.25,3117.9292052556,176,3.75,0,0,0,0,0
42,"slacking",52,0,1984.75,3145.4292052556,177,27.5,0,0,0,0,0
42,"efficiency",67,0,1988,3148.6792052556,179,3.25,0,0,0,0,0
42,"flattery",49,0,1990,3150.6792052556,180,2,0.15122873345935728,0.03780718336483932,0,0,0.03780718336483932
42,"lifeManagement",57,0,1993.25,3153.9292052556,180,3.25,0,0,0,0,0
42,"quality",62,0,1995.5,3156.1792052556,181,2.25,0.034863451481696686,0,0.06972690296339337,0.034863451481696686,0
42,"slacking",53,0,1999.75,3160.4292052556,181,4.25,0,0,0,0,0
42,"efficiency",68,0,2002.75,3163.4292052556,184,3,0,0,0,0,0
42,"lifeManagement",58,0,2005.75,3166.4292052556,184,3,0,0,0,0,0
42,"quality",63,0,2009.25,3169.9292052556,185,3.5,0,0,0,0,0
42,"flattery",50,0,2011.75,3172.4292052556,185,2.5,0,0,0,0,0
42,"slacking",54,0,2014.5,3175.1792052556,186,2.75,0,0,0,0,0
42,"efficiency",69,0,2022,3182.6792052556,188,7.5,0,0,0,0,0
42,"lifeManagement",59,0,2027,3187.6792052556,189,5,0,0,0,0,0
42,"quality",64,0,2035.5,3269.4344205501,190,8.5,0,0,0,0,0
42,"flattery",51,0,2036,3269.9344205501,190,0.5,0,0,0,0,0
42,"slacking",55,0,2038.75,3272.6844205501,190,2.75,0,0,0,0,0
42,"efficiency",70,0,2042,3275.9344205501,193,3.25,0,0,0,0,0
42,"flattery",52,0,2045.25,3279.1844205501,194,3.25,0,0,0,0,0
42,"lifeManagement",60,0,2048.5,3282.4344205501,194,3.25,0,0,0,0,0
42,"quality",65,0,2051.75,3285.6844205501,195,3.25,0,0,0,0,0
42,"slacking",56,0,2054.5,3288.4344205501,195,2.75,0,0.03824091778202677,0.019120458891013385,0,0
42,"efficiency",71,0,2058.5,3292.4344205501,198,4,0,0,0,0,0
42,"lifeManagement",61,0,2061.25,3295.1844205501,198,2.75,0.09612303748798462,0.038449214995193846,0.019224607497596923,0,0.038449214995193846
42,"flattery",53,0,2065,3298.9344205501,199,3.75,0,0,0,0,0
42,"quality",66,0,2092.75,3326.6844205501,200,27.75,0,0,0,0,0
42,"slacking",57,0,2095.25,3329.1844205501,200,2.5,0,0,0,0,0
42,"efficiency",72,0,2098.5,3332.4344205501,203,3.25,0,0,0,0,0
42,"lifeManagement",62,0,2103.25,3337.1844205501,203,4.75,0,0,0,0,0
42,"flattery",54,0,2105.5,3339.4344205501,204,2.25,0,0,0,0,0
42,"quality",67,0,2108.75,3342.6844205501,205,3.25,0,0,0,0,0
42,"slacking",58,0,2111.75,3345.6844205501,205,3,0,0,0,0,0
42,"efficiency",73,0,2114.75,3348.6844205501,208,3,0,0,0,0,0
42,"flattery",55,0,2117.5,3351.4344205501,209,2.75,0,0,0,0,0
42,"lifeManagement",63,0,2120.75,3354.6844205501,209,3.25,0.025630072618539085,0,0.05126014523707817,0,0
42,"quality",68,0,2123.75,3357.6844205501,210,3,0.051903114186851215,0,0.07785467128027682,0.07785467128027682,0
42,"slacking",59,0,2133.75,3367.6844205501,210,10,0,0,0,0,0
42,"efficiency",74,0,2142.25,3449.6336825686,213,8.5,0,0,0,0,0
42,"flattery",56,0,2146.25,3453.6336825686,214,4,0,0,0,0,0
42,"lifeManagement",64,0,2149.5,3456.8836825686,214,3.25,0,0,0,0,0
42,"quality",69,0,2152.25,3459.6336825686,215,2.75,0,0,0,0,0
42,"slacking",60,0,2156.5,3463.8836825686,215,4.25,0,0,0,0,0
42,"efficiency",75,0,2160.75,3468.1336825686,218,4.25,0,0,0,0,0
42,"lifeManagement",65,0,2165.5,3472.8836825686,219,4.75,0,0,0,0,0
42,"quality",70,0,2169.25,3476.6336825686,220,3.75,0,0,0,0,0
42,"flattery",57,0,2172.5,3479.8836825686,220,3.25,0,0,0,0,0
42,"slacking",61,0,2199.75,3507.1336825686,220,27.25,0,0,0,0,0
42,"efficiency",76,0,2202.75,3510.1336825686,224,3,0,0,0,0,0
42,"flattery",58,0,2206.5,3513.8836825686,225,3.75,0.05589194224499302,0,0,0,0
42,"lifeManagement",66,0,2210.75,3518.1336825686,225,4.25,0,0,0,0,0
42,"quality",71,0,2215,3522.3836825686,226,4.25,0,0,0,0,0
42,"slacking",62,0,2218.5,3525.8836825686,226,3.5,0.08522727272727272,0.14204545454545453,0.14204545454545453,0.11363636363636363,0
42,"efficiency",77,0,2223.25,3530.6336825686,229,4.75,0,0,0,0,0
42,"lifeManagement",67,0,2226.75,3534.1336825686,230,3.5,0,0,0,0,0
42,"quality",72,0,2235,3542.3836825686,231,8.25,0,0,0,0,0
42,"flattery",59,0,2252,3634.1013291615,231,17,0,0,0,0,0
42,"slacking",63,0,2256.25,3638.3513291615,232,4.25,0,0,0,0,0
42,"efficiency",78,0,2260.5,3642.6013291615,235,4.25,0,0.024135156878519713,0.024135156878519713,0,0.024135156878519713
42,"lifeManagement",68,0,2265,3647.1013291615,236,4.5,0,0,0,0,0
42,"quality",73,0,2270,3652.1013291615,237,5,0,0,0,0,0
42,"flattery",60,0,2274.25,3656.3513291615,237,4.25,0,0,0,0,0
42,"slacking",64,0,2302.5,3684.6013291615,237,28.25,0,0,0,0,0
42,"efficiency",79,0,2305,3687.1013291615,241,2.5,0,0,0,0,0
42,"flattery",61,0,2307.75,3689.8513291615,242,2.75,0.14534883720930233,0.029069767441860465,0,0,0.029069767441860465
42,"lifeManagement",69,0,2311.25,3693.3513291615,242,3.5,0.11075219197046608,0,0.16612828795569912,0,0
42,"quality",74,0,2315.25,3697.3513291615,243,4,0,0,0,0,0
42,"slacking",65,0,2318.25,3700.3513291615,243,3,0.052401746724890834,0.10480349344978167,0.10480349344978167,0.07860262008733625,0
42,"efficiency",80,0,2321.25,3703.3513291615,247,3,0,0,0,0,0
42,"lifeManagement",70,0,2324.75,3706.8513291615,248,3.5,0,0,0,0,0
42,"quality",75,0,2327.75,3709.8513291615,249,3,0,0,0,0,0
42,"flattery",62,0,2331.75,3713.8513291615,249,4,0,0,0,0,0
42,"slacking",66,0,2335,3717.1013291615,249,3.25,0,0,0,0,0
42,"efficiency",81,0,2355,3811.7608635759,253,20,0,0,0,0,0
42,"lifeManagement",71,0,2360.5,3817.2608635759,254,5.5,0,0,0,0,0
42,"quality",76,0,2365,3821.7608635759,255,4.5,0,0,0,0,0
42,"flattery",63,0,2365,3821.7608635759,255,0,0,0,0,0,0
42,"slacking",67,0,2365,3821.7608635759,256,0,0,0,0,0,0
42,"efficiency",82,0,2367.75,3824.5108635759,259,2.75,0,0,0,0,0
42,"lifeManagement",72,0,2371.75,3828.5108635759,260,4,0,0,0,0,0
42,"flattery",64,0,2375.25,3832.0108635759,261,3.5,0,0,0,0,0
42,"quality",77,0,2379.25,3836.0108635759,262,4,0,0,0,0,0
42,"slacking",68,0,2382.75,3839.5108635759,262,3.5,0,0,0,0,0
42,"efficiency",83,0,2411,3867.7608635759,266,28.25,0,0,0,0,0
42,"lifeManagement",73,0,2414.5,3871.2608635759,267,3.5,0,0,0,0,0
42,"quality",78,0,2418.5,3875.2608635759,268,4,0,0,0,0,0
42,"flattery",65,0,2421.25,3878.0108635759,268,2.75,0.039177277179236046,0.09794319294809012,0,0.058765915768854066,0
42,"slacking",69,0,2425.25,3882.0108635759,269,4,0,0,0,0,0
42,"efficiency",84,0,2428.5,3885.2608635759,272,3.25,0,0,0,0,0
42,"lifeManagement",74,0,2432.25,3889.0108635759,273,3.75,0,0,0,0,0
42,"flattery",66,0,2435.25,3892.0108635759,274,3,0,0,0,0.022238695329873978,0
42,"quality",79,0,2438.5,3895.2608635759,275,3.25,0,0,0,0,0
42,"slacking",70,0,2445.5,3902.2608635759,275,7,0,0,0,0,0
42,"efficiency",85,0,2459.75,3991.5459827734,279,14.25,0,0,0,0,0
42,"lifeManagement",75,0,2462.75,3994.5459827734,280,3,0.1115933044017359,0.037197768133911964,0.018598884066955982,0,0.037197768133911964
42,"flattery",67,0,2468,3999.7959827734,281,5.25,0,0,0,0,0
42,"quality",80,0,2471.25,4003.0459827734,282,3.25,0,0,0,0,0
42,"slacking",71,0,2476.5,4008.2959827734,282,5.25,0.035046728971962614,0.08761682242990654,0.07009345794392523,0.052570093457943924,0
42,"efficiency",86,0,2480.5,4012.2959827734,286,4,0,0,0,0,0
42,"lifeManagement",76,0,2485.75,4017.5459827734,287,5.25,0,0,0,0,0
42,"flattery",68,0,2513.25,4045.0459827734,288,27.5,0,0,0,0,0
42,"quality",81,0,2516.5,4048.2959827734,289,3.25,0,0,0,0,0
42,"slacking",72,0,2520.5,4052.2959827734,289,4,0,0,0,0,0
42,"efficiency",87,0,2523.25,4055.0459827734,293,2.75,0,0,0,0,0
42,"lifeManagement",77,0,2527.25,4059.0459827734,294,4,0.02306805074971165,0,0,0,0
42,"flattery",69,0,2531.5,4063.2959827734,295,4.25,0,0,0,0,0
42,"quality",82,0,2534.75,4066.5459827734,296,3.25,0.02223045572434235,0,0.0889218228973694,0.06669136717302705,0
42,"slacking",73,0,2539.25,4071.0459827734,296,4.5,0,0,0,0,0
42,"efficiency",88,0,2542.5,4074.2959827734,300,3.25,0,0,0,0,0
42,"lifeManagement",78,0,2588.5,4195.2486159167,302,46,0,0,0,0,0
42,"quality",83,0,2592.75,4199.4986159167,303,4.25,0,0,0,0,0
42,"flattery",70,0,2597.25,4203.9986159167,303,4.5,0,0,0,0,0
42,"slacking",74,0,2601.25,4207.9986159167,304,4,0,0,0,0,0
42,"efficiency",89,0,2606,4212.7486159167,308,4.75,0,0,0,0,0
42,"lifeManagement",79,0,2611.5,4218.2486159167,309,5.5,0,0,0,0,0
42,"flattery",71,0,2616.75,4223.4986159167,310,5.25,0,0,0,0,0
42,"quality",84,0,2620.75,4227.4986159167,311,4,0,0,0.0272975432211101,0,0
42,"slacking",75,0,2626.5,4233.2486159167,311,5.75,0,0,0,0,0
42,"efficiency",90,0,2632,4238.7486159167,316,5.5,0,0,0,0,0
42,"lifeManagement",80,0,2637.25,4243.9986159167,317,5.25,0,0,0,0,0
42,"flattery",72,0,2641.5,4248.2486159167,318,4.25,0,0,0,0,0
42,"quality",85,0,2649,4255.7486159167,319,7.5,0.08071025020177562,0,0.11299435028248588,0.09685230024213075,0
42,"slacking",76,1,2666,4350.0270472892,319,17,0,0,0,0,0
42,"efficiency",91,1,2667.5,4351.5270472892,324,1.5,0,0,0,0,0
42,"lifeManagement",81,1,2669.5,4353.5270472892,325,2,0,0,0,0,0
42,"flattery",73,1,2670.75,4354.7770472892,326,1.25,0,0,0,0,0
42,"quality",86,1,2672.25,4356.2770472892,327,1.5,0,0,0,0,0
42,"slacking",77,1,2674.25,4358.2770472892,327,2,0,0,0,0,0
42,"efficiency",92,1,2676,4360.0270472892,332,1.75,0,0,0,0,0
42,"lifeManagement",82,1,2679,4363.0270472892,333,3,0,0,0,0,0
42,"flattery",74,1,2682.5,4366.5270472892,334,3.5,0,0,0,0,0
42,"quality",87,1,2685.75,4369.7770472892,335,3.25,0,0,0,0,0
42,"slacking",78,1,2690,4374.0270472892,335,4.25,0,0,0,0,0
42,"efficiency",93,1,2693.75,4377.7770472892,340,3.75,0,0,0,0,0
42,"lifeManagement",83,1,2721,4405.0270472892,341,27.25,0,0,0,0,0
42,"flattery",75,1,2724.75,4408.7770472892,342,3.75,0,0,0,0,0
42,"quality",88,1,2726.75,4410.7770472892,343,2,0,0,0,0,0
42,"slacking",79,1,2730.25,4414.2770472892,344,3.5,0,0,0,0,0
42,"efficiency",94,1,2732,4416.0270472892,348,1.75,0,0,0,0,0
42,"lifeManagement",84,1,2734.5,4418.5270472892,350,2.5,0,0,0,0,0
42,"flattery",76,1,2737,4421.0270472892,351,2.5,0,0,0,0,0
42,"quality",89,1,2738.25,4422.2770472892,352,1.25,0,0,0,0,0
42,"slacking",80,1,2740.5,4424.5270472892,352,2.25,0,0,0,0,0
42,"efficiency",95,1,2742.25,4426.2770472892,357,1.75,0,0,0,0,0
42,"lifeManagement",85,1,2745.25,4429.2770472892,359,3,0,0,0,0,0
42,"flattery",77,1,2747.5,4431.5270472892,360,2.25,0,0,0,0,0
42,"quality",90,1,2751.25,4435.2770472892,361,3.75,0,0,0,0,0
42,"slacking",81,1,2753.5,4437.5270472892,361,2.25,0,0,0,0,0
42,"efficiency",96,1,2771.5,4530.0170899521,366,18,0,0,0,0,0
42,"lifeManagement",86,1,2776.5,4535.0170899521,368,5,0,0,0,0,0
42,"flattery",78,1,2779.5,4538.0170899521,369,3,0,0,0,0,0
42,"quality",91,1,2782.5,4541.0170899521,370,3,0,0,0,0,0
42,"slacking",82,1,2782.5,4541.0170899521,370,0,0,0,0,0,0
42,"efficiency",97,1,2782.5,4541.0170899521,375,0,0,0,0,0,0
42,"lifeManagement",87,1,2782.5,4541.0170899521,377,0,0,0,0,0,0
42,"flattery",79,1,2782.5,4541.0170899521,378,0,0,0,0,0,0
42,"quality",92,1,2785.75,4544.2670899521,379,3.25,0.016244754298091243,0,0.04061188574522811,0.032489508596182486,0
42,"slacking",83,1,2788.5,4547.0170899521,379,2.75,0,0,0,0,0
42,"efficiency",98,1,2792.25,4550.7670899521,384,3.75,0,0,0,0,0
42,"lifeManagement",88,1,2795.75,4554.2670899521,386,3.5,0,0,0,0,0
42,"flattery",80,1,2799,4557.5170899521,387,3.25,0,0,0,0,0
42,"quality",93,1,2827.25,4585.7670899521,388,28.25,0,0,0,0,0
42,"slacking",84,1,2829,4587.5170899521,389,1.75,0,0,0,0,0
42,"efficiency",99,1,2831.75,4590.2670899521,394,2.75,0,0,0,0,0
42,"lifeManagement",89,1,2835.75,4594.2670899521,396,4,0,0,0,0,0
42,"flattery",81,1,2837.5,4596.0170899521,397,1.75,0,0,0,0,0
42,"quality",94,1,2842.5,4601.0170899521,398,5,0,0,0,0,0
42,"slacking",85,1,2846,4604.5170899521,398,3.5,0,0,0,0,0
42,"efficiency",100,1,2848,4606.5170899521,404,2,0,0,0,0,0
42,"lifeManagement",90,1,2851,4609.5170899521,406,3,0,0,0,0,0
42,"flattery",82,1,2853.25,4611.7670899521,407,2.25,0.064034151547492,0,0,0.0896478121664888,0
42,"quality",95,1,2857.25,4615.7670899521,408,4,0,0,0,0,0
42,"slacking",86,1,2859,4617.5170899521,408,1.75,0,0,0,0,0
42,"efficiency",101,1,2876.25,4709.1666023478,414,17.25,0,0,0,0,0
42,"lifeManagement",91,1,2880.25,4713.1666023478,416,4,0,0,0,0,0
42,"flattery",83,1,2882.5,4715.4166023478,417,2.25,0,0,0,0,0
42,"quality",96,1,2885,4717.9166023478,418,2.5,0,0,0,0,0
42,"slacking",87,1,2887.75,4720.6666023478,419,2.75,0,0,0,0,0
42,"lifeManagement",92,1,2891.25,4724.1666023478,426,3.5,0,0,0,0,0
42,"flattery",84,1,2895.25,4728.1666023478,428,4,0,0,0,0,0
42,"quality",97,1,2898.5,4731.4166023478,429,3.25,0,0,0,0,0
42,"slacking",88,1,2901.75,4734.6666023478,429,3.25,0,0,0,0,0
42,"efficiency",102,1,2905.75,4738.6666023478,431,4,0,0,0,0,0
42,"lifeManagement",93,1,2932.75,4765.6666023478,437,27,0,0,0,0,0
42,"flattery",85,1,2936,4768.9166023478,438,3.25,0.012414649286157667,0,0,0.012414649286157667,0
42,"quality",98,1,2938.25,4771.1666023478,439,2.25,0,0,0,0,0
42,"slacking",89,1,2941,4773.9166023478,440,2.75,0.07175602949970102,0.09567470599960136,0.08371536774965119,0.07175602949970102,0
42,"efficiency",103,1,2944.5,4777.4166023478,448,3.5,0,0,0,0,0
42,"lifeManagement",94,1,2948.75,4781.6666023478,448,4.25,0,0,0,0,0
42,"flattery",86,1,2951,4783.9166023478,449,2.25,0,0,0,0,0
42,"quality",99,1,2955,4787.9166023478,450,4,0,0,0,0,0
42,"slacking",90,1,2957.5,4790.4166023478,451,2.5,0,0,0,0,0
42,"lifeManagement",95,1,2960.5,4793.4166023478,459,3,0,0,0,0,0
42,"flattery",87,1,2963,4795.9166023478,460,2.5,0,0,0,0,0
42,"quality",100,1,2981.25,4888.9807453218,462,18.25,0,0,0,0,0
42,"slacking",91,1,2985,4892.7307453218,462,3.75,0,0,0,0,0
42,"efficiency",104,1,2989,4896.7307453218,466,4,0,0,0,0,0
42,"lifeManagement",96,1,2991.5,4899.2307453218,470,2.5,0,0,0,0,0
42,"flattery",88,1,2991.5,4899.2307453218,472,0,0,0,0,0,0
42,"quality",101,1,2991.5,4899.2307453218,473,0,0,0,0,0,0
42,"slacking",92,1,2991.5,4899.2307453218,473,0,0,0,0,0,0
42,"lifeManagement",97,1,2995.5,4903.2307453218,482,4,0,0,0,0,0
42,"flattery",89,1,3000.5,4908.2307453218,484,5,0,0,0,0,0
42,"efficiency",105,1,3004.25,4911.9807453218,485,3.75,0,0,0,0,0
42,"slacking",93,1,3009.5,4917.2307453218,485,5.25,0,0,0,0,0
42,"quality",102,1,3037.5,4945.2307453218,492,28,0,0,0,0,0
42,"lifeManagement",98,1,3040.5,4948.2307453218,494,3,0,0,0,0,0
42,"flattery",90,1,3044,4951.7307453218,496,3.5,0,0,0,0,0
42,"slacking",94,1,3046.5,4954.2307453218,497,2.5,0,0,0,0,0
42,"efficiency",106,1,3049.5,4957.2307453218,504,3,0,0,0,0,0
42,"lifeManagement",99,1,3053,4960.7307453218,507,3.5,0,0,0,0,0
42,"flattery",91,1,3055.75,4963.4807453218,508,2.75,0,0,0,0,0
42,"slacking",95,1,3059.25,4966.9807453218,510,3.5,0,0,0,0,0
42,"quality",103,1,3063.5,4971.2307453218,512,4.25,0,0,0,0,0
42,"lifeManagement",100,1,3066.75,4974.4807453218,519,3.25,0,0,0,0,0
42,"flattery",92,1,3069,4976.7307453218,521,2.25,0,0,0,0,0
42,"slacking",96,1,3080.75,4988.4807453218,523,11.75,0,0,0,0,0
42,"efficiency",107,1,3080.75,4988.4807453218,525,0,0,0,0,0,0
42,"lifeManagement",101,1,3080.75,4988.4807453218,532,0,0,0,0,0,0
42,"quality",104,1,3088.75,5069.8687339516,533,8,0,0,0,0,0
42,"flattery",93,1,3092,5073.1187339516,534,3.25,0,0,0,0,0
42,"slacking",97,1,3096,5077.1187339516,536,4,0,0,0,0,0
42,"efficiency",108,1,3099,5080.1187339516,546,3,0,0,0,0,0
42,"flattery",94,1,3102.5,5083.6187339516,547,3.5,0,0,0,0,0
42,"slacking",98,1,3106.5,5087.6187339516,549,4,0,0,0,0,0
42,"quality",105,1,3110,5091.1187339516,554,3.5,0,0,0,0,0
42,"lifeManagement",102,1,3114.25,5095.3687339516,554,4.25,0,0,0,0,0
42,"flattery",95,1,3117.5,5098.6187339516,561,3.25,0,0,0,0,0
42,"slacking",99,1,3145.25,5126.3687339516,563,27.75,0,0,0,0,0
42,"efficiency",109,1,3148.75,5129.8687339516,568,3.5,0,0,0,0,0
42,"flattery",96,1,3152.5,5133.6187339516,575,3.75,0,0,0,0,0
42,"quality",106,1,3154.25,5135.3687339516,576,1.75,0,0,0,0,0
42,"lifeManagement",103,1,3157.5,5138.6187339516,576,3.25,0,0,0,0,0
42,"slacking",100,1,3160.5,5141.6187339516,577,3,0,0,0,0,0
42,"flattery",97,1,3163.5,5144.6187339516,589,3,0,0,0,0,0
42,"efficiency",110,1,3166.5,5147.6187339516,591,3,0,0,0,0,0
42,"slacking",101,1,3169,5150.1187339516,591,2.5,0.10348071495766699,0,0,0,0
42,"lifeManagement",104,1,3173.25,5154.3687339516,599,4.25,0,0,0,0,0
42,"quality",107,1,3176.75,5157.8687339516,600,3.5,0,0,0,0,0
42,"flattery",98,1,3195.75,5251.6876393883,604,19,0,0,0,0,0
42,"efficiency",111,1,3199,5254.9376393883,615,3.25,0,0,0,0,0
42,"slacking",102,1,3202.25,5258.1876393883,615,3.25,0,0,0,0,0
42,"flattery",99,1,3205.5,5261.4376393883,619,3.25,0.03621001810500905,0,0,0,0.03621001810500905
42,"lifeManagement",105,1,3210,5265.9376393883,623,4.5,0,0,0,0,0
42,"quality",108,1,3214.5,5270.4376393883,624,4.5,0,0,0,0,0
42,"flattery",100,1,3219.5,5275.4376393883,634,5,0,0,0,0,0
42,"efficiency",112,1,3248.75,5304.6876393883,640,29.25,0,0,0,0,0
42,"slacking",103,1,3252.75,5308.6876393883,640,4,0,0,0,0,0
42,"lifeManagement",106,1,3257.75,5313.6876393883,648,5,0,0,0,0,0
42,"quality",109,1,3262.5,5318.4376393883,649,4.75,0,0,0,0,0
42,"flattery",101,1,3266,5321.9376393883,650,3.5,0,0,0,0,0
42,"efficiency",113,1,3268.75,5324.6876393883,665,2.75,0,0,0,0,0
42,"slacking",104,1,3273.25,5329.1876393883,666,4.5,0,0,0,0,0
42,"quality",110,1,3277.5,5333.4376393883,675,4.25,0,0,0,0,0
42,"lifeManagement",107,1,3280.5,5336.4376393883,675,3,0,0,0,0,0
42,"flattery",102,1,3299.5,5430.113016426,676,19,0,0,0,0,0
42,"efficiency",114,1,3303,5433.613016426,692,3.5,0,0,0,0,0
42,"slacking",105,1,3307,5437.613016426,693,4,0.14707885060601933,0.008171047255889963,0.016342094511779925,0,0
42,"lifeManagement",108,1,3311.5,5442.113016426,702,4.5,0.11708078574216209,0,0,0,0.11708078574216209
42,"quality",111,1,3316.75,5447.363016426,703,5.25,0,0,0,0,0
42,"flattery",103,1,3321,5451.613016426,704,4.25,0,0.007867820613690008,0,0,0
42,"efficiency",115,1,3325.5,5456.113016426,720,4.5,0,0,0,0,0
42,"slacking",106,1,3354.5,5485.113016426,720,29,0,0,0,0,0
42,"lifeManagement",109,1,3357.75,5488.363016426,730,3.25,0,0,0,0,0
42,"quality",112,1,3361.25,5491.863016426,731,3.5,0,0,0,0,0
42,"flattery",104,1,3365.5,5496.113016426,732,4.25,0,0,0,0,0
42,"efficiency",116,1,3369.5,5500.113016426,749,4,0,0,0,0,0
42,"slacking",107,1,3373.5,5504.113016426,750,4,0.11278195488721804,0,0,0,0
42,"quality",113,1,3378,5508.613016426,760,4.5,0,0,0,0,0
42,"lifeManagement",110,1,3381.5,5512.113016426,760,3.5,0.10854816824966079,0.21709633649932158,0,0,0.11759384893713253
42,"flattery",105,1,3386.25,5516.863016426,762,4.75,0,0,0,0,0
42,"efficiency",117,1,3398.25,5528.863016426,779,12,0,0,0,0,0
42,"slacking",108,1,3398.25,5528.863016426,780,0,0,0,0,0,0
42,"lifeManagement",111,1,3405.25,5608.7528198065,790,7,0,0,0,0,0
42,"quality",114,1,3406.5,5610.0028198065,791,1.25,0,0,0,0,0
42,"flattery",106,1,3407.5,5611.0028198065,792,1,0,0,0,0,0
42,"efficiency",118,1,3410.5,5614.0028198065,811,3,0,0,0,0,0
42,"slacking",109,1,3410.5,5614.0028198065,811,0,0,0,0,0,0
42,"lifeManagement",112,1,3414,5617.5028198065,822,3.5,0,0,0,0,0
42,"quality",115,1,3414,5617.5028198065,823,0,0,0,0,0,0
42,"flattery",107,1,3415.75,5619.2528198065,824,1.75,0.056992547128452434,0.10960105217010084,0,0.1052170100832968,0.056992547128452434
42,"efficiency",119,1,3419.75,5623.2528198065,844,4,0,0,0,0,0
42,"slacking",110,1,3424,5627.5028198065,844,4.25,0,0,0,0,0
42,"lifeManagement",113,1,3429.5,5633.0028198065,855,5.5,0,0,0,0,0
42,"quality",116,1,3435,5638.5028198065,856,5.5,0,0,0,0,0
42,"flattery",108,1,3462,5665.5028198065,858,27,0,0,0,0,0
42,"efficiency",120,1,3462,5665.5028198065,878,0,0,0,0,0,0
42,"slacking",111,1,3467.5,5671.0028198065,878,5.5,0,0,0,0,0
42,"lifeManagement",114,1,3471.75,5675.2528198065,890,4.25,0,0,0,0,0
42,"quality",117,1,3472.75,5676.2528198065,891,1,0,0,0,0,0
42,"flattery",109,1,3478.25,5681.7528198065,892,5.5,0,0,0,0,0
42,"efficiency",121,1,3482.5,5686.0028198065,913,4.25,0,0,0,0,0
42,"slacking",112,1,3487,5690.5028198065,913,4.5,0,0,0,0,0
42,"lifeManagement",115,1,3491,5694.5028198065,926,4,0,0,0,0,0
42,"quality",118,1,3510,5788.8538844134,927,19,0,0,0,0,0
42,"flattery",110,1,3515.5,5794.3538844134,928,5.5,0,0,0,0,0
42,"efficiency",122,1,3520.25,5799.1038844134,950,4.75,0,0,0.005655575454802526,0,0
42,"slacking",113,1,3526.5,5805.3538844134,950,6.25,0,0,0,0,0
42,"lifeManagement",116,1,3531.75,5810.6038844134,963,5.25,0,0,0,0,0
42,"quality",119,1,3537.75,5816.6038844134,964,6,0,0,0,0.07772020725388601,0
42,"flattery",111,1,3566.75,5845.6038844134,966,29,0,0.10327022375215147,0,0.09294320137693632,0
42,"efficiency",123,1,3571,5849.8538844134,988,4.25,0,0,0,0,0
42,"slacking",114,1,3576.25,5855.1038844134,989,5.25,0,0,0,0,0
42,"lifeManagement",117,1,3581.75,5860.6038844134,1002,5.5,0,0,0,0,0
42,"quality",120,1,3588,5866.8538844134,1003,6.25,0,0,0,0,0
42,"flattery",112,1,3592.25,5871.1038844134,1005,4.25,0,0,0,0,0
42,"efficiency",124,1,3597,5875.8538844134,1028,4.75,0,0,0,0,0
7961,"efficiency",1,0,0.25,0.25,35,"","","","","",""
7961,"efficiency",2,0,0.25,0.25,36,0,"","","","",""
7961,"efficiency",3,0,0.25,0.25,37,0,"","","","",""
7961,"efficiency",4,0,17.75,17.75,38,17.5,0,0,0,0,0
7961,"efficiency",5,0,35.5,35.5,39,17.75,0,0,3.3581081081081083,0,0.9594594594594595
7961,"efficiency",6,0,40.75,40.75,40,5.25,0,0,2.9107142857142856,0,1.091517857142857
7961,"quality",1,0,99,99,40,58.25,0,0,7.012987012987012,0,3.1168831168831166
7961,"efficiency",7,0,105.25,105.25,41,6.25,0,0,3.7037037037037033,0,0
7961,"quality",2,0,109,109,41,3.75,0,0,4.102564102564103,0,1.5384615384615385
7961,"efficiency",8,0,128.5,128.5,42,19.5,0,0,0,0,0
7961,"efficiency",9,0,128.5,128.5,43,0,0,0,0,0,0
7961,"quality",3,0,128.5,128.5,43,0,0,0,0,0,0
7961,"efficiency",10,0,128.5,128.5,44,0,0,0,0,0,0
7961,"quality",4,0,163.75,216.85,44,35.25,0,0,0,0,0
7961,"efficiency",11,0,169.75,222.85,45,6,0,0,0,0,0
7961,"quality",5,0,177.25,230.35,45,7.5,0,0,0,0,0
7961,"lifeManagement",1,0,187,240.1,45,9.75,0,0,0,0,0
7961,"efficiency",12,0,187,240.1,46,0,0,0,0,0,0
7961,"quality",6,0,195,248.1,46,8,0,0,0,0,0
7961,"quality",7,0,215.25,268.35,47,20.25,0,0,1.4685314685314685,0,0.4195804195804196
7961,"lifeManagement",2,0,227.5,280.6,47,12.25,0,0,0,0,0
7961,"efficiency",13,0,227.5,280.6,48,0,0,0,0,0,0
7961,"quality",8,0,227.5,280.6,48,0,0,0,0,0,0
7961,"lifeManagement",3,0,227.5,280.6,48,0,0,0,0,0,0
7961,"efficiency",14,0,227.5,280.6,49,0,0,0,0,0,0
7961,"quality",9,0,227.5,280.6,49,0,0,0,0,0,0
7961,"lifeManagement",4,0,227.5,280.6,49,0,0,0,0,0,0
7961,"efficiency",15,0,227.5,280.6,50,0,0,0,0,0,0
7961,"quality",10,0,227.5,280.6,50,0,0,0,0,0,0
7961,"lifeManagement",5,0,227.5,280.6,50,0,0,0,0,0,0
7961,"slacking",1,0,227.5,280.6,50,0,0,0,0,0,0
7961,"efficiency",16,0,227.5,280.6,51,0,0,0,0,0,0
7961,"lifeManagement",6,0,227.5,280.6,51,0,0,0,0,0,0
7961,"efficiency",17,0,229,282.1,52,1.5,0,0,0,0,0
7961,"quality",11,0,239,292.1,52,10,0,0,0,0,0
7961,"slacking",2,0,246,299.1,52,7,0.1256544502617801,0.06282722513089005,0.18848167539267016,0.06282722513089005,0
7961,"quality",12,0,275.75,396.7893939394,53,29.75,0,0,0,0,0
7961,"lifeManagement",7,0,327.5,448.5393939394,53,51.75,0,0,0,0,0
7961,"slacking",3,0,329,450.0393939394,53,1.5,0,0,0.375,0,0
7961,"efficiency",18,0,337.25,458.2893939394,54,8.25,0,0,0,0,0
7961,"quality",13,0,341.25,462.2893939394,54,4,0,0,0,0,0
7961,"lifeManagement",8,0,346.25,467.2893939394,54,5,0,0,0,0,0
7961,"slacking",4,0,352.25,473.2893939394,54,6,0,0,0,0,0
7961,"efficiency",19,0,357.5,478.5393939394,55,5.25,0,0,0,0,0
7961,"flattery",1,0,364.75,485.7893939394,55,7.25,0,0,0,0,0
7961,"lifeManagement",9,0,413.25,598.4227618417,55,48.5,0,0,0,0,0
7961,"efficiency",20,0,413.25,598.4227618417,56,0,0,0,0,0,0
7961,"quality",14,0,413.25,598.4227618417,56,0,0,0,0,0,0
7961,"slacking",5,0,413.25,598.4227618417,56,0,0,0,0,0,0
7961,"quality",15,0,413.25,598.4227618417,57,0,0,0,0,0,0
7961,"flattery",2,0,413.25,598.4227618417,57,0,0,0,0,0,0
7961,"lifeManagement",10,0,413.25,598.4227618417,57,0,0,0,0,0,0
7961,"slacking",6,0,413.25,598.4227618417,57,0,0,0,0,0,0
7961,"efficiency",21,0,413.25,598.4227618417,58,0,0,0,0,0,0
7961,"quality",16,0,413.25,598.4227618417,58,0,0,0,0,0,0
7961,"flattery",3,0,413.25,598.4227618417,58,0,0,0,0,0,0
7961,"lifeManagement",11,0,413.25,598.4227618417,58,0,0,0,0,0,0
7961,"slacking",7,0,447,632.1727618417,58,33.75,0,0,0,0,0
7961,"efficiency",22,0,454,639.1727618417,59,7,0,0,0,0,0
7961,"quality",17,0,459.25,644.4227618417,60,5.25,0,0,0,0,0
7961,"flattery",4,0,462.25,647.4227618417,60,3,0,0,0,0,0
7961,"lifeManagement",12,0,469.25,654.4227618417,60,7,0,0,0,0,0
7961,"slacking",8,0,471.25,656.4227618417,60,2,0,0,0,0,0
7961,"efficiency",23,0,495.75,749.9732160235,61,24.5,0,0,0,0,0
7961,"quality",18,0,497.75,751.9732160235,61,2,0,0,0,0,0
7961,"flattery",5,0,501,755.2232160235,61,3.25,0,0,0,0,0
7961,"lifeManagement",13,0,508.75,762.9732160235,61,7.75,0,0,0,0,0
7961,"slacking",9,0,511,765.2232160235,61,2.25,0,0,0,0,0
7961,"efficiency",24,0,514.75,768.9732160235,62,3.75,0,0,0,0,0
7961,"quality",19,0,519.5,773.7232160235,63,4.75,0,0,0,0,0
7961,"flattery",6,0,524.25,778.4732160235,63,4.75,0,0,0,0,0
7961,"lifeManagement",14,0,552,806.2232160235,63,27.75,0,0,0,0,0
7961,"slacking",10,0,555.25,809.4732160235,63,3.25,0,0,0,0,0
7961,"efficiency",25,0,559,813.2232160235,64,3.75,0,0,0,0,0
7961,"quality",20,0,562.75,816.9732160235,64,3.75,0,0,0,0,0
7961,"flattery",7,0,566,820.2232160235,64,3.25,0,0,0,0,0
7961,"lifeManagement",15,0,570,824.2232160235,64,4,0,0,0,0,0
7961,"efficiency",26,0,572.25,826.4732160235,65,2.25,0,0,0,0,0
7961,"slacking",11,0,576.25,830.4732160235,65,4,0,0,0,0,0
7961,"quality",21,0,580.5,834.7232160235,66,4.25,0,0,0,0,0
7961,"flattery",8,0,583,837.2232160235,66,2.5,0,0,0,0,0
7961,"lifeManagement",16,0,588.25,842.4732160235,66,5.25,0,0,0,0,0
7961,"slacking",12,0,612.5,937.4191757291,66,24.25,0,0,0,0,0
7961,"efficiency",27,0,616.25,941.1691757291,67,3.75,0,0,0,0,0
7961,"lifeManagement",17,0,622.25,947.1691757291,67,6,0,0,0,0,0
7961,"quality",22,0,627.5,952.4191757291,68,5.25,0,0,0,0,0
7961,"flattery",9,0,634.75,959.6691757291,68,7.25,0,0,0,0,0
7961,"slacking",13,0,639.5,964.4191757291,68,4.75,0,0,0,0,0
7961,"efficiency",28,0,639.5,964.4191757291,69,0,0,0,0,0,0
7961,"quality",23,0,639.5,964.4191757291,69,0,0,0,0,0,0
7961,"flattery",10,0,639.5,964.4191757291,69,0,0,0,0,0,0
7961,"lifeManagement",18,0,639.5,964.4191757291,69,0,0,0,0,0,0
7961,"slacking",14,0,639.5,964.4191757291,69,0,0,0,0,0,0
7961,"efficiency",29,0,639.5,964.4191757291,70,0,0,0,0,0,0
7961,"quality",24,0,639.5,964.4191757291,71,0,0,0,0,0,0
7961,"flattery",11,0,639.5,964.4191757291,71,0,0,0,0,0,0
7961,"lifeManagement",19,0,660.25,985.1691757291,71,20.75,0,0,0,0,0
7961,"slacking",15,0,666,990.9191757291,71,5.75,0,0,0,0,0
7961,"efficiency",30,0,669.5,994.4191757291,72,3.5,0,0,0,0,0
7961,"lifeManagement",20,0,675.5,1000.4191757291,72,6,0,0,0,0,0
7961,"quality",25,0,679.25,1004.1691757291,73,3.75,0,0,0,0,0
7961,"flattery",12,0,685.25,1010.1691757291,73,6,0,0,0,0,0
7961,"slacking",16,0,687.75,1012.6691757291,73,2.5,0,0,0,0,0
7961,"efficiency",31,0,690.25,1015.1691757291,74,2.5,0,0,0,0,0
7961,"flattery",13,0,693,1017.9191757291,74,2.75,0,0,0,0,0
7961,"lifeManagement",21,0,711.25,1110.1158423958,74,18.25,0,0,0,0,0
7961,"quality",26,0,714.25,1113.1158423958,75,3,0,0,0,0,0
7961,"slacking",17,0,717.75,1116.6158423958,75,3.5,0,0,0,0,0
7961,"efficiency",32,0,720.75,1119.6158423958,76,3,0,0,0,0,0
7961,"flattery",14,0,725.25,1124.1158423958,76,4.5,0,0,0,0,0
7961,"lifeManagement",22,0,727.75,1126.6158423958,76,2.5,0,0,0,0,0
7961,"quality",27,0,731.75,1130.6158423958,77,4,0,0,0,0,0
7961,"slacking",18,0,734.5,1133.3658423958,77,2.75,0,0,0,0,0
7961,"efficiency",33,0,739.75,1138.6158423958,78,5.25,0,0,0,0,0
7961,"quality",28,0,768.75,1167.6158423958,78,29,0,0,0,0,0
7961,"flattery",15,0,770.5,1169.3658423958,78,1.75,0,0,0,0,0
7961,"lifeManagement",23,0,775,1173.8658423958,78,4.5,0,0,0,0,0
7961,"slacking",19,0,778.5,1177.3658423958,78,3.5,0,0,0,0,0
7961,"efficiency",34,0,780.5,1179.3658423958,80,2,0,0,0,0,0
7961,"quality",29,0,785.25,1184.1158423958,80,4.75,0,0,0,0,0
7961,"flattery",16,0,786.5,1185.3658423958,80,1.25,0,0,0,0,0
7961,"lifeManagement",24,0,791,1189.8658423958,80,4.5,0,0,0,0,0
7961,"slacking",20,0,795,1193.8658423958,80,4,0,0,0,0,0
7961,"efficiency",35,0,798,1196.8658423958,82,3,0,0,0,0,0
7961,"quality",30,0,819.5,1290.0556330831,82,21.5,0,0,0,0,0
7961,"flattery",17,0,824.5,1295.0556330831,82,5,0,0,0,0,0
7961,"lifeManagement",25,0,828.5,1299.0556330831,82,4,0,0,0,0,0
7961,"slacking",21,0,831.5,1302.0556330831,82,3,0.1251303441084463,0.1251303441084463,0.1251303441084463,0.1251303441084463,0
7961,"efficiency",36,0,839,1309.5556330831,84,7.5,0,0,0,0,0
7961,"quality",31,0,843.75,1314.3056330831,84,4.75,0,0,0,0,0
7961,"flattery",18,0,847.5,1318.0556330831,84,3.75,0,0,0,0,0
7961,"lifeManagement",26,0,875,1345.5556330831,84,27.5,0,0,0,0,0
7961,"slacking",22,0,878.5,1349.0556330831,84,3.5,0,0,0,0,0
7961,"efficiency",37,0,883.25,1353.8056330831,86,4.75,0,0,0,0,0
7961,"flattery",19,0,885.5,1356.0556330831,86,2.25,0,0,0,0,0
7961,"lifeManagement",27,0,888,1358.5556330831,86,2.5,0.07566204287515763,0,0.07566204287515763,0,0
7961,"quality",32,0,891.75,1362.3056330831,87,3.75,0,0,0,0,0
7961,"slacking",23,0,894.75,1365.3056330831,87,3,0,0,0,0,0
7961,"efficiency",38,0,896.75,1367.3056330831,88,2,0,0,0,0,0
7961,"flattery",20,0,900.5,1371.0556330831,88,3.75,0,0,0,0,0
7961,"lifeManagement",28,0,903,1373.5556330831,88,2.5,0,0,0,0,0
7961,"quality",33,0,906.5,1377.0556330831,89,3.5,0,0,0,0,0
7961,"slacking",24,0,935.5,1469.9381658071,89,29,0,0,0,0,0
7961,"efficiency",39,0,939.5,1473.9381658071,90,4,0,0,0,0,0
7961,"lifeManagement",29,0,942.25,1476.6881658071,90,2.75,0,0,0,0,0
7961,"quality",34,0,946.5,1480.9381658071,91,4.25,0,0,0,0,0
7961,"flattery",21,0,950.25,1484.6881658071,91,3.75,0,0,0,0,0
7961,"slacking",25,0,955.5,1489.9381658071,91,5.25,0,0,0,0,0
7961,"efficiency",40,0,960.5,1494.9381658071,92,5,0,0,0,0,0
7961,"quality",35,0,964.5,1498.9381658071,93,4,0,0,0,0,0
7961,"flattery",22,0,991.25,1525.6881658071,93,26.75,0,0,0,0,0
7961,"lifeManagement",30,0,995.75,1530.1881658071,93,4.5,0,0,0,0,0
7961,"slacking",26,0,999.5,1533.9381658071,93,3.75,0,0,0,0,0
7961,"efficiency",41,0,1003.5,1537.9381658071,94,4,0,0,0,0,0
7961,"quality",36,0,1006.25,1540.6881658071,95,2.75,0,0,0,0,0
7961,"flattery",23,0,1010.25,1544.6881658071,95,4,0,0,0,0,0
7961,"lifeManagement",31,0,1012.5,1546.9381658071,95,2.25,0.1366742596810934,0.2050113895216401,0.2050113895216401,0,0.0683371298405467
7961,"slacking",27,0,1016.5,1550.9381658071,96,4,0,0,0,0,0
7961,"efficiency",42,0,1020.5,1554.9381658071,97,4,0,0,0,0,0
7961,"lifeManagement",32,0,1023.25,1557.6881658071,97,2.75,0,0,0,0,0
7961,"quality",37,0,1034.25,1568.6881658071,98,11,0,0,0,0,0
7961,"flattery",24,0,1034.25,1568.6881658071,98,0,0,0,0,0,0
7961,"slacking",28,0,1045.25,1650.733174082,98,11,0,0,0,0,0
7961,"efficiency",43,0,1050.75,1656.233174082,99,5.5,0,0,0,0,0
7961,"quality",38,0,1054.5,1659.983174082,100,3.75,0,0,0,0,0
7961,"flattery",25,0,1059.75,1665.233174082,100,5.25,0,0,0,0,0
7961,"lifeManagement",33,0,1065.5,1670.983174082,100,5.75,0,0,0,0,0
7961,"slacking",29,0,1065.5,1670.983174082,100,0,0,0,0,0,0
7961,"efficiency",44,0,1065.5,1670.983174082,102,0,0,0,0,0,0
7961,"flattery",26,0,1065.5,1670.983174082,102,0,0,0,0,0,0
7961,"lifeManagement",34,0,1065.5,1670.983174082,102,0,0,0,0,0,0
7961,"quality",39,0,1065.5,1670.983174082,103,0,0,0,0,0,0
7961,"slacking",30,0,1065.5,1670.983174082,103,0,0,0,0,0,0
7961,"efficiency",45,0,1067.75,1673.233174082,104,2.25,0,0,0,0,0
7961,"quality",40,0,1068.75,1674.233174082,105,1,0,0,0,0,0
7961,"flattery",27,0,1069.5,1674.983174082,105,0.75,0,0,0,0,0
7961,"lifeManagement",35,0,1072.25,1677.733174082,105,2.75,0,0,0,0,0
7961,"slacking",31,0,1101.25,1706.733174082,105,29,0,0,0,0,0
7961,"efficiency",46,0,1104.5,1709.983174082,107,3.25,0,0,0,0,0
7961,"lifeManagement",36,0,1107,1712.483174082,107,2.5,0,0,0,0,0
7961,"quality",41,0,1109.25,1714.733174082,108,2.25,0,0,0,0,0
7961,"flattery",28,0,1111.5,1716.983174082,108,2.25,0,0,0,0,0
7961,"slacking",32,0,1114.5,1719.983174082,108,3,0.030943785456420833,0.0928313563692625,0.061887570912841666,0.061887570912841666,0
7961,"efficiency",47,0,1118.5,1723.983174082,109,4,0,0,0,0,0
7961,"flattery",29,0,1121.25,1726.733174082,110,2.75,0,0,0,0,0
7961,"lifeManagement",37,0,1124,1729.483174082,110,2.75,0,0,0,0,0
7961,"quality",42,0,1128.75,1734.233174082,111,4.75,0,0,0,0,0
7961,"slacking",33,0,1131,1736.483174082,111,2.25,0,0,0,0,0
7961,"efficiency",48,0,1137,1742.483174082,112,6,0,0,0,0,0
7961,"quality",43,0,1154.5,1833.4092375559,113,17.5,0,0,0,0,0
7961,"flattery",30,0,1160,1838.9092375559,113,5.5,0,0,0,0,0
7961,"lifeManagement",38,0,1164.75,1843.6592375559,113,4.75,0,0,0,0,0
7961,"slacking",34,0,1170,1848.9092375559,113,5.25,0,0,0,0,0
7961,"efficiency",49,0,1170,1848.9092375559,115,0,0,0,0,0,0
7961,"quality",44,0,1170,1848.9092375559,116,0,0,0,0,0,0
7961,"flattery",31,0,1170,1848.9092375559,116,0,0,0,0,0,0
7961,"lifeManagement",39,0,1170,1848.9092375559,116,0,0,0,0,0,0
7961,"slacking",35,0,1170,1848.9092375559,116,0,0,0,0,0,0
7961,"efficiency",50,0,1172.25,1851.1592375559,118,2.25,0,0,0,0,0
7961,"lifeManagement",40,0,1176.75,1855.6592375559,118,4.5,0,0,0,0,0
7961,"quality",45,0,1180.25,1859.1592375559,119,3.5,0,0,0,0,0
7961,"flattery",32,0,1209.25,1888.1592375559,119,29,0.08016032064128256,0.12024048096192386,0,0.08016032064128256,0
7961,"slacking",36,0,1213,1891.9092375559,119,3.75,0,0,0,0,0
7961,"efficiency",51,0,1215.75,1894.6592375559,121,2.75,0,0,0,0,0
7961,"lifeManagement",41,0,1219.5,1898.4092375559,121,3.75,0,0,0,0,0
7961,"quality",46,0,1223,1901.9092375559,122,3.5,0,0,0,0,0
7961,"flattery",33,0,1225.5,1904.4092375559,122,2.5,0,0,0,0,0
7961,"slacking",37,0,1228.25,1907.1592375559,122,2.75,0,0,0,0,0
7961,"efficiency",52,0,1233,1911.9092375559,124,4.75,0,0,0,0,0
7961,"lifeManagement",42,0,1235,1913.9092375559,124,2,0,0,0,0,0
7961,"quality",47,0,1238.25,1917.1592375559,125,3.25,0,0,0,0,0
7961,"flattery",34,0,1248.75,1927.6592375559,125,10.5,0,0,0,0,0
7961,"slacking",38,0,1248.75,1927.6592375559,125,0,0,0,0,0,0
7961,"efficiency",53,0,1258.25,2009.8770323656,127,9.5,0,0,0,0,0
7961,"lifeManagement",43,0,1263,2014.6270323656,127,4.75,0,0,0,0,0
7961,"quality",48,0,1265.75,2017.3770323656,128,2.75,0,0,0,0,0
7961,"flattery",35,0,1269.5,2021.1270323656,128,3.75,0,0,0,0,0
7961,"slacking",39,0,1274,2025.6270323656,128,4.5,0,0,0,0,0
7961,"efficiency",54,0,1278.5,2030.1270323656,130,4.5,0,0.03353828954723309,0.03353828954723309,0.03353828954723309,0.03353828954723309
7961,"quality",49,0,1283.5,2035.1270323656,131,5,0,0,0,0,0
7961,"flattery",36,0,1288.25,2039.8770323656,131,4.75,0,0,0,0,0
7961,"lifeManagement",44,0,1316.5,2068.1270323656,131,28.25,0,0,0,0,0
7961,"slacking",40,0,1319.25,2070.8770323656,131,2.75,0,0,0,0,0
7961,"efficiency",55,0,1322.25,2073.8770323656,133,3,0,0,0,0,0
7961,"flattery",37,0,1326.5,2078.1270323656,134,4.25,0,0,0,0,0
7961,"lifeManagement",45,0,1329.5,2081.1270323656,134,3,0,0,0,0,0
7961,"quality",50,0,1332.25,2083.8770323656,135,2.75,0,0,0,0,0
7961,"slacking",41,0,1337,2088.6270323656,135,4.75,0,0,0,0,0
7961,"efficiency",56,0,1341,2092.6270323656,137,4,0,0,0,0,0
7961,"lifeManagement",46,0,1345.25,2096.8770323656,137,4.25,0,0,0,0,0
7961,"quality",51,0,1363.75,2188.8609591076,138,18.5,0,0,0,0,0
7961,"flattery",38,0,1367.75,2192.8609591076,138,4,0,0,0,0,0
7961,"slacking",42,0,1371.75,2196.8609591076,138,4,0,0,0,0,0
7961,"efficiency",57,0,1377.5,2202.6109591076,140,5.75,0,0,0,0,0
7961,"quality",52,0,1381,2206.1109591076,141,3.5,0,0,0,0,0
7961,"flattery",39,0,1385,2210.1109591076,141,4,0,0,0,0,0
7961,"lifeManagement",47,0,1388.25,2213.3609591076,141,3.25,0,0,0,0,0
7961,"slacking",43,0,1391.75,2216.8609591076,142,3.5,0,0,0,0,0
7961,"efficiency",58,0,1419.5,2244.6109591076,143,27.75,0,0,0,0,0
7961,"lifeManagement",48,0,1421.75,2246.8609591076,144,2.25,0,0,0,0,0
7961,"quality",53,0,1425.5,2250.6109591076,145,3.75,0,0,0,0,0
7961,"flattery",40,0,1428.75,2253.8609591076,145,3.25,0,0,0,0,0
7961,"slacking",44,0,1432,2257.1109591076,145,3.25,0,0,0,0,0
7961,"efficiency",59,0,1434.5,2259.6109591076,147,2.5,0,0,0,0,0
7961,"flattery",41,0,1438.25,2263.3609591076,148,3.75,0,0,0,0,0
7961,"lifeManagement",49,0,1441.25,2266.3609591076,148,3,0.0761904761904762,0,0.11428571428571428,0,0
7961,"quality",54,0,1443.75,2268.8609591076,149,2.5,0,0,0,0,0
7961,"slacking",45,0,1447,2272.1109591076,149,3.25,0,0,0,0,0
7961,"efficiency",60,0,1450,2275.1109591076,151,3,0,0,0,0,0
7961,"lifeManagement",50,0,1453,2278.1109591076,151,3,0,0,0,0,0
7961,"quality",55,0,1471.25,2370.7451967032,152,18.25,0,0,0,0,0
7961,"flattery",42,0,1474,2373.4951967032,152,2.75,0,0,0,0,0
7961,"slacking",46,0,1476.75,2376.2451967032,152,2.75,0,0,0,0,0
7961,"efficiency",61,0,1479.5,2378.9951967032,154,2.75,0,0,0,0,0
7961,"lifeManagement",51,0,1483.25,2382.7451967032,155,3.75,0,0,0,0,0
7961,"quality",56,0,1488.5,2387.9951967032,156,5.25,0,0,0,0,0
7961,"flattery",43,0,1492.75,2392.2451967032,156,4.25,0,0,0,0,0
7961,"slacking",47,0,1496.75,2396.2451967032,156,4,0,0,0,0,0
7961,"efficiency",62,0,1500.25,2399.7451967032,158,3.5,0,0,0,0,0
7961,"lifeManagement",52,0,1529.25,2428.7451967032,159,29,0,0,0,0,0
7961,"quality",57,0,1533,2432.4951967032,160,3.75,0,0,0,0,0
7961,"flattery",44,0,1535.5,2434.9951967032,160,2.5,0,0,0,0,0
7961,"slacking",48,0,1538.75,2438.2451967032,160,3.25,0,0,0,0,0
7961,"efficiency",63,0,1542.25,2441.7451967032,162,3.5,0,0,0,0,0
7961,"lifeManagement",53,0,1546.25,2445.7451967032,163,4,0,0,0,0,0
7961,"quality",58,0,1549,2448.4951967032,164,2.75,0,0,0,0,0
7961,"flattery",45,0,1552,2451.4951967032,164,3,0,0,0,0,0
7961,"slacking",49,0,1555.25,2454.7451967032,164,3.25,0,0,0,0,0
7961,"efficiency",64,0,1567.75,2467.2451967032,166,12.5,0,0,0,0,0
7961,"lifeManagement",54,0,1567.75,2467.2451967032,167,0,0,0,0,0,0
7961,"quality",59,0,1577,2550.0665342469,168,9.25,0,0,0,0,0
7961,"flattery",46,0,1580.25,2553.3165342469,168,3.25,0,0,0,0,0
7961,"slacking",50,0,1583,2556.0665342469,168,2.75,0,0,0,0,0
7961,"efficiency",65,0,1585.75,2558.8165342469,170,2.75,0,0,0,0,0
7961,"lifeManagement",55,0,1589.75,2562.8165342469,171,4,0,0,0,0,0
7961,"quality",60,0,1592.25,2565.3165342469,172,2.5,0.023932987634623055,0,0,0.023932987634623055,0
7961,"flattery",47,0,1596.25,2569.3165342469,172,4,0,0,0,0,0
7961,"slacking",51,0,1600.5,2573.5665342469,172,4.25,0,0,0,0,0
7961,"efficiency",66,0,1603.75,2576.8165342469,175,3.25,0,0,0,0,0
7961,"lifeManagement",56,0,1631.75,2604.8165342469,175,28,0,0,0,0,0
7961,"quality",61,0,1634.5,2607.5665342469,176,2.75,0,0,0,0,0
7961,"flattery",48,0,1637,2610.0665342469,176,2.5,0,0,0,0,0
7961,"slacking",52,0,1639.25,2612.3165342469,177,2.25,0.030518819938962362,0.09155645981688708,0.061037639877924724,0.061037639877924724,0
7961,"efficiency",67,0,1642.75,2615.8165342469,179,3.5,0,0,0,0,0
7961,"flattery",49,0,1645.75,2618.8165342469,180,3,0,0,0,0,0
7961,"lifeManagement",57,0,1648.5,2621.5665342469,180,2.75,0,0,0,0,0
7961,"quality",62,0,1651,2624.0665342469,181,2.5,0,0,0,0,0
7961,"slacking",53,0,1653.5,2626.5665342469,181,2.5,0,0,0,0,0
7961,"efficiency",68,0,1657.25,2630.3165342469,184,3.75,0,0,0,0,0
7961,"lifeManagement",58,0,1660,2633.0665342469,184,2.75,0,0,0,0,0
7961,"quality",63,0,1662,2635.0665342469,185,2,0,0,0,0,0
7961,"flattery",50,0,1664.75,2637.8165342469,185,2.75,0,0,0,0,0
7961,"slacking",54,0,1691.5,2730.2383718421,186,26.75,0,0,0,0,0
7961,"efficiency",69,0,1694.75,2733.4883718421,188,3.25,0,0,0,0,0
7961,"lifeManagement",59,0,1697.75,2736.4883718421,189,3,0.05134788189987163,0,0,0,0
7961,"quality",64,0,1700.75,2739.4883718421,190,3,0,0,0,0,0
7961,"flattery",51,0,1704,2742.7383718421,190,3.25,0,0.051524259338772,0,0.025762129669386,0
7961,"slacking",55,0,1708.5,2747.2383718421,190,4.5,0,0,0,0,0
7961,"efficiency",70,0,1712.25,2750.9883718421,193,3.75,0,0,0,0,0
7961,"flattery",52,0,1716.75,2755.4883718421,194,4.5,0,0,0,0,0
7961,"lifeManagement",60,0,1745.75,2784.4883718421,194,29,0,0,0.03701418877236274,0,0
7961,"quality",65,0,1748.5,2787.2383718421,195,2.75,0,0,0,0,0
7961,"slacking",56,0,1751.5,2790.2383718421,195,3,0,0,0,0,0
7961,"efficiency",71,0,1755.75,2794.4883718421,198,4.25,0,0,0,0,0
7961,"lifeManagement",61,0,1758.5,2797.2383718421,198,2.75,0.03161222339304531,0,0,0,0
7961,"flattery",53,0,1761.25,2799.9883718421,199,2.75,0.030991735537190084,0,0,0.030991735537190084,0
7961,"quality",66,0,1764.25,2802.9883718421,200,3,0.06141248720573183,0,0.09211873080859774,0.06141248720573183,0
7961,"slacking",57,0,1766.75,2805.4883718421,200,2.5,0.08858267716535433,0.14763779527559054,0.11811023622047244,0.08858267716535433,0
7961,"efficiency",72,0,1769.5,2808.2383718421,203,2.75,0,0,0,0,0
7961,"lifeManagement",62,0,1773,2811.7383718421,203,3.5,0.11100832562442184,0.02775208140610546,0,0,0.02775208140610546
7961,"flattery",54,0,1776.25,2814.9883718421,204,3.25,0,0,0,0,0
7961,"quality",67,0,1779,2817.7383718421,205,2.75,0,0,0,0,0
7961,"slacking",58,0,1796.75,2910.2705444752,205,17.75,0,0.04920049200492005,0.024600246002460024,0.024600246002460024,0
7961,"efficiency",73,0,1800.5,2914.0205444752,208,3.75,0,0,0,0,0
7961,"flattery",55,0,1803.75,2917.2705444752,209,3.25,0,0,0,0,0
7961,"lifeManagement",63,0,1807,2920.5205444752,209,3.25,0,0,0,0,0
7961,"quality",68,0,1811,2924.5205444752,210,4,0,0,0,0,0
7961,"slacking",59,0,1814.25,2927.7705444752,210,3.25,0,0,0,0,0
7961,"efficiency",74,0,1818.5,2932.0205444752,213,4.25,0,0,0,0,0
7961,"flattery",56,0,1822.25,2935.7705444752,214,3.75,0,0,0,0,0
7961,"lifeManagement",64,0,1826,2939.5205444752,214,3.75,0,0,0,0,0
7961,"quality",69,0,1853.75,2967.2705444752,215,27.75,0,0,0.029542097488921712,0,0
7961,"slacking",60,0,1858.25,2971.7705444752,215,4.5,0,0,0,0,0
7961,"efficiency",75,0,1861.5,2975.0205444752,218,3.25,0,0,0,0,0
7961,"lifeManagement",65,0,1864,2977.5205444752,219,2.5,0,0,0,0,0
7961,"quality",70,0,1867,2980.5205444752,220,3,0,0,0,0,0
7961,"flattery",57,0,1870.75,2984.2705444752,220,3.75,0,0,0,0,0
7961,"slacking",61,0,1874.5,2988.0205444752,220,3.75,0,0,0,0,0
7961,"efficiency",76,0,1878,2991.5205444752,224,3.5,0,0,0,0,0
7961,"flattery",58,0,1881.25,2994.7705444752,225,3.25,0,0,0,0,0
7961,"lifeManagement",66,0,1884,2997.5205444752,225,2.75,0,0,0,0,0
7961,"quality",71,0,1910.5,3089.4338388584,226,26.5,0,0,0.025369978858350954,0,0
7961,"slacking",62,0,1913.75,3092.6838388584,226,3.25,0,0,0,0,0
7961,"efficiency",77,0,1917.25,3096.1838388584,229,3.5,0,0,0,0,0
7961,"lifeManagement",67,0,1921,3099.9338388584,230,3.75,0,0,0,0,0
7961,"quality",72,0,1924.75,3103.6838388584,231,3.75,0,0,0,0,0
7961,"flattery",59,0,1927.75,3106.6838388584,231,3,0,0,0,0,0
7961,"slacking",63,0,1931.75,3110.6838388584,232,4,0,0,0,0,0
7961,"efficiency",78,0,1935.25,3114.1838388584,235,3.5,0,0,0,0,0
7961,"lifeManagement",68,0,1938.75,3117.6838388584,236,3.5,0.1221498371335505,0.024429967426710098,0.024429967426710098,0,0.024429967426710098
7961,"quality",73,0,1966.5,3145.4338388584,237,27.75,0,0,0,0,0
7961,"flattery",60,0,1969.25,3148.1838388584,237,2.75,0,0,0,0,0
7961,"slacking",64,0,1973.5,3152.4338388584,237,4.25,0,0,0,0,0
7961,"efficiency",79,0,1977,3155.9338388584,241,3.5,0,0,0,0,0
7961,"flattery",61,0,1981.25,3160.1838388584,242,4.25,0,0,0,0,0
7961,"lifeManagement",69,0,1984.25,3163.1838388584,242,3,0,0,0,0,0
7961,"quality",74,0,1987,3165.9338388584,243,2.75,0.07444168734491316,0,0.12406947890818859,0.09925558312655088,0
7961,"slacking",65,0,1990.75,3169.6838388584,243,3.75,0,0,0,0,0
7961,"efficiency",80,0,1994,3172.9338388584,247,3.25,0,0,0,0,0
7961,"lifeManagement",70,0,1997.5,3176.4338388584,248,3.5,0,0,0,0,0
7961,"quality",75,0,2015.75,3269.7380686376,249,18.25,0,0,0,0,0
7961,"flattery",62,0,2021.25,3275.2380686376,249,5.5,0,0,0,0,0
7961,"slacking",66,0,2026,3279.9880686376,249,4.75,0,0,0,0,0
7961,"efficiency",81,0,2031.25,3285.2380686376,253,5.25,0,0,0,0,0
7961,"lifeManagement",71,0,2037,3290.9880686376,254,5.75,0,0,0,0,0
7961,"quality",76,0,2043.25,3297.2380686376,255,6.25,0,0,0,0,0
7961,"flattery",63,0,2071,3324.9880686376,255,27.75,0,0.03787878787878788,0,0,0
7961,"slacking",67,0,2074.25,3328.2380686376,256,3.25,0,0,0,0,0
7961,"efficiency",82,0,2077,3330.9880686376,259,2.75,0,0,0,0,0
7961,"lifeManagement",72,0,2080.5,3334.4880686376,260,3.5,0,0,0,0,0
7961,"flattery",64,0,2083.5,3337.4880686376,261,3,0,0,0,0,0
7961,"quality",77,0,2086.25,3340.2380686376,262,2.75,0,0,0,0,0
7961,"slacking",68,0,2089.5,3343.4880686376,262,3.25,0,0,0,0,0
7961,"efficiency",83,0,2093,3346.9880686376,266,3.5,0,0,0,0,0
7961,"lifeManagement",73,0,2096.25,3350.2380686376,267,3.25,0,0,0,0,0
7961,"quality",78,0,2100.25,3354.2380686376,268,4,0.06578947368421052,0,0,0.08771929824561403,0
7961,"flattery",65,0,2103.25,3357.2380686376,268,3,0,0,0,0,0
7961,"slacking",69,0,2129.5,3449.3710418322,269,26.25,0,0.020311442112389978,0,0,0
7961,"efficiency",84,0,2133.25,3453.1210418322,272,3.75,0,0,0,0,0
7961,"lifeManagement",74,0,2136.25,3456.1210418322,273,3,0.05970149253731343,0,0,0,0
7961,"flattery",66,0,2141.25,3461.1210418322,274,5,0,0,0,0,0
7961,"quality",79,0,2146.25,3466.1210418322,275,5,0,0,0,0,0
7961,"slacking",70,0,2151.5,3471.3710418322,275,5.25,0,0,0,0,0
7961,"efficiency",85,0,2156.25,3476.1210418322,279,4.75,0,0,0,0,0
7961,"lifeManagement",75,0,2185.5,3505.3710418322,280,29.25,0,0,0,0,0
7961,"flattery",67,0,2188.5,3508.3710418322,281,3,0.12919896640826872,0.025839793281653745,0,0.15503875968992248,0.025839793281653745
7961,"quality",80,0,2191.25,3511.1210418322,282,2.75,0,0,0,0,0
7961,"slacking",71,0,2195.5,3515.3710418322,282,4.25,0,0,0,0,0
7961,"efficiency",86,0,2199,3518.8710418322,286,3.5,0,0,0,0,0
7961,"lifeManagement",76,0,2202.75,3522.6210418322,287,3.75,0,0,0,0,0
7961,"flattery",68,0,2207,3526.8710418322,288,4.25,0,0,0,0,0
7961,"quality",81,0,2211.5,3531.3710418322,289,4.5,0,0,0,0,0
7961,"slacking",72,0,2216.75,3536.6210418322,289,5.25,0,0,0,0,0
7961,"efficiency",87,0,2243.25,3629.3570957658,293,26.5,0,0,0,0,0
7961,"lifeManagement",77,0,2247,3633.1070957658,294,3.75,0,0,0,0,0
7961,"flattery",69,0,2250.75,3636.8570957658,295,3.75,0,0,0,0,0
7961,"quality",82,0,2254,3640.1070957658,296,3.25,0,0,0,0,0
7961,"slacking",73,0,2258.25,3644.3570957658,296,4.25,0,0,0,0,0
7961,"efficiency",88,0,2262.75,3648.8570957658,300,4.5,0,0,0,0,0
7961,"lifeManagement",78,0,2266.5,3652.6070957658,302,3.75,0,0,0,0,0
7961,"quality",83,0,2270.5,3656.6070957658,303,4,0,0,0,0,0
7961,"flattery",70,0,2299,3685.1070957658,303,28.5,0,0,0,0,0
7961,"slacking",74,0,2302.5,3688.6070957658,304,3.5,0,0,0,0,0
7961,"efficiency",89,0,2306.5,3692.6070957658,308,4,0,0,0,0,0
7961,"lifeManagement",79,0,2309.5,3695.6070957658,309,3,0,0,0,0,0
7961,"flattery",71,0,2314.5,3700.6070957658,310,5,0,0,0,0.0221483942414175,0
7961,"quality",84,0,2318.75,3704.8570957658,311,4.25,0,0,0,0,0
7961,"slacking",75,0,2322.5,3708.6070957658,311,3.75,0,0,0,0,0
7961,"efficiency",90,0,2327.25,3713.3570957658,316,4.75,0,0,0,0,0
7961,"lifeManagement",80,0,2331.25,3717.3570957658,317,4,0,0,0,0,0
7961,"flattery",72,0,2350.75,3811.9662397305,318,19.5,0.041884816753926704,0,0,0.06282722513089005,0
7961,"quality",85,0,2355.5,3816.7162397305,319,4.75,0,0,0,0,0
7961,"slacking",76,0,2360,3821.2162397305,319,4.5,0.03564003564003564,0.0891000891000891,0.07128007128007129,0.05346005346005346,0
7961,"efficiency",91,0,2365,3826.2162397305,324,5,0,0,0,0,0
7961,"lifeManagement",81,0,2370,3831.2162397305,325,5,0,0,0,0,0
7961,"flattery",73,0,2375.25,3836.4662397305,326,5.25,0.07657945118059988,0,0,0.09572431397574983,0
7961,"quality",86,0,2403.75,3864.9662397305,327,28.5,0,0,0,0,0
7961,"slacking",77,0,2407.25,3868.4662397305,327,3.5,0,0,0,0,0
7961,"efficiency",92,0,2411,3872.2162397305,332,3.75,0,0,0,0,0
7961,"lifeManagement",82,0,2415,3876.2162397305,333,4,0,0,0,0,0
7961,"flattery",74,0,2419,3880.2162397305,334,4,0,0,0,0,0
7961,"quality",87,0,2422,3883.2162397305,335,3,0,0,0,0,0
7961,"slacking",78,0,2425.25,3886.4662397305,335,3.25,0,0,0,0,0
7961,"efficiency",93,0,2429,3890.2162397305,340,3.75,0,0,0,0,0
7961,"lifeManagement",83,0,2432.5,3893.7162397305,341,3.5,0,0,0,0,0
7961,"flattery",75,0,2436.5,3897.7162397305,342,4,0,0,0,0,0
7961,"quality",88,0,2446.5,3907.7162397305,343,10,0,0,0,0,0
7961,"slacking",79,0,2446.5,3907.7162397305,344,0,0,0,0,0,0
7961,"efficiency",94,0,2456.75,3991.729560839,348,10.25,0,0,0,0,0
7961,"lifeManagement",84,0,2460.25,3995.229560839,350,3.5,0,0,0,0,0
7961,"flattery",76,0,2464,3998.979560839,351,3.75,0,0,0,0,0
7961,"quality",89,0,2469,4003.979560839,352,5,0,0,0,0,0
7961,"slacking",80,0,2472.75,4007.729560839,352,3.75,0,0,0,0,0
7961,"efficiency",95,0,2477,4011.979560839,357,4.25,0,0,0,0,0
7961,"lifeManagement",85,0,2482,4016.979560839,359,5,0,0,0,0,0
7961,"flattery",77,0,2510.5,4045.479560839,360,28.5,0,0,0,0,0
7961,"quality",90,0,2513.5,4048.479560839,361,3,0,0,0,0,0
7961,"slacking",81,0,2517.25,4052.229560839,361,3.75,0,0.056338028169014086,0.03755868544600939,0.018779342723004695,0
7961,"efficiency",96,0,2521,4055.979560839,366,3.75,0,0.05669291338582677,0.03779527559055118,0.01889763779527559,0.05669291338582677
7961,"lifeManagement",86,0,2525.25,4060.229560839,368,4.25,0,0,0,0,0
7961,"flattery",78,0,2529.25,4064.229560839,369,4,0,0,0,0,0
7961,"quality",91,0,2533.25,4068.229560839,370,4,0,0,0,0,0
7961,"slacking",82,0,2536.5,4071.479560839,370,3.25,0,0,0,0,0
7961,"efficiency",97,0,2541,4075.979560839,375,4.5,0,0,0,0,0
7961,"lifeManagement",87,0,2552.75,4087.729560839,377,11.75,0,0,0,0,0
7961,"flattery",79,0,2552.75,4087.729560839,378,0,0,0,0,0,0
7961,"quality",92,0,2562.75,4171.5928714944,379,10,0,0,0,0,0
7961,"slacking",83,0,2566.75,4175.5928714944,379,4,0,0.03912193001521408,0.02608128667680939,0.013040643338404694,0
7961,"efficiency",98,0,2570.5,4179.3428714944,384,3.75,0,0.03712871287128713,0.024752475247524754,0.012376237623762377,0.04950495049504951
7961,"lifeManagement",88,0,2575.25,4184.0928714944,386,4.75,0,0,0,0,0
7961,"flattery",80,0,2579.5,4188.3428714944,387,4.25,0,0,0,0,0
7961,"quality",93,0,2584.25,4193.0928714944,388,4.75,0,0,0,0,0
7961,"slacking",84,0,2589,4197.8428714944,389,4.75,0,0,0,0,0
7961,"efficiency",99,0,2617,4225.8428714944,394,28,0,0,0,0,0
7961,"lifeManagement",89,0,2620.75,4229.5928714944,396,3.75,0.018281535648994516,0,0,0,0
7961,"flattery",81,0,2624.5,4233.3428714944,397,3.75,0,0,0,0,0
7961,"quality",94,0,2628,4236.8428714944,398,3.5,0,0,0,0,0
7961,"slacking",85,0,2631,4239.8428714944,398,3,0,0,0,0,0
7961,"efficiency",100,0,2634.75,4243.5928714944,404,3.75,0,0,0,0,0
7961,"lifeManagement",90,0,2638.25,4247.0928714944,406,3.5,0,0,0,0,0
7961,"flattery",82,0,2643,4251.8428714944,407,4.75,0,0,0,0,0
7961,"quality",95,0,2646.25,4255.0928714944,408,3.25,0,0,0,0,0
7961,"slacking",86,0,2658.75,4267.5928714944,408,12.5,0,0,0,0,0
7961,"efficiency",101,0,2658.75,4267.5928714944,414,0,0,0,0,0,0
7961,"lifeManagement",91,0,2667.5,4350.3975240286,416,8.75,0,0,0,0,0
7961,"flattery",83,0,2670.25,4353.1475240286,417,2.75,0,0,0,0,0
7961,"quality",96,0,2672,4354.8975240286,418,1.75,0,0,0,0,0
7961,"slacking",87,0,2675.75,4358.6475240286,419,3.75,0.09273570324574962,0.07212776919113859,0.061823802163833076,0.04121586810922205,0
7961,"lifeManagement",92,0,2680,4362.8975240286,426,4.25,0,0,0,0,0
7961,"flattery",84,0,2683.75,4366.6475240286,428,3.75,0.010193679918450561,0,0,0.07135575942915393,0
7961,"quality",97,0,2688.75,4371.6475240286,429,5,0,0,0.010496850944716585,0,0
7961,"slacking",88,0,2693.75,4376.6475240286,429,5,0,0,0,0,0
7961,"efficiency",102,0,2722,4404.8975240286,431,28.25,0,0.13190436933223412,0.11541632316570487,0.0989282769991756,0.1483924154987634
7961,"lifeManagement",93,0,2726.25,4409.1475240286,437,4.25,0,0,0,0,0
7961,"flattery",85,0,2730.25,4413.1475240286,438,4,0,0,0,0,0
7961,"quality",98,0,2734.25,4417.1475240286,439,4,0.08285004142502071,0,0.09942004971002485,0.08285004142502071,0
7961,"slacking",89,0,2738.5,4421.3975240286,440,4.25,0,0,0,0,0
7961,"efficiency",103,0,2743,4425.8975240286,448,4.5,0,0,0,0,0
7961,"lifeManagement",94,0,2746.75,4429.6475240286,448,3.75,0.13001083423618634,0,0,0,0
7961,"flattery",86,0,2751.25,4434.1475240286,449,4.5,0.16012810248198558,0,0,0.04803843074459568,0
7961,"quality",99,0,2791.25,4549.6417302765,450,40,0,0,0,0,0
7961,"slacking",90,0,2795,4553.3917302765,451,3.75,0.0450281425891182,0,0,0,0
7961,"lifeManagement",95,0,2799.75,4558.1417302765,459,4.75,0,0,0,0,0
7961,"flattery",87,0,2804.75,4563.1417302765,460,5,0.02401921537229784,0,0,0.1200960768614892,0
7961,"quality",100,0,2810,4568.3917302765,462,5.25,0,0,0,0,0
7961,"slacking",91,0,2814.75,4573.1417302765,462,4.75,0,0.0975609756097561,0.07317073170731707,0.024390243902439025,0
7961,"efficiency",104,0,2820.5,4578.8917302765,466,5.75,0,0.1482527356159548,0.12707377338510412,0.08471584892340275,0.1482527356159548
7961,"lifeManagement",96,0,2825,4583.3917302765,470,4.5,0.2542372881355932,0.03631961259079903,0.018159806295399514,0,0.03631961259079903
7961,"flattery",88,0,2830.25,4588.6417302765,472,5.25,0,0,0,0,0
7961,"quality",101,0,2835.25,4593.6417302765,473,5,0.01408781404085466,0,0,0,0
7961,"slacking",92,0,2841.25,4599.6417302765,473,6,0,0,0,0,0
7961,"lifeManagement",97,0,2851,4609.3917302765,482,9.75,0,0,0,0,0
7961,"flattery",89,0,2856.5,4614.8917302765,484,5.5,0,0,0,0,0
7961,"efficiency",105,1,2873,4708.9015341981,485,16.5,0,0,0,0,0
7961,"slacking",93,1,2875.25,4711.1515341981,485,2.25,0,0,0,0,0
7961,"quality",102,1,2877.5,4713.4015341981,492,2.25,0,0,0,0,0
7961,"lifeManagement",98,1,2880,4715.9015341981,494,2.5,0,0,0,0,0
7961,"flattery",90,1,2881.75,4717.6515341981,496,1.75,0.022095378383354815,0.11047689191677408,0,0.05523844595838704,0
7961,"slacking",94,1,2884,4719.9015341981,497,2.25,0,0,0,0,0
7961,"efficiency",106,1,2885.75,4721.6515341981,504,1.75,0,0,0,0,0
7961,"lifeManagement",99,1,2888.5,4724.4015341981,507,2.75,0,0,0,0,0
7961,"flattery",91,1,2891,4726.9015341981,508,2.5,0,0,0,0,0
7961,"slacking",95,1,2894,4729.9015341981,510,3,0,0,0,0,0
7961,"quality",103,1,2899.25,4735.1515341981,512,5.25,0,0,0,0,0
7961,"lifeManagement",100,1,2903.25,4739.1515341981,519,4,0,0,0,0,0
7961,"flattery",92,1,2929.75,4765.6515341981,521,26.5,0,0,0,0,0
7961,"slacking",96,1,2931,4766.9015341981,523,1.25,0,0,0,0,0
7961,"efficiency",107,1,2933.5,4769.4015341981,525,2.5,0,0,0,0,0
7961,"lifeManagement",101,1,2935.5,4771.4015341981,532,2,0,0,0,0,0
7961,"quality",104,1,2938.75,4774.6515341981,533,3.25,0,0,0,0,0
7961,"flattery",93,1,2941,4776.9015341981,534,2.25,0.06826909401223154,0.13653818802446308,0,0.13653818802446308,0
7961,"slacking",97,1,2944,4779.9015341981,536,3,0,0,0,0,0
7961,"efficiency",108,1,2946.75,4782.6515341981,546,2.75,0,0,0,0,0
7961,"flattery",94,1,2951.25,4787.1515341981,547,4.5,0,0,0,0,0
7961,"slacking",98,1,2954.25,4790.1515341981,549,3,0,0,0,0,0
7961,"quality",105,1,2956.75,4792.6515341981,554,2.5,0,0,0,0,0
7961,"lifeManagement",102,1,2961.5,4797.4015341981,554,4.75,0,0,0,0,0
7961,"flattery",95,1,2971.75,4807.6515341981,561,10.25,0,0,0,0,0
7961,"slacking",99,1,2971.75,4807.6515341981,563,0,0,0,0,0,0
7961,"efficiency",109,1,2971.75,4807.6515341981,568,0,0,0,0,0,0
7961,"flattery",96,1,2982.5,4892.4071180141,575,10.75,0,0,0,0,0
7961,"quality",106,1,2986,4895.9071180141,576,3.5,0,0,0,0,0
7961,"lifeManagement",103,1,2989.25,4899.1571180141,576,3.25,0,0,0,0,0
7961,"slacking",100,1,2989.25,4899.1571180141,577,0,0,0,0,0,0
7961,"flattery",97,1,2992.5,4902.4071180141,589,3.25,0,0,0,0,0
7961,"efficiency",110,1,2997.75,4907.6571180141,591,5.25,0,0,0,0,0
7961,"slacking",101,1,3002.5,4912.4071180141,591,4.75,0,0,0,0,0
7961,"lifeManagement",104,1,3007,4916.9071180141,599,4.5,0,0,0,0,0
7961,"quality",107,1,3035,4944.9071180141,600,28,0,0,0,0,0
7961,"flattery",98,1,3038.75,4948.6571180141,604,3.75,0,0,0,0,0
7961,"efficiency",111,1,3042.25,4952.1571180141,615,3.5,0,0,0,0,0
7961,"slacking",102,1,3046.75,4956.6571180141,615,4.5,0,0,0,0,0
7961,"flattery",99,1,3049.75,4959.6571180141,619,3,0,0,0,0,0
7961,"lifeManagement",105,1,3052.75,4962.6571180141,623,3,0.1773508220949566,0,0.11084426380934786,0,0.1773508220949566
7961,"quality",108,1,3056.5,4966.4071180141,624,3.75,0,0,0,0,0
7961,"flattery",100,1,3059.5,4969.4071180141,634,3,0,0,0,0,0
7961,"efficiency",112,1,3063.25,4973.1571180141,640,3.75,0,0,0,0,0
7961,"slacking",103,1,3067.5,4977.4071180141,640,4.25,0,0,0,0,0
7961,"lifeManagement",106,1,3084.5,5069.5005425569,648,17,0,0,0,0,0
7961,"quality",109,1,3088.25,5073.2505425569,649,3.75,0,0,0,0,0
7961,"flattery",101,1,3091.5,5076.5005425569,650,3.25,0,0,0,0,0
7961,"efficiency",113,1,3095,5080.0005425569,665,3.5,0,0,0,0,0
7961,"slacking",104,1,3100,5085.0005425569,666,5,0,0,0,0,0
7961,"quality",110,1,3104.75,5089.7505425569,675,4.75,0,0,0,0,0
7961,"lifeManagement",107,1,3109.75,5094.7505425569,675,5,0,0,0,0,0
7961,"flattery",102,1,3114.25,5099.2505425569,676,4.5,0,0,0,0,0
7961,"efficiency",114,1,3142.5,5127.5005425569,692,28.25,0,0,0,0,0
7961,"slacking",105,1,3145.75,5130.7505425569,693,3.25,0,0,0,0,0
7961,"lifeManagement",108,1,3149.5,5134.5005425569,702,3.75,0.17177500842034354,0,0.010104412260020209,0,0.17177500842034354
7961,"quality",111,1,3153.75,5138.7505425569,703,4.25,0,0,0,0,0
7961,"flattery",103,1,3157,5142.0005425569,704,3.25,0,0,0,0,0
7961,"efficiency",115,1,3161,5146.0005425569,720,4,0,0,0,0,0
7961,"slacking",106,1,3165.25,5150.2505425569,720,4.25,0,0,0,0,0
7961,"lifeManagement",109,1,3169,5154.0005425569,730,3.75,0,0,0,0,0
7961,"quality",112,1,3172.25,5157.2505425569,731,3.25,0,0,0,0.026493965263467766,0
7961,"flattery",104,1,3191.5,5251.82898709,732,19.25,0,0,0,0,0
7961,"efficiency",116,1,3197.5,5257.82898709,749,6,0,0,0,0,0
7961,"slacking",107,1,3202.25,5262.57898709,750,4.75,0,0,0,0,0
7961,"quality",113,1,3207.25,5267.57898709,760,5,0,0,0,0,0
7961,"lifeManagement",110,1,3212.5,5272.82898709,760,5.25,0,0,0,0,0
7961,"flattery",105,1,3218.5,5278.82898709,762,6,0,0,0,0,0
7961,"efficiency",117,1,3245.75,5306.07898709,779,27.25,0,0,0,0,0
7961,"slacking",108,1,3249.5,5309.82898709,780,3.75,0,0,0,0,0
7961,"lifeManagement",111,1,3253,5313.32898709,790,3.5,0,0,0,0,0
7961,"quality",114,1,3257.75,5318.07898709,791,4.75,0,0,0,0,0
7961,"flattery",106,1,3261.75,5322.07898709,792,4,0,0,0,0,0
7961,"efficiency",118,1,3265.75,5326.07898709,811,4,0,0,0,0,0
7961,"slacking",109,1,3268.25,5328.57898709,811,2.5,0.22497836746466687,0.04326507066628209,0.05191808479953851,0.034612056533025674,0
7961,"lifeManagement",112,1,3273,5333.32898709,822,4.75,0,0,0,0,0
7961,"quality",115,1,3277.25,5337.57898709,823,4.25,0,0,0,0,0
7961,"flattery",107,1,3296.25,5431.1879842251,824,19,0,0,0,0,0
7961,"efficiency",119,1,3302,5436.9379842251,844,5.75,0,0,0,0,0
7961,"slacking",110,1,3306.75,5441.6879842251,844,4.75,0.11641177813284638,0,0,0,0
7961,"lifeManagement",113,1,3312.75,5447.6879842251,855,6,0,0,0,0,0
7961,"quality",116,1,3319.75,5454.6879842251,856,7,0,0,0,0,0
7961,"flattery",108,1,3349.75,5484.6879842251,858,30,0.03824091778202677,0.20395156150414276,0,0.19120458891013384,0.03824091778202677
7961,"efficiency",120,1,3353.25,5488.1879842251,878,3.5,0,0,0,0,0
7961,"slacking",111,1,3357.25,5492.1879842251,878,4,0,0,0,0,0
7961,"lifeManagement",114,1,3361.5,5496.4379842251,890,4.25,0,0,0,0,0
7961,"quality",117,1,3366.5,5501.4379842251,891,5,0,0,0,0,0
7961,"flattery",109,1,3370.75,5505.6879842251,892,4.25,0,0,0,0,0
7961,"efficiency",121,1,3376,5510.9379842251,913,5.25,0,0,0,0,0
7961,"slacking",112,1,3382.25,5517.1879842251,913,6.25,0.16591471401542715,0,0,0,0
7961,"lifeManagement",115,1,3412.75,5613.3544337574,926,30.5,0.05542725173210162,0,0,0,0.05542725173210162
7961,"quality",118,1,3419.25,5619.8544337574,927,6.5,0,0,0,0,0
7961,"flattery",110,1,3425.75,5626.3544337574,928,6.5,0,0,0,0,0
7961,"efficiency",122,1,3432.25,5632.8544337574,950,6.5,0,0,0,0,0
7961,"slacking",113,1,3437.75,5638.3544337574,950,5.5,0,0,0,0,0
7961,"lifeManagement",116,1,3467,5667.6044337574,963,29.25,0,0,0,0,0
7961,"quality",119,1,3472,5672.6044337574,964,5,0.04106073567151411,0,0,0.1847733105218135,0.05132591958939264
7961,"flattery",111,1,3477.5,5678.1044337574,966,5.5,0,0,0,0,0
7961,"efficiency",123,1,3481.5,5682.1044337574,988,4,0,0,0,0,0
7961,"slacking",114,1,3485.5,5686.1044337574,989,4,0,0,0,0,0
7961,"lifeManagement",117,1,3489.75,5690.3544337574,1002,4.25,0.16806722689075632,0,0,0,0.17647058823529413
7961,"quality",120,1,3495,5695.6044337574,1003,5.25,0,0,0,0,0
7961,"flattery",112,1,3513,5788.9186392339,1005,18,0,0,0,0,0
7961,"efficiency",124,1,3517.75,5793.6686392339,1028,4.75,0,0,0,0,0
7961,"slacking",115,1,3522.75,5798.6686392339,1029,5,0,0,0,0,0
7961,"lifeManagement",118,1,3528,5803.9186392339,1042,5.25,0,0,0,0,0
7961,"quality",121,1,3534.75,5810.6686392339,1043,6.75,0,0,0,0,0
7961,"flattery",113,1,3540.75,5816.6686392339,1045,6,0,0,0,0,0
7961,"efficiency",125,1,3569.5,5845.4186392339,1070,28.75,0,0,0,0,0
7961,"slacking",116,1,3574.25,5850.1686392339,1070,4.75,0.3124560168895144,0.0844475721323012,0.09289232934553131,0.06755805770584096,0
7961,"lifeManagement",119,1,3580.5,5856.4186392339,1084,6.25,0,0,0,0,0
7961,"quality",122,1,3595,5870.9186392339,1086,14.5,0,0,0,0,0
15880,"efficiency",1,0,0.25,0.25,35,"","","","","",""
15880,"efficiency",2,0,0.25,0.25,36,0,"","","","",""
15880,"efficiency",3,0,0.25,0.25,37,0,"","","","",""
15880,"efficiency",4,0,9.5,9.5,38,9.25,0,0,1.25,0,0
15880,"efficiency",5,0,25.5,25.5,39,16,0,0,4.007142857142857,0.36428571428571427,2.1857142857142855
15880,"efficiency",6,0,39,39,40,13.5,0,0,2.415929203539823,0,0.6902654867256638
15880,"quality",1,0,52.75,52.75,40,13.75,0,0,4.277027027027027,0.7128378378378378,2.4949324324324325
15880,"efficiency",7,0,96.75,96.75,41,44,0,0,0,0,0
15880,"quality",2,0,106.75,106.75,41,10,0,0,1.5,0,0
15880,"efficiency",8,0,162.5,217.5666666667,42,55.75,0,0,0,0,0
15880,"efficiency",9,0,170,225.0666666667,43,7.5,0,0,0,0,0
15880,"quality",3,0,178.75,233.8166666667,43,8.75,0,0,0,0,0
15880,"efficiency",10,0,189.25,244.3166666667,44,10.5,0,0,0,0,0
15880,"quality",4,0,189.25,244.3166666667,44,0,0,0,0,0,0
15880,"efficiency",11,0,217.25,272.3166666667,45,28,0,0,0,0,0
15880,"quality",5,0,221.5,276.5666666667,45,4.25,0,0,0,0,0
15880,"lifeManagement",1,0,227.75,282.8166666667,45,6.25,0,0,1.0526315789473684,0,0
15880,"efficiency",12,0,234.5,289.5666666667,46,6.75,0,0,0,0,0
15880,"quality",6,0,234.5,289.5666666667,46,0,0,0,0,0,0
15880,"quality",7,0,234.5,289.5666666667,47,0,0,0,0,0,0
15880,"lifeManagement",2,0,234.5,289.5666666667,47,0,0,0,0,0,0
15880,"efficiency",13,0,234.5,289.5666666667,48,0,0,0,0,0,0
15880,"quality",8,0,234.5,289.5666666667,48,0,0,0,0,0,0
15880,"lifeManagement",3,0,234.5,289.5666666667,48,0,0,0,0,0,0
15880,"efficiency",14,0,234.5,289.5666666667,49,0,0,0,0,0,0
15880,"quality",9,0,234.5,289.5666666667,49,0,0,0,0,0,0
15880,"lifeManagement",4,0,234.5,289.5666666667,49,0,0,0,0,0,0
15880,"efficiency",15,0,234.5,289.5666666667,50,0,0,0,0,0,0
15880,"quality",10,0,234.5,289.5666666667,50,0,0,0,0,0,0
15880,"lifeManagement",5,0,234.5,289.5666666667,50,0,0,0,0,0,0
15880,"slacking",1,0,283.25,405.1833333334,50,48.75,0,0,0,0,0
15880,"efficiency",16,0,286.5,408.4333333334,51,3.25,0,0,0.07832898172323759,0,0
15880,"lifeManagement",6,0,297.25,419.1833333334,51,10.75,0,0,0,0,0
15880,"efficiency",17,0,324.5,446.4333333334,52,27.25,0,0,0,0,0
15880,"quality",11,0,328.25,450.1833333334,52,3.75,0,0,0,0,0
15880,"slacking",2,0,333.75,455.6833333334,52,5.5,0,0,0,0,0
15880,"quality",12,0,338,459.9333333334,53,4.25,0,0,0,0,0
15880,"lifeManagement",7,0,339.75,461.6833333334,53,1.75,0,0,0,0,0
15880,"slacking",3,0,342.25,464.1833333334,53,2.5,0,0,0,0,0
15880,"efficiency",18,0,348.25,470.1833333334,54,6,0,0,0,0,0
15880,"quality",13,0,351,472.9333333334,54,2.75,0,0,0,0,0
15880,"lifeManagement",8,0,361,482.9333333334,54,10,0,0,0,0,0
15880,"slacking",4,0,382.25,571.0388015256,54,21.25,0,0,0,0,0
15880,"efficiency",19,0,387.25,576.0388015256,55,5,0,0,0,0,0
15880,"flattery",1,0,390.5,579.2888015256,55,3.25,0,0,0,0,0
15880,"lifeManagement",9,0,394,582.7888015256,55,3.5,0,0,0,0,0
15880,"efficiency",20,0,397,585.7888015256,56,3,0,0,0,0,0
15880,"quality",14,0,402,590.7888015256,56,5,0,0,0,0,0
15880,"slacking",5,0,408,596.7888015256,56,6,0,0,0,0,0
15880,"quality",15,0,439.75,628.5388015256,57,31.75,0,0,0,0,0
15880,"flattery",2,0,446,634.7888015256,57,6.25,0,0,0,0,0
15880,"lifeManagement",10,0,449.25,638.0388015256,57,3.25,0,0,0,0,0
15880,"slacking",6,0,454.25,643.0388015256,57,5,0,0,0,0,0
15880,"efficiency",21,0,457.25,646.0388015256,58,3,0,0,0,0,0
15880,"quality",16,0,463.25,652.0388015256,58,6,0,0,0,0,0
15880,"flattery",3,0,468.25,657.0388015256,58,5,0,0,0,0,0
15880,"lifeManagement",11,0,475,663.7888015256,58,6.75,0,0,0,0,0
15880,"slacking",7,0,499.25,755.7510023767,58,24.25,0,0,0,0,0
15880,"efficiency",22,0,503.25,759.7510023767,59,4,0,0,0,0,0
15880,"quality",17,0,508.75,765.2510023767,60,5.5,0.12658227848101264,0,0,0,0
15880,"flattery",4,0,517.5,774.0010023767,60,8.75,0,0,0,0,0
15880,"lifeManagement",12,0,521.75,778.2510023767,60,4.25,0,0,0,0,0
15880,"slacking",8,0,551,807.5010023767,60,29.25,0,0,0,0,0
15880,"efficiency",23,0,556,812.5010023767,61,5,0,0,0,0,0
15880,"quality",18,0,561.75,818.2510023767,61,5.75,0,0,0,0,0
15880,"flattery",5,0,565.75,822.2510023767,61,4,0,0,0,0,0
15880,"lifeManagement",13,0,570.25,826.7510023767,61,4.5,0,0,0,0,0
15880,"slacking",9,0,575.25,831.7510023767,61,5,0,0,0,0,0
15880,"efficiency",24,0,578.5,835.0010023767,62,3.25,0,0,0,0,0
15880,"quality",19,0,586.25,842.7510023767,63,7.75,0,0,0,0,0
15880,"flattery",6,0,607.25,933.2998313663,63,21,0,0,0,0,0
15880,"lifeManagement",14,0,610.5,936.5498313663,63,3.25,0,0,0,0,0
15880,"slacking",10,0,616.25,942.2998313663,63,5.75,0,0,0,0,0
15880,"efficiency",25,0,621.5,947.5498313663,64,5.25,0,0,0,0,0
15880,"quality",20,0,627.5,953.5498313663,64,6,0,0,0,0,0
15880,"flattery",7,0,633.5,959.5498313663,64,6,0,0,0,0,0
15880,"lifeManagement",15,0,662,988.0498313663,64,28.5,0,0,0,0,0
15880,"efficiency",26,0,663.75,989.7998313663,65,1.75,0,0,0,0,0
15880,"slacking",11,0,667,993.0498313663,65,3.25,0.23300970873786406,0.11650485436893203,0.11650485436893203,0.11650485436893203,0
15880,"quality",21,0,672,998.0498313663,66,5,0,0,0,0,0
15880,"flattery",8,0,675,1001.0498313663,66,3,0,0,0,0,0
15880,"lifeManagement",16,0,681.5,1007.5498313663,66,6.5,0,0,0,0,0
15880,"slacking",12,0,686,1012.0498313663,66,4.5,0,0,0,0,0
15880,"efficiency",27,0,690.75,1016.7998313663,67,4.75,0,0,0,0,0
15880,"lifeManagement",17,0,712.75,1109.5127223848,67,22,0,0,0,0,0
15880,"quality",22,0,718,1114.7627223848,68,5.25,0,0,0,0,0
15880,"flattery",9,0,721,1117.7627223848,68,3,0,0,0,0,0
15880,"slacking",13,0,726.75,1123.5127223848,68,5.75,0,0,0,0,0
15880,"efficiency",28,0,730.25,1127.0127223848,69,3.5,0,0,0,0,0
15880,"quality",23,0,734.75,1131.5127223848,69,4.5,0,0,0,0,0
15880,"flattery",10,0,740.75,1137.5127223848,69,6,0,0,0,0,0
15880,"lifeManagement",18,0,769.5,1166.2627223848,69,28.75,0,0.12145748987854252,0.12145748987854252,0,0
15880,"slacking",14,0,774,1170.7627223848,69,4.5,0,0,0,0,0
15880,"efficiency",29,0,777.25,1174.0127223848,70,3.25,0,0,0,0,0
15880,"quality",24,0,782.75,1179.5127223848,71,5.5,0,0,0,0,0
15880,"flattery",11,0,785.25,1182.0127223848,71,2.5,0,0,0,0,0
15880,"lifeManagement",19,0,789.75,1186.5127223848,71,4.5,0,0,0,0,0
15880,"slacking",15,0,792.25,1189.0127223848,71,2.5,0,0,0,0,0
15880,"efficiency",30,0,794,1190.7627223848,72,1.75,0,0,0,0,0
15880,"lifeManagement",20,0,797.75,1194.5127223848,72,3.75,0,0,0,0,0
15880,"quality",25,0,806,1202.7627223848,73,8.25,0,0,0,0,0
15880,"flattery",12,0,823.25,1291.4034035247,73,17.25,0,0,0,0,0
15880,"slacking",16,0,827.25,1295.4034035247,73,4,0,0,0,0,0
15880,"efficiency",31,0,833,1301.1534035247,74,5.75,0,0,0,0,0
15880,"flattery",13,0,837,1305.1534035247,74,4,0.07263922518159806,0,0,0,0
15880,"lifeManagement",21,0,843.5,1311.6534035247,74,6.5,0,0,0,0,0
15880,"quality",26,0,846.75,1314.9034035247,75,3.25,0,0,0,0,0
15880,"slacking",17,0,851.75,1319.9034035247,75,5,0,0,0,0,0
15880,"efficiency",32,0,880.5,1348.6534035247,76,28.75,0,0,0,0,0
15880,"flattery",14,0,884.25,1352.4034035247,76,3.75,0,0,0,0,0
15880,"lifeManagement",22,0,885.5,1353.6534035247,76,1.25,0.09523809523809523,0,0.09523809523809523,0,0
15880,"quality",27,0,890.5,1358.6534035247,77,5,0,0,0,0,0
15880,"slacking",18,0,895.5,1363.6534035247,77,5,0,0,0,0,0
15880,"efficiency",33,0,898.5,1366.6534035247,78,3,0,0,0,0,0
15880,"quality",28,0,902,1370.1534035247,78,3.5,0,0,0,0,0
15880,"flattery",15,0,905.25,1373.4034035247,78,3.25,0,0,0,0,0
15880,"lifeManagement",23,0,914.5,1382.6534035247,78,9.25,0,0,0,0,0
15880,"slacking",19,0,929.75,1469.8441789105,78,15.25,0.16,0.16,0.16,0.16,0
15880,"efficiency",34,0,933,1473.0941789105,80,3.25,0,0,0,0,0
15880,"quality",29,0,937.5,1477.5941789105,80,4.5,0,0,0,0,0
15880,"flattery",16,0,940.75,1480.8441789105,80,3.25,0,0,0,0,0
15880,"lifeManagement",24,0,945.5,1485.5941789105,80,4.75,0.13544018058690743,0.13544018058690743,0.13544018058690743,0,0
15880,"slacking",20,0,949.75,1489.8441789105,80,4.25,0,0,0,0,0
15880,"efficiency",35,0,953.75,1493.8441789105,82,4,0,0,0,0,0
15880,"quality",30,0,957.5,1497.5941789105,82,3.75,0,0,0,0,0
15880,"flattery",17,0,985,1525.0941789105,82,27.5,0,0,0,0,0
15880,"lifeManagement",25,0,988.75,1528.8441789105,82,3.75,0,0,0,0,0
15880,"slacking",21,0,990.75,1530.8441789105,82,2,0,0,0,0,0
15880,"efficiency",36,0,993.5,1533.5941789105,84,2.75,0,0,0,0,0
15880,"quality",31,0,997,1537.0941789105,84,3.5,0,0,0,0,0
15880,"flattery",18,0,1000,1540.0941789105,84,3,0,0,0,0,0
15880,"lifeManagement",26,0,1003.75,1543.8441789105,84,3.75,0,0,0,0,0
15880,"slacking",22,0,1005.75,1545.8441789105,84,2,0,0,0,0,0
15880,"efficiency",37,0,1010,1550.0941789105,86,4.25,0,0,0,0,0
15880,"flattery",19,0,1013.25,1553.3441789105,86,3.25,0,0,0,0,0
15880,"lifeManagement",27,0,1016.25,1556.3441789105,86,3,0,0,0,0,0
15880,"quality",32,0,1022.25,1562.3441789105,87,6,0.06256517205422316,0,0.06256517205422316,0.06256517205422316,0
15880,"slacking",23,0,1039.25,1652.051117564,87,17,0,0,0,0,0
15880,"efficiency",38,0,1042.75,1655.551117564,88,3.5,0,0,0,0,0
15880,"flattery",20,0,1045.5,1658.301117564,88,2.75,0,0,0,0,0
15880,"lifeManagement",28,0,1050.5,1663.301117564,88,5,0,0,0,0,0
15880,"quality",33,0,1052.75,1665.551117564,89,2.25,0,0,0,0,0
15880,"slacking",24,0,1059.75,1672.551117564,89,7,0,0,0,0,0
15880,"efficiency",39,0,1062.75,1675.551117564,90,3,0,0,0,0,0
15880,"lifeManagement",29,0,1066.25,1679.051117564,90,3.5,0,0,0,0,0
15880,"quality",34,0,1093.25,1706.051117564,91,27,0,0,0,0,0
15880,"flattery",21,0,1095,1707.801117564,91,1.75,0.06734006734006734,0.13468013468013468,0,0.13468013468013468,0
15880,"slacking",25,0,1098,1710.801117564,91,3,0,0,0,0,0
15880,"efficiency",40,0,1099.75,1712.551117564,92,1.75,0,0,0,0,0
15880,"quality",35,0,1103,1715.801117564,93,3.25,0,0,0,0,0
15880,"flattery",22,0,1106.5,1719.301117564,93,3.5,0,0,0,0,0
15880,"lifeManagement",30,0,1110,1722.801117564,93,3.5,0,0,0,0,0
15880,"slacking",26,0,1113,1725.801117564,93,3,0,0,0,0,0
15880,"efficiency",41,0,1115.75,1728.551117564,94,2.75,0,0,0,0,0
15880,"quality",36,0,1118,1730.801117564,95,2.25,0,0,0,0,0
15880,"flattery",23,0,1121.5,1734.301117564,95,3.5,0,0,0,0,0
15880,"lifeManagement",31,0,1124.75,1737.551117564,95,3.25,0,0,0,0,0
15880,"slacking",27,0,1135.75,1748.551117564,96,11,0,0,0,0,0
15880,"efficiency",42,0,1135.75,1748.551117564,97,0,0,0,0,0,0
15880,"lifeManagement",32,0,1146,1829.9301297749,97,10.25,0,0,0,0,0
15880,"quality",37,0,1149.25,1833.1801297749,98,3.25,0,0,0,0,0
15880,"flattery",24,0,1153.25,1837.1801297749,98,4,0,0,0,0,0
15880,"slacking",28,0,1158,1841.9301297749,98,4.75,0,0,0,0,0
15880,"efficiency",43,0,1158.75,1842.6801297749,99,0.75,0,0,0,0,0
15880,"quality",38,0,1161,1844.9301297749,100,2.25,0,0,0,0,0
15880,"flattery",25,0,1164.25,1848.1801297749,100,3.25,0,0,0,0,0
15880,"lifeManagement",33,0,1167.75,1851.6801297749,100,3.5,0,0,0,0,0
15880,"slacking",29,0,1170,1853.9301297749,100,2.25,0,0,0,0,0
15880,"efficiency",44,0,1174.5,1858.4301297749,102,4.5,0,0,0,0,0
15880,"flattery",26,0,1204.25,1888.1801297749,102,29.75,0,0,0,0,0
15880,"lifeManagement",34,0,1206,1889.9301297749,102,1.75,0,0,0,0,0
15880,"quality",39,0,1209.5,1893.4301297749,103,3.5,0,0,0,0,0
15880,"slacking",30,0,1212.75,1896.6801297749,103,3.25,0,0,0,0,0
15880,"efficiency",45,0,1215.5,1899.4301297749,104,2.75,0,0,0,0,0
15880,"quality",40,0,1218.25,1902.1801297749,105,2.75,0,0,0,0,0
15880,"flattery",27,0,1220.5,1904.4301297749,105,2.25,0,0,0,0,0
15880,"lifeManagement",35,0,1222.75,1906.6801297749,105,2.25,0,0,0,0,0
15880,"slacking",31,0,1226.5,1910.4301297749,105,3.75,0,0,0,0,0
15880,"efficiency",46,0,1231,1914.9301297749,107,4.5,0,0,0,0,0
15880,"lifeManagement",36,0,1233.25,1917.1801297749,107,2.25,0,0,0,0,0
15880,"quality",41,0,1253,2010.0305686487,108,19.75,0,0,0,0,0
15880,"flattery",28,0,1257,2014.0305686487,108,4,0,0,0,0,0
15880,"slacking",32,0,1260.25,2017.2805686487,108,3.25,0,0.04143646408839779,0,0,0
15880,"efficiency",47,0,1264.75,2021.7805686487,109,4.5,0,0,0,0,0
15880,"flattery",29,0,1269.75,2026.7805686487,110,5,0,0,0,0,0
15880,"lifeManagement",37,0,1273.25,2030.2805686487,110,3.5,0,0,0,0,0
15880,"quality",42,0,1279.75,2036.7805686487,111,6.5,0,0,0,0,0
15880,"slacking",33,0,1307.75,2064.7805686487,111,28,0,0,0,0,0
15880,"efficiency",48,0,1310.25,2067.2805686487,112,2.5,0,0,0,0,0
15880,"quality",43,0,1313.75,2070.7805686487,113,3.5,0,0,0,0,0
15880,"flattery",30,0,1316.25,2073.2805686487,113,2.5,0.057859209257473475,0.11571841851494695,0,0,0
15880,"lifeManagement",38,0,1319.75,2076.7805686487,113,3.5,0.057416267942583726,0.11483253588516745,0.11483253588516745,0,0
15880,"slacking",34,0,1322.25,2079.2805686487,113,2.5,0,0,0,0,0
15880,"efficiency",49,0,1326.25,2083.2805686487,115,4,0,0,0,0,0
15880,"quality",44,0,1328,2085.0305686487,116,1.75,0,0,0,0,0
15880,"flattery",31,0,1331.5,2088.5305686487,116,3.5,0.10118043844856661,0.15177065767284992,0,0,0
15880,"lifeManagement",39,0,1334,2091.0305686487,116,2.5,0,0,0,0,0
15880,"slacking",35,0,1338.5,2095.5305686487,116,4.5,0,0,0,0,0
15880,"efficiency",50,0,1358.5,2115.5305686487,118,20,0,0,0,0,0
15880,"lifeManagement",40,0,1369.25,2191.0787759045,118,10.75,0,0,0,0,0
15880,"quality",45,0,1372.25,2194.0787759045,119,3,0,0,0,0,0
15880,"flattery",32,0,1376.25,2198.0787759045,119,4,0,0,0,0,0
15880,"slacking",36,0,1381,2202.8287759045,119,4.75,0,0,0,0,0
15880,"efficiency",51,0,1384.75,2206.5787759045,121,3.75,0,0,0,0,0
15880,"lifeManagement",41,0,1388.5,2210.3287759045,121,3.75,0,0,0,0,0
15880,"quality",46,0,1391,2212.8287759045,122,2.5,0,0,0,0,0
15880,"flattery",33,0,1394.75,2216.5787759045,122,3.75,0,0,0,0,0
15880,"slacking",37,0,1397.5,2219.3287759045,122,2.75,0,0,0,0,0
15880,"efficiency",52,0,1425.75,2247.5787759045,124,28.25,0,0,0,0,0
15880,"lifeManagement",42,0,1428,2249.8287759045,124,2.25,0,0,0,0,0
15880,"quality",47,0,1431,2252.8287759045,125,3,0,0,0,0,0
15880,"flattery",34,0,1433.5,2255.3287759045,125,2.5,0,0,0,0,0
15880,"slacking",38,0,1436.5,2258.3287759045,125,3,0,0,0,0,0
15880,"efficiency",53,0,1441,2262.8287759045,127,4.5,0,0,0,0,0
15880,"lifeManagement",43,0,1443.75,2265.5787759045,127,2.75,0,0,0,0,0
15880,"quality",48,0,1448.75,2270.5787759045,128,5,0,0,0,0,0
15880,"flattery",35,0,1451.5,2273.3287759045,128,2.75,0,0,0,0,0
15880,"slacking",39,0,1455.25,2277.0787759045,128,3.75,0,0,0,0,0
15880,"efficiency",54,0,1475.25,2370.4181787855,130,20,0,0,0,0,0
15880,"quality",49,0,1478.5,2373.6681787855,131,3.25,0,0,0,0,0
15880,"flattery",36,0,1481.5,2376.6681787855,131,3,0.07277137659187385,0.1455427531837477,0,0,0
15880,"lifeManagement",44,0,1486.25,2381.4181787855,131,4.75,0,0,0,0,0
15880,"slacking",40,0,1493.5,2388.6681787855,131,7.25,0,0,0,0,0
15880,"efficiency",55,0,1496.5,2391.6681787855,133,3,0,0,0,0,0
15880,"flattery",37,0,1501,2396.1681787855,134,4.5,0.04181184668989547,0,0,0,0
15880,"lifeManagement",45,0,1530.5,2425.6681787855,134,29.5,0,0,0,0,0
15880,"quality",50,0,1533.25,2428.4181787855,135,2.75,0,0,0,0,0
15880,"slacking",41,0,1536.25,2431.4181787855,135,3,0,0,0,0,0
15880,"efficiency",56,0,1539.25,2434.4181787855,137,3,0,0,0,0,0
15880,"lifeManagement",46,0,1541.5,2436.6681787855,137,2.25,0.14551333872271624,0.04850444624090541,0.04850444624090541,0,0.04850444624090541
15880,"quality",51,0,1545.75,2440.9181787855,138,4.25,0,0,0,0,0
15880,"flattery",38,0,1548,2443.1681787855,138,2.25,0,0,0,0,0
15880,"slacking",42,0,1550.75,2445.9181787855,138,2.75,0,0,0,0,0
15880,"efficiency",57,0,1554,2449.1681787855,140,3.25,0,0,0,0,0
15880,"quality",52,0,1556.25,2451.4181787855,141,2.25,0,0,0,0,0
15880,"flattery",39,0,1560,2455.1681787855,141,3.75,0,0,0,0,0
15880,"lifeManagement",47,0,1567.5,2462.6681787855,141,7.5,0,0,0,0,0
15880,"slacking",43,0,1572.5,2467.6681787855,142,5,0,0,0,0,0
15880,"efficiency",58,0,1572.5,2467.6681787855,143,0,0,0,0,0,0
15880,"lifeManagement",48,0,1583.75,2551.7984132478,144,11.25,0,0,0,0,0
15880,"quality",53,0,1583.75,2551.7984132478,145,0,0,0,0,0,0
15880,"flattery",40,0,1585.25,2553.2984132478,145,1.5,0,0,0,0,0
15880,"slacking",44,0,1585.25,2553.2984132478,145,0,0,0,0,0,0
15880,"efficiency",59,0,1590.25,2558.2984132478,147,5,0,0,0,0,0
15880,"flattery",41,0,1593.25,2561.2984132478,148,3,0,0,0,0,0
15880,"lifeManagement",49,0,1596.25,2564.2984132478,148,3,0.07006617360840793,0.023355391202802646,0.09342156481121058,0,0.023355391202802646
15880,"quality",54,0,1600,2568.0484132478,149,3.75,0,0,0,0,0
15880,"slacking",45,0,1603.5,2571.5484132478,149,3.5,0,0,0,0,0
15880,"efficiency",60,0,1607.75,2575.7984132478,151,4.25,0,0,0,0,0
15880,"lifeManagement",50,0,1611,2579.0484132478,151,3.25,0,0,0,0,0
15880,"quality",55,0,1637.75,2605.7984132478,152,26.75,0,0,0,0,0
15880,"flattery",42,0,1641.25,2609.2984132478,152,3.5,0,0,0,0,0
15880,"slacking",46,0,1643.25,2611.2984132478,152,2,0.03073770491803279,0.09221311475409837,0.09221311475409837,0.06147540983606558,0
15880,"efficiency",61,0,1646.25,2614.2984132478,154,3,0,0,0,0,0
15880,"lifeManagement",51,0,1650.25,2618.2984132478,155,4,0,0,0,0,0
15880,"quality",56,0,1653.25,2621.2984132478,156,3,0,0,0,0,0
15880,"flattery",43,0,1656,2624.0484132478,156,2.75,0,0,0,0,0
15880,"slacking",47,0,1659.75,2627.7984132478,156,3.75,0,0,0,0,0
15880,"efficiency",62,0,1663,2631.0484132478,158,3.25,0,0,0,0,0
15880,"lifeManagement",52,0,1665.25,2633.2984132478,159,2.25,0,0,0,0,0
15880,"quality",57,0,1668.75,2636.7984132478,160,3.5,0,0,0,0,0
15880,"flattery",44,0,1674.5,2642.5484132478,160,5.75,0,0,0,0,0
15880,"slacking",48,0,1692.75,2734.9411377935,160,18.25,0,0,0,0,0
15880,"efficiency",63,0,1698.75,2740.9411377935,162,6,0,0,0,0,0
15880,"lifeManagement",53,0,1702.25,2744.4411377935,163,3.5,0,0,0,0,0
15880,"quality",58,0,1704.75,2746.9411377935,164,2.5,0,0,0,0,0
15880,"flattery",45,0,1704.75,2746.9411377935,164,0,0,0,0,0,0
15880,"slacking",49,0,1704.75,2746.9411377935,164,0,0,0,0,0,0
15880,"efficiency",64,0,1704.75,2746.9411377935,166,0,0,0,0,0,0
15880,"lifeManagement",54,0,1707.75,2749.9411377935,167,3,0,0,0,0,0
15880,"quality",59,0,1711.25,2753.4411377935,168,3.5,0,0,0,0,0
15880,"flattery",46,0,1714.75,2756.9411377935,168,3.5,0,0,0,0,0
15880,"slacking",50,0,1744,2786.1911377935,168,29.25,0.06644518272425248,0.13289036544850497,0.13289036544850497,0.09966777408637874,0
15880,"efficiency",65,0,1747.5,2789.6911377935,170,3.5,0,0,0,0,0
15880,"lifeManagement",55,0,1751,2793.1911377935,171,3.5,0,0,0,0,0
15880,"quality",60,0,1753.75,2795.9411377935,172,2.75,0,0,0,0,0
15880,"flattery",47,0,1757.25,2799.4411377935,172,3.5,0,0,0,0,0
15880,"slacking",51,0,1760.25,2802.4411377935,172,3,0,0,0,0,0
15880,"efficiency",66,0,1762,2804.1911377935,175,1.75,0,0,0,0,0.024968789013732836
15880,"lifeManagement",56,0,1765,2807.1911377935,175,3,0.06489994591671173,0,0,0,0
15880,"quality",61,0,1769,2811.1911377935,176,4,0,0,0,0,0
15880,"flattery",48,0,1772.25,2814.4411377935,176,3.25,0,0,0,0,0
15880,"slacking",52,0,1780.25,2822.4411377935,177,8,0,0,0,0,0
15880,"efficiency",67,0,1796.25,2913.0172713802,179,16,0,0,0,0,0
15880,"flattery",49,0,1800.25,2917.0172713802,180,4,0,0,0,0,0
15880,"lifeManagement",57,0,1804.75,2921.5172713802,180,4.5,0,0,0,0,0
15880,"quality",62,0,1811,2927.7672713802,181,6.25,0,0,0,0,0
15880,"slacking",53,0,1816,2932.7672713802,181,5,0,0,0,0,0
15880,"efficiency",68,0,1822,2938.7672713802,184,6,0,0,0,0,0
15880,"lifeManagement",58,0,1848.5,2965.2672713802,184,26.5,0,0,0,0,0
15880,"quality",63,0,1851,2967.7672713802,185,2.5,0,0,0,0,0
15880,"flattery",50,0,1854,2970.7672713802,185,3,0,0,0,0,0
15880,"slacking",54,0,1856.25,2973.0172713802,186,2.25,0,0,0,0,0
15880,"efficiency",69,0,1859.5,2976.2672713802,188,3.25,0,0,0,0,0
15880,"lifeManagement",59,0,1861.5,2978.2672713802,189,2,0,0,0,0,0
15880,"quality",64,0,1864.75,2981.5172713802,190,3.25,0,0,0,0,0
15880,"flattery",51,0,1867.5,2984.2672713802,190,2.75,0,0,0,0,0
15880,"slacking",55,0,1870.75,2987.5172713802,190,3.25,0,0,0,0,0
15880,"efficiency",70,0,1872.5,2989.2672713802,193,1.75,0,0,0,0,0
15880,"flattery",52,0,1875.75,2992.5172713802,194,3.25,0,0,0,0,0
15880,"lifeManagement",60,0,1878.75,2995.5172713802,194,3,0,0,0,0,0
15880,"quality",65,0,1886,3002.7672713802,195,7.25,0,0,0,0,0
15880,"slacking",56,0,1907.75,3090.0270677252,195,21.75,0.02342834830144475,0.07028504490433425,0.0468566966028895,0.02342834830144475,0
15880,"efficiency",71,0,1911.25,3093.5270677252,198,3.5,0,0,0,0,0
15880,"lifeManagement",61,0,1914.5,3096.7770677252,198,3.25,0,0,0,0,0
15880,"flattery",53,0,1917.25,3099.5270677252,199,2.75,0.09799918334013882,0.024499795835034706,0,0.09799918334013882,0.024499795835034706
15880,"quality",66,0,1922,3104.2770677252,200,4.75,0,0,0,0,0
15880,"slacking",57,0,1924,3106.2770677252,200,2,0.07569386038687974,0.1261564339781329,0.10092514718250631,0.07569386038687974,0
15880,"efficiency",72,0,1928.75,3111.0270677252,203,4.75,0,0,0,0,0
15880,"lifeManagement",62,0,1934,3116.2770677252,203,5.25,0,0,0,0,0
15880,"flattery",54,0,1963.5,3145.7770677252,204,29.5,0.10332950631458093,0,0,0.1377726750861079,0
15880,"quality",67,0,1967.5,3149.7770677252,205,4,0,0,0,0,0
15880,"slacking",58,0,1972.25,3154.5270677252,205,4.75,0,0,0,0,0
15880,"efficiency",73,0,1975.75,3158.0270677252,208,3.5,0,0,0,0,0
15880,"flattery",55,0,1979.5,3161.7770677252,209,3.75,0,0,0,0,0
15880,"lifeManagement",63,0,1984.25,3166.5270677252,209,4.75,0,0,0,0,0
15880,"quality",68,0,1987.75,3170.0270677252,210,3.5,0,0,0,0,0
15880,"slacking",59,0,1991.75,3174.0270677252,210,4,0,0,0,0,0
15880,"efficiency",74,0,1995.25,3177.5270677252,213,3.5,0,0,0,0,0
15880,"flattery",56,0,2006.25,3188.5270677252,214,11,0,0,0,0,0
15880,"lifeManagement",64,0,2006.25,3188.5270677252,214,0,0,0,0,0,0
15880,"quality",69,0,2014.75,3269.5700943307,215,8.5,0,0,0,0,0
15880,"slacking",60,0,2018,3272.8200943307,215,3.25,0,0,0,0,0
15880,"efficiency",75,0,2021,3275.8200943307,218,3,0,0,0,0,0
15880,"lifeManagement",65,0,2022.5,3277.3200943307,219,1.5,0,0,0,0,0
15880,"quality",70,0,2022.5,3277.3200943307,220,0,0,0,0,0,0
15880,"flattery",57,0,2023.75,3278.5700943307,220,1.25,0,0,0,0,0
15880,"slacking",61,0,2024.75,3279.5700943307,220,1,0,0,0,0,0
15880,"efficiency",76,0,2024.75,3279.5700943307,224,0,0,0,0,0,0
15880,"flattery",58,0,2027.25,3282.0700943307,225,2.5,0,0,0,0,0
15880,"lifeManagement",66,0,2031.25,3286.0700943307,225,4,0,0,0,0,0
15880,"quality",71,0,2034,3288.8200943307,226,2.75,0,0,0,0,0
15880,"slacking",62,0,2037.5,3292.3200943307,226,3.5,0,0,0,0,0
15880,"efficiency",77,0,2042,3296.8200943307,229,4.5,0,0,0,0,0
15880,"lifeManagement",67,0,2070,3324.8200943307,230,28,0.10204081632653061,0.02040816326530612,0.02040816326530612,0,0.04081632653061224
15880,"quality",72,0,2070.75,3325.5700943307,231,0.75,0,0,0,0,0
15880,"flattery",59,0,2071.5,3326.3200943307,231,0.75,0,0,0,0,0
15880,"slacking",63,0,2071.5,3326.3200943307,232,0,0,0,0,0,0
15880,"efficiency",78,0,2073.25,3328.0700943307,235,1.75,0,0,0,0,0
15880,"lifeManagement",68,0,2075,3329.8200943307,236,1.75,0,0,0,0,0
15880,"quality",73,0,2075,3329.8200943307,237,0,0,0,0,0,0
15880,"flattery",60,0,2078.25,3333.0700943307,237,3.25,0,0,0,0,0
15880,"slacking",64,0,2080.75,3335.5700943307,237,2.5,0,0,0,0,0
15880,"efficiency",79,0,2084.25,3339.0700943307,241,3.5,0,0,0,0,0
15880,"flattery",61,0,2088.25,3343.0700943307,242,4,0,0,0,0,0
15880,"lifeManagement",69,0,2092,3346.8200943307,242,3.75,0,0,0.017513134851138354,0,0
15880,"quality",74,0,2096.25,3351.0700943307,243,4.25,0,0,0,0,0
15880,"slacking",65,0,2098.75,3353.5700943307,243,2.5,0.06863025450386046,0.10294538175579068,0.10294538175579068,0.08578781812982557,0
15880,"efficiency",80,0,2102,3356.8200943307,247,3.25,0,0,0,0,0
15880,"lifeManagement",70,0,2112.5,3367.3200943307,248,10.5,0,0,0,0,0
15880,"quality",75,0,2121,3449.8055822195,249,8.5,0.03084040092521203,0,0,0.04626060138781805,0
15880,"flattery",62,0,2125.75,3454.5555822195,249,4.75,0,0,0,0,0
15880,"slacking",66,0,2130.25,3459.0555822195,249,4.5,0,0,0,0,0
15880,"efficiency",81,0,2134.75,3463.5555822195,253,4.5,0,0,0,0,0
15880,"lifeManagement",71,0,2140,3468.8055822195,254,5.25,0,0,0,0,0
15880,"quality",76,0,2143.75,3472.5555822195,255,3.75,0.03947368421052632,0,0,0.05921052631578948,0
15880,"flattery",63,0,2149.75,3478.5555822195,255,6,0,0,0,0,0
15880,"slacking",67,0,2177.5,3506.3055822195,256,27.75,0,0,0,0,0
15880,"efficiency",82,0,2180.5,3509.3055822195,259,3,0,0,0,0,0
15880,"lifeManagement",72,0,2183.75,3512.5555822195,260,3.25,0,0,0,0,0
15880,"flattery",64,0,2187,3515.8055822195,261,3.25,0,0,0,0,0
15880,"quality",77,0,2190,3518.8055822195,262,3,0,0,0,0,0
15880,"slacking",68,0,2192.75,3521.5555822195,262,2.75,0,0,0,0,0
15880,"efficiency",83,0,2195.75,3524.5555822195,266,3,0,0,0,0,0
15880,"lifeManagement",73,0,2198.75,3527.5555822195,267,3,0,0,0,0,0
15880,"quality",78,0,2201.5,3530.3055822195,268,2.75,0,0,0,0,0
15880,"flattery",65,0,2204.75,3533.5555822195,268,3.25,0,0,0,0,0
15880,"slacking",69,0,2208.5,3537.3055822195,269,3.75,0,0,0,0,0
15880,"efficiency",84,0,2218.25,3547.0555822195,272,9.75,0,0,0,0,0
15880,"lifeManagement",74,0,2229.5,3632.5275156732,273,11.25,0,0,0,0,0
15880,"flattery",66,0,2234.75,3637.7775156732,274,5.25,0,0,0,0,0
15880,"quality",79,0,2237.75,3640.7775156732,275,3,0,0,0,0,0
15880,"slacking",70,0,2237.75,3640.7775156732,275,0,0,0,0,0,0
15880,"efficiency",85,0,2238.25,3641.2775156732,279,0.5,0,0,0,0,0
15880,"lifeManagement",75,0,2241.75,3644.7775156732,280,3.5,0,0,0,0,0
15880,"flattery",67,0,2244.75,3647.7775156732,281,3,0,0,0,0,0
15880,"quality",80,0,2247.5,3650.5275156732,282,2.75,0.041714947856315174,0,0.06952491309385862,0.055619930475086905,0
15880,"slacking",71,0,2251.25,3654.2775156732,282,3.75,0,0,0,0,0
15880,"efficiency",86,0,2254.5,3657.5275156732,286,3.25,0,0,0,0,0
15880,"lifeManagement",76,0,2282.25,3685.2775156732,287,27.75,0,0,0,0,0
15880,"flattery",68,0,2285.5,3688.5275156732,288,3.25,0,0,0,0,0
15880,"quality",81,0,2289,3692.0275156732,289,3.5,0,0,0,0,0
15880,"slacking",72,0,2293,3696.0275156732,289,4,0,0,0,0,0
15880,"efficiency",87,0,2297,3700.0275156732,293,4,0,0,0,0,0
15880,"lifeManagement",77,0,2300.25,3703.2775156732,294,3.25,0,0,0,0,0
15880,"flattery",69,0,2304.25,3707.2775156732,295,4,0,0,0,0,0
15880,"quality",82,0,2307.75,3710.7775156732,296,3.5,0,0,0,0,0
15880,"slacking",73,0,2311.25,3714.2775156732,296,3.5,0,0,0,0,0
15880,"efficiency",88,0,2314.75,3717.7775156732,300,3.5,0,0,0,0,0
15880,"lifeManagement",78,0,2341.25,3810.2879872602,302,26.5,0,0,0,0,0
15880,"quality",83,0,2344.75,3813.7879872602,303,3.5,0,0,0,0,0
15880,"flattery",70,0,2349.25,3818.2879872602,303,4.5,0.040554241297735716,0.1013856032443393,0,0.06083136194660358,0
15880,"slacking",74,0,2353.5,3822.5379872602,304,4.25,0,0,0,0,0
15880,"efficiency",89,0,2358.5,3827.5379872602,308,5,0,0,0,0,0
15880,"lifeManagement",79,0,2362,3831.0379872602,309,3.5,0.10387811634349031,0,0,0,0
15880,"flattery",71,0,2366.25,3835.2879872602,310,4.25,0,0,0,0,0
15880,"quality",84,0,2370.75,3839.7879872602,311,4.5,0,0,0,0,0
15880,"slacking",75,0,2399,3868.0379872602,311,28.25,0,0.04557538928978352,0.02278769464489176,0,0
15880,"efficiency",90,0,2403,3872.0379872602,316,4,0,0,0,0,0
15880,"lifeManagement",80,0,2407.25,3876.2879872602,317,4.25,0,0,0,0,0
15880,"flattery",72,0,2411,3880.0379872602,318,3.75,0,0,0,0,0
15880,"quality",85,0,2415.75,3884.7879872602,319,4.75,0,0,0,0,0
15880,"slacking",76,0,2418.75,3887.7879872602,319,3,0.042765502494654314,0.10691375623663578,0.08553100498930863,0.06414825374198146,0
15880,"efficiency",91,0,2422.75,3891.7879872602,324,4,0,0,0,0,0
15880,"lifeManagement",81,0,2426.5,3895.5379872602,325,3.75,0,0,0,0,0
15880,"flattery",73,0,2468.25,4012.2160963093,326,41.75,0,0,0,0,0
15880,"quality",86,0,2471.75,4015.7160963093,327,3.5,0,0,0.0632577754348972,0.0316288877174486,0
15880,"slacking",77,0,2475.5,4019.4660963093,327,3.75,0,0,0,0,0
15880,"efficiency",92,0,2479.5,4023.4660963093,332,4,0,0,0,0,0
15880,"lifeManagement",82,0,2483.5,4027.4660963093,333,4,0.06214396685655102,0,0,0,0
15880,"flattery",74,0,2487.75,4031.7160963093,334,4.25,0.03176283748014823,0,0,0.06352567496029646,0
15880,"quality",87,0,2492.25,4036.2160963093,335,4.5,0,0,0,0,0
15880,"slacking",78,0,2497,4040.9660963093,335,4.75,0,0,0,0,0
15880,"efficiency",93,0,2501.5,4045.4660963093,340,4.5,0,0,0,0,0
15880,"lifeManagement",83,0,2505.5,4049.4660963093,341,4,0,0,0,0,0
15880,"flattery",75,0,2509.25,4053.2160963093,342,3.75,0,0,0,0,0
15880,"quality",88,0,2513.5,4057.4660963093,343,4.25,0,0,0,0,0
15880,"slacking",79,0,2517,4060.9660963093,344,3.5,0,0,0,0,0
15880,"efficiency",94,0,2525.5,4069.4660963093,348,8.5,0,0,0,0,0
15880,"lifeManagement",84,0,2529.25,4073.2160963093,350,3.75,0,0,0,0,0
15880,"flattery",76,0,2533.5,4077.4660963093,351,4.25,0,0,0,0,0
15880,"quality",89,1,2549.5,4170.8069202794,352,16,0,0,0,0,0
15880,"slacking",80,1,2552.75,4174.0569202794,352,3.25,0,0,0,0,0
15880,"efficiency",95,1,2555.5,4176.8069202794,357,2.75,0,0,0,0,0
15880,"lifeManagement",85,1,2558.25,4179.5569202794,359,2.75,0,0,0,0,0
15880,"flattery",77,1,2558.25,4179.5569202794,360,0,0,0,0,0,0
15880,"quality",90,1,2558.25,4179.5569202794,361,0,0,0,0,0,0
15880,"slacking",81,1,2558.25,4179.5569202794,361,0,0,0,0,0,0
15880,"efficiency",96,1,2558.25,4179.5569202794,366,0,0,0,0,0,0
15880,"lifeManagement",86,1,2560,4181.3069202794,368,1.75,0,0,0,0,0
15880,"flattery",78,1,2562.25,4183.5569202794,369,2.25,0,0,0,0,0
15880,"quality",91,1,2564.25,4185.5569202794,370,2,0,0,0,0,0
15880,"slacking",82,1,2566,4187.3069202794,370,1.75,0,0,0,0,0
15880,"efficiency",97,1,2567.75,4189.0569202794,375,1.75,0,0,0,0,0
15880,"lifeManagement",87,1,2569.25,4190.5569202794,377,1.5,0,0,0,0,0
15880,"flattery",79,1,2571.5,4192.8069202794,378,2.25,0.01653575857792476,0,0,0.03307151715584952,0
15880,"quality",92,1,2573.5,4194.8069202794,379,2,0,0,0,0,0
15880,"slacking",83,1,2575.25,4196.5569202794,379,1.75,0,0,0,0,0
15880,"efficiency",98,1,2577,4198.3069202794,384,1.75,0,0,0,0,0
15880,"lifeManagement",88,1,2603.75,4225.0569202794,386,26.75,0,0,0,0,0
15880,"flattery",80,1,2605.25,4226.5569202794,387,1.5,0,0,0,0,0
15880,"quality",93,1,2607,4228.3069202794,388,1.75,0,0,0,0,0
15880,"slacking",84,1,2610,4231.3069202794,389,3,0,0,0,0,0
15880,"efficiency",99,1,2611.75,4233.0569202794,394,1.75,0,0,0,0,0
15880,"lifeManagement",89,1,2615,4236.3069202794,396,3.25,0,0,0,0,0
15880,"flattery",81,1,2616.75,4238.0569202794,397,1.75,0,0,0,0,0
15880,"quality",94,1,2620.5,4241.8069202794,398,3.75,0,0,0,0,0
15880,"slacking",85,1,2623.25,4244.5569202794,398,2.75,0,0,0,0,0
15880,"efficiency",100,1,2626,4247.3069202794,404,2.75,0,0,0,0,0
15880,"lifeManagement",90,1,2628.25,4249.5569202794,406,2.25,0,0,0,0,0
15880,"flattery",82,1,2631,4252.3069202794,407,2.75,0,0,0,0,0
15880,"quality",95,1,2633.75,4255.0569202794,408,2.75,0,0,0,0,0
15880,"slacking",86,1,2636.5,4257.8069202794,408,2.75,0,0,0,0,0
15880,"efficiency",101,1,2664,4351.0536931614,414,27.5,0,0,0,0,0
15880,"lifeManagement",91,1,2667,4354.0536931614,416,3,0,0,0,0,0
15880,"flattery",83,1,2670.75,4357.8036931614,417,3.75,0,0,0,0,0
15880,"quality",96,1,2672,4359.0536931614,418,1.25,0,0,0,0,0
15880,"slacking",87,1,2672,4359.0536931614,419,0,0,0,0,0,0
15880,"lifeManagement",92,1,2672,4359.0536931614,426,0,0,0,0,0,0
15880,"flattery",84,1,2672,4359.0536931614,428,0,0,0,0,0,0
15880,"quality",97,1,2676.25,4363.3036931614,429,4.25,0,0,0,0,0
15880,"slacking",88,1,2679.5,4366.5536931614,429,3.25,0,0,0,0,0
15880,"efficiency",102,1,2681.5,4368.5536931614,431,2,0,0.03761755485893417,0.02821316614420063,0.018808777429467086,0.047021943573667714
15880,"lifeManagement",93,1,2686.25,4373.3036931614,437,4.75,0,0,0,0,0
15880,"flattery",85,1,2689.75,4376.8036931614,438,3.5,0,0,0,0,0
15880,"quality",98,1,2718.25,4405.3036931614,439,28.5,0,0,0,0,0
15880,"slacking",89,1,2721.5,4408.5536931614,440,3.25,0,0,0,0,0
15880,"efficiency",103,1,2723.75,4410.8036931614,448,2.25,0,0,0,0,0
15880,"lifeManagement",94,1,2727,4414.0536931614,448,3.25,0,0,0,0,0
15880,"flattery",86,1,2730.25,4417.3036931614,449,3.25,0,0,0,0,0
15880,"quality",99,1,2732.25,4419.3036931614,450,2,0,0,0,0,0
15880,"slacking",90,1,2736,4423.0536931614,451,3.75,0,0,0,0,0
15880,"lifeManagement",95,1,2738,4425.0536931614,459,2,0,0,0,0,0
15880,"flattery",87,1,2741,4428.0536931614,460,3,0,0,0,0,0
15880,"quality",100,1,2743.5,4430.5536931614,462,2.5,0,0,0,0,0
15880,"slacking",91,1,2747.25,4434.3036931614,462,3.75,0,0,0,0,0
15880,"efficiency",104,1,2749.5,4436.5536931614,466,2.25,0,0,0,0,0
15880,"lifeManagement",96,1,2766.75,4528.6729161632,470,17.25,0.10720028586742898,0,0,0,0
15880,"flattery",88,1,2771.75,4533.6729161632,472,5,0,0,0,0,0
15880,"quality",101,1,2775,4536.9229161632,473,3.25,0,0,0,0,0
15880,"slacking",92,1,2779.5,4541.4229161632,473,4.5,0,0,0,0,0
15880,"lifeManagement",97,1,2783.25,4545.1729161632,482,3.75,0,0,0,0,0
15880,"flattery",89,1,2787.25,4549.1729161632,484,4,0,0,0,0,0
15880,"efficiency",105,1,2791.75,4553.6729161632,485,4.5,0,0,0,0,0
15880,"slacking",93,1,2796.25,4558.1729161632,485,4.5,0,0,0,0,0
15880,"quality",102,1,2823.75,4585.6729161632,492,27.5,0,0,0,0,0
15880,"lifeManagement",98,1,2826.5,4588.4229161632,494,2.75,0,0,0,0,0
15880,"flattery",90,1,2829.5,4591.4229161632,496,3,0,0,0,0,0
15880,"slacking",94,1,2831.5,4593.4229161632,497,2,0,0,0,0,0
15880,"efficiency",106,1,2834.75,4596.6729161632,504,3.25,0,0,0,0,0
15880,"lifeManagement",99,1,2836.75,4598.6729161632,507,2,0,0,0,0,0
15880,"flattery",91,1,2841,4602.9229161632,508,4.25,0,0,0,0,0
15880,"slacking",95,1,2843.75,4605.6729161632,510,2.75,0,0,0,0,0
15880,"quality",103,1,2847.25,4609.1729161632,512,3.5,0,0,0,0,0
15880,"lifeManagement",100,1,2850.5,4612.4229161632,519,3.25,0,0,0,0,0
15880,"flattery",92,1,2854,4615.9229161632,521,3.5,0,0,0,0,0
15880,"slacking",96,1,2856,4617.9229161632,523,2,0,0,0,0,0
15880,"efficiency",107,1,2874.25,4710.6141962217,525,18.25,0,0,0,0,0
15880,"lifeManagement",101,1,2877,4713.3641962217,532,2.75,0,0,0,0,0
15880,"quality",104,1,2879.75,4716.1141962217,533,2.75,0,0,0,0.01630877955966295,0
15880,"flattery",93,1,2884.75,4721.1141962217,534,5,0.0714663843303335,0.13499205929062996,0,0.13499205929062996,0
15880,"slacking",97,1,2888.25,4724.6141962217,536,3.5,0,0.03210702341137124,0,0.03210702341137124,0
15880,"efficiency",108,1,2892,4728.3641962217,546,3.75,0,0,0,0,0
15880,"flattery",94,1,2896,4732.3641962217,547,4,0,0,0,0,0
15880,"slacking",98,1,2901,4737.3641962217,549,5,0,0,0,0,0
15880,"quality",105,1,2903.5,4739.8641962217,554,2.5,0,0,0,0,0
15880,"lifeManagement",102,1,2931,4767.3641962217,554,27.5,0,0,0,0,0
15880,"flattery",95,1,2934.75,4771.1141962217,561,3.75,0,0,0,0,0
15880,"slacking",99,1,2938.25,4774.6141962217,563,3.5,0,0,0,0,0
15880,"efficiency",109,1,2940.5,4776.8641962217,568,2.25,0,0,0,0,0
15880,"flattery",96,1,2945.25,4781.6141962217,575,4.75,0,0,0,0,0
15880,"quality",106,1,2947.75,4784.1141962217,576,2.5,0,0,0,0,0
15880,"lifeManagement",103,1,2950.75,4787.1141962217,576,3,0,0,0,0,0
15880,"slacking",100,1,2954,4790.3641962217,577,3.25,0,0,0,0,0
15880,"flattery",97,1,2957.5,4793.8641962217,589,3.5,0,0,0,0,0
15880,"efficiency",110,1,2961.25,4797.6141962217,591,3.75,0,0,0,0,0
15880,"slacking",101,1,2979.25,4890.7452307558,591,18,0,0,0,0,0
15880,"lifeManagement",104,1,2982.25,4893.7452307558,599,3,0,0,0,0,0
15880,"quality",107,1,2985.75,4897.2452307558,600,3.5,0,0,0,0,0
15880,"flattery",98,1,2989.25,4900.7452307558,604,3.5,0,0,0,0,0
15880,"efficiency",111,1,2992.75,4904.2452307558,615,3.5,0,0,0,0,0
15880,"slacking",102,1,2998,4909.4952307558,615,5.25,0,0,0,0,0
15880,"flattery",99,1,3002.25,4913.7452307558,619,4.25,0,0,0,0,0
15880,"lifeManagement",105,1,3007.75,4919.2452307558,623,5.5,0,0,0,0,0
15880,"quality",108,1,3035.75,4947.2452307558,624,28,0,0,0,0,0
15880,"flattery",100,1,3039,4950.4952307558,634,3.25,0,0,0,0,0
15880,"efficiency",112,1,3041.5,4952.9952307558,640,2.5,0,0.020604395604395604,0.030906593406593408,0.010302197802197802,0
15880,"slacking",103,1,3045,4956.4952307558,640,3.5,0.2614151272220286,0.09410944579993029,0.10456605088881142,0.08365284071104914,0
15880,"lifeManagement",106,1,3048.5,4959.9952307558,648,3.5,0,0,0,0,0
15880,"quality",109,1,3050.75,4962.2452307558,649,2.25,0.05843207271546826,0,0,0.15581886057458205,0.06817075150137965
15880,"flattery",101,1,3054.25,4965.7452307558,650,3.5,0,0,0,0,0
15880,"efficiency",113,1,3058.5,4969.9952307558,665,4.25,0,0,0,0,0
15880,"slacking",104,1,3061.5,4972.9952307558,666,3,0,0,0,0,0
15880,"quality",110,1,3064.5,4975.9952307558,675,3,0,0,0,0,0
15880,"lifeManagement",107,1,3082,5068.9619361996,675,17.5,0,0.07590666291818948,0,0,0
15880,"flattery",102,1,3086.25,5073.2119361996,676,4.25,0,0,0,0,0
15880,"efficiency",114,1,3089.25,5076.2119361996,692,3,0,0.07088846880907372,0.0779773156899811,0.06379962192816635,0
15880,"slacking",105,1,3094.5,5081.4619361996,693,5.25,0,0,0,0,0
15880,"lifeManagement",108,1,3098.75,5085.7119361996,702,4.25,0,0,0,0,0
15880,"quality",111,1,3103,5089.9619361996,703,4.25,0,0,0,0.014013780217213593,0
15880,"flattery",103,1,3107.75,5094.7119361996,704,4.75,0,0,0,0,0
15880,"efficiency",115,1,3138,5124.9619361996,720,30.25,0,0,0,0,0
15880,"slacking",106,1,3142.5,5129.4619361996,720,4.5,0,0,0,0,0
15880,"lifeManagement",109,1,3146,5132.9619361996,730,3.5,0.09488666315234581,0,0,0,0.10542962572482868
15880,"quality",112,1,3149.25,5136.2119361996,731,3.25,0,0,0,0,0
15880,"flattery",104,1,3153,5139.9619361996,732,3.75,0,0,0,0,0
15880,"efficiency",116,1,3157.5,5144.4619361996,749,4.5,0,0,0,0,0
15880,"slacking",107,1,3160.75,5147.7119361996,750,3.25,0.23102839724049412,0.04813091609176961,0.06738328252847746,0.04813091609176961,0
15880,"quality",113,1,3165.75,5152.7119361996,760,5,0,0,0,0,0
15880,"lifeManagement",110,1,3170.5,5157.4619361996,760,4.75,0,0,0,0,0
15880,"flattery",105,1,3189.75,5251.7076838544,762,19.25,0,0,0,0,0
15880,"efficiency",117,1,3195.25,5257.2076838544,779,5.5,0,0,0,0,0
15880,"slacking",108,1,3196.5,5258.4576838544,780,1.25,0,0,0,0,0
15880,"lifeManagement",111,1,3196.5,5258.4576838544,790,0,0,0,0,0,0
15880,"quality",114,1,3199.5,5261.4576838544,791,3,0,0,0,0,0
15880,"flattery",106,1,3204.25,5266.2076838544,792,4.75,0,0,0,0,0
15880,"efficiency",118,1,3208.75,5270.7076838544,811,4.5,0,0,0,0,0
15880,"slacking",109,1,3213.5,5275.4576838544,811,4.75,0,0,0,0,0
15880,"lifeManagement",112,1,3218,5279.9576838544,822,4.5,0,0,0,0,0
15880,"quality",115,1,3245.75,5307.7076838544,823,27.75,0,0,0,0,0
15880,"flattery",107,1,3248.75,5310.7076838544,824,3,0.022332506203473945,0.11166253101736973,0,0.10421836228287841,0.022332506203473945
15880,"efficiency",119,1,3254.5,5316.4576838544,844,5.75,0,0,0,0,0
15880,"slacking",110,1,3257.75,5319.7076838544,844,3.25,0.008612028132625234,0,0,0,0
15880,"lifeManagement",113,1,3262.25,5324.2076838544,855,4.5,0,0,0,0,0
15880,"quality",116,1,3266.25,5328.2076838544,856,4,0,0,0,0,0
15880,"flattery",108,1,3272,5333.9576838544,858,5.75,0,0,0,0,0
15880,"efficiency",120,1,3291.75,5429.0893516072,878,19.75,0,0,0,0,0
15880,"slacking",111,1,3296,5433.3393516072,878,4.25,0,0,0,0,0
15880,"lifeManagement",114,1,3301.5,5438.8393516072,890,5.5,0,0,0,0,0
15880,"quality",117,1,3306,5443.3393516072,891,4.5,0,0,0,0,0
15880,"flattery",109,1,3312,5449.3393516072,892,6,0,0,0,0,0
15880,"efficiency",121,1,3317.25,5454.5893516072,913,5.25,0,0,0,0,0
15880,"slacking",112,1,3348.25,5485.5893516072,913,31,0.0885772282708987,0,0,0,0
15880,"lifeManagement",115,1,3352.25,5489.5893516072,926,4,0,0,0,0,0
15880,"quality",118,1,3356.5,5493.8393516072,927,4.25,0,0,0,0,0
15880,"flattery",110,1,3362.25,5499.5893516072,928,5.75,0,0,0,0,0
15880,"efficiency",122,1,3367,5504.3393516072,950,4.75,0,0,0,0,0
15880,"slacking",113,1,3370.75,5508.0893516072,950,3.75,0,0,0,0,0
15880,"lifeManagement",116,1,3374.5,5511.8393516072,963,3.75,0,0,0,0,0
15880,"quality",119,1,3378.25,5515.5893516072,964,3.75,0.1279658757664623,0,0,0.23993601706211679,0.13596374300186617
15880,"flattery",111,1,3399,5611.6302565448,966,20.75,0,0,0,0,0
15880,"efficiency",123,1,3404,5616.6302565448,988,5,0,0,0,0,0
15880,"slacking",114,1,3409,5621.6302565448,989,5,0,0,0,0,0
15880,"lifeManagement",117,1,3416.25,5628.8802565448,1002,7.25,0,0,0,0,0
15880,"quality",120,1,3422.75,5635.3802565448,1003,6.5,0,0,0,0,0
15880,"flattery",112,1,3452,5664.6302565448,1005,29.25,0,0,0,0,0
15880,"efficiency",124,1,3456,5668.6302565448,1028,4,0,0,0,0,0
15880,"slacking",115,1,3460,5672.6302565448,1029,4,0,0,0,0,0
15880,"lifeManagement",118,1,3464.75,5677.3802565448,1042,4.75,0,0,0,0,0
15880,"quality",121,1,3469.75,5682.3802565448,1043,5,0,0,0,0,0
15880,"flattery",113,1,3475.5,5688.1302565448,1045,5.75,0,0,0,0,0
15880,"efficiency",125,1,3480,5692.6302565448,1070,4.5,0,0.02380007933359778,0.03173343911146371,0.007933359777865927,0
15880,"slacking",116,1,3485,5697.6302565448,1070,5,0,0,0,0,0
15880,"lifeManagement",119,1,3513.5,5792.4758283423,1084,28.5,0.036904908352810926,0,0,0,0.036904908352810926
15880,"quality",122,1,3520.25,5799.2258283423,1086,6.75,0,0,0,0,0
15880,"flattery",114,1,3525,5803.9758283423,1087,4.75,0,0,0,0,0
15880,"efficiency",126,1,3531.75,5810.7258283423,1113,6.75,0,0,0,0,0
15880,"slacking",117,1,3539,5817.9758283423,1113,7.25,0,0,0,0,0
15880,"lifeManagement",120,1,3569.5,5848.4758283423,1128,30.5,0,0,0,0,0
15880,"quality",123,1,3575,5853.9758283423,1129,5.5,0,0,0,0,0
15880,"flattery",115,1,3579.5,5858.4758283423,1131,4.5,0,0,0,0,0
15880,"efficiency",127,1,3586,5864.9758283423,1158,6.5,0,0,0,0,0
15880,"slacking",118,1,3591.75,5870.7258283423,1158,5.75,0,0,0,0,0
